Delta,Time,CPU_FREQUENCY_0,CPU_FREQUENCY_1,CPU_FREQUENCY_10,CPU_FREQUENCY_11,CPU_FREQUENCY_12,CPU_FREQUENCY_13,CPU_FREQUENCY_14,CPU_FREQUENCY_15,CPU_FREQUENCY_2,CPU_FREQUENCY_3,CPU_FREQUENCY_4,CPU_FREQUENCY_5,CPU_FREQUENCY_6,CPU_FREQUENCY_7,CPU_FREQUENCY_8,CPU_FREQUENCY_9,CPU_USAGE_0,CPU_USAGE_1,CPU_USAGE_10,CPU_USAGE_11,CPU_USAGE_12,CPU_USAGE_13,CPU_USAGE_14,CPU_USAGE_15,CPU_USAGE_2,CPU_USAGE_3,CPU_USAGE_4,CPU_USAGE_5,CPU_USAGE_6,CPU_USAGE_7,CPU_USAGE_8,CPU_USAGE_9,DRAM_ENERGY (J),PACKAGE_ENERGY (J),PP0_ENERGY (J),TOTAL_MEMORY,TOTAL_SWAP,USED_MEMORY,USED_SWAP
0,1778243259710,2000,1000,1999,800,800,800,800,800,800,800,800,838,1622,799,2000,2100,8,0,7.692307949066162,8,0,0,0,0,0,0,4,0,4.1666669845581055,4.1666669845581055,0,8.333333969116211,172806.29815673828,99080.42248535156,0,404332056576,8589930496,3744358400,0
200,1778243259710,2000,1000,1999,800,800,800,800,800,800,800,800,838,1622,799,2000,2100,8,0,7.692307949066162,8,0,0,0,0,0,0,4,0,4.1666669845581055,4.1666669845581055,0,8.333333969116211,172806.30157470703,99080.44421386719,0,404332056576,8589930496,3744358400,0
199,1778243259910,2000,1000,1999,800,800,800,800,800,800,800,800,838,1622,799,2000,2100,100,0,0,0,0,0,0,0,0,0,0,0,0,0,0,0,172808.5633544922,99086.44927978516,0,404332056576,8589930496,3744358400,0
199,1778243260110,2000,1000,1999,800,800,800,800,800,800,800,800,838,1622,799,2000,2100,100,0,0,0,0,0,0,0,0,0,0,0,0,0,0,0,172811.48596191406,99093.19970703125,0,404332056576,8589930496,3744358400,0
199,1778243260311,2000,1000,1999,800,800,800,800,800,800,800,800,838,1622,799,2000,2100,100,0,0,0,0,0,0,0,0,0,0,0,0,0,0,0,172814.3800048828,99099.95007324219,0,404332056576,8589930496,3744358400,0
0,1778243260511,2000,1000,1999,800,800,800,800,800,800,800,800,838,1622,799,2000,2100,47.36842346191406,0,0,0,0,0,0,0,0,0,0,0,0,0,0,0,172816.00439453125,99104.79595947266,0,404332056576,8589930496,3744358400,0
