Delta,Time,CPU_FREQUENCY_0,CPU_FREQUENCY_1,CPU_FREQUENCY_10,CPU_FREQUENCY_11,CPU_FREQUENCY_12,CPU_FREQUENCY_13,CPU_FREQUENCY_14,CPU_FREQUENCY_15,CPU_FREQUENCY_2,CPU_FREQUENCY_3,CPU_FREQUENCY_4,CPU_FREQUENCY_5,CPU_FREQUENCY_6,CPU_FREQUENCY_7,CPU_FREQUENCY_8,CPU_FREQUENCY_9,CPU_USAGE_0,CPU_USAGE_1,CPU_USAGE_10,CPU_USAGE_11,CPU_USAGE_12,CPU_USAGE_13,CPU_USAGE_14,CPU_USAGE_15,CPU_USAGE_2,CPU_USAGE_3,CPU_USAGE_4,CPU_USAGE_5,CPU_USAGE_6,CPU_USAGE_7,CPU_USAGE_8,CPU_USAGE_9,DRAM_ENERGY (J),PACKAGE_ENERGY (J),PP0_ENERGY (J),TOTAL_MEMORY,TOTAL_SWAP,USED_MEMORY,USED_SWAP
0,1778244239357,1675,800,2000,1165,800,800,2100,800,799,2000,800,1000,800,3200,800,800,0,4.1666669845581055,0,4.1666669845581055,7.692307949066162,0,8.333333969116211,4.1666669845581055,4.1666669845581055,4.1666669845581055,4,4.1666669845581055,4.1666669845581055,0,8,8,173243.9799194336,112698.50775146484,0,404332056576,8589930496,3774705664,0
200,1778244239357,1675,800,2000,1165,800,800,2100,800,799,2000,800,1000,800,3200,800,800,0,4.1666669845581055,0,4.1666669845581055,7.692307949066162,0,8.333333969116211,4.1666669845581055,4.1666669845581055,4.1666669845581055,4,4.1666669845581055,4.1666669845581055,0,8,8,173243.98248291016,112698.5308227539,0,404332056576,8589930496,3774705664,0
199,1778244239558,1675,800,2000,1165,800,800,2100,800,799,2000,800,1000,800,3200,800,800,100,0,0,0,0,0,0,9.523809432983398,0,0,0,0,0,0,0,0,173245.67999267578,112704.05780029297,0,404332056576,8589930496,3774705664,0
199,1778244239758,1675,800,2000,1165,800,800,2100,800,799,2000,800,1000,800,3200,800,800,100,0,0,0,0,0,0,0,0,0,0,0,0,0,0,0,173248.59210205078,112711.00482177734,0,404332056576,8589930496,3774705664,0
199,1778244239958,1675,800,2000,1165,800,800,2100,800,799,2000,800,1000,800,3200,800,800,100,0,0,0,0,0,0,0,0,0,0,0,0,0,0,0,173251.49639892578,112717.92559814453,0,404332056576,8589930496,3774705664,0
0,1778244240158,1675,800,2000,1165,800,800,2100,800,799,2000,800,1000,800,3200,800,800,55,0,0,0,0,0,0,0,0,0,0,0,0,0,0,0,173253.27990722656,112723.203125,0,404332056576,8589930496,3774705664,0
