Delta,Time,CPU_FREQUENCY_0,CPU_FREQUENCY_1,CPU_FREQUENCY_10,CPU_FREQUENCY_11,CPU_FREQUENCY_12,CPU_FREQUENCY_13,CPU_FREQUENCY_14,CPU_FREQUENCY_15,CPU_FREQUENCY_2,CPU_FREQUENCY_3,CPU_FREQUENCY_4,CPU_FREQUENCY_5,CPU_FREQUENCY_6,CPU_FREQUENCY_7,CPU_FREQUENCY_8,CPU_FREQUENCY_9,CPU_USAGE_0,CPU_USAGE_1,CPU_USAGE_10,CPU_USAGE_11,CPU_USAGE_12,CPU_USAGE_13,CPU_USAGE_14,CPU_USAGE_15,CPU_USAGE_2,CPU_USAGE_3,CPU_USAGE_4,CPU_USAGE_5,CPU_USAGE_6,CPU_USAGE_7,CPU_USAGE_8,CPU_USAGE_9,DRAM_ENERGY (J),PACKAGE_ENERGY (J),PP0_ENERGY (J),TOTAL_MEMORY,TOTAL_SWAP,USED_MEMORY,USED_SWAP
0,1778238328729,800,800,2000,800,800,800,2100,800,800,799,1000,800,800,1569,800,799,8,4.1666669845581055,0,4,0,0,4.1666669845581055,8.333333969116211,4.1666669845581055,4.1666669845581055,4.1666669845581055,8,8,4.1666669845581055,4.1666669845581055,0,169456.67529296875,28917.498107910156,0,404332056576,8589930496,3766034432,0
200,1778238328729,800,800,2000,800,800,800,2100,800,800,799,1000,800,800,1569,800,799,8,4.1666669845581055,0,4,0,0,4.1666669845581055,8.333333969116211,4.1666669845581055,4.1666669845581055,4.1666669845581055,8,8,4.1666669845581055,4.1666669845581055,0,169456.67529296875,28917.498107910156,0,404332056576,8589930496,3766034432,0
199,1778238328929,800,800,2000,800,800,800,2100,800,800,799,1000,800,800,1569,800,799,100,0,0,0,0,0,0,0,0,0,0,0,0,0,0,0,169458.2635498047,28923.035705566406,0,404332056576,8589930496,3767554048,0
199,1778238329129,800,800,2000,800,800,800,2100,800,800,799,1000,800,800,1569,800,799,100,0,0,0,0,0,0,4.761904716491699,0,0,0,0,0,0,0,0,169461.1964111328,28929.790649414063,0,404332056576,8589930496,3767554048,0
199,1778238329329,800,800,2000,800,800,800,2100,800,800,799,1000,800,800,1569,800,799,100,0,0,0,0,0,0,0,0,0,0,0,0,0,0,0,169464.10528564453,28936.541931152344,0,404332056576,8589930496,3767554048,0
0,1778238329529,800,800,2000,800,800,800,2100,800,800,799,1000,800,800,1569,800,799,61.904762268066406,0,0,0,0,0,0,0,0,0,0,0,0,0,0,0,169466.05157470703,28942.005493164063,0,404332056576,8589930496,3764748288,0
