Delta,Time,CPU_FREQUENCY_0,CPU_FREQUENCY_1,CPU_FREQUENCY_10,CPU_FREQUENCY_11,CPU_FREQUENCY_12,CPU_FREQUENCY_13,CPU_FREQUENCY_14,CPU_FREQUENCY_15,CPU_FREQUENCY_2,CPU_FREQUENCY_3,CPU_FREQUENCY_4,CPU_FREQUENCY_5,CPU_FREQUENCY_6,CPU_FREQUENCY_7,CPU_FREQUENCY_8,CPU_FREQUENCY_9,CPU_USAGE_0,CPU_USAGE_1,CPU_USAGE_10,CPU_USAGE_11,CPU_USAGE_12,CPU_USAGE_13,CPU_USAGE_14,CPU_USAGE_15,CPU_USAGE_2,CPU_USAGE_3,CPU_USAGE_4,CPU_USAGE_5,CPU_USAGE_6,CPU_USAGE_7,CPU_USAGE_8,CPU_USAGE_9,DRAM_ENERGY (J),PACKAGE_ENERGY (J),PP0_ENERGY (J),TOTAL_MEMORY,TOTAL_SWAP,USED_MEMORY,USED_SWAP
0,1778243867301,2100,800,2100,2000,2100,800,800,800,800,799,800,800,800,1627,800,800,8,8,8,4.1666669845581055,4.1666669845581055,8,4.1666669845581055,4,4.1666669845581055,0,4.1666669845581055,0,4.1666669845581055,0,4.1666669845581055,0,173115.5909423828,107624.95135498047,0,404332056576,8589930496,3729719296,0
199,1778243867301,2100,800,2100,2000,2100,800,800,800,800,799,800,800,800,1627,800,800,8,8,8,4.1666669845581055,4.1666669845581055,8,4.1666669845581055,4,4.1666669845581055,0,4.1666669845581055,0,4.1666669845581055,0,4.1666669845581055,0,173115.5909423828,107624.95135498047,0,404332056576,8589930496,3729719296,0
199,1778243867501,2100,800,2100,2000,2100,800,800,800,800,799,800,800,800,1627,800,800,0,0,0,0,0,0,0,100,0,0,0,0,0,0,0,0,173115.97814941406,107629.15435791016,0,404332056576,8589930496,3733590016,0
199,1778243867701,2100,800,2100,2000,2100,800,800,800,800,799,800,800,800,1627,800,800,0,0,0,0,0,0,0,100,0,0,0,0,0,0,0,0,173116.40130615234,107634.4555053711,0,404332056576,8589930496,3733590016,0
199,1778243867901,2100,800,2100,2000,2100,800,800,800,800,799,800,800,800,1627,800,800,0,0,0,0,0,0,0,100,0,0,0,0,0,0,0,0,173116.8399658203,107639.79638671875,0,404332056576,8589930496,3733590016,0
0,1778243868102,2100,800,2100,2000,2100,800,800,800,800,799,800,800,800,1627,800,800,0,0,0,0,0,0,0,63.15789031982422,0,0,0,0,0,0,0,0,173117.0951538086,107644.21380615234,0,404332056576,8589930496,3733590016,0
