Delta,Time,CPU_FREQUENCY_0,CPU_FREQUENCY_1,CPU_FREQUENCY_10,CPU_FREQUENCY_11,CPU_FREQUENCY_12,CPU_FREQUENCY_13,CPU_FREQUENCY_14,CPU_FREQUENCY_15,CPU_FREQUENCY_2,CPU_FREQUENCY_3,CPU_FREQUENCY_4,CPU_FREQUENCY_5,CPU_FREQUENCY_6,CPU_FREQUENCY_7,CPU_FREQUENCY_8,CPU_FREQUENCY_9,CPU_USAGE_0,CPU_USAGE_1,CPU_USAGE_10,CPU_USAGE_11,CPU_USAGE_12,CPU_USAGE_13,CPU_USAGE_14,CPU_USAGE_15,CPU_USAGE_2,CPU_USAGE_3,CPU_USAGE_4,CPU_USAGE_5,CPU_USAGE_6,CPU_USAGE_7,CPU_USAGE_8,CPU_USAGE_9,DRAM_ENERGY (J),PACKAGE_ENERGY (J),PP0_ENERGY (J),TOTAL_MEMORY,TOTAL_SWAP,USED_MEMORY,USED_SWAP
0,1778240228040,1000,800,800,800,2100,800,800,2099,800,1794,910,1696,800,800,1278,800,4.34782600402832,4.1666669845581055,4.1666669845581055,4.1666669845581055,4.1666669845581055,4.1666669845581055,4.1666669845581055,12.5,4.1666669845581055,4.1666669845581055,4.1666669845581055,0,4.1666669845581055,0,0,0,171176.3257446289,56519.2724609375,0,404332056576,8589930496,3782279168,0
199,1778240228040,1000,800,800,800,2100,800,800,2099,800,1794,910,1696,800,800,1278,800,4.34782600402832,4.1666669845581055,4.1666669845581055,4.1666669845581055,4.1666669845581055,4.1666669845581055,4.1666669845581055,12.5,4.1666669845581055,4.1666669845581055,4.1666669845581055,0,4.1666669845581055,0,0,0,171176.32849121094,56519.29431152344,0,404332056576,8589930496,3782279168,0
199,1778240228240,1000,800,800,800,2100,800,800,2099,800,1794,910,1696,800,800,1278,800,95.45454406738281,0,0,0,0,0,0,0,0,0,0,0,0,0,0,0,171177.8540649414,56524.68566894531,0,404332056576,8589930496,3782279168,0
199,1778240228440,1000,800,800,800,2100,800,800,2099,800,1794,910,1696,800,800,1278,800,100,0,0,0,0,0,0,0,0,0,0,0,0,0,0,0,171180.73541259766,56531.420959472656,0,404332056576,8589930496,3782279168,0
199,1778240228641,1000,800,800,800,2100,800,800,2099,800,1794,910,1696,800,800,1278,800,100,0,0,0,0,0,0,0,0,0,0,0,0,0,0,0,171183.6297607422,56538.170166015625,0,404332056576,8589930496,3782279168,0
0,1778240228841,1000,800,800,800,2100,800,800,2099,800,1794,910,1696,800,800,1278,800,57.894737243652344,0,0,0,0,0,0,0,0,0,0,0,0,0,0,0,171185.56036376953,56543.5107421875,0,404332056576,8589930496,3782279168,0
