Delta,Time,CPU_FREQUENCY_0,CPU_FREQUENCY_1,CPU_FREQUENCY_10,CPU_FREQUENCY_11,CPU_FREQUENCY_12,CPU_FREQUENCY_13,CPU_FREQUENCY_14,CPU_FREQUENCY_15,CPU_FREQUENCY_2,CPU_FREQUENCY_3,CPU_FREQUENCY_4,CPU_FREQUENCY_5,CPU_FREQUENCY_6,CPU_FREQUENCY_7,CPU_FREQUENCY_8,CPU_FREQUENCY_9,CPU_USAGE_0,CPU_USAGE_1,CPU_USAGE_10,CPU_USAGE_11,CPU_USAGE_12,CPU_USAGE_13,CPU_USAGE_14,CPU_USAGE_15,CPU_USAGE_2,CPU_USAGE_3,CPU_USAGE_4,CPU_USAGE_5,CPU_USAGE_6,CPU_USAGE_7,CPU_USAGE_8,CPU_USAGE_9,DRAM_ENERGY (J),PACKAGE_ENERGY (J),PP0_ENERGY (J),TOTAL_MEMORY,TOTAL_SWAP,USED_MEMORY,USED_SWAP
0,1778241369747,800,800,1843,1871,800,800,800,800,1109,1048,2300,800,800,2000,800,2073,0,0,8,4.1666669845581055,4.1666669845581055,4.1666669845581055,4.1666669845581055,8.333333969116211,4,4,7.692307949066162,4.1666669845581055,0,0,8,4.1666669845581055,171927.41802978516,72903.97180175781,0,404332056576,8589930496,3776217088,0
200,1778241369747,800,800,1843,1871,800,800,800,800,1109,1048,2300,800,800,2000,800,2073,0,0,8,4.1666669845581055,4.1666669845581055,4.1666669845581055,4.1666669845581055,8.333333969116211,4,4,7.692307949066162,4.1666669845581055,0,0,8,4.1666669845581055,171927.41802978516,72903.97180175781,0,404332056576,8589930496,3776217088,0
200,1778241369947,800,800,1843,1871,800,800,800,800,1109,1048,2300,800,800,2000,800,2073,100,0,0,0,0,0,4.761904716491699,0,0,0,0,0,0,0,0,0,171929.01989746094,72909.39208984375,0,404332056576,8589930496,3776217088,0
199,1778241370147,800,800,1843,1871,800,800,800,800,1109,1048,2300,800,800,2000,800,2073,100,0,0,0,0,0,0,0,0,0,0,0,0,0,0,0,171931.9712524414,72916.12976074219,0,404332056576,8589930496,3776217088,0
199,1778241370347,800,800,1843,1871,800,800,800,800,1109,1048,2300,800,800,2000,800,2073,100,0,0,0,0,0,0,0,0,0,0,0,0,0,0,0,171934.92413330078,72922.93688964844,0,404332056576,8589930496,3776217088,0
0,1778241370547,800,800,1843,1871,800,800,800,800,1109,1048,2300,800,800,2000,800,2073,60.000003814697266,0,0,0,0,0,0,0,0,0,0,0,0,0,0,0,171936.87591552734,72928.21948242188,0,404332056576,8589930496,3776217088,0
