Delta,Time,CPU_FREQUENCY_0,CPU_FREQUENCY_1,CPU_FREQUENCY_10,CPU_FREQUENCY_11,CPU_FREQUENCY_12,CPU_FREQUENCY_13,CPU_FREQUENCY_14,CPU_FREQUENCY_15,CPU_FREQUENCY_2,CPU_FREQUENCY_3,CPU_FREQUENCY_4,CPU_FREQUENCY_5,CPU_FREQUENCY_6,CPU_FREQUENCY_7,CPU_FREQUENCY_8,CPU_FREQUENCY_9,CPU_USAGE_0,CPU_USAGE_1,CPU_USAGE_10,CPU_USAGE_11,CPU_USAGE_12,CPU_USAGE_13,CPU_USAGE_14,CPU_USAGE_15,CPU_USAGE_2,CPU_USAGE_3,CPU_USAGE_4,CPU_USAGE_5,CPU_USAGE_6,CPU_USAGE_7,CPU_USAGE_8,CPU_USAGE_9,DRAM_ENERGY (J),PACKAGE_ENERGY (J),PP0_ENERGY (J),TOTAL_MEMORY,TOTAL_SWAP,USED_MEMORY,USED_SWAP
0,1778236474819,1031,799,837,810,805,800,800,800,2000,1786,1000,1032,800,800,2100,2000,4.1666669845581055,8,0,4.1666669845581055,4.34782600402832,0,0,4.1666669845581055,4.34782600402832,0,4.1666669845581055,4.34782600402832,4.1666669845581055,8,8.333333969116211,4.34782600402832,168524.59637451172,2834.834228515625,0,404332056576,8589930496,3752218624,0
199,1778236474820,1031,799,837,810,805,800,800,800,2000,1786,1000,1032,800,800,2100,2000,4.1666669845581055,8,0,4.1666669845581055,4.34782600402832,0,0,4.1666669845581055,4.34782600402832,0,4.1666669845581055,4.34782600402832,4.1666669845581055,8,8.333333969116211,4.34782600402832,168524.59637451172,2834.834228515625,0,404332056576,8589930496,3752218624,0
199,1778236475020,1031,799,837,810,805,800,800,800,2000,1786,1000,1032,800,800,2100,2000,100,0,0,0,0,0,0,0,0,0,0,0,0,0,4.761904716491699,0,168526.27813720703,2840.3308715820313,0,404332056576,8589930496,3752218624,0
199,1778236475220,1031,799,837,810,805,800,800,800,2000,1786,1000,1032,800,800,2100,2000,100,0,0,0,0,0,0,0,0,0,0,0,0,0,0,0,168529.18975830078,2847.0746459960938,0,404332056576,8589930496,3752218624,0
199,1778236475420,1031,799,837,810,805,800,800,800,2000,1786,1000,1032,800,800,2100,2000,100,0,0,0,0,0,0,0,0,0,0,0,0,0,0,0,168532.05151367188,2853.8095092773438,0,404332056576,8589930496,3752218624,0
0,1778236475620,1031,799,837,810,805,800,800,800,2000,1786,1000,1032,800,800,2100,2000,55,0,0,0,0,0,0,0,0,0,0,0,0,0,0,0,168533.8046875,2858.9310913085938,0,404332056576,8589930496,3752218624,0
