Delta,Time,CPU_FREQUENCY_0,CPU_FREQUENCY_1,CPU_FREQUENCY_10,CPU_FREQUENCY_11,CPU_FREQUENCY_12,CPU_FREQUENCY_13,CPU_FREQUENCY_14,CPU_FREQUENCY_15,CPU_FREQUENCY_2,CPU_FREQUENCY_3,CPU_FREQUENCY_4,CPU_FREQUENCY_5,CPU_FREQUENCY_6,CPU_FREQUENCY_7,CPU_FREQUENCY_8,CPU_FREQUENCY_9,CPU_USAGE_0,CPU_USAGE_1,CPU_USAGE_10,CPU_USAGE_11,CPU_USAGE_12,CPU_USAGE_13,CPU_USAGE_14,CPU_USAGE_15,CPU_USAGE_2,CPU_USAGE_3,CPU_USAGE_4,CPU_USAGE_5,CPU_USAGE_6,CPU_USAGE_7,CPU_USAGE_8,CPU_USAGE_9,DRAM_ENERGY (J),PACKAGE_ENERGY (J),PP0_ENERGY (J),TOTAL_MEMORY,TOTAL_SWAP,USED_MEMORY,USED_SWAP
0,1778237517561,800,1859,833,800,819,800,800,1000,1533,999,1000,800,800,2000,2092,819,0,4.1666669845581055,4.1666669845581055,4.1666669845581055,4.1666669845581055,4.34782600402832,4.1666669845581055,0,4.1666669845581055,4.34782600402832,8,0,0,4.1666669845581055,8.69565200805664,4.1666669845581055,169007.4086303711,17312.537353515625,0,404332056576,8589930496,3755192320,0
200,1778237517561,800,1859,833,800,819,800,800,1000,1533,999,1000,800,800,2000,2092,819,0,4.1666669845581055,4.1666669845581055,4.1666669845581055,4.1666669845581055,4.34782600402832,4.1666669845581055,0,4.1666669845581055,4.34782600402832,8,0,0,4.1666669845581055,8.69565200805664,4.1666669845581055,169007.4086303711,17312.537353515625,0,404332056576,8589930496,3755192320,0
199,1778237517762,800,1859,833,800,819,800,800,1000,1533,999,1000,800,800,2000,2092,819,100,0,0,0,0,0,0,0,0,0,0,0,0,0,0,0,169009.33026123047,17318.51446533203,0,404332056576,8589930496,3760017408,0
199,1778237517962,800,1859,833,800,819,800,800,1000,1533,999,1000,800,800,2000,2092,819,100,0,0,0,0,0,0,0,0,0,0,0,0,0,0,0,169012.17041015625,17325.45587158203,0,404332056576,8589930496,3760017408,0
199,1778237518162,800,1859,833,800,819,800,800,1000,1533,999,1000,800,800,2000,2092,819,100,0,0,0,0,0,0,0,0,0,0,0,0,0,0,0,169015.0267944336,17332.396484375,0,404332056576,8589930496,3760017408,0
0,1778237518362,800,1859,833,800,819,800,800,1000,1533,999,1000,800,800,2000,2092,819,50,0,0,0,0,0,0,0,0,0,0,0,0,0,0,0,169016.78552246094,17337.556030273438,0,404332056576,8589930496,3760017408,0
