Delta,Time,CPU_FREQUENCY_0,CPU_FREQUENCY_1,CPU_FREQUENCY_10,CPU_FREQUENCY_11,CPU_FREQUENCY_12,CPU_FREQUENCY_13,CPU_FREQUENCY_14,CPU_FREQUENCY_15,CPU_FREQUENCY_2,CPU_FREQUENCY_3,CPU_FREQUENCY_4,CPU_FREQUENCY_5,CPU_FREQUENCY_6,CPU_FREQUENCY_7,CPU_FREQUENCY_8,CPU_FREQUENCY_9,CPU_USAGE_0,CPU_USAGE_1,CPU_USAGE_10,CPU_USAGE_11,CPU_USAGE_12,CPU_USAGE_13,CPU_USAGE_14,CPU_USAGE_15,CPU_USAGE_2,CPU_USAGE_3,CPU_USAGE_4,CPU_USAGE_5,CPU_USAGE_6,CPU_USAGE_7,CPU_USAGE_8,CPU_USAGE_9,DRAM_ENERGY (J),PACKAGE_ENERGY (J),PP0_ENERGY (J),TOTAL_MEMORY,TOTAL_SWAP,USED_MEMORY,USED_SWAP
0,1778242342989,800,800,1225,799,800,2000,800,800,1999,1585,823,2000,800,800,800,2100,4.1666669845581055,4.1666669845581055,12.5,4.1666669845581055,8.333333969116211,4.1666669845581055,0,0,4.1666669845581055,4.1666669845581055,4.1666669845581055,0,0,0,0,4.34782600402832,172247.13458251953,86235.0239868164,0,404332056576,8589930496,3754958848,0
200,1778242342989,800,800,1225,799,800,2000,800,800,1999,1585,823,2000,800,800,800,2100,4.1666669845581055,4.1666669845581055,12.5,4.1666669845581055,8.333333969116211,4.1666669845581055,0,0,4.1666669845581055,4.1666669845581055,4.1666669845581055,0,0,0,0,4.34782600402832,172247.13842773438,86235.0239868164,0,404332056576,8589930496,3754958848,0
200,1778242343189,800,800,1225,799,800,2000,800,800,1999,1585,823,2000,800,800,800,2100,100,0,0,0,0,0,0,0,0,0,0,0,0,0,0,0,172248.9832763672,86240.8140258789,0,404332056576,8589930496,3754958848,0
199,1778242343390,800,800,1225,799,800,2000,800,800,1999,1585,823,2000,800,800,800,2100,100,0,0,0,0,0,0,0,0,0,0,0,0,0,0,0,172251.83813476563,86247.76672363281,0,404332056576,8589930496,3754958848,0
199,1778242343590,800,800,1225,799,800,2000,800,800,1999,1585,823,2000,800,800,800,2100,100,0,0,0,0,0,0,0,0,0,0,0,0,0,0,0,172254.7060546875,86254.60076904297,0,404332056576,8589930496,3754958848,0
0,1778242343790,800,800,1225,799,800,2000,800,800,1999,1585,823,2000,800,800,800,2100,55,0,0,0,0,0,0,0,0,0,0,0,0,0,0,0,172256.30017089844,86259.53002929688,0,404332056576,8589930496,3756892160,0
