Delta,Time,CPU_FREQUENCY_0,CPU_FREQUENCY_1,CPU_FREQUENCY_10,CPU_FREQUENCY_11,CPU_FREQUENCY_12,CPU_FREQUENCY_13,CPU_FREQUENCY_14,CPU_FREQUENCY_15,CPU_FREQUENCY_2,CPU_FREQUENCY_3,CPU_FREQUENCY_4,CPU_FREQUENCY_5,CPU_FREQUENCY_6,CPU_FREQUENCY_7,CPU_FREQUENCY_8,CPU_FREQUENCY_9,CPU_USAGE_0,CPU_USAGE_1,CPU_USAGE_10,CPU_USAGE_11,CPU_USAGE_12,CPU_USAGE_13,CPU_USAGE_14,CPU_USAGE_15,CPU_USAGE_2,CPU_USAGE_3,CPU_USAGE_4,CPU_USAGE_5,CPU_USAGE_6,CPU_USAGE_7,CPU_USAGE_8,CPU_USAGE_9,DRAM_ENERGY (J),PACKAGE_ENERGY (J),PP0_ENERGY (J),TOTAL_MEMORY,TOTAL_SWAP,USED_MEMORY,USED_SWAP
0,1778243929206,800,2093,800,800,800,2100,800,800,1052,800,800,1500,800,800,800,800,4.1666669845581055,4.34782600402832,0,4.1666669845581055,4.1666669845581055,4.1666669845581055,8.333333969116211,4.1666669845581055,4.1666669845581055,0,4.1666669845581055,0,4.1666669845581055,0,8,0,173129.5401611328,108465.90887451172,0,404332056576,8589930496,3752255488,0
199,1778243929206,800,2093,800,800,800,2100,800,800,1052,800,800,1500,800,800,800,800,4.1666669845581055,4.34782600402832,0,4.1666669845581055,4.1666669845581055,4.1666669845581055,8.333333969116211,4.1666669845581055,4.1666669845581055,0,4.1666669845581055,0,4.1666669845581055,0,8,0,173129.5509033203,108465.93157958984,0,404332056576,8589930496,3752255488,0
199,1778243929406,800,2093,800,800,800,2100,800,800,1052,800,800,1500,800,800,800,800,100,0,0,0,0,0,0,0,0,0,0,0,0,0,0,0,173131.77197265625,108471.89184570313,0,404332056576,8589930496,3752255488,0
199,1778243929607,800,2093,800,800,800,2100,800,800,1052,800,800,1500,800,800,800,800,100,0,0,0,0,0,0,0,0,0,0,0,0,0,0,0,173134.62628173828,108478.63690185547,0,404332056576,8589930496,3754455040,0
199,1778243929807,800,2093,800,800,800,2100,800,800,1052,800,800,1500,800,800,800,800,100,0,0,0,0,0,0,0,0,0,0,0,0,0,0,0,173137.4842529297,108485.38592529297,0,404332056576,8589930496,3754455040,0
0,1778243930007,800,2093,800,800,800,2100,800,800,1052,800,800,1500,800,800,800,800,47.619049072265625,0,0,0,0,0,0,0,0,0,0,0,0,0,0,0,173138.98181152344,108490.201171875,0,404332056576,8589930496,3754455040,0
