Delta,Time,CPU_FREQUENCY_0,CPU_FREQUENCY_1,CPU_FREQUENCY_10,CPU_FREQUENCY_11,CPU_FREQUENCY_12,CPU_FREQUENCY_13,CPU_FREQUENCY_14,CPU_FREQUENCY_15,CPU_FREQUENCY_2,CPU_FREQUENCY_3,CPU_FREQUENCY_4,CPU_FREQUENCY_5,CPU_FREQUENCY_6,CPU_FREQUENCY_7,CPU_FREQUENCY_8,CPU_FREQUENCY_9,CPU_USAGE_0,CPU_USAGE_1,CPU_USAGE_10,CPU_USAGE_11,CPU_USAGE_12,CPU_USAGE_13,CPU_USAGE_14,CPU_USAGE_15,CPU_USAGE_2,CPU_USAGE_3,CPU_USAGE_4,CPU_USAGE_5,CPU_USAGE_6,CPU_USAGE_7,CPU_USAGE_8,CPU_USAGE_9,DRAM_ENERGY (J),PACKAGE_ENERGY (J),PP0_ENERGY (J),TOTAL_MEMORY,TOTAL_SWAP,USED_MEMORY,USED_SWAP
0,1778240504881,1257,1000,1311,800,2100,800,800,2000,1000,1262,2000,800,800,3200,2100,1071,0,4.1666669845581055,12,0,8.333333969116211,0,0,4.1666669845581055,0,4,0,4.1666669845581055,0,4,4.1666669845581055,4,171403.72454833984,60697.518798828125,0,404332056576,8589930496,3782983680,0
200,1778240504881,1257,1000,1311,800,2100,800,800,2000,1000,1262,2000,800,800,3200,2100,1071,0,4.1666669845581055,12,0,8.333333969116211,0,0,4.1666669845581055,0,4,0,4.1666669845581055,0,4,4.1666669845581055,4,171403.72454833984,60697.518798828125,0,404332056576,8589930496,3782983680,0
199,1778240505081,1257,1000,1311,800,2100,800,800,2000,1000,1262,2000,800,800,3200,2100,1071,100,0,0,0,0,0,0,0,0,0,0,0,0,0,0,0,171405.7661743164,60703.38018798828,0,404332056576,8589930496,3782983680,0
199,1778240505282,1257,1000,1311,800,2100,800,800,2000,1000,1262,2000,800,800,3200,2100,1071,100,0,0,0,0,0,0,0,0,0,0,0,0,0,0,0,171408.6967163086,60710.32635498047,0,404332056576,8589930496,3782983680,0
199,1778240505482,1257,1000,1311,800,2100,800,800,2000,1000,1262,2000,800,800,3200,2100,1071,100,0,0,0,0,0,0,0,0,0,0,0,0,0,0,0,171411.63739013672,60717.27697753906,0,404332056576,8589930496,3782983680,0
0,1778240505682,1257,1000,1311,800,2100,800,800,2000,1000,1262,2000,800,800,3200,2100,1071,52.38095474243164,4.761904716491699,0,0,0,0,0,0,0,0,0,0,0,0,0,0,171413.27716064453,60722.303283691406,0,404332056576,8589930496,3783933952,0
