Delta,Time,CPU_FREQUENCY_0,CPU_FREQUENCY_1,CPU_FREQUENCY_10,CPU_FREQUENCY_11,CPU_FREQUENCY_12,CPU_FREQUENCY_13,CPU_FREQUENCY_14,CPU_FREQUENCY_15,CPU_FREQUENCY_2,CPU_FREQUENCY_3,CPU_FREQUENCY_4,CPU_FREQUENCY_5,CPU_FREQUENCY_6,CPU_FREQUENCY_7,CPU_FREQUENCY_8,CPU_FREQUENCY_9,CPU_USAGE_0,CPU_USAGE_1,CPU_USAGE_10,CPU_USAGE_11,CPU_USAGE_12,CPU_USAGE_13,CPU_USAGE_14,CPU_USAGE_15,CPU_USAGE_2,CPU_USAGE_3,CPU_USAGE_4,CPU_USAGE_5,CPU_USAGE_6,CPU_USAGE_7,CPU_USAGE_8,CPU_USAGE_9,DRAM_ENERGY (J),PACKAGE_ENERGY (J),PP0_ENERGY (J),TOTAL_MEMORY,TOTAL_SWAP,USED_MEMORY,USED_SWAP
0,1778236039308,1500,800,800,800,865,800,1100,2099,1444,800,800,1111,799,1333,1407,2000,4.1666669845581055,4,0,0,4.1666669845581055,4,4.1666669845581055,4.34782600402832,4,4,4,0,7.692307949066162,8,0,4,168360.14276123047,259059.58905029297,0,404332056576,8589930496,3757416448,0
199,1778236039308,1500,800,800,800,865,800,1100,2099,1444,800,800,1111,799,1333,1407,2000,4.1666669845581055,4,0,0,4.1666669845581055,4,4.1666669845581055,4.34782600402832,4,4,4,0,7.692307949066162,8,0,4,168360.14276123047,259059.58905029297,0,404332056576,8589930496,3757416448,0
199,1778236039508,1500,800,800,800,865,800,1100,2099,1444,800,800,1111,799,1333,1407,2000,100,0,0,0,0,0,0,0,0,0,0,0,0,0,0,0,168361.9971923828,259065.20239257813,0,404332056576,8589930496,3757416448,0
199,1778236039708,1500,800,800,800,865,800,1100,2099,1444,800,800,1111,799,1333,1407,2000,100,0,0,0,0,0,0,0,0,0,0,0,0,0,0,0,168364.94409179688,259072.0230102539,0,404332056576,8589930496,3758862336,0
199,1778236039908,1500,800,800,800,865,800,1100,2099,1444,800,800,1111,799,1333,1407,2000,100,0,0,0,0,0,0,4.761904716491699,0,0,0,0,0,0,0,0,168367.92028808594,259078.79473876953,0,404332056576,8589930496,3758862336,0
0,1778236040108,1500,800,800,800,865,800,1100,2099,1444,800,800,1111,799,1333,1407,2000,52.38095474243164,0,0,0,0,0,0,0,0,0,0,0,0,0,0,0,168369.6220703125,259083.93041992188,0,404332056576,8589930496,3758862336,0
