Delta,Time,CPU_FREQUENCY_0,CPU_FREQUENCY_1,CPU_FREQUENCY_10,CPU_FREQUENCY_11,CPU_FREQUENCY_12,CPU_FREQUENCY_13,CPU_FREQUENCY_14,CPU_FREQUENCY_15,CPU_FREQUENCY_2,CPU_FREQUENCY_3,CPU_FREQUENCY_4,CPU_FREQUENCY_5,CPU_FREQUENCY_6,CPU_FREQUENCY_7,CPU_FREQUENCY_8,CPU_FREQUENCY_9,CPU_USAGE_0,CPU_USAGE_1,CPU_USAGE_10,CPU_USAGE_11,CPU_USAGE_12,CPU_USAGE_13,CPU_USAGE_14,CPU_USAGE_15,CPU_USAGE_2,CPU_USAGE_3,CPU_USAGE_4,CPU_USAGE_5,CPU_USAGE_6,CPU_USAGE_7,CPU_USAGE_8,CPU_USAGE_9,DRAM_ENERGY (J),PACKAGE_ENERGY (J),PP0_ENERGY (J),TOTAL_MEMORY,TOTAL_SWAP,USED_MEMORY,USED_SWAP
0,1778236879324,800,1457,2100,1054,800,801,2100,2000,806,2000,800,800,800,800,800,2100,4.1666669845581055,4.1666669845581055,4.34782600402832,8.333333969116211,4.1666669845581055,8,4.1666669845581055,4.34782600402832,4.1666669845581055,4.1666669845581055,0,4.1666669845581055,4.1666669845581055,0,4.1666669845581055,0,168667.95336914063,8337.6923828125,0,404332056576,8589930496,3745488896,0
200,1778236879324,800,1457,2100,1054,800,801,2100,2000,806,2000,800,800,800,800,800,2100,4.1666669845581055,4.1666669845581055,4.34782600402832,8.333333969116211,4.1666669845581055,8,4.1666669845581055,4.34782600402832,4.1666669845581055,4.1666669845581055,0,4.1666669845581055,4.1666669845581055,0,4.1666669845581055,0,168667.95336914063,8337.6923828125,0,404332056576,8589930496,3745488896,0
199,1778236879524,800,1457,2100,1054,800,801,2100,2000,806,2000,800,800,800,800,800,2100,100,0,0,0,0,0,0,0,0,0,0,0,0,0,0,0,168669.91931152344,8343.579650878906,0,404332056576,8589930496,3745488896,0
199,1778236879724,800,1457,2100,1054,800,801,2100,2000,806,2000,800,800,800,800,800,2100,100,0,0,0,0,0,0,0,0,0,0,0,0,0,0,0,168672.75555419922,8350.533935546875,0,404332056576,8589930496,3745230848,0
199,1778236879924,800,1457,2100,1054,800,801,2100,2000,806,2000,800,800,800,800,800,2100,100,0,0,0,0,0,0,0,0,0,0,0,0,0,0,0,168675.57415771484,8357.364929199219,0,404332056576,8589930496,3745230848,0
0,1778236880124,800,1457,2100,1054,800,801,2100,2000,806,2000,800,800,800,800,800,2100,55,0,0,0,0,0,0,0,0,0,0,0,0,0,0,0,168677.2801513672,8362.590637207031,0,404332056576,8589930496,3745230848,0
