Delta,Time,CPU_FREQUENCY_0,CPU_FREQUENCY_1,CPU_FREQUENCY_10,CPU_FREQUENCY_11,CPU_FREQUENCY_12,CPU_FREQUENCY_13,CPU_FREQUENCY_14,CPU_FREQUENCY_15,CPU_FREQUENCY_2,CPU_FREQUENCY_3,CPU_FREQUENCY_4,CPU_FREQUENCY_5,CPU_FREQUENCY_6,CPU_FREQUENCY_7,CPU_FREQUENCY_8,CPU_FREQUENCY_9,CPU_USAGE_0,CPU_USAGE_1,CPU_USAGE_10,CPU_USAGE_11,CPU_USAGE_12,CPU_USAGE_13,CPU_USAGE_14,CPU_USAGE_15,CPU_USAGE_2,CPU_USAGE_3,CPU_USAGE_4,CPU_USAGE_5,CPU_USAGE_6,CPU_USAGE_7,CPU_USAGE_8,CPU_USAGE_9,DRAM_ENERGY (J),PACKAGE_ENERGY (J),PP0_ENERGY (J),TOTAL_MEMORY,TOTAL_SWAP,USED_MEMORY,USED_SWAP
0,1778237548614,1090,2009,1602,1535,800,800,800,800,800,800,800,800,800,1465,2100,1648,4.1666669845581055,0,4,4,0,4.1666669845581055,0,4.34782600402832,0,4,0,0,0,0,8,0,169017.7764892578,17732.851318359375,0,404332056576,8589930496,3757375488,0
200,1778237548614,1090,2009,1602,1535,800,800,800,800,800,800,800,800,800,1465,2100,1648,4.1666669845581055,0,4,4,0,4.1666669845581055,0,4.34782600402832,0,4,0,0,0,0,8,0,169017.7764892578,17732.851318359375,0,404332056576,8589930496,3757375488,0
199,1778237548814,1090,2009,1602,1535,800,800,800,800,800,800,800,800,800,1465,2100,1648,0,0,0,0,0,0,0,4.761904716491699,0,0,0,0,95.45454406738281,0,0,0,169019.75073242188,17738.82568359375,0,404332056576,8589930496,3761246208,0
199,1778237549015,1090,2009,1602,1535,800,800,800,800,800,800,800,800,800,1465,2100,1648,0,0,0,0,0,0,0,0,0,0,0,0,100,0,0,0,169022.60583496094,17745.80242919922,0,404332056576,8589930496,3761246208,0
199,1778237549215,1090,2009,1602,1535,800,800,800,800,800,800,800,800,800,1465,2100,1648,0,0,0,0,0,0,0,0,0,0,0,0,100,0,0,0,169025.41918945313,17752.736206054688,0,404332056576,8589930496,3761246208,0
0,1778237549415,1090,2009,1602,1535,800,800,800,800,800,800,800,800,800,1465,2100,1648,0,0,0,0,0,0,0,0,0,0,0,0,52.6315803527832,0,0,0,169026.97967529297,17757.712341308594,0,404332056576,8589930496,3761246208,0
