Delta,Time,CPU_FREQUENCY_0,CPU_FREQUENCY_1,CPU_FREQUENCY_10,CPU_FREQUENCY_11,CPU_FREQUENCY_12,CPU_FREQUENCY_13,CPU_FREQUENCY_14,CPU_FREQUENCY_15,CPU_FREQUENCY_2,CPU_FREQUENCY_3,CPU_FREQUENCY_4,CPU_FREQUENCY_5,CPU_FREQUENCY_6,CPU_FREQUENCY_7,CPU_FREQUENCY_8,CPU_FREQUENCY_9,CPU_USAGE_0,CPU_USAGE_1,CPU_USAGE_10,CPU_USAGE_11,CPU_USAGE_12,CPU_USAGE_13,CPU_USAGE_14,CPU_USAGE_15,CPU_USAGE_2,CPU_USAGE_3,CPU_USAGE_4,CPU_USAGE_5,CPU_USAGE_6,CPU_USAGE_7,CPU_USAGE_8,CPU_USAGE_9,DRAM_ENERGY (J),PACKAGE_ENERGY (J),PP0_ENERGY (J),TOTAL_MEMORY,TOTAL_SWAP,USED_MEMORY,USED_SWAP
0,1778237353889,988,2942,800,800,2100,846,861,800,1048,1110,923,800,800,800,800,800,0,4.1666669845581055,4.1666669845581055,4.1666669845581055,0,0,4.1666669845581055,4,4.1666669845581055,8,0,0,4.1666669845581055,4.1666669845581055,0,0,168950.2562866211,14978.041381835938,0,404332056576,8589930496,3705380864,0
200,1778237353889,988,2942,800,800,2100,846,861,800,1048,1110,923,800,800,800,800,800,0,4.1666669845581055,4.1666669845581055,4.1666669845581055,0,0,4.1666669845581055,4,4.1666669845581055,8,0,0,4.1666669845581055,4.1666669845581055,0,0,168950.2562866211,14978.041381835938,0,404332056576,8589930496,3705380864,0
199,1778237354090,988,2942,800,800,2100,846,861,800,1048,1110,923,800,800,800,800,800,100,0,0,0,0,0,0,0,0,0,0,0,0,0,0,0,168952.07159423828,14983.868408203125,0,404332056576,8589930496,3709505536,0
200,1778237354290,988,2942,800,800,2100,846,861,800,1048,1110,923,800,800,800,800,800,100,0,0,0,0,0,0,0,0,0,0,0,0,0,0,0,168954.95336914063,14990.576721191406,0,404332056576,8589930496,3709505536,0
199,1778237354490,988,2942,800,800,2100,846,861,800,1048,1110,923,800,800,800,800,800,100,0,0,0,0,0,0,0,0,0,0,0,0,0,0,0,168957.87957763672,14997.351318359375,0,404332056576,8589930496,3709505536,0
0,1778237354690,988,2942,800,800,2100,846,861,800,1048,1110,923,800,800,800,800,800,55,0,0,0,0,0,0,0,0,0,0,0,0,0,0,0,168959.54296875,15002.357543945313,0,404332056576,8589930496,3710722048,0
