Delta,Time,CPU_FREQUENCY_0,CPU_FREQUENCY_1,CPU_FREQUENCY_10,CPU_FREQUENCY_11,CPU_FREQUENCY_12,CPU_FREQUENCY_13,CPU_FREQUENCY_14,CPU_FREQUENCY_15,CPU_FREQUENCY_2,CPU_FREQUENCY_3,CPU_FREQUENCY_4,CPU_FREQUENCY_5,CPU_FREQUENCY_6,CPU_FREQUENCY_7,CPU_FREQUENCY_8,CPU_FREQUENCY_9,CPU_USAGE_0,CPU_USAGE_1,CPU_USAGE_10,CPU_USAGE_11,CPU_USAGE_12,CPU_USAGE_13,CPU_USAGE_14,CPU_USAGE_15,CPU_USAGE_2,CPU_USAGE_3,CPU_USAGE_4,CPU_USAGE_5,CPU_USAGE_6,CPU_USAGE_7,CPU_USAGE_8,CPU_USAGE_9,DRAM_ENERGY (J),PACKAGE_ENERGY (J),PP0_ENERGY (J),TOTAL_MEMORY,TOTAL_SWAP,USED_MEMORY,USED_SWAP
0,1778236381666,800,2000,999,800,800,800,2099,822,1000,799,800,2000,1125,1547,848,800,4.1666669845581055,8.333333969116211,4.1666669845581055,0,4.1666669845581055,0,0,4.1666669845581055,8,4.1666669845581055,4.1666669845581055,0,0,4.34782600402832,4.1666669845581055,4,168500.67810058594,1582.964111328125,0,404332056576,8589930496,3721904128,0
200,1778236381666,800,2000,999,800,800,800,2099,822,1000,799,800,2000,1125,1547,848,800,4.1666669845581055,8.333333969116211,4.1666669845581055,0,4.1666669845581055,0,0,4.1666669845581055,8,4.1666669845581055,4.1666669845581055,0,0,4.34782600402832,4.1666669845581055,4,168500.69036865234,1582.9871215820313,0,404332056576,8589930496,3721904128,0
199,1778236381867,800,2000,999,800,800,800,2099,822,1000,799,800,2000,1125,1547,848,800,0,0,0,0,0,0,100,0,0,0,0,0,0,0,0,0,168501.18231201172,1587.5838012695313,0,404332056576,8589930496,3725774848,0
199,1778236382067,800,2000,999,800,800,800,2099,822,1000,799,800,2000,1125,1547,848,800,0,0,0,0,0,0,100,0,0,0,0,0,0,0,0,0,168501.6703491211,1593.0783081054688,0,404332056576,8589930496,3725774848,0
199,1778236382267,800,2000,999,800,800,800,2099,822,1000,799,800,2000,1125,1547,848,800,0,0,0,0,0,0,100,0,0,0,0,0,0,0,0,0,168502.12493896484,1598.397705078125,0,404332056576,8589930496,3725774848,0
0,1778236382467,800,2000,999,800,800,800,2099,822,1000,799,800,2000,1125,1547,848,800,0,0,0,0,0,0,45,0,0,0,0,0,0,0,0,0,168502.37896728516,1602.5487060546875,0,404332056576,8589930496,3725774848,0
