Delta,Time,CPU_FREQUENCY_0,CPU_FREQUENCY_1,CPU_FREQUENCY_10,CPU_FREQUENCY_11,CPU_FREQUENCY_12,CPU_FREQUENCY_13,CPU_FREQUENCY_14,CPU_FREQUENCY_15,CPU_FREQUENCY_2,CPU_FREQUENCY_3,CPU_FREQUENCY_4,CPU_FREQUENCY_5,CPU_FREQUENCY_6,CPU_FREQUENCY_7,CPU_FREQUENCY_8,CPU_FREQUENCY_9,CPU_USAGE_0,CPU_USAGE_1,CPU_USAGE_10,CPU_USAGE_11,CPU_USAGE_12,CPU_USAGE_13,CPU_USAGE_14,CPU_USAGE_15,CPU_USAGE_2,CPU_USAGE_3,CPU_USAGE_4,CPU_USAGE_5,CPU_USAGE_6,CPU_USAGE_7,CPU_USAGE_8,CPU_USAGE_9,DRAM_ENERGY (J),PACKAGE_ENERGY (J),PP0_ENERGY (J),TOTAL_MEMORY,TOTAL_SWAP,USED_MEMORY,USED_SWAP
0,1778243352855,1892,1525,2000,874,990,800,1205,799,1111,1000,1100,800,800,846,800,2099,4.34782600402832,0,4.1666669845581055,4.1666669845581055,0,4.1666669845581055,0,4.1666669845581055,4.34782600402832,0,4.1666669845581055,4.1666669845581055,0,0,0,8.69565200805664,172841.54620361328,100350.38275146484,0,404332056576,8589930496,3742625792,0
199,1778243352855,1892,1525,2000,874,990,800,1205,799,1111,1000,1100,800,800,846,800,2099,4.34782600402832,0,4.1666669845581055,4.1666669845581055,0,4.1666669845581055,0,4.1666669845581055,4.34782600402832,0,4.1666669845581055,4.1666669845581055,0,0,0,8.69565200805664,172841.54620361328,100350.38275146484,0,404332056576,8589930496,3742625792,0
199,1778243353055,1892,1525,2000,874,990,800,1205,799,1111,1000,1100,800,800,846,800,2099,100,0,0,0,0,0,0,0,0,0,0,0,0,0,0,0,172843.88159179688,100356.51123046875,0,404332056576,8589930496,3742625792,0
199,1778243353255,1892,1525,2000,874,990,800,1205,799,1111,1000,1100,800,800,846,800,2099,100,0,0,0,0,0,0,0,0,0,0,0,0,0,0,0,172846.76525878906,100363.33013916016,0,404332056576,8589930496,3742625792,0
199,1778243353455,1892,1525,2000,874,990,800,1205,799,1111,1000,1100,800,800,846,800,2099,100,0,0,0,0,0,0,0,0,0,0,0,0,0,0,0,172849.642578125,100370.25134277344,0,404332056576,8589930496,3742625792,0
0,1778243353655,1892,1525,2000,874,990,800,1205,799,1111,1000,1100,800,800,846,800,2099,45,0,0,0,0,0,0,0,0,0,0,0,0,0,0,0,172851.11444091797,100375.08508300781,0,404332056576,8589930496,3742625792,0
