Delta,Time,CPU_FREQUENCY_0,CPU_FREQUENCY_1,CPU_FREQUENCY_10,CPU_FREQUENCY_11,CPU_FREQUENCY_12,CPU_FREQUENCY_13,CPU_FREQUENCY_14,CPU_FREQUENCY_15,CPU_FREQUENCY_2,CPU_FREQUENCY_3,CPU_FREQUENCY_4,CPU_FREQUENCY_5,CPU_FREQUENCY_6,CPU_FREQUENCY_7,CPU_FREQUENCY_8,CPU_FREQUENCY_9,CPU_USAGE_0,CPU_USAGE_1,CPU_USAGE_10,CPU_USAGE_11,CPU_USAGE_12,CPU_USAGE_13,CPU_USAGE_14,CPU_USAGE_15,CPU_USAGE_2,CPU_USAGE_3,CPU_USAGE_4,CPU_USAGE_5,CPU_USAGE_6,CPU_USAGE_7,CPU_USAGE_8,CPU_USAGE_9,DRAM_ENERGY (J),PACKAGE_ENERGY (J),PP0_ENERGY (J),TOTAL_MEMORY,TOTAL_SWAP,USED_MEMORY,USED_SWAP
0,1778242094365,2000,1100,975,800,800,800,800,800,800,800,800,873,800,2000,800,2100,8,8.333333969116211,4,0,4.1666669845581055,7.692307949066162,4,0,4,4.1666669845581055,4.1666669845581055,4,4.1666669845581055,0,4.1666669845581055,4.1666669845581055,172169.6044921875,82851.05432128906,0,404332056576,8589930496,3752296448,0
200,1778242094365,2000,1100,975,800,800,800,800,800,800,800,800,873,800,2000,800,2100,8,8.333333969116211,4,0,4.1666669845581055,7.692307949066162,4,0,4,4.1666669845581055,4.1666669845581055,4,4.1666669845581055,0,4.1666669845581055,4.1666669845581055,172169.6044921875,82851.05432128906,0,404332056576,8589930496,3752296448,0
199,1778242094565,2000,1100,975,800,800,800,800,800,800,800,800,873,800,2000,800,2100,0,0,0,0,0,0,100,0,0,0,0,0,0,0,0,0,172170.20288085938,82855.73052978516,0,404332056576,8589930496,3756396544,0
199,1778242094765,2000,1100,975,800,800,800,800,800,800,800,800,873,800,2000,800,2100,0,0,0,0,0,0,100,0,0,0,0,0,0,0,0,0,172170.7578125,82861.08673095703,0,404332056576,8589930496,3758338048,0
199,1778242094965,2000,1100,975,800,800,800,800,800,800,800,800,873,800,2000,800,2100,0,0,0,0,0,0,100,0,0,0,0,0,0,0,0,0,172171.28674316406,82866.43054199219,0,404332056576,8589930496,3758338048,0
0,1778242095165,2000,1100,975,800,800,800,800,800,800,800,800,873,800,2000,800,2100,0,0,0,0,0,0,50,0,0,0,0,0,0,0,0,0,172171.61700439453,82870.68957519531,0,404332056576,8589930496,3758338048,0
