Delta,Time,CPU_FREQUENCY_0,CPU_FREQUENCY_1,CPU_FREQUENCY_10,CPU_FREQUENCY_11,CPU_FREQUENCY_12,CPU_FREQUENCY_13,CPU_FREQUENCY_14,CPU_FREQUENCY_15,CPU_FREQUENCY_2,CPU_FREQUENCY_3,CPU_FREQUENCY_4,CPU_FREQUENCY_5,CPU_FREQUENCY_6,CPU_FREQUENCY_7,CPU_FREQUENCY_8,CPU_FREQUENCY_9,CPU_USAGE_0,CPU_USAGE_1,CPU_USAGE_10,CPU_USAGE_11,CPU_USAGE_12,CPU_USAGE_13,CPU_USAGE_14,CPU_USAGE_15,CPU_USAGE_2,CPU_USAGE_3,CPU_USAGE_4,CPU_USAGE_5,CPU_USAGE_6,CPU_USAGE_7,CPU_USAGE_8,CPU_USAGE_9,DRAM_ENERGY (J),PACKAGE_ENERGY (J),PP0_ENERGY (J),TOTAL_MEMORY,TOTAL_SWAP,USED_MEMORY,USED_SWAP
0,1778242467202,1422,2230,2100,800,960,852,859,800,800,1619,800,1500,800,800,800,2100,4,0,4,4,8,4.1666669845581055,4.1666669845581055,0,4,4.1666669845581055,4.1666669845581055,0,0,8,4,0,172296.60217285156,87928.95098876953,0,404332056576,8589930496,3763007488,0
200,1778242467202,1422,2230,2100,800,960,852,859,800,800,1619,800,1500,800,800,800,2100,4,0,4,4,8,4.1666669845581055,4.1666669845581055,0,4,4.1666669845581055,4.1666669845581055,0,0,8,4,0,172296.60217285156,87928.95098876953,0,404332056576,8589930496,3763007488,0
199,1778242467402,1422,2230,2100,800,960,852,859,800,800,1619,800,1500,800,800,800,2100,100,0,0,0,0,0,0,0,0,0,0,0,0,0,0,0,172298.70532226563,87934.87829589844,0,404332056576,8589930496,3763007488,0
199,1778242467602,1422,2230,2100,800,960,852,859,800,800,1619,800,1500,800,800,800,2100,100,0,0,0,0,0,4.761904716491699,0,0,0,0,0,0,0,0,0,172301.48468017578,87941.69995117188,0,404332056576,8589930496,3763007488,0
199,1778242467802,1422,2230,2100,800,960,852,859,800,800,1619,800,1500,800,800,800,2100,100,0,0,0,0,0,0,0,0,0,0,0,0,0,0,0,172304.26733398438,87948.4447631836,0,404332056576,8589930496,3763007488,0
0,1778242468002,1422,2230,2100,800,960,852,859,800,800,1619,800,1500,800,800,800,2100,50,0,0,0,0,0,0,0,0,0,0,0,0,0,0,0,172305.73858642578,87953.2255859375,0,404332056576,8589930496,3763007488,0
