Delta,Time,CPU_FREQUENCY_0,CPU_FREQUENCY_1,CPU_FREQUENCY_10,CPU_FREQUENCY_11,CPU_FREQUENCY_12,CPU_FREQUENCY_13,CPU_FREQUENCY_14,CPU_FREQUENCY_15,CPU_FREQUENCY_2,CPU_FREQUENCY_3,CPU_FREQUENCY_4,CPU_FREQUENCY_5,CPU_FREQUENCY_6,CPU_FREQUENCY_7,CPU_FREQUENCY_8,CPU_FREQUENCY_9,CPU_USAGE_0,CPU_USAGE_1,CPU_USAGE_10,CPU_USAGE_11,CPU_USAGE_12,CPU_USAGE_13,CPU_USAGE_14,CPU_USAGE_15,CPU_USAGE_2,CPU_USAGE_3,CPU_USAGE_4,CPU_USAGE_5,CPU_USAGE_6,CPU_USAGE_7,CPU_USAGE_8,CPU_USAGE_9,DRAM_ENERGY (J),PACKAGE_ENERGY (J),PP0_ENERGY (J),TOTAL_MEMORY,TOTAL_SWAP,USED_MEMORY,USED_SWAP
0,1778239899497,1254,1500,800,800,800,800,800,800,800,1406,854,804,800,800,2100,979,4.1666669845581055,0,0,4,0,4,4,0,4,4,4,4.1666669845581055,4,4.1666669845581055,4.1666669845581055,12,170945.29876708984,51770.860412597656,0,404332056576,8589930496,3772870656,0
199,1778239899497,1254,1500,800,800,800,800,800,800,800,1406,854,804,800,800,2100,979,4.1666669845581055,0,0,4,0,4,4,0,4,4,4,4.1666669845581055,4,4.1666669845581055,4.1666669845581055,12,170945.3037109375,51770.88104248047,0,404332056576,8589930496,3772870656,0
199,1778239899697,1254,1500,800,800,800,800,800,800,800,1406,854,804,800,800,2100,979,100,0,0,0,0,0,0,0,0,0,0,0,0,0,0,0,170947.15594482422,51776.53845214844,0,404332056576,8589930496,3773554688,0
199,1778239899897,1254,1500,800,800,800,800,800,800,800,1406,854,804,800,800,2100,979,100,0,0,0,0,0,0,0,0,0,0,0,0,0,0,0,170950.0546875,51783.28210449219,0,404332056576,8589930496,3773554688,0
199,1778239900098,1254,1500,800,800,800,800,800,800,800,1406,854,804,800,800,2100,979,100,0,0,0,0,0,5.263157844543457,0,0,0,0,0,0,0,0,0,170952.93090820313,51790.02423095703,0,404332056576,8589930496,3773554688,0
0,1778239900298,1254,1500,800,800,800,800,800,800,800,1406,854,804,800,800,2100,979,52.38095474243164,0,0,0,0,0,0,0,0,0,0,0,0,0,0,0,170954.6678466797,51795.06085205078,0,404332056576,8589930496,3773554688,0
