Delta,Time,CPU_FREQUENCY_0,CPU_FREQUENCY_1,CPU_FREQUENCY_10,CPU_FREQUENCY_11,CPU_FREQUENCY_12,CPU_FREQUENCY_13,CPU_FREQUENCY_14,CPU_FREQUENCY_15,CPU_FREQUENCY_2,CPU_FREQUENCY_3,CPU_FREQUENCY_4,CPU_FREQUENCY_5,CPU_FREQUENCY_6,CPU_FREQUENCY_7,CPU_FREQUENCY_8,CPU_FREQUENCY_9,CPU_USAGE_0,CPU_USAGE_1,CPU_USAGE_10,CPU_USAGE_11,CPU_USAGE_12,CPU_USAGE_13,CPU_USAGE_14,CPU_USAGE_15,CPU_USAGE_2,CPU_USAGE_3,CPU_USAGE_4,CPU_USAGE_5,CPU_USAGE_6,CPU_USAGE_7,CPU_USAGE_8,CPU_USAGE_9,DRAM_ENERGY (J),PACKAGE_ENERGY (J),PP0_ENERGY (J),TOTAL_MEMORY,TOTAL_SWAP,USED_MEMORY,USED_SWAP
0,1778243774136,799,800,2300,2000,2099,799,883,1159,800,1470,800,940,800,800,870,2300,0,4.34782600402832,0,0,4.1666669845581055,4.34782600402832,4.1666669845581055,0,4.1666669845581055,4,0,0,0,0,4.1666669845581055,0,173101.0560913086,106370.38415527344,0,404332056576,8589930496,3748904960,0
199,1778243774136,799,800,2300,2000,2099,799,883,1159,800,1470,800,940,800,800,870,2300,0,4.34782600402832,0,0,4.1666669845581055,4.34782600402832,4.1666669845581055,0,4.1666669845581055,4,0,0,0,0,4.1666669845581055,0,173101.0601196289,106370.40545654297,0,404332056576,8589930496,3749421056,0
199,1778243774337,799,800,2300,2000,2099,799,883,1159,800,1470,800,940,800,800,870,2300,0,0,0,0,100,0,0,0,0,0,0,0,0,0,0,0,173101.49017333984,106375.20471191406,0,404332056576,8589930496,3753033728,0
199,1778243774537,799,800,2300,2000,2099,799,883,1159,800,1470,800,940,800,800,870,2300,0,0,0,0,100,0,0,0,0,0,0,0,0,0,0,0,173101.90313720703,106380.53332519531,0,404332056576,8589930496,3753033728,0
199,1778243774737,799,800,2300,2000,2099,799,883,1159,800,1470,800,940,800,800,870,2300,0,0,0,0,100,0,0,10,0,0,0,0,0,0,0,0,173102.32788085938,106385.87078857422,0,404332056576,8589930496,3753033728,0
0,1778243774937,799,800,2300,2000,2099,799,883,1159,800,1470,800,940,800,800,870,2300,0,0,0,0,42.105262756347656,0,0,0,0,0,0,0,0,0,0,0,173102.54425048828,106389.94946289063,0,404332056576,8589930496,3753033728,0
