Delta,Time,CPU_FREQUENCY_0,CPU_FREQUENCY_1,CPU_FREQUENCY_10,CPU_FREQUENCY_11,CPU_FREQUENCY_12,CPU_FREQUENCY_13,CPU_FREQUENCY_14,CPU_FREQUENCY_15,CPU_FREQUENCY_2,CPU_FREQUENCY_3,CPU_FREQUENCY_4,CPU_FREQUENCY_5,CPU_FREQUENCY_6,CPU_FREQUENCY_7,CPU_FREQUENCY_8,CPU_FREQUENCY_9,CPU_USAGE_0,CPU_USAGE_1,CPU_USAGE_10,CPU_USAGE_11,CPU_USAGE_12,CPU_USAGE_13,CPU_USAGE_14,CPU_USAGE_15,CPU_USAGE_2,CPU_USAGE_3,CPU_USAGE_4,CPU_USAGE_5,CPU_USAGE_6,CPU_USAGE_7,CPU_USAGE_8,CPU_USAGE_9,DRAM_ENERGY (J),PACKAGE_ENERGY (J),PP0_ENERGY (J),TOTAL_MEMORY,TOTAL_SWAP,USED_MEMORY,USED_SWAP
0,1778243618686,800,1000,800,2099,799,811,800,800,1000,1112,2000,800,799,1000,2100,1999,4,4,0,12,4.1666669845581055,0,0,0,0,4,0,0,4.1666669845581055,8,4.1666669845581055,7.692307949066162,173052.97302246094,104254.04913330078,0,404332056576,8589930496,3757744128,0
199,1778243618686,800,1000,800,2099,799,811,800,800,1000,1112,2000,800,799,1000,2100,1999,4,4,0,12,4.1666669845581055,0,0,0,0,4,0,0,4.1666669845581055,8,4.1666669845581055,7.692307949066162,173052.97650146484,104254.04913330078,0,404332056576,8589930496,3757744128,0
199,1778243618886,800,1000,800,2099,799,811,800,800,1000,1112,2000,800,799,1000,2100,1999,0,100,0,0,0,0,0,0,0,0,0,0,0,0,0,0,173055.03826904297,104259.88482666016,0,404332056576,8589930496,3761614848,0
199,1778243619086,800,1000,800,2099,799,811,800,800,1000,1112,2000,800,799,1000,2100,1999,0,100,0,0,0,0,0,0,0,0,0,0,0,0,0,0,173057.93255615234,104266.64776611328,0,404332056576,8589930496,3761614848,0
199,1778243619287,800,1000,800,2099,799,811,800,800,1000,1112,2000,800,799,1000,2100,1999,0,100,0,0,0,0,0,0,0,0,0,0,0,0,0,0,173060.83612060547,104273.40936279297,0,404332056576,8589930496,3761614848,0
0,1778243619487,800,1000,800,2099,799,811,800,800,1000,1112,2000,800,799,1000,2100,1999,0,50,0,0,0,0,0,0,0,0,0,0,0,0,0,0,173062.5565185547,104278.43646240234,0,404332056576,8589930496,3761614848,0
