Delta,Time,CPU_FREQUENCY_0,CPU_FREQUENCY_1,CPU_FREQUENCY_10,CPU_FREQUENCY_11,CPU_FREQUENCY_12,CPU_FREQUENCY_13,CPU_FREQUENCY_14,CPU_FREQUENCY_15,CPU_FREQUENCY_2,CPU_FREQUENCY_3,CPU_FREQUENCY_4,CPU_FREQUENCY_5,CPU_FREQUENCY_6,CPU_FREQUENCY_7,CPU_FREQUENCY_8,CPU_FREQUENCY_9,CPU_USAGE_0,CPU_USAGE_1,CPU_USAGE_10,CPU_USAGE_11,CPU_USAGE_12,CPU_USAGE_13,CPU_USAGE_14,CPU_USAGE_15,CPU_USAGE_2,CPU_USAGE_3,CPU_USAGE_4,CPU_USAGE_5,CPU_USAGE_6,CPU_USAGE_7,CPU_USAGE_8,CPU_USAGE_9,DRAM_ENERGY (J),PACKAGE_ENERGY (J),PP0_ENERGY (J),TOTAL_MEMORY,TOTAL_SWAP,USED_MEMORY,USED_SWAP
0,1778237043195,800,2000,2100,968,799,800,800,3200,800,1000,800,799,800,800,800,2000,4.1666669845581055,0,12,4.34782600402832,4.1666669845581055,0,0,0,4.1666669845581055,0,0,4.1666669845581055,4,4.1666669845581055,4.1666669845581055,0,168845.41717529297,10741.540405273438,0,404332056576,8589930496,3737513984,0
199,1778237043195,800,2000,2100,968,799,800,800,3200,800,1000,800,799,800,800,800,2000,4.1666669845581055,0,12,4.34782600402832,4.1666669845581055,0,0,0,4.1666669845581055,0,0,4.1666669845581055,4,4.1666669845581055,4.1666669845581055,0,168845.41717529297,10741.540405273438,0,404332056576,8589930496,3737513984,0
199,1778237043395,800,2000,2100,968,799,800,800,3200,800,1000,800,799,800,800,800,2000,100,0,0,0,0,0,0,0,0,0,0,0,0,0,0,0,168847.80004882813,10747.664794921875,0,404332056576,8589930496,3737513984,0
199,1778237043595,800,2000,2100,968,799,800,800,3200,800,1000,800,799,800,800,800,2000,100,0,0,0,0,0,0,0,0,0,0,0,0,0,0,0,168850.6703491211,10754.38232421875,0,404332056576,8589930496,3737513984,0
199,1778237043795,800,2000,2100,968,799,800,800,3200,800,1000,800,799,800,800,800,2000,100,4.761904716491699,0,0,0,0,0,0,0,0,0,0,0,0,0,0,168853.5366821289,10761.125610351563,0,404332056576,8589930496,3739447296,0
0,1778237043995,800,2000,2100,968,799,800,800,3200,800,1000,800,799,800,800,800,2000,47.619049072265625,0,0,0,0,0,0,0,0,0,0,0,0,0,0,0,168855.11907958984,10765.996337890625,0,404332056576,8589930496,3739447296,0
