Delta,Time,CPU_FREQUENCY_0,CPU_FREQUENCY_1,CPU_FREQUENCY_10,CPU_FREQUENCY_11,CPU_FREQUENCY_12,CPU_FREQUENCY_13,CPU_FREQUENCY_14,CPU_FREQUENCY_15,CPU_FREQUENCY_2,CPU_FREQUENCY_3,CPU_FREQUENCY_4,CPU_FREQUENCY_5,CPU_FREQUENCY_6,CPU_FREQUENCY_7,CPU_FREQUENCY_8,CPU_FREQUENCY_9,CPU_USAGE_0,CPU_USAGE_1,CPU_USAGE_10,CPU_USAGE_11,CPU_USAGE_12,CPU_USAGE_13,CPU_USAGE_14,CPU_USAGE_15,CPU_USAGE_2,CPU_USAGE_3,CPU_USAGE_4,CPU_USAGE_5,CPU_USAGE_6,CPU_USAGE_7,CPU_USAGE_8,CPU_USAGE_9,DRAM_ENERGY (J),PACKAGE_ENERGY (J),PP0_ENERGY (J),TOTAL_MEMORY,TOTAL_SWAP,USED_MEMORY,USED_SWAP
0,1778236941227,1000,800,800,800,800,2100,1265,1610,1544,1000,1739,947,2000,2000,800,800,4,0,4,0,0,4.1666669845581055,0,4,4,4,0,4,4,0,4,0,168687.42834472656,9174.310119628906,0,404332056576,8589930496,3737030656,0
200,1778236941227,1000,800,800,800,800,2100,1265,1610,1544,1000,1739,947,2000,2000,800,800,4,0,4,0,0,4.1666669845581055,0,4,4,4,0,4,4,0,4,0,168687.42834472656,9174.310119628906,0,404332056576,8589930496,3737030656,0
200,1778236941428,1000,800,800,800,800,2100,1265,1610,1544,1000,1739,947,2000,2000,800,800,100,0,0,0,0,0,0,0,0,0,0,0,0,0,0,0,168689.10235595703,9179.843872070313,0,404332056576,8589930496,3737030656,0
199,1778236941628,1000,800,800,800,800,2100,1265,1610,1544,1000,1739,947,2000,2000,800,800,100,0,0,0,0,0,0,0,0,0,0,0,0,0,0,0,168691.9239501953,9186.784729003906,0,404332056576,8589930496,3737759744,0
199,1778236941828,1000,800,800,800,800,2100,1265,1610,1544,1000,1739,947,2000,2000,800,800,100,0,0,0,0,0,0,0,0,0,0,0,0,0,0,0,168694.74365234375,9193.727783203125,0,404332056576,8589930496,3737759744,0
0,1778236942028,1000,800,800,800,800,2100,1265,1610,1544,1000,1739,947,2000,2000,800,800,57.142860412597656,0,0,9.090909004211426,0,0,0,0,0,0,0,0,0,0,0,0,168696.44744873047,9198.973205566406,0,404332056576,8589930496,3737759744,0
