Delta,Time,CPU_FREQUENCY_0,CPU_FREQUENCY_1,CPU_FREQUENCY_10,CPU_FREQUENCY_11,CPU_FREQUENCY_12,CPU_FREQUENCY_13,CPU_FREQUENCY_14,CPU_FREQUENCY_15,CPU_FREQUENCY_2,CPU_FREQUENCY_3,CPU_FREQUENCY_4,CPU_FREQUENCY_5,CPU_FREQUENCY_6,CPU_FREQUENCY_7,CPU_FREQUENCY_8,CPU_FREQUENCY_9,CPU_USAGE_0,CPU_USAGE_1,CPU_USAGE_10,CPU_USAGE_11,CPU_USAGE_12,CPU_USAGE_13,CPU_USAGE_14,CPU_USAGE_15,CPU_USAGE_2,CPU_USAGE_3,CPU_USAGE_4,CPU_USAGE_5,CPU_USAGE_6,CPU_USAGE_7,CPU_USAGE_8,CPU_USAGE_9,DRAM_ENERGY (J),PACKAGE_ENERGY (J),PP0_ENERGY (J),TOTAL_MEMORY,TOTAL_SWAP,USED_MEMORY,USED_SWAP
0,1778239611800,800,2923,800,2100,800,800,2000,800,2100,799,2000,800,2000,1000,800,2000,8,4.1666669845581055,0,8.333333969116211,0,0,4.1666669845581055,4.1666669845581055,0,4.1666669845581055,7.692307949066162,4.1666669845581055,4,4.1666669845581055,0,7.692307949066162,170731.62524414063,47697.513732910156,0,404332056576,8589930496,3779035136,0
199,1778239611800,800,2923,800,2100,800,800,2000,800,2100,799,2000,800,2000,1000,800,2000,8,4.1666669845581055,0,8.333333969116211,0,0,4.1666669845581055,4.1666669845581055,0,4.1666669845581055,7.692307949066162,4.1666669845581055,4,4.1666669845581055,0,7.692307949066162,170731.6297607422,47697.53771972656,0,404332056576,8589930496,3779035136,0
199,1778239612000,800,2923,800,2100,800,800,2000,800,2100,799,2000,800,2000,1000,800,2000,95.23809814453125,0,0,0,0,0,0,0,0,0,0,0,0,0,0,0,170734.0771484375,47703.76885986328,0,404332056576,8589930496,3779735552,0
199,1778239612200,800,2923,800,2100,800,800,2000,800,2100,799,2000,800,2000,1000,800,2000,100,0,0,0,0,0,0,0,0,0,0,0,0,0,0,0,170736.99810791016,47710.56872558594,0,404332056576,8589930496,3779735552,0
199,1778239612401,800,2923,800,2100,800,800,2000,800,2100,799,2000,800,2000,1000,800,2000,100,0,0,0,0,0,0,0,0,0,0,0,0,0,0,0,170739.91778564453,47717.43200683594,0,404332056576,8589930496,3779735552,0
0,1778239612601,800,2923,800,2100,800,800,2000,800,2100,799,2000,800,2000,1000,800,2000,47.36842346191406,0,0,0,0,0,0,0,0,0,0,0,0,0,0,0,170741.3950805664,47722.2275390625,0,404332056576,8589930496,3779735552,0
