Delta,Time,CPU_FREQUENCY_0,CPU_FREQUENCY_1,CPU_FREQUENCY_10,CPU_FREQUENCY_11,CPU_FREQUENCY_12,CPU_FREQUENCY_13,CPU_FREQUENCY_14,CPU_FREQUENCY_15,CPU_FREQUENCY_2,CPU_FREQUENCY_3,CPU_FREQUENCY_4,CPU_FREQUENCY_5,CPU_FREQUENCY_6,CPU_FREQUENCY_7,CPU_FREQUENCY_8,CPU_FREQUENCY_9,CPU_USAGE_0,CPU_USAGE_1,CPU_USAGE_10,CPU_USAGE_11,CPU_USAGE_12,CPU_USAGE_13,CPU_USAGE_14,CPU_USAGE_15,CPU_USAGE_2,CPU_USAGE_3,CPU_USAGE_4,CPU_USAGE_5,CPU_USAGE_6,CPU_USAGE_7,CPU_USAGE_8,CPU_USAGE_9,DRAM_ENERGY (J),PACKAGE_ENERGY (J),PP0_ENERGY (J),TOTAL_MEMORY,TOTAL_SWAP,USED_MEMORY,USED_SWAP
0,1778237455461,800,2000,1513,800,800,2500,2000,800,1768,1705,800,800,800,800,2099,1675,4.1666669845581055,0,4.1666669845581055,4.1666669845581055,12.5,0,8,0,0,4.1666669845581055,4,0,4.1666669845581055,0,0,4.1666669845581055,168994.07489013672,16473.519165039063,0,404332056576,8589930496,3756294144,0
199,1778237455461,800,2000,1513,800,800,2500,2000,800,1768,1705,800,800,800,800,2099,1675,4.1666669845581055,0,4.1666669845581055,4.1666669845581055,12.5,0,8,0,0,4.1666669845581055,4,0,4.1666669845581055,0,0,4.1666669845581055,168994.07836914063,16473.542907714844,0,404332056576,8589930496,3756294144,0
199,1778237455661,800,2000,1513,800,800,2500,2000,800,1768,1705,800,800,800,800,2099,1675,100,0,0,0,0,0,0,0,0,0,0,0,0,0,0,0,168995.78009033203,16479.168823242188,0,404332056576,8589930496,3758587904,0
199,1778237455861,800,2000,1513,800,800,2500,2000,800,1768,1705,800,800,800,800,2099,1675,100,0,0,0,0,0,0,0,0,0,0,0,0,0,0,0,168998.6065673828,16486.117126464844,0,404332056576,8589930496,3758587904,0
199,1778237456061,800,2000,1513,800,800,2500,2000,800,1768,1705,800,800,800,800,2099,1675,100,0,0,0,0,0,0,0,0,0,0,0,0,0,0,0,169001.45349121094,16493.067443847656,0,404332056576,8589930496,3758587904,0
0,1778237456261,800,2000,1513,800,800,2500,2000,800,1768,1705,800,800,800,800,2099,1675,57.142860412597656,0,0,0,0,0,0,0,0,0,0,0,0,0,0,0,169003.17852783203,16498.328735351563,0,404332056576,8589930496,3758587904,0
