Delta,Time,CPU_FREQUENCY_0,CPU_FREQUENCY_1,CPU_FREQUENCY_10,CPU_FREQUENCY_11,CPU_FREQUENCY_12,CPU_FREQUENCY_13,CPU_FREQUENCY_14,CPU_FREQUENCY_15,CPU_FREQUENCY_2,CPU_FREQUENCY_3,CPU_FREQUENCY_4,CPU_FREQUENCY_5,CPU_FREQUENCY_6,CPU_FREQUENCY_7,CPU_FREQUENCY_8,CPU_FREQUENCY_9,CPU_USAGE_0,CPU_USAGE_1,CPU_USAGE_10,CPU_USAGE_11,CPU_USAGE_12,CPU_USAGE_13,CPU_USAGE_14,CPU_USAGE_15,CPU_USAGE_2,CPU_USAGE_3,CPU_USAGE_4,CPU_USAGE_5,CPU_USAGE_6,CPU_USAGE_7,CPU_USAGE_8,CPU_USAGE_9,DRAM_ENERGY (J),PACKAGE_ENERGY (J),PP0_ENERGY (J),TOTAL_MEMORY,TOTAL_SWAP,USED_MEMORY,USED_SWAP
0,1778243290759,800,800,1101,864,800,899,800,800,800,1478,800,1900,1253,1000,800,2100,4.1666669845581055,0,0,8.333333969116211,8,4.1666669845581055,8,4.1666669845581055,8,4.1666669845581055,4.1666669845581055,0,4.1666669845581055,0,4.1666669845581055,4.1666669845581055,172817.4130859375,99503.33374023438,0,404332056576,8589930496,3745587200,0
200,1778243290759,800,800,1101,864,800,899,800,800,800,1478,800,1900,1253,1000,800,2100,4.1666669845581055,0,0,8.333333969116211,8,4.1666669845581055,8,4.1666669845581055,8,4.1666669845581055,4.1666669845581055,0,4.1666669845581055,0,4.1666669845581055,4.1666669845581055,172817.41674804688,99503.35729980469,0,404332056576,8589930496,3745587200,0
199,1778243290959,800,800,1101,864,800,899,800,800,800,1478,800,1900,1253,1000,800,2100,100,0,0,0,0,0,0,0,0,0,0,0,0,0,0,0,172819.21844482422,99509.0933227539,0,404332056576,8589930496,3745587200,0
199,1778243291159,800,800,1101,864,800,899,800,800,800,1478,800,1900,1253,1000,800,2100,100,0,0,0,0,0,0,0,0,0,0,0,0,0,0,0,172822.1619873047,99515.86212158203,0,404332056576,8589930496,3745587200,0
199,1778243291360,800,800,1101,864,800,899,800,800,800,1478,800,1900,1253,1000,800,2100,100,0,0,0,0,0,0,0,0,0,0,0,0,0,0,0,172825.1146850586,99522.81872558594,0,404332056576,8589930496,3745587200,0
0,1778243291560,800,800,1101,864,800,899,800,800,800,1478,800,1900,1253,1000,800,2100,55,0,0,0,0,0,0,0,0,0,0,0,0,0,0,0,172827.03442382813,99528.2183227539,0,404332056576,8589930496,3745587200,0
