Delta,Time,CPU_FREQUENCY_0,CPU_FREQUENCY_1,CPU_FREQUENCY_10,CPU_FREQUENCY_11,CPU_FREQUENCY_12,CPU_FREQUENCY_13,CPU_FREQUENCY_14,CPU_FREQUENCY_15,CPU_FREQUENCY_2,CPU_FREQUENCY_3,CPU_FREQUENCY_4,CPU_FREQUENCY_5,CPU_FREQUENCY_6,CPU_FREQUENCY_7,CPU_FREQUENCY_8,CPU_FREQUENCY_9,CPU_USAGE_0,CPU_USAGE_1,CPU_USAGE_10,CPU_USAGE_11,CPU_USAGE_12,CPU_USAGE_13,CPU_USAGE_14,CPU_USAGE_15,CPU_USAGE_2,CPU_USAGE_3,CPU_USAGE_4,CPU_USAGE_5,CPU_USAGE_6,CPU_USAGE_7,CPU_USAGE_8,CPU_USAGE_9,DRAM_ENERGY (J),PACKAGE_ENERGY (J),PP0_ENERGY (J),TOTAL_MEMORY,TOTAL_SWAP,USED_MEMORY,USED_SWAP
0,1778240023910,1151,800,800,2099,810,830,805,806,800,799,1478,800,800,800,800,800,4.1666669845581055,8,0,4.1666669845581055,12,4,8,4,0,4.1666669845581055,4.1666669845581055,4,4.1666669845581055,0,0,0,170965.08166503906,53452.078552246094,0,404332056576,8589930496,3759001600,0
199,1778240023910,1151,800,800,2099,810,830,805,806,800,799,1478,800,800,800,800,800,4.1666669845581055,8,0,4.1666669845581055,12,4,8,4,0,4.1666669845581055,4.1666669845581055,4,4.1666669845581055,0,0,0,170965.08673095703,53452.078552246094,0,404332056576,8589930496,3759513600,0
199,1778240024110,1151,800,800,2099,810,830,805,806,800,799,1478,800,800,800,800,800,100,0,0,0,0,0,0,0,0,0,0,0,0,0,0,0,170966.8960571289,53457.74786376953,0,404332056576,8589930496,3763384320,0
199,1778240024311,1151,800,800,2099,810,830,805,806,800,799,1478,800,800,800,800,800,100,0,0,0,0,0,0,0,0,0,0,0,0,0,0,0,170969.78033447266,53464.485778808594,0,404332056576,8589930496,3763384320,0
199,1778240024511,1151,800,800,2099,810,830,805,806,800,799,1478,800,800,800,800,800,100,0,0,0,0,0,0,0,0,0,0,0,0,0,0,0,170972.65698242188,53471.424255371094,0,404332056576,8589930496,3763384320,0
199,1778240024711,1151,800,800,2099,810,830,805,806,800,799,1478,800,800,800,800,800,100,0,0,0,0,0,0,0,0,0,0,0,0,0,0,0,170975.49188232422,53478.355712890625,0,404332056576,8589930496,3763642368,0
0,1778240024911,1151,800,800,2099,810,830,805,806,800,799,1478,800,800,800,800,800,42.85714340209961,0,0,0,0,0,0,0,0,0,0,0,0,0,0,0,170977.0030517578,53483.22473144531,0,404332056576,8589930496,3763642368,0
