Delta,Time,CPU_FREQUENCY_0,CPU_FREQUENCY_1,CPU_FREQUENCY_10,CPU_FREQUENCY_11,CPU_FREQUENCY_12,CPU_FREQUENCY_13,CPU_FREQUENCY_14,CPU_FREQUENCY_15,CPU_FREQUENCY_2,CPU_FREQUENCY_3,CPU_FREQUENCY_4,CPU_FREQUENCY_5,CPU_FREQUENCY_6,CPU_FREQUENCY_7,CPU_FREQUENCY_8,CPU_FREQUENCY_9,CPU_USAGE_0,CPU_USAGE_1,CPU_USAGE_10,CPU_USAGE_11,CPU_USAGE_12,CPU_USAGE_13,CPU_USAGE_14,CPU_USAGE_15,CPU_USAGE_2,CPU_USAGE_3,CPU_USAGE_4,CPU_USAGE_5,CPU_USAGE_6,CPU_USAGE_7,CPU_USAGE_8,CPU_USAGE_9,DRAM_ENERGY (J),PACKAGE_ENERGY (J),PP0_ENERGY (J),TOTAL_MEMORY,TOTAL_SWAP,USED_MEMORY,USED_SWAP
0,1778239211373,799,3200,800,2100,2100,1019,800,800,1391,800,799,855,2000,1500,800,800,0,8.333333969116211,4.1666669845581055,4,4.1666669845581055,0,4.1666669845581055,4.1666669845581055,4,4.1666669845581055,0,4,8,0,0,0,170353.5272216797,41777.555603027344,0,404332056576,8589930496,3735474176,0
200,1778239211373,799,3200,800,2100,2100,1019,800,800,1391,800,799,855,2000,1500,800,800,0,8.333333969116211,4.1666669845581055,4,4.1666669845581055,0,4.1666669845581055,4.1666669845581055,4,4.1666669845581055,0,4,8,0,0,0,170353.53619384766,41777.577392578125,0,404332056576,8589930496,3735474176,0
199,1778239211574,799,3200,800,2100,2100,1019,800,800,1391,800,799,855,2000,1500,800,800,0,0,0,0,100,0,0,0,0,0,0,0,0,0,0,0,170354.0614013672,41782.086853027344,0,404332056576,8589930496,3739574272,0
199,1778239211774,799,3200,800,2100,2100,1019,800,800,1391,800,799,855,2000,1500,800,800,0,0,0,0,100,0,0,0,0,0,0,0,0,0,0,0,170354.57849121094,41787.428649902344,0,404332056576,8589930496,3739574272,0
199,1778239211974,799,3200,800,2100,2100,1019,800,800,1391,800,799,855,2000,1500,800,800,0,0,0,0,100,0,5,0,0,0,0,0,0,0,0,0,170355.05126953125,41792.762939453125,0,404332056576,8589930496,3739574272,0
199,1778239212174,799,3200,800,2100,2100,1019,800,800,1391,800,799,855,2000,1500,800,800,0,0,0,0,100,0,0,0,0,0,0,0,0,0,0,0,170355.490234375,41798.101013183594,0,404332056576,8589930496,3740274688,0
0,1778239212374,799,3200,800,2100,2100,1019,800,800,1391,800,799,855,2000,1500,800,800,0,0,0,0,40,0,0,0,0,0,0,0,0,0,0,0,170355.68627929688,41801.99475097656,0,404332056576,8589930496,3740274688,0
