Delta,Time,CPU_FREQUENCY_0,CPU_FREQUENCY_1,CPU_FREQUENCY_10,CPU_FREQUENCY_11,CPU_FREQUENCY_12,CPU_FREQUENCY_13,CPU_FREQUENCY_14,CPU_FREQUENCY_15,CPU_FREQUENCY_2,CPU_FREQUENCY_3,CPU_FREQUENCY_4,CPU_FREQUENCY_5,CPU_FREQUENCY_6,CPU_FREQUENCY_7,CPU_FREQUENCY_8,CPU_FREQUENCY_9,CPU_USAGE_0,CPU_USAGE_1,CPU_USAGE_10,CPU_USAGE_11,CPU_USAGE_12,CPU_USAGE_13,CPU_USAGE_14,CPU_USAGE_15,CPU_USAGE_2,CPU_USAGE_3,CPU_USAGE_4,CPU_USAGE_5,CPU_USAGE_6,CPU_USAGE_7,CPU_USAGE_8,CPU_USAGE_9,DRAM_ENERGY (J),PACKAGE_ENERGY (J),PP0_ENERGY (J),TOTAL_MEMORY,TOTAL_SWAP,USED_MEMORY,USED_SWAP
0,1778240086423,800,3200,800,800,800,2000,800,1421,800,2074,1000,1542,1100,1000,842,840,0,8,0,3.846153974533081,0,0,0,4,4,4,0,0,4,4,4,4,170992.39099121094,54308.09991455078,0,404332056576,8589930496,3760209920,0
200,1778240086423,800,3200,800,800,800,2000,800,1421,800,2074,1000,1542,1100,1000,842,840,0,8,0,3.846153974533081,0,0,0,4,4,4,0,0,4,4,4,4,170992.39099121094,54308.09991455078,0,404332056576,8589930496,3760209920,0
199,1778240086623,800,3200,800,800,800,2000,800,1421,800,2074,1000,1542,1100,1000,842,840,0,95.23809814453125,0,0,0,0,0,0,0,0,0,0,0,0,0,0,170995.26928710938,54314.6337890625,0,404332056576,8589930496,3764080640,0
199,1778240086823,800,3200,800,800,800,2000,800,1421,800,2074,1000,1542,1100,1000,842,840,0,100,0,0,0,0,0,0,0,0,0,0,0,0,0,0,170998.14483642578,54321.5458984375,0,404332056576,8589930496,3765489664,0
199,1778240087023,800,3200,800,800,800,2000,800,1421,800,2074,1000,1542,1100,1000,842,840,0,100,0,0,0,0,0,0,0,0,0,0,0,0,0,0,171001.04461669922,54328.48547363281,0,404332056576,8589930496,3765489664,0
199,1778240087224,800,3200,800,800,800,2000,800,1421,800,2074,1000,1542,1100,1000,842,840,0,100,0,0,0,0,5.263157844543457,0,0,0,0,0,0,0,0,0,171003.92651367188,54335.40203857422,0,404332056576,8589930496,3765489664,0
0,1778240087424,800,3200,800,800,800,2000,800,1421,800,2074,1000,1542,1100,1000,842,840,0,35,0,0,0,0,0,0,0,0,0,0,0,0,0,0,171005.0220336914,54339.704528808594,0,404332056576,8589930496,3765489664,0
