Delta,Time,CPU_FREQUENCY_0,CPU_FREQUENCY_1,CPU_FREQUENCY_10,CPU_FREQUENCY_11,CPU_FREQUENCY_12,CPU_FREQUENCY_13,CPU_FREQUENCY_14,CPU_FREQUENCY_15,CPU_FREQUENCY_2,CPU_FREQUENCY_3,CPU_FREQUENCY_4,CPU_FREQUENCY_5,CPU_FREQUENCY_6,CPU_FREQUENCY_7,CPU_FREQUENCY_8,CPU_FREQUENCY_9,CPU_USAGE_0,CPU_USAGE_1,CPU_USAGE_10,CPU_USAGE_11,CPU_USAGE_12,CPU_USAGE_13,CPU_USAGE_14,CPU_USAGE_15,CPU_USAGE_2,CPU_USAGE_3,CPU_USAGE_4,CPU_USAGE_5,CPU_USAGE_6,CPU_USAGE_7,CPU_USAGE_8,CPU_USAGE_9,DRAM_ENERGY (J),PACKAGE_ENERGY (J),PP0_ENERGY (J),TOTAL_MEMORY,TOTAL_SWAP,USED_MEMORY,USED_SWAP
0,1778243516727,1679,1247,1324,1252,800,800,800,800,799,799,1966,2000,1000,799,800,2099,4.1666669845581055,4,0,4,0,0,0,3.846153974533081,4,7.692307949066162,4,0,4,4,0,4,172905.48828125,102691.67401123047,0,404332056576,8589930496,3759902720,0
200,1778243516728,1679,1247,1324,1252,800,800,800,800,799,799,1966,2000,1000,799,800,2099,4.1666669845581055,4,0,4,0,0,0,3.846153974533081,4,7.692307949066162,4,0,4,4,0,4,172905.48828125,102691.67401123047,0,404332056576,8589930496,3759902720,0
199,1778243516928,1679,1247,1324,1252,800,800,800,800,799,799,1966,2000,1000,799,800,2099,0,0,0,0,0,100,0,0,0,0,0,0,0,0,0,0,172905.90740966797,102696.15576171875,0,404332056576,8589930496,3763773440,0
199,1778243517128,1679,1247,1324,1252,800,800,800,800,799,799,1966,2000,1000,799,800,2099,0,0,0,0,0,100,0,0,0,0,0,0,0,0,0,0,172906.32305908203,102701.54138183594,0,404332056576,8589930496,3763773440,0
199,1778243517328,1679,1247,1324,1252,800,800,800,800,799,799,1966,2000,1000,799,800,2099,0,0,0,0,0,100,0,0,0,0,0,0,0,0,0,0,172906.8182373047,102706.90911865234,0,404332056576,8589930496,3763773440,0
199,1778243517528,1679,1247,1324,1252,800,800,800,800,799,799,1966,2000,1000,799,800,2099,0,0,0,0,0,100,0,0,0,0,0,0,0,0,0,0,172907.30963134766,102712.2691040039,0,404332056576,8589930496,3763773440,0
0,1778243517728,1679,1247,1324,1252,800,800,800,800,799,799,1966,2000,1000,799,800,2099,4.761904716491699,0,0,0,0,57.142860412597656,0,0,0,0,0,0,0,0,0,0,172907.65856933594,102716.72735595703,0,404332056576,8589930496,3763773440,0
