Delta,Time,CPU_FREQUENCY_0,CPU_FREQUENCY_1,CPU_FREQUENCY_10,CPU_FREQUENCY_11,CPU_FREQUENCY_12,CPU_FREQUENCY_13,CPU_FREQUENCY_14,CPU_FREQUENCY_15,CPU_FREQUENCY_2,CPU_FREQUENCY_3,CPU_FREQUENCY_4,CPU_FREQUENCY_5,CPU_FREQUENCY_6,CPU_FREQUENCY_7,CPU_FREQUENCY_8,CPU_FREQUENCY_9,CPU_USAGE_0,CPU_USAGE_1,CPU_USAGE_10,CPU_USAGE_11,CPU_USAGE_12,CPU_USAGE_13,CPU_USAGE_14,CPU_USAGE_15,CPU_USAGE_2,CPU_USAGE_3,CPU_USAGE_4,CPU_USAGE_5,CPU_USAGE_6,CPU_USAGE_7,CPU_USAGE_8,CPU_USAGE_9,DRAM_ENERGY (J),PACKAGE_ENERGY (J),PP0_ENERGY (J),TOTAL_MEMORY,TOTAL_SWAP,USED_MEMORY,USED_SWAP
0,1778241440450,2077,1000,800,2099,1051,859,800,800,927,1620,800,1000,800,1500,800,2100,0,0,8,4.34782600402832,8,4.1666669845581055,0,0,0,0,4.1666669845581055,4,0,0,4.1666669845581055,4.1666669845581055,171963.8885498047,73971.16455078125,0,404332056576,8589930496,3775983616,0
200,1778241440450,2077,1000,800,2099,1051,859,800,800,927,1620,800,1000,800,1500,800,2100,0,0,8,4.34782600402832,8,4.1666669845581055,0,0,0,0,4.1666669845581055,4,0,0,4.1666669845581055,4.1666669845581055,171963.8931274414,73971.1860961914,0,404332056576,8589930496,3775983616,0
199,1778241440650,2077,1000,800,2099,1051,859,800,800,927,1620,800,1000,800,1500,800,2100,100,0,0,4.761904716491699,0,0,0,0,0,0,0,0,0,0,0,0,171965.98016357422,73976.98315429688,0,404332056576,8589930496,3777400832,0
199,1778241440850,2077,1000,800,2099,1051,859,800,800,927,1620,800,1000,800,1500,800,2100,100,0,0,0,0,0,0,0,0,0,0,0,0,0,0,0,171968.90924072266,73983.72497558594,0,404332056576,8589930496,3777400832,0
199,1778241441050,2077,1000,800,2099,1051,859,800,800,927,1620,800,1000,800,1500,800,2100,100,0,0,0,0,0,0,0,0,0,0,0,0,0,0,0,171971.8355102539,73990.46099853516,0,404332056576,8589930496,3777400832,0
199,1778241441250,2077,1000,800,2099,1051,859,800,800,927,1620,800,1000,800,1500,800,2100,100,0,0,0,0,0,0,0,0,0,0,0,0,0,0,0,171974.8012084961,73997.21264648438,0,404332056576,8589930496,3777400832,0
0,1778241441450,2077,1000,800,2099,1051,859,800,800,927,1620,800,1000,800,1500,800,2100,45,0,0,4.761904716491699,0,0,0,0,0,0,0,0,0,0,0,0,171976.3017578125,74001.87243652344,0,404332056576,8589930496,3777400832,0
