Delta,Time,CPU_FREQUENCY_0,CPU_FREQUENCY_1,CPU_FREQUENCY_10,CPU_FREQUENCY_11,CPU_FREQUENCY_12,CPU_FREQUENCY_13,CPU_FREQUENCY_14,CPU_FREQUENCY_15,CPU_FREQUENCY_2,CPU_FREQUENCY_3,CPU_FREQUENCY_4,CPU_FREQUENCY_5,CPU_FREQUENCY_6,CPU_FREQUENCY_7,CPU_FREQUENCY_8,CPU_FREQUENCY_9,CPU_USAGE_0,CPU_USAGE_1,CPU_USAGE_10,CPU_USAGE_11,CPU_USAGE_12,CPU_USAGE_13,CPU_USAGE_14,CPU_USAGE_15,CPU_USAGE_2,CPU_USAGE_3,CPU_USAGE_4,CPU_USAGE_5,CPU_USAGE_6,CPU_USAGE_7,CPU_USAGE_8,CPU_USAGE_9,DRAM_ENERGY (J),PACKAGE_ENERGY (J),PP0_ENERGY (J),TOTAL_MEMORY,TOTAL_SWAP,USED_MEMORY,USED_SWAP
0,1778239047313,800,1000,800,800,800,2100,2000,2100,800,1459,1000,2000,800,800,860,2000,8,0,0,4.1666669845581055,4.1666669845581055,8.333333969116211,8.333333969116211,4.1666669845581055,4.1666669845581055,0,8,4.1666669845581055,0,4.1666669845581055,4.1666669845581055,4.1666669845581055,170187.53216552734,39380.34393310547,0,404332056576,8589930496,3733577728,0
200,1778239047313,800,1000,800,800,800,2100,2000,2100,800,1459,1000,2000,800,800,860,2000,8,0,0,4.1666669845581055,4.1666669845581055,8.333333969116211,8.333333969116211,4.1666669845581055,4.1666669845581055,0,8,4.1666669845581055,0,4.1666669845581055,4.1666669845581055,4.1666669845581055,170187.53216552734,39380.34393310547,0,404332056576,8589930496,3733577728,0
199,1778239047514,800,1000,800,800,800,2100,2000,2100,800,1459,1000,2000,800,800,860,2000,100,0,0,0,0,0,0,0,0,0,0,0,0,0,0,0,170189.7725830078,39386.28942871094,0,404332056576,8589930496,3733577728,0
199,1778239047714,800,1000,800,800,800,2100,2000,2100,800,1459,1000,2000,800,800,860,2000,100,0,0,0,0,0,0,0,0,0,0,0,0,0,0,0,170192.64196777344,39393.029541015625,0,404332056576,8589930496,3733577728,0
199,1778239047914,800,1000,800,800,800,2100,2000,2100,800,1459,1000,2000,800,800,860,2000,100,0,0,0,0,0,0,0,0,0,0,0,0,0,0,0,170195.5414428711,39399.763122558594,0,404332056576,8589930496,3733577728,0
199,1778239048114,800,1000,800,800,800,2100,2000,2100,800,1459,1000,2000,800,800,860,2000,100,0,0,0,0,0,0,0,0,0,0,0,0,0,0,0,170198.42724609375,39406.50323486328,0,404332056576,8589930496,3733577728,0
0,1778239048314,800,1000,800,800,800,2100,2000,2100,800,1459,1000,2000,800,800,860,2000,40,0,0,0,0,0,0,0,0,0,0,0,0,0,0,0,170199.6815185547,39410.948303222656,0,404332056576,8589930496,3733577728,0
