Delta,Time,CPU_FREQUENCY_0,CPU_FREQUENCY_1,CPU_FREQUENCY_10,CPU_FREQUENCY_11,CPU_FREQUENCY_12,CPU_FREQUENCY_13,CPU_FREQUENCY_14,CPU_FREQUENCY_15,CPU_FREQUENCY_2,CPU_FREQUENCY_3,CPU_FREQUENCY_4,CPU_FREQUENCY_5,CPU_FREQUENCY_6,CPU_FREQUENCY_7,CPU_FREQUENCY_8,CPU_FREQUENCY_9,CPU_USAGE_0,CPU_USAGE_1,CPU_USAGE_10,CPU_USAGE_11,CPU_USAGE_12,CPU_USAGE_13,CPU_USAGE_14,CPU_USAGE_15,CPU_USAGE_2,CPU_USAGE_3,CPU_USAGE_4,CPU_USAGE_5,CPU_USAGE_6,CPU_USAGE_7,CPU_USAGE_8,CPU_USAGE_9,DRAM_ENERGY (J),PACKAGE_ENERGY (J),PP0_ENERGY (J),TOTAL_MEMORY,TOTAL_SWAP,USED_MEMORY,USED_SWAP
0,1778237167197,800,1000,800,2100,969,874,896,806,800,1163,800,826,1644,800,870,800,8,0,4.1666669845581055,0,0,4.1666669845581055,4.1666669845581055,8.69565200805664,4.1666669845581055,0,0,4.1666669845581055,0,8,4.1666669845581055,8,168879.99700927734,12429.484741210938,0,404332056576,8589930496,3737497600,0
200,1778237167198,800,1000,800,2100,969,874,896,806,800,1163,800,826,1644,800,870,800,8,0,4.1666669845581055,0,0,4.1666669845581055,4.1666669845581055,8.69565200805664,4.1666669845581055,0,0,4.1666669845581055,0,8,4.1666669845581055,8,168879.99700927734,12429.484741210938,0,404332056576,8589930496,3737497600,0
199,1778237167398,800,1000,800,2100,969,874,896,806,800,1163,800,826,1644,800,870,800,100,0,0,0,0,0,0,0,0,0,0,0,0,0,0,0,168881.8966064453,12435.315612792969,0,404332056576,8589930496,3737497600,0
199,1778237167598,800,1000,800,2100,969,874,896,806,800,1163,800,826,1644,800,870,800,100,0,0,0,0,0,0,0,0,0,0,0,0,0,0,0,168884.8013305664,12442.087158203125,0,404332056576,8589930496,3737497600,0
199,1778237167798,800,1000,800,2100,969,874,896,806,800,1163,800,826,1644,800,870,800,100,0,0,0,0,0,0,0,0,0,0,0,0,0,0,0,168887.6866455078,12449.025634765625,0,404332056576,8589930496,3737497600,0
199,1778237167998,800,1000,800,2100,969,874,896,806,800,1163,800,826,1644,800,870,800,100,0,0,0,0,0,0,0,0,0,0,0,0,0,0,0,168890.50927734375,12455.96923828125,0,404332056576,8589930496,3737497600,0
0,1778237168198,800,1000,800,2100,969,874,896,806,800,1163,800,826,1644,800,870,800,42.85714340209961,0,0,0,0,0,0,4.761904716491699,0,0,0,0,0,0,0,0,168891.8941040039,12460.721984863281,0,404332056576,8589930496,3737497600,0
