Delta,Time,CPU_FREQUENCY_0,CPU_FREQUENCY_1,CPU_FREQUENCY_10,CPU_FREQUENCY_11,CPU_FREQUENCY_12,CPU_FREQUENCY_13,CPU_FREQUENCY_14,CPU_FREQUENCY_15,CPU_FREQUENCY_2,CPU_FREQUENCY_3,CPU_FREQUENCY_4,CPU_FREQUENCY_5,CPU_FREQUENCY_6,CPU_FREQUENCY_7,CPU_FREQUENCY_8,CPU_FREQUENCY_9,CPU_USAGE_0,CPU_USAGE_1,CPU_USAGE_10,CPU_USAGE_11,CPU_USAGE_12,CPU_USAGE_13,CPU_USAGE_14,CPU_USAGE_15,CPU_USAGE_2,CPU_USAGE_3,CPU_USAGE_4,CPU_USAGE_5,CPU_USAGE_6,CPU_USAGE_7,CPU_USAGE_8,CPU_USAGE_9,DRAM_ENERGY (J),PACKAGE_ENERGY (J),PP0_ENERGY (J),TOTAL_MEMORY,TOTAL_SWAP,USED_MEMORY,USED_SWAP
0,1778237822681,800,800,800,800,800,2099,1523,1672,800,2100,1000,1281,867,1000,2000,800,4,4,4,4,4,0,12,4.1666669845581055,4,0,4,4,4,0,4.1666669845581055,0,169279.98150634766,21918.165649414063,0,404332056576,8589930496,3826462720,0
200,1778237822682,800,800,800,800,800,2099,1523,1672,800,2100,1000,1281,867,1000,2000,800,4,4,4,4,4,0,12,4.1666669845581055,4,0,4,4,4,0,4.1666669845581055,0,169279.98150634766,21918.165649414063,0,404332056576,8589930496,3826462720,0
199,1778237822882,800,800,800,800,800,2099,1523,1672,800,2100,1000,1281,867,1000,2000,800,100,0,0,0,0,0,0,0,0,0,0,0,0,0,0,0,169281.6551513672,21923.65478515625,0,404332056576,8589930496,3828518912,0
199,1778237823082,800,800,800,800,800,2099,1523,1672,800,2100,1000,1281,867,1000,2000,800,100,0,0,0,0,0,0,0,0,0,0,0,0,0,0,0,169284.56896972656,21930.395629882813,0,404332056576,8589930496,3828518912,0
199,1778237823282,800,800,800,800,800,2099,1523,1672,800,2100,1000,1281,867,1000,2000,800,100,0,0,0,0,0,0,0,0,0,0,0,0,0,0,0,169287.47790527344,21937.135498046875,0,404332056576,8589930496,3828518912,0
199,1778237823482,800,800,800,800,800,2099,1523,1672,800,2100,1000,1281,867,1000,2000,800,100,0,0,0,0,0,0,0,0,0,0,0,0,0,0,0,169290.40771484375,21943.878784179688,0,404332056576,8589930496,3828518912,0
0,1778237823682,800,800,800,800,800,2099,1523,1672,800,2100,1000,1281,867,1000,2000,800,50,0,0,0,0,0,0,0,0,0,0,0,0,0,0,0,169291.95068359375,21948.727966308594,0,404332056576,8589930496,3828518912,0
