Delta,Time,CPU_FREQUENCY_0,CPU_FREQUENCY_1,CPU_FREQUENCY_10,CPU_FREQUENCY_11,CPU_FREQUENCY_12,CPU_FREQUENCY_13,CPU_FREQUENCY_14,CPU_FREQUENCY_15,CPU_FREQUENCY_2,CPU_FREQUENCY_3,CPU_FREQUENCY_4,CPU_FREQUENCY_5,CPU_FREQUENCY_6,CPU_FREQUENCY_7,CPU_FREQUENCY_8,CPU_FREQUENCY_9,CPU_USAGE_0,CPU_USAGE_1,CPU_USAGE_10,CPU_USAGE_11,CPU_USAGE_12,CPU_USAGE_13,CPU_USAGE_14,CPU_USAGE_15,CPU_USAGE_2,CPU_USAGE_3,CPU_USAGE_4,CPU_USAGE_5,CPU_USAGE_6,CPU_USAGE_7,CPU_USAGE_8,CPU_USAGE_9,DRAM_ENERGY (J),PACKAGE_ENERGY (J),PP0_ENERGY (J),TOTAL_MEMORY,TOTAL_SWAP,USED_MEMORY,USED_SWAP
0,1778241471704,800,800,800,800,800,2100,800,809,800,799,800,800,1000,800,800,2000,4.1666669845581055,0,0,4,4.1666669845581055,15.384615898132324,4.1666669845581055,0,4,4,0,0,0,4,4,4.1666669845581055,171977.50073242188,74397.26330566406,0,404332056576,8589930496,3776503808,0
200,1778241471704,800,800,800,800,800,2100,800,809,800,799,800,800,1000,800,800,2000,4.1666669845581055,0,0,4,4.1666669845581055,15.384615898132324,4.1666669845581055,0,4,4,0,0,0,4,4,4.1666669845581055,171977.50073242188,74397.26330566406,0,404332056576,8589930496,3776503808,0
199,1778241471905,800,800,800,800,800,2100,800,809,800,799,800,800,1000,800,800,2000,100,0,0,0,0,0,0,0,0,0,0,0,0,0,0,0,171979.3681640625,74402.92950439453,0,404332056576,8589930496,3776503808,0
199,1778241472105,800,800,800,800,800,2100,800,809,800,799,800,800,1000,800,800,2000,100,0,0,0,0,0,0,0,0,0,0,0,0,0,0,0,171982.22528076172,74409.66680908203,0,404332056576,8589930496,3776503808,0
199,1778241472305,800,800,800,800,800,2100,800,809,800,799,800,800,1000,800,800,2000,100,0,0,0,0,0,0,13.636363983154297,0,0,0,0,0,0,0,0,171985.134765625,74416.40802001953,0,404332056576,8589930496,3776503808,0
199,1778241472505,800,800,800,800,800,2100,800,809,800,799,800,800,1000,800,800,2000,100,0,0,0,0,0,0,0,0,0,0,0,0,0,0,0,171988.0008544922,74423.15466308594,0,404332056576,8589930496,3776503808,0
0,1778241472705,800,800,800,800,800,2100,800,809,800,799,800,800,1000,800,800,2000,47.619049072265625,0,0,0,0,0,0,0,0,0,0,0,0,0,0,0,171989.47924804688,74427.91284179688,0,404332056576,8589930496,3777183744,0
