Delta,Time,CPU_FREQUENCY_0,CPU_FREQUENCY_1,CPU_FREQUENCY_10,CPU_FREQUENCY_11,CPU_FREQUENCY_12,CPU_FREQUENCY_13,CPU_FREQUENCY_14,CPU_FREQUENCY_15,CPU_FREQUENCY_2,CPU_FREQUENCY_3,CPU_FREQUENCY_4,CPU_FREQUENCY_5,CPU_FREQUENCY_6,CPU_FREQUENCY_7,CPU_FREQUENCY_8,CPU_FREQUENCY_9,CPU_USAGE_0,CPU_USAGE_1,CPU_USAGE_10,CPU_USAGE_11,CPU_USAGE_12,CPU_USAGE_13,CPU_USAGE_14,CPU_USAGE_15,CPU_USAGE_2,CPU_USAGE_3,CPU_USAGE_4,CPU_USAGE_5,CPU_USAGE_6,CPU_USAGE_7,CPU_USAGE_8,CPU_USAGE_9,DRAM_ENERGY (J),PACKAGE_ENERGY (J),PP0_ENERGY (J),TOTAL_MEMORY,TOTAL_SWAP,USED_MEMORY,USED_SWAP
0,1778240885752,800,2000,800,800,800,800,2100,2100,800,989,800,1715,2000,1100,804,808,0,8.69565200805664,4.1666669845581055,0,4,4.1666669845581055,4.1666669845581055,4.1666669845581055,0,4.1666669845581055,0,0,4.1666669845581055,4.1666669845581055,8,4.1666669845581055,171638.70635986328,66050.67614746094,0,404332056576,8589930496,3787431936,0
200,1778240885752,800,2000,800,800,800,800,2100,2100,800,989,800,1715,2000,1100,804,808,0,8.69565200805664,4.1666669845581055,0,4,4.1666669845581055,4.1666669845581055,4.1666669845581055,0,4.1666669845581055,0,0,4.1666669845581055,4.1666669845581055,8,4.1666669845581055,171638.70635986328,66050.67614746094,0,404332056576,8589930496,3787431936,0
199,1778240885953,800,2000,800,800,800,800,2100,2100,800,989,800,1715,2000,1100,804,808,0,4.761904716491699,0,0,0,0,0,100,0,0,0,0,0,0,0,0,171639.15368652344,66054.84753417969,0,404332056576,8589930496,3787431936,0
199,1778240886153,800,2000,800,800,800,800,2100,2100,800,989,800,1715,2000,1100,804,808,0,0,0,0,0,0,0,100,0,0,0,0,0,0,0,0,171639.5932006836,66060.11926269531,0,404332056576,8589930496,3787431936,0
199,1778240886353,800,2000,800,800,800,800,2100,2100,800,989,800,1715,2000,1100,804,808,0,0,0,0,0,0,0,100,0,0,0,0,0,0,0,0,171640.05078125,66065.46392822266,0,404332056576,8589930496,3787431936,0
199,1778240886553,800,2000,800,800,800,800,2100,2100,800,989,800,1715,2000,1100,804,808,0,0,0,0,0,0,0,100,0,0,0,0,0,0,0,0,171640.4898071289,66070.80139160156,0,404332056576,8589930496,3787431936,0
0,1778240886753,800,2000,800,800,800,800,2100,2100,800,989,800,1715,2000,1100,804,808,0,0,0,0,0,0,0,61.904762268066406,0,0,0,0,0,0,0,0,171640.7982788086,66075.28546142578,0,404332056576,8589930496,3787431936,0
