Delta,Time,CPU_FREQUENCY_0,CPU_FREQUENCY_1,CPU_FREQUENCY_10,CPU_FREQUENCY_11,CPU_FREQUENCY_12,CPU_FREQUENCY_13,CPU_FREQUENCY_14,CPU_FREQUENCY_15,CPU_FREQUENCY_2,CPU_FREQUENCY_3,CPU_FREQUENCY_4,CPU_FREQUENCY_5,CPU_FREQUENCY_6,CPU_FREQUENCY_7,CPU_FREQUENCY_8,CPU_FREQUENCY_9,CPU_USAGE_0,CPU_USAGE_1,CPU_USAGE_10,CPU_USAGE_11,CPU_USAGE_12,CPU_USAGE_13,CPU_USAGE_14,CPU_USAGE_15,CPU_USAGE_2,CPU_USAGE_3,CPU_USAGE_4,CPU_USAGE_5,CPU_USAGE_6,CPU_USAGE_7,CPU_USAGE_8,CPU_USAGE_9,DRAM_ENERGY (J),PACKAGE_ENERGY (J),PP0_ENERGY (J),TOTAL_MEMORY,TOTAL_SWAP,USED_MEMORY,USED_SWAP
0,1778241782838,1107,800,2000,1999,858,800,970,917,972,1988,800,1000,800,800,800,2099,4,0,0,0,0,0,4.1666669845581055,4,8,0,4,4,4,4,4,4,172076.60443115234,78617.0980834961,0,404332056576,8589930496,3752140800,0
200,1778241782838,1107,800,2000,1999,858,800,970,917,972,1988,800,1000,800,800,800,2099,4,0,0,0,0,0,4.1666669845581055,4,8,0,4,4,4,4,4,4,172076.60919189453,78617.1177368164,0,404332056576,8589930496,3752140800,0
199,1778241783038,1107,800,2000,1999,858,800,970,917,972,1988,800,1000,800,800,800,2099,0,0,0,0,0,0,0,5,0,0,0,0,0,0,0,100,172077.03411865234,78622.10919189453,0,404332056576,8589930496,3752140800,0
199,1778241783238,1107,800,2000,1999,858,800,970,917,972,1988,800,1000,800,800,800,2099,0,0,0,0,0,0,0,0,0,0,0,0,0,0,0,100,172077.43072509766,78627.44067382813,0,404332056576,8589930496,3752140800,0
199,1778241783438,1107,800,2000,1999,858,800,970,917,972,1988,800,1000,800,800,800,2099,0,0,0,0,0,0,0,0,0,0,0,0,0,0,0,100,172077.8306274414,78632.76965332031,0,404332056576,8589930496,3752140800,0
199,1778241783638,1107,800,2000,1999,858,800,970,917,972,1988,800,1000,800,800,800,2099,0,0,0,0,0,0,0,0,0,0,0,0,0,0,0,100,172078.2811279297,78638.1064453125,0,404332056576,8589930496,3753803776,0
0,1778241783838,1107,800,2000,1999,858,800,970,917,972,1988,800,1000,800,800,800,2099,0,0,0,0,0,0,0,0,0,0,0,0,0,0,0,35,172078.46697998047,78641.85949707031,0,404332056576,8589930496,3753803776,0
