Delta,Time,CPU_FREQUENCY_0,CPU_FREQUENCY_1,CPU_FREQUENCY_10,CPU_FREQUENCY_11,CPU_FREQUENCY_12,CPU_FREQUENCY_13,CPU_FREQUENCY_14,CPU_FREQUENCY_15,CPU_FREQUENCY_2,CPU_FREQUENCY_3,CPU_FREQUENCY_4,CPU_FREQUENCY_5,CPU_FREQUENCY_6,CPU_FREQUENCY_7,CPU_FREQUENCY_8,CPU_FREQUENCY_9,CPU_USAGE_0,CPU_USAGE_1,CPU_USAGE_10,CPU_USAGE_11,CPU_USAGE_12,CPU_USAGE_13,CPU_USAGE_14,CPU_USAGE_15,CPU_USAGE_2,CPU_USAGE_3,CPU_USAGE_4,CPU_USAGE_5,CPU_USAGE_6,CPU_USAGE_7,CPU_USAGE_8,CPU_USAGE_9,DRAM_ENERGY (J),PACKAGE_ENERGY (J),PP0_ENERGY (J),TOTAL_MEMORY,TOTAL_SWAP,USED_MEMORY,USED_SWAP
0,1778244332519,1309,1000,800,1051,800,800,2100,2100,800,799,800,800,1000,800,800,1999,4.1666669845581055,0,4.1666669845581055,4.1666669845581055,8.333333969116211,4.1666669845581055,4,8,0,0,0,4,4.1666669845581055,4,4.34782600402832,0,173279.4380493164,113970.05694580078,0,404332056576,8589930496,3794984960,0
200,1778244332519,1309,1000,800,1051,800,800,2100,2100,800,799,800,800,1000,800,800,1999,4.1666669845581055,0,4.1666669845581055,4.1666669845581055,8.333333969116211,4.1666669845581055,4,8,0,0,0,4,4.1666669845581055,4,4.34782600402832,0,173279.4380493164,113970.05694580078,0,404332056576,8589930496,3794984960,0
199,1778244332719,1309,1000,800,1051,800,800,2100,2100,800,799,800,800,1000,800,800,1999,35,0,0,0,0,0,0,0,63.15789031982422,0,0,0,0,0,0,0,173280.73498535156,113975.29132080078,0,404332056576,8589930496,3794984960,0
199,1778244332919,1309,1000,800,1051,800,800,2100,2100,800,799,800,800,1000,800,800,1999,0,0,0,0,0,0,0,0,100,0,0,0,0,0,0,0,173283.58856201172,113982.24432373047,0,404332056576,8589930496,3794984960,0
199,1778244333119,1309,1000,800,1051,800,800,2100,2100,800,799,800,800,1000,800,800,1999,0,0,0,0,0,0,0,0,100,0,0,0,0,0,0,0,173286.43096923828,113989.11059570313,0,404332056576,8589930496,3795935232,0
199,1778244333319,1309,1000,800,1051,800,800,2100,2100,800,799,800,800,1000,800,800,1999,0,0,0,0,0,0,0,0,100,0,0,0,0,0,0,0,173289.2808227539,113996.0404663086,0,404332056576,8589930496,3795935232,0
0,1778244333519,1309,1000,800,1051,800,800,2100,2100,800,799,800,800,1000,800,800,1999,0,0,0,0,0,0,0,0,52.6315803527832,0,0,0,0,0,0,0,173291.09783935547,114001.2080078125,0,404332056576,8589930496,3795935232,0
