Delta,Time,CPU_FREQUENCY_0,CPU_FREQUENCY_1,CPU_FREQUENCY_10,CPU_FREQUENCY_11,CPU_FREQUENCY_12,CPU_FREQUENCY_13,CPU_FREQUENCY_14,CPU_FREQUENCY_15,CPU_FREQUENCY_2,CPU_FREQUENCY_3,CPU_FREQUENCY_4,CPU_FREQUENCY_5,CPU_FREQUENCY_6,CPU_FREQUENCY_7,CPU_FREQUENCY_8,CPU_FREQUENCY_9,CPU_USAGE_0,CPU_USAGE_1,CPU_USAGE_10,CPU_USAGE_11,CPU_USAGE_12,CPU_USAGE_13,CPU_USAGE_14,CPU_USAGE_15,CPU_USAGE_2,CPU_USAGE_3,CPU_USAGE_4,CPU_USAGE_5,CPU_USAGE_6,CPU_USAGE_7,CPU_USAGE_8,CPU_USAGE_9,DRAM_ENERGY (J),PACKAGE_ENERGY (J),PP0_ENERGY (J),TOTAL_MEMORY,TOTAL_SWAP,USED_MEMORY,USED_SWAP
0,1778237011942,2099,1519,2100,806,800,835,800,800,1620,1000,800,800,800,800,800,800,0,0,4.1666669845581055,0,0,0,0,4.1666669845581055,4,4,7.692307949066162,0,4.1666669845581055,0,4.1666669845581055,8.333333969116211,168832.03247070313,10312.049133300781,0,404332056576,8589930496,3741782016,0
200,1778237011942,2099,1519,2100,806,800,835,800,800,1620,1000,800,800,800,800,800,800,0,0,4.1666669845581055,0,0,0,0,4.1666669845581055,4,4,7.692307949066162,0,4.1666669845581055,0,4.1666669845581055,8.333333969116211,168832.03247070313,10312.049133300781,0,404332056576,8589930496,3742556160,0
199,1778237012142,2099,1519,2100,806,800,835,800,800,1620,1000,800,800,800,800,800,800,100,0,0,0,0,0,0,0,0,0,0,0,0,0,0,0,168834.1986694336,10318.184814453125,0,404332056576,8589930496,3742556160,0
199,1778237012342,2099,1519,2100,806,800,835,800,800,1620,1000,800,800,800,800,800,800,100,0,0,0,0,0,0,0,0,0,0,0,0,0,0,0,168837.0372314453,10325.138427734375,0,404332056576,8589930496,3742556160,0
199,1778237012542,2099,1519,2100,806,800,835,800,800,1620,1000,800,800,800,800,800,800,100,0,0,0,0,0,0,0,0,0,0,0,0,0,0,0,168839.91796875,10331.931518554688,0,404332056576,8589930496,3742556160,0
199,1778237012742,2099,1519,2100,806,800,835,800,800,1620,1000,800,800,800,800,800,800,100,0,0,0,0,0,0,0,0,0,0,0,0,0,0,0,168842.80535888672,10338.743041992188,0,404332056576,8589930496,3743019008,0
0,1778237012942,2099,1519,2100,806,800,835,800,800,1620,1000,800,800,800,800,800,800,42.85714340209961,0,0,0,0,0,0,0,0,0,0,0,0,0,0,0,168844.24194335938,10343.452758789063,0,404332056576,8589930496,3743019008,0
