Delta,Time,CPU_FREQUENCY_0,CPU_FREQUENCY_1,CPU_FREQUENCY_10,CPU_FREQUENCY_11,CPU_FREQUENCY_12,CPU_FREQUENCY_13,CPU_FREQUENCY_14,CPU_FREQUENCY_15,CPU_FREQUENCY_2,CPU_FREQUENCY_3,CPU_FREQUENCY_4,CPU_FREQUENCY_5,CPU_FREQUENCY_6,CPU_FREQUENCY_7,CPU_FREQUENCY_8,CPU_FREQUENCY_9,CPU_USAGE_0,CPU_USAGE_1,CPU_USAGE_10,CPU_USAGE_11,CPU_USAGE_12,CPU_USAGE_13,CPU_USAGE_14,CPU_USAGE_15,CPU_USAGE_2,CPU_USAGE_3,CPU_USAGE_4,CPU_USAGE_5,CPU_USAGE_6,CPU_USAGE_7,CPU_USAGE_8,CPU_USAGE_9,DRAM_ENERGY (J),PACKAGE_ENERGY (J),PP0_ENERGY (J),TOTAL_MEMORY,TOTAL_SWAP,USED_MEMORY,USED_SWAP
0,1778237610519,1000,800,2047,1139,898,945,800,800,800,1500,1397,1705,846,1175,2100,2000,0,0,0,4,0,4,4.1666669845581055,0,4.1666669845581055,7.692307949066162,0,4,4.1666669845581055,0,8.69565200805664,4,169045.0795288086,18589.5009765625,0,404332056576,8589930496,3796934656,0
200,1778237610519,1000,800,2047,1139,898,945,800,800,800,1500,1397,1705,846,1175,2100,2000,0,0,0,4,0,4,4.1666669845581055,0,4.1666669845581055,7.692307949066162,0,4,4.1666669845581055,0,8.69565200805664,4,169045.0795288086,18589.5009765625,0,404332056576,8589930496,3796934656,0
199,1778237610719,1000,800,2047,1139,898,945,800,800,800,1500,1397,1705,846,1175,2100,2000,100,0,0,0,0,0,0,0,0,0,0,0,0,0,4.761904716491699,0,169046.4555053711,18594.796630859375,0,404332056576,8589930496,3801288704,0
199,1778237610920,1000,800,2047,1139,898,945,800,800,800,1500,1397,1705,846,1175,2100,2000,100,0,0,0,0,0,0,0,0,0,0,0,0,0,0,0,169049.2646484375,18601.550048828125,0,404332056576,8589930496,3801288704,0
199,1778237611120,1000,800,2047,1139,898,945,800,800,800,1500,1397,1705,846,1175,2100,2000,100,0,0,0,0,0,0,0,0,0,0,0,0,0,0,0,169052.09509277344,18608.29833984375,0,404332056576,8589930496,3801079808,0
199,1778237611320,1000,800,2047,1139,898,945,800,800,800,1500,1397,1705,846,1175,2100,2000,100,0,0,0,0,0,0,0,0,0,0,0,0,0,0,0,169054.9052734375,18615.039794921875,0,404332056576,8589930496,3801079808,0
0,1778237611520,1000,800,2047,1139,898,945,800,800,800,1500,1397,1705,846,1175,2100,2000,55,0,0,0,0,0,0,0,0,0,0,0,0,0,0,0,169056.5186767578,18620.031311035156,0,404332056576,8589930496,3801079808,0
