Delta,Time,CPU_FREQUENCY_0,CPU_FREQUENCY_1,CPU_FREQUENCY_10,CPU_FREQUENCY_11,CPU_FREQUENCY_12,CPU_FREQUENCY_13,CPU_FREQUENCY_14,CPU_FREQUENCY_15,CPU_FREQUENCY_2,CPU_FREQUENCY_3,CPU_FREQUENCY_4,CPU_FREQUENCY_5,CPU_FREQUENCY_6,CPU_FREQUENCY_7,CPU_FREQUENCY_8,CPU_FREQUENCY_9,CPU_USAGE_0,CPU_USAGE_1,CPU_USAGE_10,CPU_USAGE_11,CPU_USAGE_12,CPU_USAGE_13,CPU_USAGE_14,CPU_USAGE_15,CPU_USAGE_2,CPU_USAGE_3,CPU_USAGE_4,CPU_USAGE_5,CPU_USAGE_6,CPU_USAGE_7,CPU_USAGE_8,CPU_USAGE_9,DRAM_ENERGY (J),PACKAGE_ENERGY (J),PP0_ENERGY (J),TOTAL_MEMORY,TOTAL_SWAP,USED_MEMORY,USED_SWAP
0,1778242653506,1074,1000,846,800,800,800,800,800,1500,1083,1000,800,1000,800,800,2100,0,4,4.1666669845581055,0,4.1666669845581055,4.34782600402832,4.1666669845581055,4.1666669845581055,0,4.1666669845581055,0,4.1666669845581055,0,4,4.1666669845581055,4,172367.126953125,90474.93762207031,0,404332056576,8589930496,3761934336,0
200,1778242653506,1074,1000,846,800,800,800,800,800,1500,1083,1000,800,1000,800,800,2100,0,4,4.1666669845581055,0,4.1666669845581055,4.34782600402832,4.1666669845581055,4.1666669845581055,0,4.1666669845581055,0,4.1666669845581055,0,4,4.1666669845581055,4,172367.126953125,90474.93762207031,0,404332056576,8589930496,3761934336,0
199,1778242653706,1074,1000,846,800,800,800,800,800,1500,1083,1000,800,1000,800,800,2100,100,0,0,0,0,0,0,0,0,0,0,0,0,0,0,0,172368.51629638672,90480.2763671875,0,404332056576,8589930496,3762937856,0
199,1778242653906,1074,1000,846,800,800,800,800,800,1500,1083,1000,800,1000,800,800,2100,100,0,0,0,0,4.761904716491699,0,0,0,0,0,0,0,0,0,0,172371.40631103516,90487.05834960938,0,404332056576,8589930496,3762937856,0
199,1778242654106,1074,1000,846,800,800,800,800,800,1500,1083,1000,800,1000,800,800,2100,100,0,0,0,0,0,0,0,0,0,0,0,0,0,0,0,172374.27178955078,90493.88232421875,0,404332056576,8589930496,3762937856,0
199,1778242654306,1074,1000,846,800,800,800,800,800,1500,1083,1000,800,1000,800,800,2100,100,0,0,0,0,0,0,0,0,0,0,0,0,0,0,0,172377.15618896484,90500.84912109375,0,404332056576,8589930496,3762937856,0
0,1778242654507,1074,1000,846,800,800,800,800,800,1500,1083,1000,800,1000,800,800,2100,52.6315803527832,0,0,0,0,0,0,0,0,0,0,0,0,0,0,0,172378.91705322266,90506.08294677734,0,404332056576,8589930496,3762937856,0
