Delta,Time,CPU_FREQUENCY_0,CPU_FREQUENCY_1,CPU_FREQUENCY_10,CPU_FREQUENCY_11,CPU_FREQUENCY_12,CPU_FREQUENCY_13,CPU_FREQUENCY_14,CPU_FREQUENCY_15,CPU_FREQUENCY_2,CPU_FREQUENCY_3,CPU_FREQUENCY_4,CPU_FREQUENCY_5,CPU_FREQUENCY_6,CPU_FREQUENCY_7,CPU_FREQUENCY_8,CPU_FREQUENCY_9,CPU_USAGE_0,CPU_USAGE_1,CPU_USAGE_10,CPU_USAGE_11,CPU_USAGE_12,CPU_USAGE_13,CPU_USAGE_14,CPU_USAGE_15,CPU_USAGE_2,CPU_USAGE_3,CPU_USAGE_4,CPU_USAGE_5,CPU_USAGE_6,CPU_USAGE_7,CPU_USAGE_8,CPU_USAGE_9,DRAM_ENERGY (J),PACKAGE_ENERGY (J),PP0_ENERGY (J),TOTAL_MEMORY,TOTAL_SWAP,USED_MEMORY,USED_SWAP
0,1778241534011,1528,800,2000,1999,800,800,2000,2000,800,800,800,800,1920,1506,800,2100,4.1666669845581055,0,4.1666669845581055,4.1666669845581055,8.69565200805664,4.34782600402832,4.34782600402832,4.1666669845581055,4.1666669845581055,4.1666669845581055,0,0,0,4.1666669845581055,0,4.34782600402832,171996.287109375,75241.28155517578,0,404332056576,8589930496,3781066752,0
200,1778241534011,1528,800,2000,1999,800,800,2000,2000,800,800,800,800,1920,1506,800,2100,4.1666669845581055,0,4.1666669845581055,4.1666669845581055,8.69565200805664,4.34782600402832,4.34782600402832,4.1666669845581055,4.1666669845581055,4.1666669845581055,0,0,0,4.1666669845581055,0,4.34782600402832,171996.29022216797,75241.30407714844,0,404332056576,8589930496,3781066752,0
199,1778241534211,1528,800,2000,1999,800,800,2000,2000,800,800,800,800,1920,1506,800,2100,100,0,0,0,0,0,0,0,0,0,0,0,0,0,0,0,171998.18475341797,75247.00659179688,0,404332056576,8589930496,3784937472,0
199,1778241534412,1528,800,2000,1999,800,800,2000,2000,800,800,800,800,1920,1506,800,2100,100,0,0,0,0,0,0,0,0,0,0,0,0,0,0,0,172001.0698852539,75253.77807617188,0,404332056576,8589930496,3784937472,0
199,1778241534612,1528,800,2000,1999,800,800,2000,2000,800,800,800,800,1920,1506,800,2100,100,0,0,0,0,0,0,0,0,0,0,0,0,0,0,0,172003.97106933594,75260.72723388672,0,404332056576,8589930496,3784937472,0
199,1778241534812,1528,800,2000,1999,800,800,2000,2000,800,800,800,800,1920,1506,800,2100,100,0,0,0,0,0,0,0,0,0,0,0,0,0,0,0,172006.83172607422,75267.67590332031,0,404332056576,8589930496,3786862592,0
0,1778241535012,1528,800,2000,1999,800,800,2000,2000,800,800,800,800,1920,1506,800,2100,45,0,0,0,4.761904716491699,0,0,0,0,0,0,0,0,0,0,0,172008.37591552734,75272.5454711914,0,404332056576,8589930496,3786862592,0
