Delta,Time,CPU_FREQUENCY_0,CPU_FREQUENCY_1,CPU_FREQUENCY_10,CPU_FREQUENCY_11,CPU_FREQUENCY_12,CPU_FREQUENCY_13,CPU_FREQUENCY_14,CPU_FREQUENCY_15,CPU_FREQUENCY_2,CPU_FREQUENCY_3,CPU_FREQUENCY_4,CPU_FREQUENCY_5,CPU_FREQUENCY_6,CPU_FREQUENCY_7,CPU_FREQUENCY_8,CPU_FREQUENCY_9,CPU_USAGE_0,CPU_USAGE_1,CPU_USAGE_10,CPU_USAGE_11,CPU_USAGE_12,CPU_USAGE_13,CPU_USAGE_14,CPU_USAGE_15,CPU_USAGE_2,CPU_USAGE_3,CPU_USAGE_4,CPU_USAGE_5,CPU_USAGE_6,CPU_USAGE_7,CPU_USAGE_8,CPU_USAGE_9,DRAM_ENERGY (J),PACKAGE_ENERGY (J),PP0_ENERGY (J),TOTAL_MEMORY,TOTAL_SWAP,USED_MEMORY,USED_SWAP
0,1778244208106,1536,2156,800,800,799,800,2100,1559,799,800,800,800,800,800,1815,800,4.1666669845581055,0,4.1666669845581055,0,0,4.1666669845581055,4.545454502105713,4.1666669845581055,0,0,4.1666669845581055,4.1666669845581055,0,0,4.34782600402832,0,173230.63720703125,112268.37567138672,0,404332056576,8589930496,3776376832,0
200,1778244208106,1536,2156,800,800,799,800,2100,1559,799,800,800,800,800,800,1815,800,4.1666669845581055,0,4.1666669845581055,0,0,4.1666669845581055,4.545454502105713,4.1666669845581055,0,0,4.1666669845581055,4.1666669845581055,0,0,4.34782600402832,0,173230.6397705078,112268.40045166016,0,404332056576,8589930496,3776376832,0
199,1778244208306,1536,2156,800,800,799,800,2100,1559,799,800,800,800,800,800,1815,800,100,0,0,0,0,0,4.761904716491699,0,0,0,0,0,0,0,0,0,173232.45001220703,112274.21697998047,0,404332056576,8589930496,3776376832,0
199,1778244208506,1536,2156,800,800,799,800,2100,1559,799,800,800,800,800,800,1815,800,100,0,0,0,0,0,0,0,0,0,0,0,0,0,0,0,173235.36907958984,112280.97369384766,0,404332056576,8589930496,3776376832,0
199,1778244208706,1536,2156,800,800,799,800,2100,1559,799,800,800,800,800,800,1815,800,100,0,0,0,0,0,0,0,0,0,0,0,0,0,0,0,173238.2495727539,112287.92700195313,0,404332056576,8589930496,3778060288,0
199,1778244208906,1536,2156,800,800,799,800,2100,1559,799,800,800,800,800,800,1815,800,100,0,0,0,0,0,0,0,0,0,0,0,0,0,0,0,173241.16723632813,112294.8803100586,0,404332056576,8589930496,3778060288,0
0,1778244209107,1536,2156,800,800,799,800,2100,1559,799,800,800,800,800,800,1815,800,47.36842346191406,0,0,0,0,0,4.761904716491699,0,0,0,0,0,0,0,0,0,173242.66693115234,112299.70220947266,0,404332056576,8589930496,3778060288,0
