Delta,Time,CPU_FREQUENCY_0,CPU_FREQUENCY_1,CPU_FREQUENCY_10,CPU_FREQUENCY_11,CPU_FREQUENCY_12,CPU_FREQUENCY_13,CPU_FREQUENCY_14,CPU_FREQUENCY_15,CPU_FREQUENCY_2,CPU_FREQUENCY_3,CPU_FREQUENCY_4,CPU_FREQUENCY_5,CPU_FREQUENCY_6,CPU_FREQUENCY_7,CPU_FREQUENCY_8,CPU_FREQUENCY_9,CPU_USAGE_0,CPU_USAGE_1,CPU_USAGE_10,CPU_USAGE_11,CPU_USAGE_12,CPU_USAGE_13,CPU_USAGE_14,CPU_USAGE_15,CPU_USAGE_2,CPU_USAGE_3,CPU_USAGE_4,CPU_USAGE_5,CPU_USAGE_6,CPU_USAGE_7,CPU_USAGE_8,CPU_USAGE_9,DRAM_ENERGY (J),PACKAGE_ENERGY (J),PP0_ENERGY (J),TOTAL_MEMORY,TOTAL_SWAP,USED_MEMORY,USED_SWAP
0,1778235945750,800,800,800,800,800,800,2100,2099,800,1000,800,800,799,2000,800,800,4.1666669845581055,4.1666669845581055,8,4.1666669845581055,4,0,4.1666669845581055,4.1666669845581055,0,4.1666669845581055,4,4,0,4.1666669845581055,4.1666669845581055,0,168326.96655273438,257783.72650146484,0,404332056576,8589930496,3775090688,0
199,1778235945750,800,800,800,800,800,800,2100,2099,800,1000,800,800,799,2000,800,800,4.1666669845581055,4.1666669845581055,8,4.1666669845581055,4,0,4.1666669845581055,4.1666669845581055,0,4.1666669845581055,4,4,0,4.1666669845581055,4.1666669845581055,0,168326.96966552734,257783.74908447266,0,404332056576,8589930496,3775090688,0
199,1778235945951,800,800,800,800,800,800,2100,2099,800,1000,800,800,799,2000,800,800,100,0,0,0,0,0,0,0,0,0,0,0,0,0,0,0,168328.6997680664,257789.53533935547,0,404332056576,8589930496,3775090688,0
199,1778235946151,800,800,800,800,800,800,2100,2099,800,1000,800,800,799,2000,800,800,100,0,0,0,0,0,0,0,0,0,0,0,0,0,0,0,168331.46990966797,257796.4864501953,0,404332056576,8589930496,3775090688,0
199,1778235946351,800,800,800,800,800,800,2100,2099,800,1000,800,800,799,2000,800,800,100,0,0,0,0,0,0,0,0,0,0,0,0,0,0,0,168334.30236816406,257803.42279052734,0,404332056576,8589930496,3775090688,0
199,1778235946551,800,800,800,800,800,800,2100,2099,800,1000,800,800,799,2000,800,800,100,0,0,0,0,0,4.761904716491699,0,0,0,0,0,0,0,0,0,168337.10998535156,257810.36431884766,0,404332056576,8589930496,3775090688,0
0,1778235946751,800,800,800,800,800,800,2100,2099,800,1000,800,800,799,2000,800,800,50,0,0,0,0,0,0,0,0,0,0,0,0,0,0,0,168338.6170654297,257815.2880859375,0,404332056576,8589930496,3774832640,0
