Delta,Time,CPU_FREQUENCY_0,CPU_FREQUENCY_1,CPU_FREQUENCY_10,CPU_FREQUENCY_11,CPU_FREQUENCY_12,CPU_FREQUENCY_13,CPU_FREQUENCY_14,CPU_FREQUENCY_15,CPU_FREQUENCY_2,CPU_FREQUENCY_3,CPU_FREQUENCY_4,CPU_FREQUENCY_5,CPU_FREQUENCY_6,CPU_FREQUENCY_7,CPU_FREQUENCY_8,CPU_FREQUENCY_9,CPU_USAGE_0,CPU_USAGE_1,CPU_USAGE_10,CPU_USAGE_11,CPU_USAGE_12,CPU_USAGE_13,CPU_USAGE_14,CPU_USAGE_15,CPU_USAGE_2,CPU_USAGE_3,CPU_USAGE_4,CPU_USAGE_5,CPU_USAGE_6,CPU_USAGE_7,CPU_USAGE_8,CPU_USAGE_9,DRAM_ENERGY (J),PACKAGE_ENERGY (J),PP0_ENERGY (J),TOTAL_MEMORY,TOTAL_SWAP,USED_MEMORY,USED_SWAP
0,1778238009806,889,800,2100,1062,2100,799,800,1011,800,881,800,874,800,1263,799,2000,4.1666669845581055,0,4.34782600402832,4.1666669845581055,0,4.1666669845581055,0,0,4,0,0,0,0,0,0,4,169345.46771240234,24474.31854248047,0,404332056576,8589930496,3806855168,0
200,1778238009806,889,800,2100,1062,2100,799,800,1011,800,881,800,874,800,1263,799,2000,4.1666669845581055,0,4.34782600402832,4.1666669845581055,0,4.1666669845581055,0,0,4,0,0,0,0,0,0,4,169345.46771240234,24474.31854248047,0,404332056576,8589930496,3806855168,0
199,1778238010006,889,800,2100,1062,2100,799,800,1011,800,881,800,874,800,1263,799,2000,0,0,0,0,0,0,0,0,0,100,0,0,0,0,0,0,169347.84844970703,24480.43408203125,0,404332056576,8589930496,3808661504,0
199,1778238010206,889,800,2100,1062,2100,799,800,1011,800,881,800,874,800,1263,799,2000,0,0,4.761904716491699,0,0,0,0,0,0,100,0,0,0,0,0,0,169350.76495361328,24487.188110351563,0,404332056576,8589930496,3808661504,0
199,1778238010407,889,800,2100,1062,2100,799,800,1011,800,881,800,874,800,1263,799,2000,0,0,0,0,0,0,0,0,0,100,0,0,0,0,0,0,169353.6781616211,24494.141540527344,0,404332056576,8589930496,3808661504,0
199,1778238010607,889,800,2100,1062,2100,799,800,1011,800,881,800,874,800,1263,799,2000,0,0,0,0,0,0,0,0,0,100,0,0,0,0,0,0,169356.5737915039,24501.088745117188,0,404332056576,8589930496,3808661504,0
0,1778238010807,889,800,2100,1062,2100,799,800,1011,800,881,800,874,800,1263,799,2000,0,0,0,0,0,0,0,0,0,36.842105865478516,0,0,0,0,0,0,169357.79510498047,24505.432250976563,0,404332056576,8589930496,3807961088,0
