Delta,Time,CPU_FREQUENCY_0,CPU_FREQUENCY_1,CPU_FREQUENCY_10,CPU_FREQUENCY_11,CPU_FREQUENCY_12,CPU_FREQUENCY_13,CPU_FREQUENCY_14,CPU_FREQUENCY_15,CPU_FREQUENCY_2,CPU_FREQUENCY_3,CPU_FREQUENCY_4,CPU_FREQUENCY_5,CPU_FREQUENCY_6,CPU_FREQUENCY_7,CPU_FREQUENCY_8,CPU_FREQUENCY_9,CPU_USAGE_0,CPU_USAGE_1,CPU_USAGE_10,CPU_USAGE_11,CPU_USAGE_12,CPU_USAGE_13,CPU_USAGE_14,CPU_USAGE_15,CPU_USAGE_2,CPU_USAGE_3,CPU_USAGE_4,CPU_USAGE_5,CPU_USAGE_6,CPU_USAGE_7,CPU_USAGE_8,CPU_USAGE_9,DRAM_ENERGY (J),PACKAGE_ENERGY (J),PP0_ENERGY (J),TOTAL_MEMORY,TOTAL_SWAP,USED_MEMORY,USED_SWAP
0,1778236785771,800,900,800,2100,800,800,800,800,1063,800,2000,800,800,1800,800,800,0,4,0,11.538461685180664,8,0,0,0,0,0,4,4,4.1666669845581055,0,4,0,168622.85400390625,7052.3035888671875,0,404332056576,8589930496,3773472768,0
200,1778236785771,800,900,800,2100,800,800,800,800,1063,800,2000,800,800,1800,800,800,0,4,0,11.538461685180664,8,0,0,0,0,0,4,4,4.1666669845581055,0,4,0,168622.85400390625,7052.3035888671875,0,404332056576,8589930496,3773472768,0
199,1778236785971,800,900,800,2100,800,800,800,800,1063,800,2000,800,800,1800,800,800,100,0,0,4.761904716491699,0,0,0,0,0,0,0,0,0,0,0,0,168624.5369873047,7057.809753417969,0,404332056576,8589930496,3773472768,0
199,1778236786171,800,900,800,2100,800,800,800,800,1063,800,2000,800,800,1800,800,800,100,0,0,0,0,0,0,0,0,0,0,0,0,0,0,0,168627.38342285156,7064.548767089844,0,404332056576,8589930496,3773472768,0
199,1778236786372,800,900,800,2100,800,800,800,800,1063,800,2000,800,800,1800,800,800,100,0,0,0,0,0,0,0,0,0,0,0,0,0,0,0,168630.24487304688,7071.282958984375,0,404332056576,8589930496,3773472768,0
199,1778236786572,800,900,800,2100,800,800,800,800,1063,800,2000,800,800,1800,800,800,100,0,0,0,0,0,0,0,0,0,0,0,0,0,0,0,168633.12048339844,7078.01953125,0,404332056576,8589930496,3773472768,0
0,1778236786772,800,900,800,2100,800,800,800,800,1063,800,2000,800,800,1800,800,800,50,0,0,0,0,0,0,0,0,0,0,0,0,0,0,0,168634.65979003906,7082.8560791015625,0,404332056576,8589930496,3773472768,0
