Delta,Time,CPU_FREQUENCY_0,CPU_FREQUENCY_1,CPU_FREQUENCY_10,CPU_FREQUENCY_11,CPU_FREQUENCY_12,CPU_FREQUENCY_13,CPU_FREQUENCY_14,CPU_FREQUENCY_15,CPU_FREQUENCY_2,CPU_FREQUENCY_3,CPU_FREQUENCY_4,CPU_FREQUENCY_5,CPU_FREQUENCY_6,CPU_FREQUENCY_7,CPU_FREQUENCY_8,CPU_FREQUENCY_9,CPU_USAGE_0,CPU_USAGE_1,CPU_USAGE_10,CPU_USAGE_11,CPU_USAGE_12,CPU_USAGE_13,CPU_USAGE_14,CPU_USAGE_15,CPU_USAGE_2,CPU_USAGE_3,CPU_USAGE_4,CPU_USAGE_5,CPU_USAGE_6,CPU_USAGE_7,CPU_USAGE_8,CPU_USAGE_9,DRAM_ENERGY (J),PACKAGE_ENERGY (J),PP0_ENERGY (J),TOTAL_MEMORY,TOTAL_SWAP,USED_MEMORY,USED_SWAP
0,1778243446001,800,2000,2000,1000,1000,800,800,800,800,2077,800,800,1020,800,800,2100,0,0,4.1666669845581055,0,0,0,0,4.34782600402832,0,12.5,4.1666669845581055,4.34782600402832,4.1666669845581055,4.34782600402832,8,4.1666669845581055,172867.58428955078,101614.9956665039,0,404332056576,8589930496,3743723520,0
200,1778243446001,800,2000,2000,1000,1000,800,800,800,800,2077,800,800,1020,800,800,2100,0,0,4.1666669845581055,0,0,0,0,4.34782600402832,0,12.5,4.1666669845581055,4.34782600402832,4.1666669845581055,4.34782600402832,8,4.1666669845581055,172867.58428955078,101614.9956665039,0,404332056576,8589930496,3743723520,0
199,1778243446201,800,2000,2000,1000,1000,800,800,800,800,2077,800,800,1020,800,800,2100,0,0,0,0,0,0,0,0,0,0,0,100,0,0,0,0,172869.72552490234,101620.8579711914,0,404332056576,8589930496,3747594240,0
199,1778243446401,800,2000,2000,1000,1000,800,800,800,800,2077,800,800,1020,800,800,2100,0,0,0,0,0,0,0,0,0,0,0,100,0,0,0,0,172872.57916259766,101627.6069946289,0,404332056576,8589930496,3747594240,0
199,1778243446601,800,2000,2000,1000,1000,800,800,800,800,2077,800,800,1020,800,800,2100,0,0,0,0,0,0,0,0,0,0,0,100,0,0,0,0,172875.38201904297,101634.3314819336,0,404332056576,8589930496,3747594240,0
199,1778243446802,800,2000,2000,1000,1000,800,800,800,800,2077,800,800,1020,800,800,2100,0,0,0,0,0,0,0,0,0,0,0,100,0,0,0,0,172878.21405029297,101641.08526611328,0,404332056576,8589930496,3747594240,0
0,1778243447002,800,2000,2000,1000,1000,800,800,800,800,2077,800,800,1020,800,800,2100,0,0,0,0,0,0,0,0,0,0,0,45,0,0,0,0,172879.79760742188,101645.91589355469,0,404332056576,8589930496,3747594240,0
