Delta,Time,CPU_FREQUENCY_0,CPU_FREQUENCY_1,CPU_FREQUENCY_10,CPU_FREQUENCY_11,CPU_FREQUENCY_12,CPU_FREQUENCY_13,CPU_FREQUENCY_14,CPU_FREQUENCY_15,CPU_FREQUENCY_2,CPU_FREQUENCY_3,CPU_FREQUENCY_4,CPU_FREQUENCY_5,CPU_FREQUENCY_6,CPU_FREQUENCY_7,CPU_FREQUENCY_8,CPU_FREQUENCY_9,CPU_USAGE_0,CPU_USAGE_1,CPU_USAGE_10,CPU_USAGE_11,CPU_USAGE_12,CPU_USAGE_13,CPU_USAGE_14,CPU_USAGE_15,CPU_USAGE_2,CPU_USAGE_3,CPU_USAGE_4,CPU_USAGE_5,CPU_USAGE_6,CPU_USAGE_7,CPU_USAGE_8,CPU_USAGE_9,DRAM_ENERGY (J),PACKAGE_ENERGY (J),PP0_ENERGY (J),TOTAL_MEMORY,TOTAL_SWAP,USED_MEMORY,USED_SWAP
0,1778236536934,2099,800,800,800,800,2099,841,805,868,1000,800,1101,800,800,2000,800,3.846153974533081,0,3.846153974533081,0,8,8,0,0,0,0,4,3.846153974533081,4,4,3.846153974533081,0,168552.59478759766,3684.9413452148438,0,404332056576,8589930496,3759628288,0
200,1778236536934,2099,800,800,800,800,2099,841,805,868,1000,800,1101,800,800,2000,800,3.846153974533081,0,3.846153974533081,0,8,8,0,0,0,0,4,3.846153974533081,4,4,3.846153974533081,0,168552.59478759766,3684.9413452148438,0,404332056576,8589930496,3759628288,0
199,1778236537134,2099,800,800,800,800,2099,841,805,868,1000,800,1101,800,800,2000,800,100,0,0,0,0,0,0,0,0,0,0,0,0,0,0,0,168554.80767822266,3690.8884887695313,0,404332056576,8589930496,3759628288,0
199,1778236537334,2099,800,800,800,800,2099,841,805,868,1000,800,1101,800,800,2000,800,100,0,0,0,0,0,0,0,0,0,0,0,0,0,0,0,168557.66009521484,3697.6311645507813,0,404332056576,8589930496,3759628288,0
199,1778236537534,2099,800,800,800,800,2099,841,805,868,1000,800,1101,800,800,2000,800,100,0,0,0,0,0,0,0,0,0,0,0,0,0,0,0,168560.54064941406,3704.3800659179688,0,404332056576,8589930496,3759628288,0
199,1778236537735,2099,800,800,800,800,2099,841,805,868,1000,800,1101,800,800,2000,800,100,0,0,0,0,0,0,0,0,0,0,0,0,0,0,0,168563.39239501953,3711.1281127929688,0,404332056576,8589930496,3760787456,0
0,1778236537935,2099,800,800,800,800,2099,841,805,868,1000,800,1101,800,800,2000,800,42.105262756347656,0,0,0,0,0,0,0,0,0,0,0,0,0,0,0,168564.6689453125,3715.5885620117188,0,404332056576,8589930496,3760787456,0
