Delta,Time,CPU_FREQUENCY_0,CPU_FREQUENCY_1,CPU_FREQUENCY_10,CPU_FREQUENCY_11,CPU_FREQUENCY_12,CPU_FREQUENCY_13,CPU_FREQUENCY_14,CPU_FREQUENCY_15,CPU_FREQUENCY_2,CPU_FREQUENCY_3,CPU_FREQUENCY_4,CPU_FREQUENCY_5,CPU_FREQUENCY_6,CPU_FREQUENCY_7,CPU_FREQUENCY_8,CPU_FREQUENCY_9,CPU_USAGE_0,CPU_USAGE_1,CPU_USAGE_10,CPU_USAGE_11,CPU_USAGE_12,CPU_USAGE_13,CPU_USAGE_14,CPU_USAGE_15,CPU_USAGE_2,CPU_USAGE_3,CPU_USAGE_4,CPU_USAGE_5,CPU_USAGE_6,CPU_USAGE_7,CPU_USAGE_8,CPU_USAGE_9,DRAM_ENERGY (J),PACKAGE_ENERGY (J),PP0_ENERGY (J),TOTAL_MEMORY,TOTAL_SWAP,USED_MEMORY,USED_SWAP
0,1778238985014,999,2000,1512,800,1083,800,2000,2100,901,800,800,800,800,800,2100,979,4,0,0,4.1666669845581055,12,7.692307949066162,4,0,0,0,4,0,4,4,0,0,170159.72650146484,38529.61413574219,0,404332056576,8589930496,3733594112,0
199,1778238985014,999,2000,1512,800,1083,800,2000,2100,901,800,800,800,800,800,2100,979,4,0,0,4.1666669845581055,12,7.692307949066162,4,0,0,0,4,0,4,4,0,0,170159.72650146484,38529.61413574219,0,404332056576,8589930496,3733594112,0
199,1778238985214,999,2000,1512,800,1083,800,2000,2100,901,800,800,800,800,800,2100,979,100,0,0,0,0,0,0,0,0,0,0,0,0,0,0,0,170161.98565673828,38535.734619140625,0,404332056576,8589930496,3733594112,0
199,1778238985414,999,2000,1512,800,1083,800,2000,2100,901,800,800,800,800,800,2100,979,100,0,0,0,0,0,0,0,0,0,0,0,0,0,0,0,170164.85607910156,38542.598388671875,0,404332056576,8589930496,3733594112,0
199,1778238985614,999,2000,1512,800,1083,800,2000,2100,901,800,800,800,800,800,2100,979,100,0,0,0,0,0,0,0,0,0,0,0,0,0,0,0,170167.72607421875,38549.48669433594,0,404332056576,8589930496,3734532096,0
199,1778238985815,999,2000,1512,800,1083,800,2000,2100,901,800,800,800,800,800,2100,979,0,100,0,0,0,0,0,10,0,0,0,0,0,0,0,0,170170.58099365234,38556.393615722656,0,404332056576,8589930496,3734532096,0
0,1778238986015,999,2000,1512,800,1083,800,2000,2100,901,800,800,800,800,800,2100,979,0,45,0,0,0,0,0,0,0,0,0,0,0,0,0,0,170172.25030517578,38561.313415527344,0,404332056576,8589930496,3734532096,0
