Delta,Time,CPU_FREQUENCY_0,CPU_FREQUENCY_1,CPU_FREQUENCY_10,CPU_FREQUENCY_11,CPU_FREQUENCY_12,CPU_FREQUENCY_13,CPU_FREQUENCY_14,CPU_FREQUENCY_15,CPU_FREQUENCY_2,CPU_FREQUENCY_3,CPU_FREQUENCY_4,CPU_FREQUENCY_5,CPU_FREQUENCY_6,CPU_FREQUENCY_7,CPU_FREQUENCY_8,CPU_FREQUENCY_9,CPU_USAGE_0,CPU_USAGE_1,CPU_USAGE_10,CPU_USAGE_11,CPU_USAGE_12,CPU_USAGE_13,CPU_USAGE_14,CPU_USAGE_15,CPU_USAGE_2,CPU_USAGE_3,CPU_USAGE_4,CPU_USAGE_5,CPU_USAGE_6,CPU_USAGE_7,CPU_USAGE_8,CPU_USAGE_9,DRAM_ENERGY (J),PACKAGE_ENERGY (J),PP0_ENERGY (J),TOTAL_MEMORY,TOTAL_SWAP,USED_MEMORY,USED_SWAP
0,1778241276586,1274,1246,1153,1022,894,800,800,800,800,1133,800,800,800,1977,2000,2100,0,0,4.545454502105713,4.1666669845581055,8,0,4.1666669845581055,4.1666669845581055,4.1666669845581055,4.1666669845581055,0,0,0,8,0,8,171895.21936035156,71641.10614013672,0,404332056576,8589930496,3783565312,0
200,1778241276586,1274,1246,1153,1022,894,800,800,800,800,1133,800,800,800,1977,2000,2100,0,0,4.545454502105713,4.1666669845581055,8,0,4.1666669845581055,4.1666669845581055,4.1666669845581055,4.1666669845581055,0,0,0,8,0,8,171895.21936035156,71641.10614013672,0,404332056576,8589930496,3783565312,0
199,1778241276787,1274,1246,1153,1022,894,800,800,800,800,1133,800,800,800,1977,2000,2100,100,0,4.761904716491699,0,0,0,0,0,0,0,0,0,0,0,0,0,171897.43841552734,71647.2954711914,0,404332056576,8589930496,3784531968,0
199,1778241276987,1274,1246,1153,1022,894,800,800,800,800,1133,800,800,800,1977,2000,2100,100,0,0,0,0,0,0,0,0,0,0,0,0,0,0,0,171900.29779052734,71654.22552490234,0,404332056576,8589930496,3784531968,0
199,1778241277187,1274,1246,1153,1022,894,800,800,800,800,1133,800,800,800,1977,2000,2100,100,0,0,0,0,0,0,0,0,0,0,0,0,0,0,0,171903.14916992188,71661.171875,0,404332056576,8589930496,3784531968,0
199,1778241277387,1274,1246,1153,1022,894,800,800,800,800,1133,800,800,800,1977,2000,2100,100,0,4.761904716491699,0,0,0,0,0,0,0,0,0,0,0,0,0,171906.0499267578,71668.0869140625,0,404332056576,8589930496,3784531968,0
0,1778241277587,1274,1246,1153,1022,894,800,800,800,800,1133,800,800,800,1977,2000,2100,40,0,0,0,0,0,0,0,0,0,0,0,0,0,0,0,171907.28399658203,71672.53985595703,0,404332056576,8589930496,3784531968,0
