Delta,Time,CPU_FREQUENCY_0,CPU_FREQUENCY_1,CPU_FREQUENCY_10,CPU_FREQUENCY_11,CPU_FREQUENCY_12,CPU_FREQUENCY_13,CPU_FREQUENCY_14,CPU_FREQUENCY_15,CPU_FREQUENCY_2,CPU_FREQUENCY_3,CPU_FREQUENCY_4,CPU_FREQUENCY_5,CPU_FREQUENCY_6,CPU_FREQUENCY_7,CPU_FREQUENCY_8,CPU_FREQUENCY_9,CPU_USAGE_0,CPU_USAGE_1,CPU_USAGE_10,CPU_USAGE_11,CPU_USAGE_12,CPU_USAGE_13,CPU_USAGE_14,CPU_USAGE_15,CPU_USAGE_2,CPU_USAGE_3,CPU_USAGE_4,CPU_USAGE_5,CPU_USAGE_6,CPU_USAGE_7,CPU_USAGE_8,CPU_USAGE_9,DRAM_ENERGY (J),PACKAGE_ENERGY (J),PP0_ENERGY (J),TOTAL_MEMORY,TOTAL_SWAP,USED_MEMORY,USED_SWAP
0,1778237198441,878,1878,800,800,800,800,2100,2000,800,799,1000,800,800,799,845,800,0,0,4.1666669845581055,4.34782600402832,4.1666669845581055,0,8.69565200805664,0,0,4.1666669845581055,4.34782600402832,0,4.1666669845581055,4.1666669845581055,0,0,168893.31079101563,12857.574279785156,0,404332056576,8589930496,3733659648,0
200,1778237198441,878,1878,800,800,800,800,2100,2000,800,799,1000,800,800,799,845,800,0,0,4.1666669845581055,4.34782600402832,4.1666669845581055,0,8.69565200805664,0,0,4.1666669845581055,4.34782600402832,0,4.1666669845581055,4.1666669845581055,0,0,168893.31079101563,12857.574279785156,0,404332056576,8589930496,3733659648,0
199,1778237198641,878,1878,800,800,800,800,2100,2000,800,799,1000,800,800,799,845,800,100,0,0,0,0,0,0,0,0,0,0,0,0,0,0,0,168895.5687866211,12863.762756347656,0,404332056576,8589930496,3733659648,0
199,1778237198842,878,1878,800,800,800,800,2100,2000,800,799,1000,800,800,799,845,800,100,0,0,0,0,0,0,0,0,0,0,0,0,0,0,0,168898.416015625,12870.7109375,0,404332056576,8589930496,3735048192,0
199,1778237199042,878,1878,800,800,800,800,2100,2000,800,799,1000,800,800,799,845,800,100,0,0,0,0,0,0,0,0,0,0,0,0,0,0,0,168901.3165283203,12877.582641601563,0,404332056576,8589930496,3735048192,0
199,1778237199242,878,1878,800,800,800,800,2100,2000,800,799,1000,800,800,799,845,800,100,0,0,0,0,0,0,0,0,0,0,0,0,0,0,0,168904.2108154297,12884.455078125,0,404332056576,8589930496,3735048192,0
0,1778237199442,878,1878,800,800,800,800,2100,2000,800,799,1000,800,800,799,845,800,45,0,0,0,0,0,0,0,0,0,0,0,0,0,0,0,168905.59991455078,12889.21923828125,0,404332056576,8589930496,3735048192,0
