Delta,Time,CPU_FREQUENCY_0,CPU_FREQUENCY_1,CPU_FREQUENCY_10,CPU_FREQUENCY_11,CPU_FREQUENCY_12,CPU_FREQUENCY_13,CPU_FREQUENCY_14,CPU_FREQUENCY_15,CPU_FREQUENCY_2,CPU_FREQUENCY_3,CPU_FREQUENCY_4,CPU_FREQUENCY_5,CPU_FREQUENCY_6,CPU_FREQUENCY_7,CPU_FREQUENCY_8,CPU_FREQUENCY_9,CPU_USAGE_0,CPU_USAGE_1,CPU_USAGE_10,CPU_USAGE_11,CPU_USAGE_12,CPU_USAGE_13,CPU_USAGE_14,CPU_USAGE_15,CPU_USAGE_2,CPU_USAGE_3,CPU_USAGE_4,CPU_USAGE_5,CPU_USAGE_6,CPU_USAGE_7,CPU_USAGE_8,CPU_USAGE_9,DRAM_ENERGY (J),PACKAGE_ENERGY (J),PP0_ENERGY (J),TOTAL_MEMORY,TOTAL_SWAP,USED_MEMORY,USED_SWAP
0,1778237853934,801,2813,2100,800,800,2100,800,800,800,1727,800,800,800,3200,800,2000,4.1666669845581055,8,12,4.1666669845581055,0,4.1666669845581055,0,0,0,4.1666669845581055,0,4.1666669845581055,4.1666669845581055,4,4.1666669845581055,4.1666669845581055,169293.72094726563,22346.298583984375,0,404332056576,8589930496,3825246208,0
200,1778237853934,801,2813,2100,800,800,2100,800,800,800,1727,800,800,800,3200,800,2000,4.1666669845581055,8,12,4.1666669845581055,0,4.1666669845581055,0,0,0,4.1666669845581055,0,4.1666669845581055,4.1666669845581055,4,4.1666669845581055,4.1666669845581055,169293.72094726563,22346.298583984375,0,404332056576,8589930496,3825246208,0
199,1778237854134,801,2813,2100,800,800,2100,800,800,800,1727,800,800,800,3200,800,2000,100,0,0,0,0,0,0,5.263157844543457,0,0,0,0,0,0,0,0,169295.30084228516,22351.75146484375,0,404332056576,8589930496,3825246208,0
199,1778237854334,801,2813,2100,800,800,2100,800,800,800,1727,800,800,800,3200,800,2000,100,0,0,0,0,0,0,0,0,0,0,0,0,0,0,0,169298.1654663086,22358.497436523438,0,404332056576,8589930496,3825246208,0
199,1778237854534,801,2813,2100,800,800,2100,800,800,800,1727,800,800,800,3200,800,2000,100,0,0,0,0,0,0,0,0,0,0,0,0,0,0,0,169301.072265625,22365.235900878906,0,404332056576,8589930496,3825246208,0
199,1778237854735,801,2813,2100,800,800,2100,800,800,800,1727,800,800,800,3200,800,2000,40,55,0,0,0,0,0,0,0,0,0,0,0,0,0,0,169303.83111572266,22371.92254638672,0,404332056576,8589930496,3825246208,0
0,1778237854935,801,2813,2100,800,800,2100,800,800,800,1727,800,800,800,3200,800,2000,0,57.894737243652344,0,0,0,0,0,0,0,0,0,0,0,0,0,0,169305.76684570313,22377.224975585938,0,404332056576,8589930496,3825246208,0
