Delta,Time,CPU_FREQUENCY_0,CPU_FREQUENCY_1,CPU_FREQUENCY_10,CPU_FREQUENCY_11,CPU_FREQUENCY_12,CPU_FREQUENCY_13,CPU_FREQUENCY_14,CPU_FREQUENCY_15,CPU_FREQUENCY_2,CPU_FREQUENCY_3,CPU_FREQUENCY_4,CPU_FREQUENCY_5,CPU_FREQUENCY_6,CPU_FREQUENCY_7,CPU_FREQUENCY_8,CPU_FREQUENCY_9,CPU_USAGE_0,CPU_USAGE_1,CPU_USAGE_10,CPU_USAGE_11,CPU_USAGE_12,CPU_USAGE_13,CPU_USAGE_14,CPU_USAGE_15,CPU_USAGE_2,CPU_USAGE_3,CPU_USAGE_4,CPU_USAGE_5,CPU_USAGE_6,CPU_USAGE_7,CPU_USAGE_8,CPU_USAGE_9,DRAM_ENERGY (J),PACKAGE_ENERGY (J),PP0_ENERGY (J),TOTAL_MEMORY,TOTAL_SWAP,USED_MEMORY,USED_SWAP
0,1780583263923,3200,800,895,1054,1051,800,800,800,800,800,800,1487,1000,2000,800,2100,3.7037036418914795,3.7037036418914795,3.846153974533081,3.846153974533081,3.7037036418914795,3.5714287757873535,3.5714287757873535,3.7037036418914795,0,0,0,3.846153974533081,3.7037036418914795,3.7037036418914795,0,3.846153974533081,219956.3651123047,245633.53491210938,0,404331982848,8589930496,4047941632,0
200,1780583263923,3200,800,895,1054,1051,800,800,800,800,800,800,1487,1000,2000,800,2100,3.7037036418914795,3.7037036418914795,3.846153974533081,3.846153974533081,3.7037036418914795,3.5714287757873535,3.5714287757873535,3.7037036418914795,0,0,0,3.846153974533081,3.7037036418914795,3.7037036418914795,0,3.846153974533081,219956.3651123047,245633.53491210938,0,404331982848,8589930496,4047941632,0
0,1780583264123,3200,800,895,1054,1051,800,800,800,800,800,800,1487,1000,2000,800,2100,0,0,0,0,0,25,0,0,0,0,0,0,0,0,0,0,219956.49353027344,245636.52227783203,0,404331982848,8589930496,4051812352,0
