Delta,Time,CPU_FREQUENCY_0,CPU_FREQUENCY_1,CPU_FREQUENCY_10,CPU_FREQUENCY_11,CPU_FREQUENCY_12,CPU_FREQUENCY_13,CPU_FREQUENCY_14,CPU_FREQUENCY_15,CPU_FREQUENCY_2,CPU_FREQUENCY_3,CPU_FREQUENCY_4,CPU_FREQUENCY_5,CPU_FREQUENCY_6,CPU_FREQUENCY_7,CPU_FREQUENCY_8,CPU_FREQUENCY_9,CPU_USAGE_0,CPU_USAGE_1,CPU_USAGE_10,CPU_USAGE_11,CPU_USAGE_12,CPU_USAGE_13,CPU_USAGE_14,CPU_USAGE_15,CPU_USAGE_2,CPU_USAGE_3,CPU_USAGE_4,CPU_USAGE_5,CPU_USAGE_6,CPU_USAGE_7,CPU_USAGE_8,CPU_USAGE_9,DRAM_ENERGY (J),PACKAGE_ENERGY (J),PP0_ENERGY (J),TOTAL_MEMORY,TOTAL_SWAP,USED_MEMORY,USED_SWAP
0,1780582715134,2000,800,800,800,2099,1761,1406,800,799,800,879,2000,800,2000,800,800,0,0,0,7.142857551574707,7.692307949066162,3.7037036418914795,0,0,3.846153974533081,0,0,0,3.5714287757873535,0,3.7037036418914795,7.407407283782959,219938.84020996094,238473.54168701172,0,404331982848,8589930496,4096335872,0
199,1780582715134,2000,800,800,800,2099,1761,1406,800,799,800,879,2000,800,2000,800,800,0,0,0,7.142857551574707,7.692307949066162,3.7037036418914795,0,0,3.846153974533081,0,0,0,3.5714287757873535,0,3.7037036418914795,7.407407283782959,219938.84259033203,238473.56549072266,0,404331982848,8589930496,4096335872,0
0,1780582715334,2000,800,800,800,2099,1761,1406,800,799,800,879,2000,800,2000,800,800,25,0,0,0,0,0,0,0,0,0,0,0,0,0,0,0,219938.96801757813,238476.73504638672,0,404331982848,8589930496,4097110016,0
