Delta,Time,CPU_FREQUENCY_0,CPU_FREQUENCY_1,CPU_FREQUENCY_10,CPU_FREQUENCY_11,CPU_FREQUENCY_12,CPU_FREQUENCY_13,CPU_FREQUENCY_14,CPU_FREQUENCY_15,CPU_FREQUENCY_2,CPU_FREQUENCY_3,CPU_FREQUENCY_4,CPU_FREQUENCY_5,CPU_FREQUENCY_6,CPU_FREQUENCY_7,CPU_FREQUENCY_8,CPU_FREQUENCY_9,CPU_USAGE_0,CPU_USAGE_1,CPU_USAGE_10,CPU_USAGE_11,CPU_USAGE_12,CPU_USAGE_13,CPU_USAGE_14,CPU_USAGE_15,CPU_USAGE_2,CPU_USAGE_3,CPU_USAGE_4,CPU_USAGE_5,CPU_USAGE_6,CPU_USAGE_7,CPU_USAGE_8,CPU_USAGE_9,DRAM_ENERGY (J),PACKAGE_ENERGY (J),PP0_ENERGY (J),TOTAL_MEMORY,TOTAL_SWAP,USED_MEMORY,USED_SWAP
0,1780583233439,800,800,2000,800,2100,838,800,800,800,1568,800,2000,1000,800,800,800,3.7037036418914795,7.142857551574707,7.142857551574707,0,3.7037036418914795,3.846153974533081,3.7037036418914795,3.7037036418914795,3.7037036418914795,3.7037036418914795,0,3.7037036418914795,3.7037036418914795,0,7.407407283782959,0,219955.7572631836,245235.98455810547,0,404331982848,8589930496,4049948672,0
199,1780583233439,800,800,2000,800,2100,838,800,800,800,1568,800,2000,1000,800,800,800,3.7037036418914795,7.142857551574707,7.142857551574707,0,3.7037036418914795,3.846153974533081,3.7037036418914795,3.7037036418914795,3.7037036418914795,3.7037036418914795,0,3.7037036418914795,3.7037036418914795,0,7.407407283782959,0,219955.7612915039,245236.0072631836,0,404331982848,8589930496,4049948672,0
0,1780583233640,800,800,2000,800,2100,838,800,800,800,1568,800,2000,1000,800,800,800,23.809524536132813,0,0,4.761904716491699,0,0,0,0,0,0,0,0,0,0,0,0,219955.88244628906,245239.10498046875,0,404331982848,8589930496,4049948672,0
