Delta,Time,CPU_FREQUENCY_0,CPU_FREQUENCY_1,CPU_FREQUENCY_10,CPU_FREQUENCY_11,CPU_FREQUENCY_12,CPU_FREQUENCY_13,CPU_FREQUENCY_14,CPU_FREQUENCY_15,CPU_FREQUENCY_2,CPU_FREQUENCY_3,CPU_FREQUENCY_4,CPU_FREQUENCY_5,CPU_FREQUENCY_6,CPU_FREQUENCY_7,CPU_FREQUENCY_8,CPU_FREQUENCY_9,CPU_USAGE_0,CPU_USAGE_1,CPU_USAGE_10,CPU_USAGE_11,CPU_USAGE_12,CPU_USAGE_13,CPU_USAGE_14,CPU_USAGE_15,CPU_USAGE_2,CPU_USAGE_3,CPU_USAGE_4,CPU_USAGE_5,CPU_USAGE_6,CPU_USAGE_7,CPU_USAGE_8,CPU_USAGE_9,DRAM_ENERGY (J),PACKAGE_ENERGY (J),PP0_ENERGY (J),TOTAL_MEMORY,TOTAL_SWAP,USED_MEMORY,USED_SWAP
0,1780582562692,800,800,800,2000,2099,1250,806,878,2099,800,1427,1000,2101,800,800,800,6.896551609039307,6.896551609039307,0,3.4482758045196533,3.4482758045196533,6.6666669845581055,0,3.4482758045196533,7.142857551574707,3.4482758045196533,13.793103218078613,3.4482758045196533,0,3.4482758045196533,3.5714287757873535,3.4482758045196533,219934.18811035156,236477.92059326172,0,404331982848,8589930496,4102463488,0
200,1780582562692,800,800,800,2000,2099,1250,806,878,2099,800,1427,1000,2101,800,800,800,6.896551609039307,6.896551609039307,0,3.4482758045196533,3.4482758045196533,6.6666669845581055,0,3.4482758045196533,7.142857551574707,3.4482758045196533,13.793103218078613,3.4482758045196533,0,3.4482758045196533,3.5714287757873535,3.4482758045196533,219934.19305419922,236477.94079589844,0,404331982848,8589930496,4102463488,0
0,1780582562892,800,800,800,2000,2099,1250,806,878,2099,800,1427,1000,2101,800,800,800,0,0,25,0,0,0,0,0,0,0,0,0,0,0,0,0,219934.3432006836,236481.05700683594,0,404331982848,8589930496,4106563584,0
