Delta,Time,CPU_FREQUENCY_0,CPU_FREQUENCY_1,CPU_FREQUENCY_10,CPU_FREQUENCY_11,CPU_FREQUENCY_12,CPU_FREQUENCY_13,CPU_FREQUENCY_14,CPU_FREQUENCY_15,CPU_FREQUENCY_2,CPU_FREQUENCY_3,CPU_FREQUENCY_4,CPU_FREQUENCY_5,CPU_FREQUENCY_6,CPU_FREQUENCY_7,CPU_FREQUENCY_8,CPU_FREQUENCY_9,CPU_USAGE_0,CPU_USAGE_1,CPU_USAGE_10,CPU_USAGE_11,CPU_USAGE_12,CPU_USAGE_13,CPU_USAGE_14,CPU_USAGE_15,CPU_USAGE_2,CPU_USAGE_3,CPU_USAGE_4,CPU_USAGE_5,CPU_USAGE_6,CPU_USAGE_7,CPU_USAGE_8,CPU_USAGE_9,DRAM_ENERGY (J),PACKAGE_ENERGY (J),PP0_ENERGY (J),TOTAL_MEMORY,TOTAL_SWAP,USED_MEMORY,USED_SWAP
0,1780583080993,1609,800,808,805,806,800,2000,2000,1000,800,800,800,800,800,1000,2099,3.846153974533081,0,4,11.538461685180664,3.7037036418914795,3.846153974533081,0,3.846153974533081,3.7037036418914795,3.7037036418914795,3.7037036418914795,3.846153974533081,3.7037036418914795,0,3.7037036418914795,3.846153974533081,219952.30529785156,243250.85943603516,0,404331982848,8589930496,4083515392,0
200,1780583080993,1609,800,808,805,806,800,2000,2000,1000,800,800,800,800,800,1000,2099,3.846153974533081,0,4,11.538461685180664,3.7037036418914795,3.846153974533081,0,3.846153974533081,3.7037036418914795,3.7037036418914795,3.7037036418914795,3.846153974533081,3.7037036418914795,0,3.7037036418914795,3.846153974533081,219952.30895996094,243250.8817138672,0,404331982848,8589930496,4083515392,0
0,1780583081193,1609,800,808,805,806,800,2000,2000,1000,800,800,800,800,800,1000,2099,25,0,0,0,0,0,0,0,0,0,0,0,0,0,0,0,219952.439453125,243254.01849365234,0,404331982848,8589930496,4083773440,0
