Delta,Time,CPU_FREQUENCY_0,CPU_FREQUENCY_1,CPU_FREQUENCY_10,CPU_FREQUENCY_11,CPU_FREQUENCY_12,CPU_FREQUENCY_13,CPU_FREQUENCY_14,CPU_FREQUENCY_15,CPU_FREQUENCY_2,CPU_FREQUENCY_3,CPU_FREQUENCY_4,CPU_FREQUENCY_5,CPU_FREQUENCY_6,CPU_FREQUENCY_7,CPU_FREQUENCY_8,CPU_FREQUENCY_9,CPU_USAGE_0,CPU_USAGE_1,CPU_USAGE_10,CPU_USAGE_11,CPU_USAGE_12,CPU_USAGE_13,CPU_USAGE_14,CPU_USAGE_15,CPU_USAGE_2,CPU_USAGE_3,CPU_USAGE_4,CPU_USAGE_5,CPU_USAGE_6,CPU_USAGE_7,CPU_USAGE_8,CPU_USAGE_9,DRAM_ENERGY (J),PACKAGE_ENERGY (J),PP0_ENERGY (J),TOTAL_MEMORY,TOTAL_SWAP,USED_MEMORY,USED_SWAP
0,1780582867581,800,811,2100,910,849,806,917,800,1000,811,2000,1099,1000,800,810,2000,4,7.692307949066162,0,0,7.692307949066162,3.7037036418914795,0,7.407407283782959,0,3.846153974533081,0,3.846153974533081,3.846153974533081,0,4,4,219944.9194946289,240468.47094726563,0,404331982848,8589930496,4091015168,0
200,1780582867581,800,811,2100,910,849,806,917,800,1000,811,2000,1099,1000,800,810,2000,4,7.692307949066162,0,0,7.692307949066162,3.7037036418914795,0,7.407407283782959,0,3.846153974533081,0,3.846153974533081,3.846153974533081,0,4,4,219944.9194946289,240468.47094726563,0,404331982848,8589930496,4091015168,0
0,1780582867781,800,811,2100,910,849,806,917,800,1000,811,2000,1099,1000,800,810,2000,25,0,0,0,0,0,0,0,0,0,0,0,0,0,0,0,219945.04846191406,240471.70782470703,0,404331982848,8589930496,4094885888,0
