Delta,Time,CPU_FREQUENCY_0,CPU_FREQUENCY_1,CPU_FREQUENCY_10,CPU_FREQUENCY_11,CPU_FREQUENCY_12,CPU_FREQUENCY_13,CPU_FREQUENCY_14,CPU_FREQUENCY_15,CPU_FREQUENCY_2,CPU_FREQUENCY_3,CPU_FREQUENCY_4,CPU_FREQUENCY_5,CPU_FREQUENCY_6,CPU_FREQUENCY_7,CPU_FREQUENCY_8,CPU_FREQUENCY_9,CPU_USAGE_0,CPU_USAGE_1,CPU_USAGE_10,CPU_USAGE_11,CPU_USAGE_12,CPU_USAGE_13,CPU_USAGE_14,CPU_USAGE_15,CPU_USAGE_2,CPU_USAGE_3,CPU_USAGE_4,CPU_USAGE_5,CPU_USAGE_6,CPU_USAGE_7,CPU_USAGE_8,CPU_USAGE_9,DRAM_ENERGY (J),PACKAGE_ENERGY (J),PP0_ENERGY (J),TOTAL_MEMORY,TOTAL_SWAP,USED_MEMORY,USED_SWAP
0,1780582745611,800,2000,799,849,800,800,800,2099,800,800,1886,800,800,800,2000,1997,0,3.7037036418914795,0,3.7037036418914795,3.846153974533081,3.7037036418914795,10.714285850524902,7.407407283782959,3.7037036418914795,3.7037036418914795,0,7.407407283782959,0,0,7.407407283782959,7.407407283782959,219939.67840576172,238872.61236572266,0,404331982848,8589930496,4091912192,0
200,1780582745612,800,2000,799,849,800,800,800,2099,800,800,1886,800,800,800,2000,1997,0,3.7037036418914795,0,3.7037036418914795,3.846153974533081,3.7037036418914795,10.714285850524902,7.407407283782959,3.7037036418914795,3.7037036418914795,0,7.407407283782959,0,0,7.407407283782959,7.407407283782959,219939.68225097656,238872.63592529297,0,404331982848,8589930496,4091912192,0
0,1780582745812,800,2000,799,849,800,800,800,2099,800,800,1886,800,800,800,2000,1997,23.809524536132813,0,0,0,0,0,0,0,0,0,0,0,0,0,0,0,219939.79803466797,238875.88146972656,0,404331982848,8589930496,4091912192,0
