Delta,Time,CPU_FREQUENCY_0,CPU_FREQUENCY_1,CPU_FREQUENCY_10,CPU_FREQUENCY_11,CPU_FREQUENCY_12,CPU_FREQUENCY_13,CPU_FREQUENCY_14,CPU_FREQUENCY_15,CPU_FREQUENCY_2,CPU_FREQUENCY_3,CPU_FREQUENCY_4,CPU_FREQUENCY_5,CPU_FREQUENCY_6,CPU_FREQUENCY_7,CPU_FREQUENCY_8,CPU_FREQUENCY_9,CPU_USAGE_0,CPU_USAGE_1,CPU_USAGE_10,CPU_USAGE_11,CPU_USAGE_12,CPU_USAGE_13,CPU_USAGE_14,CPU_USAGE_15,CPU_USAGE_2,CPU_USAGE_3,CPU_USAGE_4,CPU_USAGE_5,CPU_USAGE_6,CPU_USAGE_7,CPU_USAGE_8,CPU_USAGE_9,DRAM_ENERGY (J),PACKAGE_ENERGY (J),PP0_ENERGY (J),TOTAL_MEMORY,TOTAL_SWAP,USED_MEMORY,USED_SWAP
0,1780583020023,800,1295,800,2000,2099,831,887,832,800,800,850,800,800,800,800,800,10.344827651977539,6.896551609039307,0,3.4482758045196533,3.5714287757873535,10.344827651977539,3.4482758045196533,3.5714287757873535,3.5714287757873535,3.4482758045196533,3.5714287757873535,3.4482758045196533,3.5714287757873535,6.6666669845581055,3.5714287757873535,0,219950.16790771484,242453.61694335938,0,404331982848,8589930496,4090073088,0
199,1780583020023,800,1295,800,2000,2099,831,887,832,800,800,850,800,800,800,800,800,10.344827651977539,6.896551609039307,0,3.4482758045196533,3.5714287757873535,10.344827651977539,3.4482758045196533,3.5714287757873535,3.5714287757873535,3.4482758045196533,3.5714287757873535,3.4482758045196533,3.5714287757873535,6.6666669845581055,3.5714287757873535,0,219950.17138671875,242453.638671875,0,404331982848,8589930496,4090073088,0
0,1780583020223,800,1295,800,2000,2099,831,887,832,800,800,850,800,800,800,800,800,21.052631378173828,0,0,0,0,0,0,0,0,0,0,0,0,0,0,0,219950.298828125,242456.79150390625,0,404331982848,8589930496,4090073088,0
