Delta,Time,CPU_FREQUENCY_0,CPU_FREQUENCY_1,CPU_FREQUENCY_10,CPU_FREQUENCY_11,CPU_FREQUENCY_12,CPU_FREQUENCY_13,CPU_FREQUENCY_14,CPU_FREQUENCY_15,CPU_FREQUENCY_2,CPU_FREQUENCY_3,CPU_FREQUENCY_4,CPU_FREQUENCY_5,CPU_FREQUENCY_6,CPU_FREQUENCY_7,CPU_FREQUENCY_8,CPU_FREQUENCY_9,CPU_USAGE_0,CPU_USAGE_1,CPU_USAGE_10,CPU_USAGE_11,CPU_USAGE_12,CPU_USAGE_13,CPU_USAGE_14,CPU_USAGE_15,CPU_USAGE_2,CPU_USAGE_3,CPU_USAGE_4,CPU_USAGE_5,CPU_USAGE_6,CPU_USAGE_7,CPU_USAGE_8,CPU_USAGE_9,DRAM_ENERGY (J),PACKAGE_ENERGY (J),PP0_ENERGY (J),TOTAL_MEMORY,TOTAL_SWAP,USED_MEMORY,USED_SWAP
0,1780582471222,894,1642,2000,2000,2099,800,800,800,1566,1500,800,1138,800,800,2000,2000,7.692307949066162,0,3.7037036418914795,7.142857551574707,7.142857551574707,7.407407283782959,3.7037036418914795,0,0,3.5714287757873535,0,0,3.7037036418914795,3.5714287757873535,0,3.7037036418914795,219930.11651611328,235278.5870361328,0,404331982848,8589930496,4118663168,0
199,1780582471222,894,1642,2000,2000,2099,800,800,800,1566,1500,800,1138,800,800,2000,2000,7.692307949066162,0,3.7037036418914795,7.142857551574707,7.142857551574707,7.407407283782959,3.7037036418914795,0,0,3.5714287757873535,0,0,3.7037036418914795,3.5714287757873535,0,3.7037036418914795,219930.12109375,235278.6102294922,0,404331982848,8589930496,4118663168,0
0,1780582471422,894,1642,2000,2000,2099,800,800,800,1566,1500,800,1138,800,800,2000,2000,0,0,0,0,0,0,0,0,0,25,0,0,0,0,0,0,219930.349609375,235281.8524169922,0,404331982848,8589930496,4118921216,0
