Delta,Time,CPU_FREQUENCY_0,CPU_FREQUENCY_1,CPU_FREQUENCY_10,CPU_FREQUENCY_11,CPU_FREQUENCY_12,CPU_FREQUENCY_13,CPU_FREQUENCY_14,CPU_FREQUENCY_15,CPU_FREQUENCY_2,CPU_FREQUENCY_3,CPU_FREQUENCY_4,CPU_FREQUENCY_5,CPU_FREQUENCY_6,CPU_FREQUENCY_7,CPU_FREQUENCY_8,CPU_FREQUENCY_9,CPU_USAGE_0,CPU_USAGE_1,CPU_USAGE_10,CPU_USAGE_11,CPU_USAGE_12,CPU_USAGE_13,CPU_USAGE_14,CPU_USAGE_15,CPU_USAGE_2,CPU_USAGE_3,CPU_USAGE_4,CPU_USAGE_5,CPU_USAGE_6,CPU_USAGE_7,CPU_USAGE_8,CPU_USAGE_9,DRAM_ENERGY (J),PACKAGE_ENERGY (J),PP0_ENERGY (J),TOTAL_MEMORY,TOTAL_SWAP,USED_MEMORY,USED_SWAP
0,1780582410252,2040,800,799,816,800,800,800,800,2100,1287,1070,800,800,2000,800,2099,7.407407283782959,3.7037036418914795,7.142857551574707,0,0,0,0,3.5714287757873535,3.4482758045196533,0,7.407407283782959,3.5714287757873535,3.5714287757873535,6.896551609039307,3.7037036418914795,0,219928.08911132813,234477.63122558594,0,404331982848,8589930496,4137095168,0
199,1780582410252,2040,800,799,816,800,800,800,800,2100,1287,1070,800,800,2000,800,2099,7.407407283782959,3.7037036418914795,7.142857551574707,0,0,0,0,3.5714287757873535,3.4482758045196533,0,7.407407283782959,3.5714287757873535,3.5714287757873535,6.896551609039307,3.7037036418914795,0,219928.09368896484,234477.65264892578,0,404331982848,8589930496,4137095168,0
0,1780582410452,2040,800,799,816,800,800,800,800,2100,1287,1070,800,800,2000,800,2099,0,0,25,0,0,0,0,0,0,4.761904716491699,0,0,0,0,0,0,219928.20867919922,234480.70391845703,0,404331982848,8589930496,4137095168,0
