Delta,Time,CPU_FREQUENCY_0,CPU_FREQUENCY_1,CPU_FREQUENCY_10,CPU_FREQUENCY_11,CPU_FREQUENCY_12,CPU_FREQUENCY_13,CPU_FREQUENCY_14,CPU_FREQUENCY_15,CPU_FREQUENCY_2,CPU_FREQUENCY_3,CPU_FREQUENCY_4,CPU_FREQUENCY_5,CPU_FREQUENCY_6,CPU_FREQUENCY_7,CPU_FREQUENCY_8,CPU_FREQUENCY_9,CPU_USAGE_0,CPU_USAGE_1,CPU_USAGE_10,CPU_USAGE_11,CPU_USAGE_12,CPU_USAGE_13,CPU_USAGE_14,CPU_USAGE_15,CPU_USAGE_2,CPU_USAGE_3,CPU_USAGE_4,CPU_USAGE_5,CPU_USAGE_6,CPU_USAGE_7,CPU_USAGE_8,CPU_USAGE_9,DRAM_ENERGY (J),PACKAGE_ENERGY (J),PP0_ENERGY (J),TOTAL_MEMORY,TOTAL_SWAP,USED_MEMORY,USED_SWAP
0,1780582806626,800,800,800,800,800,800,800,2100,799,1669,800,1231,1100,1000,1480,2100,13.333333969116211,9.67741870880127,0,3.3333334922790527,3.125,6.45161247253418,9.67741870880127,3.22580623626709,10,3.22580623626709,9.375,0,6.45161247253418,0,0,3.125,219943.01727294922,239670.91674804688,0,404331982848,8589930496,4091056128,0
199,1780582806626,800,800,800,800,800,800,800,2100,799,1669,800,1231,1100,1000,1480,2100,13.333333969116211,9.67741870880127,0,3.3333334922790527,3.125,6.45161247253418,9.67741870880127,3.22580623626709,10,3.22580623626709,9.375,0,6.45161247253418,0,0,3.125,219943.02075195313,239670.93994140625,0,404331982848,8589930496,4091056128,0
0,1780582806826,800,800,800,800,800,800,800,2100,799,1669,800,1231,1100,1000,1480,2100,0,0,25,0,0,0,0,0,0,0,0,0,0,0,0,0,219943.1495361328,239673.9496459961,0,404331982848,8589930496,4091056128,0
