Delta,Time,CPU_FREQUENCY_0,CPU_FREQUENCY_1,CPU_FREQUENCY_10,CPU_FREQUENCY_11,CPU_FREQUENCY_12,CPU_FREQUENCY_13,CPU_FREQUENCY_14,CPU_FREQUENCY_15,CPU_FREQUENCY_2,CPU_FREQUENCY_3,CPU_FREQUENCY_4,CPU_FREQUENCY_5,CPU_FREQUENCY_6,CPU_FREQUENCY_7,CPU_FREQUENCY_8,CPU_FREQUENCY_9,CPU_USAGE_0,CPU_USAGE_1,CPU_USAGE_10,CPU_USAGE_11,CPU_USAGE_12,CPU_USAGE_13,CPU_USAGE_14,CPU_USAGE_15,CPU_USAGE_2,CPU_USAGE_3,CPU_USAGE_4,CPU_USAGE_5,CPU_USAGE_6,CPU_USAGE_7,CPU_USAGE_8,CPU_USAGE_9,DRAM_ENERGY (J),PACKAGE_ENERGY (J),PP0_ENERGY (J),TOTAL_MEMORY,TOTAL_SWAP,USED_MEMORY,USED_SWAP
0,1780582837111,799,1808,1159,800,800,800,2100,1669,960,800,800,800,1000,2000,805,800,0,3.7037036418914795,3.7037036418914795,10.714285850524902,0,0,3.7037036418914795,3.7037036418914795,7.142857551574707,3.846153974533081,7.692307949066162,3.5714287757873535,3.7037036418914795,7.142857551574707,0,3.7037036418914795,219944.3765258789,240070.44329833984,0,404331982848,8589930496,4088504320,0
199,1780582837112,799,1808,1159,800,800,800,2100,1669,960,800,800,800,1000,2000,805,800,0,3.7037036418914795,3.7037036418914795,10.714285850524902,0,0,3.7037036418914795,3.7037036418914795,7.142857551574707,3.846153974533081,7.692307949066162,3.5714287757873535,3.7037036418914795,7.142857551574707,0,3.7037036418914795,219944.38092041016,240070.46545410156,0,404331982848,8589930496,4088504320,0
0,1780582837312,799,1808,1159,800,800,800,2100,1669,960,800,800,800,1000,2000,805,800,0,0,0,0,0,0,0,0,0,0,4.761904716491699,0,0,0,28.571430206298828,0,219944.48370361328,240073.4337158203,0,404331982848,8589930496,4093149184,0
