Delta,Time,CPU_FREQUENCY_0,CPU_FREQUENCY_1,CPU_FREQUENCY_10,CPU_FREQUENCY_11,CPU_FREQUENCY_12,CPU_FREQUENCY_13,CPU_FREQUENCY_14,CPU_FREQUENCY_15,CPU_FREQUENCY_2,CPU_FREQUENCY_3,CPU_FREQUENCY_4,CPU_FREQUENCY_5,CPU_FREQUENCY_6,CPU_FREQUENCY_7,CPU_FREQUENCY_8,CPU_FREQUENCY_9,CPU_USAGE_0,CPU_USAGE_1,CPU_USAGE_10,CPU_USAGE_11,CPU_USAGE_12,CPU_USAGE_13,CPU_USAGE_14,CPU_USAGE_15,CPU_USAGE_2,CPU_USAGE_3,CPU_USAGE_4,CPU_USAGE_5,CPU_USAGE_6,CPU_USAGE_7,CPU_USAGE_8,CPU_USAGE_9,DRAM_ENERGY (J),PACKAGE_ENERGY (J),PP0_ENERGY (J),TOTAL_MEMORY,TOTAL_SWAP,USED_MEMORY,USED_SWAP
0,1780582593189,800,800,800,800,2000,2100,815,808,2100,800,1618,1249,1000,800,800,800,10.714285850524902,0,0,0,3.5714287757873535,3.5714287757873535,6.896551609039307,3.5714287757873535,3.4482758045196533,0,3.4482758045196533,3.4482758045196533,3.5714287757873535,3.4482758045196533,3.5714287757873535,6.896551609039307,219935.27447509766,236878.28149414063,0,404331982848,8589930496,4104687616,0
199,1780582593189,800,800,800,800,2000,2100,815,808,2100,800,1618,1249,1000,800,800,800,10.714285850524902,0,0,0,3.5714287757873535,3.5714287757873535,6.896551609039307,3.5714287757873535,3.4482758045196533,0,3.4482758045196533,3.4482758045196533,3.5714287757873535,3.4482758045196533,3.5714287757873535,6.896551609039307,219935.27868652344,236878.3037109375,0,404331982848,8589930496,4104687616,0
0,1780582593389,800,800,800,800,2000,2100,815,808,2100,800,1618,1249,1000,800,800,800,0,0,0,0,0,0,0,0,0,0,0,0,0,0,20,0,219935.39813232422,236881.44659423828,0,404331982848,8589930496,4106391552,0
