Delta,Time,CPU_FREQUENCY_0,CPU_FREQUENCY_1,CPU_FREQUENCY_10,CPU_FREQUENCY_11,CPU_FREQUENCY_12,CPU_FREQUENCY_13,CPU_FREQUENCY_14,CPU_FREQUENCY_15,CPU_FREQUENCY_2,CPU_FREQUENCY_3,CPU_FREQUENCY_4,CPU_FREQUENCY_5,CPU_FREQUENCY_6,CPU_FREQUENCY_7,CPU_FREQUENCY_8,CPU_FREQUENCY_9,CPU_USAGE_0,CPU_USAGE_1,CPU_USAGE_10,CPU_USAGE_11,CPU_USAGE_12,CPU_USAGE_13,CPU_USAGE_14,CPU_USAGE_15,CPU_USAGE_2,CPU_USAGE_3,CPU_USAGE_4,CPU_USAGE_5,CPU_USAGE_6,CPU_USAGE_7,CPU_USAGE_8,CPU_USAGE_9,DRAM_ENERGY (J),PACKAGE_ENERGY (J),PP0_ENERGY (J),TOTAL_MEMORY,TOTAL_SWAP,USED_MEMORY,USED_SWAP
0,1780583050516,800,800,800,800,2000,2000,2100,799,2100,1543,1325,1422,1087,800,800,800,3.4482758045196533,0,0,0,3.5714287757873535,0,3.4482758045196533,0,7.142857551574707,0,10.714285850524902,0,3.4482758045196533,10.714285850524902,3.5714287757873535,3.4482758045196533,219950.9658203125,242852.39709472656,0,404331982848,8589930496,4088881152,0
199,1780583050516,800,800,800,800,2000,2000,2100,799,2100,1543,1325,1422,1087,800,800,800,3.4482758045196533,0,0,0,3.5714287757873535,0,3.4482758045196533,0,7.142857551574707,0,10.714285850524902,0,3.4482758045196533,10.714285850524902,3.5714287757873535,3.4482758045196533,219950.9658203125,242852.39709472656,0,404331982848,8589930496,4088881152,0
0,1780583050717,800,800,800,800,2000,2000,2100,799,2100,1543,1325,1422,1087,800,800,800,0,0,28.571430206298828,0,0,0,0,0,0,0,0,0,0,0,0,0,219951.06427001953,242855.3720703125,0,404331982848,8589930496,4088881152,0
