Delta,Time,CPU_FREQUENCY_0,CPU_FREQUENCY_1,CPU_FREQUENCY_10,CPU_FREQUENCY_11,CPU_FREQUENCY_12,CPU_FREQUENCY_13,CPU_FREQUENCY_14,CPU_FREQUENCY_15,CPU_FREQUENCY_2,CPU_FREQUENCY_3,CPU_FREQUENCY_4,CPU_FREQUENCY_5,CPU_FREQUENCY_6,CPU_FREQUENCY_7,CPU_FREQUENCY_8,CPU_FREQUENCY_9,CPU_USAGE_0,CPU_USAGE_1,CPU_USAGE_10,CPU_USAGE_11,CPU_USAGE_12,CPU_USAGE_13,CPU_USAGE_14,CPU_USAGE_15,CPU_USAGE_2,CPU_USAGE_3,CPU_USAGE_4,CPU_USAGE_5,CPU_USAGE_6,CPU_USAGE_7,CPU_USAGE_8,CPU_USAGE_9,DRAM_ENERGY (J),PACKAGE_ENERGY (J),PP0_ENERGY (J),TOTAL_MEMORY,TOTAL_SWAP,USED_MEMORY,USED_SWAP
0,1780582959032,1205,959,800,800,800,800,2100,1476,1500,800,1584,945,2800,1000,1538,832,3.7037036418914795,3.7037036418914795,10.714285850524902,3.7037036418914795,8,0,7.407407283782959,3.846153974533081,0,0,0,7.142857551574707,3.7037036418914795,0,0,7.407407283782959,219948.9893798828,241660.55438232422,0,404331982848,8589930496,4091744256,0
200,1780582959033,1205,959,800,800,800,800,2100,1476,1500,800,1584,945,2800,1000,1538,832,3.7037036418914795,3.7037036418914795,10.714285850524902,3.7037036418914795,8,0,7.407407283782959,3.846153974533081,0,0,0,7.142857551574707,3.7037036418914795,0,0,7.407407283782959,219948.9893798828,241660.55438232422,0,404331982848,8589930496,4091744256,0
0,1780582959233,1205,959,800,800,800,800,2100,1476,1500,800,1584,945,2800,1000,1538,832,25,0,0,0,0,0,0,0,0,0,0,0,0,0,0,0,219949.10345458984,241663.71215820313,0,404331982848,8589930496,4096561152,0
