Delta,Time,CPU_FREQUENCY_0,CPU_FREQUENCY_1,CPU_FREQUENCY_10,CPU_FREQUENCY_11,CPU_FREQUENCY_12,CPU_FREQUENCY_13,CPU_FREQUENCY_14,CPU_FREQUENCY_15,CPU_FREQUENCY_2,CPU_FREQUENCY_3,CPU_FREQUENCY_4,CPU_FREQUENCY_5,CPU_FREQUENCY_6,CPU_FREQUENCY_7,CPU_FREQUENCY_8,CPU_FREQUENCY_9,CPU_USAGE_0,CPU_USAGE_1,CPU_USAGE_10,CPU_USAGE_11,CPU_USAGE_12,CPU_USAGE_13,CPU_USAGE_14,CPU_USAGE_15,CPU_USAGE_2,CPU_USAGE_3,CPU_USAGE_4,CPU_USAGE_5,CPU_USAGE_6,CPU_USAGE_7,CPU_USAGE_8,CPU_USAGE_9,DRAM_ENERGY (J),PACKAGE_ENERGY (J),PP0_ENERGY (J),TOTAL_MEMORY,TOTAL_SWAP,USED_MEMORY,USED_SWAP
0,1780582898069,800,2099,1442,890,1012,800,800,2000,799,800,1577,1000,800,800,800,2100,0,7.142857551574707,3.5714287757873535,3.5714287757873535,3.5714287757873535,0,3.5714287757873535,0,0,0,10.714285850524902,7.407407283782959,0,0,3.5714287757873535,3.7037036418914795,219945.90002441406,240866.7261352539,0,404331982848,8589930496,4086243328,0
199,1780582898069,800,2099,1442,890,1012,800,800,2000,799,800,1577,1000,800,800,800,2100,0,7.142857551574707,3.5714287757873535,3.5714287757873535,3.5714287757873535,0,3.5714287757873535,0,0,0,10.714285850524902,7.407407283782959,0,0,3.5714287757873535,3.7037036418914795,219945.91119384766,240866.74896240234,0,404331982848,8589930496,4086243328,0
0,1780582898269,800,2099,1442,890,1012,800,800,2000,799,800,1577,1000,800,800,800,2100,0,0,0,0,0,25,0,0,0,0,0,0,0,0,0,0,219946.07427978516,240869.80517578125,0,404331982848,8589930496,4090114048,0
