Delta,Time,CPU_FREQUENCY_0,CPU_FREQUENCY_1,CPU_FREQUENCY_10,CPU_FREQUENCY_11,CPU_FREQUENCY_12,CPU_FREQUENCY_13,CPU_FREQUENCY_14,CPU_FREQUENCY_15,CPU_FREQUENCY_2,CPU_FREQUENCY_3,CPU_FREQUENCY_4,CPU_FREQUENCY_5,CPU_FREQUENCY_6,CPU_FREQUENCY_7,CPU_FREQUENCY_8,CPU_FREQUENCY_9,CPU_USAGE_0,CPU_USAGE_1,CPU_USAGE_10,CPU_USAGE_11,CPU_USAGE_12,CPU_USAGE_13,CPU_USAGE_14,CPU_USAGE_15,CPU_USAGE_2,CPU_USAGE_3,CPU_USAGE_4,CPU_USAGE_5,CPU_USAGE_6,CPU_USAGE_7,CPU_USAGE_8,CPU_USAGE_9,DRAM_ENERGY (J),PACKAGE_ENERGY (J),PP0_ENERGY (J),TOTAL_MEMORY,TOTAL_SWAP,USED_MEMORY,USED_SWAP
0,1780582776104,800,2999,800,943,800,800,2000,2099,2100,800,800,800,3200,800,809,899,0,3.4482758045196533,6.6666669845581055,0,3.5714287757873535,0,0,0,3.4482758045196533,10.344827651977539,17.241378784179688,0,0,0,3.7037036418914795,3.7037036418914795,219940.8983154297,239271.68627929688,0,404331982848,8589930496,4090019840,0
199,1780582776104,800,2999,800,943,800,800,2000,2099,2100,800,800,800,3200,800,809,899,0,3.4482758045196533,6.6666669845581055,0,3.5714287757873535,0,0,0,3.4482758045196533,10.344827651977539,17.241378784179688,0,0,0,3.7037036418914795,3.7037036418914795,219940.9028930664,239271.71087646484,0,404331982848,8589930496,4090019840,0
0,1780582776304,800,2999,800,943,800,800,2000,2099,2100,800,800,800,3200,800,809,899,25,0,0,0,0,0,0,0,0,0,0,0,0,0,0,0,219941.05889892578,239274.8978881836,0,404331982848,8589930496,4092141568,0
