Delta,Time,CPU_FREQUENCY_0,CPU_FREQUENCY_1,CPU_FREQUENCY_10,CPU_FREQUENCY_11,CPU_FREQUENCY_12,CPU_FREQUENCY_13,CPU_FREQUENCY_14,CPU_FREQUENCY_15,CPU_FREQUENCY_2,CPU_FREQUENCY_3,CPU_FREQUENCY_4,CPU_FREQUENCY_5,CPU_FREQUENCY_6,CPU_FREQUENCY_7,CPU_FREQUENCY_8,CPU_FREQUENCY_9,CPU_USAGE_0,CPU_USAGE_1,CPU_USAGE_10,CPU_USAGE_11,CPU_USAGE_12,CPU_USAGE_13,CPU_USAGE_14,CPU_USAGE_15,CPU_USAGE_2,CPU_USAGE_3,CPU_USAGE_4,CPU_USAGE_5,CPU_USAGE_6,CPU_USAGE_7,CPU_USAGE_8,CPU_USAGE_9,DRAM_ENERGY (J),PACKAGE_ENERGY (J),PP0_ENERGY (J),TOTAL_MEMORY,TOTAL_SWAP,USED_MEMORY,USED_SWAP
0,1780582440732,800,800,2099,1944,800,800,800,881,1563,902,800,1293,800,800,800,800,4,0,11.111111640930176,3.846153974533081,0,3.7037036418914795,3.846153974533081,3.7037036418914795,7.692307949066162,3.7037036418914795,7.407407283782959,0,0,0,3.7037036418914795,0,219928.63385009766,234877.46319580078,0,404331982848,8589930496,4118646784,0
200,1780582440732,800,800,2099,1944,800,800,800,881,1563,902,800,1293,800,800,800,800,4,0,11.111111640930176,3.846153974533081,0,3.7037036418914795,3.846153974533081,3.7037036418914795,7.692307949066162,3.7037036418914795,7.407407283782959,0,0,0,3.7037036418914795,0,219928.63806152344,234877.48638916016,0,404331982848,8589930496,4118646784,0
0,1780582440932,800,800,2099,1944,800,800,800,881,1563,902,800,1293,800,800,800,800,25,0,0,0,0,0,0,0,0,0,0,0,0,0,0,0,219928.74865722656,234880.68353271484,0,404331982848,8589930496,4122746880,0
