Delta,Time,CPU_FREQUENCY_0,CPU_FREQUENCY_1,CPU_FREQUENCY_10,CPU_FREQUENCY_11,CPU_FREQUENCY_12,CPU_FREQUENCY_13,CPU_FREQUENCY_14,CPU_FREQUENCY_15,CPU_FREQUENCY_2,CPU_FREQUENCY_3,CPU_FREQUENCY_4,CPU_FREQUENCY_5,CPU_FREQUENCY_6,CPU_FREQUENCY_7,CPU_FREQUENCY_8,CPU_FREQUENCY_9,CPU_USAGE_0,CPU_USAGE_1,CPU_USAGE_10,CPU_USAGE_11,CPU_USAGE_12,CPU_USAGE_13,CPU_USAGE_14,CPU_USAGE_15,CPU_USAGE_2,CPU_USAGE_3,CPU_USAGE_4,CPU_USAGE_5,CPU_USAGE_6,CPU_USAGE_7,CPU_USAGE_8,CPU_USAGE_9,DRAM_ENERGY (J),PACKAGE_ENERGY (J),PP0_ENERGY (J),TOTAL_MEMORY,TOTAL_SWAP,USED_MEMORY,USED_SWAP
0,1780582684650,2000,800,800,800,800,2000,2000,2100,2067,800,1908,800,800,800,1484,937,3.5714287757873535,0,3.5714287757873535,3.5714287757873535,0,0,3.5714287757873535,13.793103218078613,3.5714287757873535,3.5714287757873535,7.407407283782959,3.5714287757873535,3.4482758045196533,0,0,0,219937.88250732422,238073.33032226563,0,404331982848,8589930496,4099129344,0
199,1780582684650,2000,800,800,800,800,2000,2000,2100,2067,800,1908,800,800,800,1484,937,3.5714287757873535,0,3.5714287757873535,3.5714287757873535,0,0,3.5714287757873535,13.793103218078613,3.5714287757873535,3.5714287757873535,7.407407283782959,3.5714287757873535,3.4482758045196533,0,0,0,219937.8861694336,238073.3521118164,0,404331982848,8589930496,4099129344,0
0,1780582684850,2000,800,800,800,800,2000,2000,2100,2067,800,1908,800,800,800,1484,937,0,0,25,0,0,0,0,0,0,0,4.761904716491699,0,0,0,0,0,219938.00469970703,238076.40380859375,0,404331982848,8589930496,4099129344,0
