Delta,Time,CPU_FREQUENCY_0,CPU_FREQUENCY_1,CPU_FREQUENCY_10,CPU_FREQUENCY_11,CPU_FREQUENCY_12,CPU_FREQUENCY_13,CPU_FREQUENCY_14,CPU_FREQUENCY_15,CPU_FREQUENCY_2,CPU_FREQUENCY_3,CPU_FREQUENCY_4,CPU_FREQUENCY_5,CPU_FREQUENCY_6,CPU_FREQUENCY_7,CPU_FREQUENCY_8,CPU_FREQUENCY_9,CPU_USAGE_0,CPU_USAGE_1,CPU_USAGE_10,CPU_USAGE_11,CPU_USAGE_12,CPU_USAGE_13,CPU_USAGE_14,CPU_USAGE_15,CPU_USAGE_2,CPU_USAGE_3,CPU_USAGE_4,CPU_USAGE_5,CPU_USAGE_6,CPU_USAGE_7,CPU_USAGE_8,CPU_USAGE_9,DRAM_ENERGY (J),PACKAGE_ENERGY (J),PP0_ENERGY (J),TOTAL_MEMORY,TOTAL_SWAP,USED_MEMORY,USED_SWAP
0,1780583172461,799,812,800,800,800,2000,800,800,1702,800,800,800,800,1500,2100,800,0,0,3.7037036418914795,0,0,6.896551609039307,3.5714287757873535,0,3.7037036418914795,7.692307949066162,7.142857551574707,0,6.896551609039307,3.5714287757873535,3.7037036418914795,7.142857551574707,219954.0802001953,244439.83044433594,0,404331982848,8589930496,4051648512,0
199,1780583172461,799,812,800,800,800,2000,800,800,1702,800,800,800,800,1500,2100,800,0,0,3.7037036418914795,0,0,6.896551609039307,3.5714287757873535,0,3.7037036418914795,7.692307949066162,7.142857551574707,0,6.896551609039307,3.5714287757873535,3.7037036418914795,7.142857551574707,219954.08367919922,244439.85192871094,0,404331982848,8589930496,4051648512,0
0,1780583172661,799,812,800,800,800,2000,800,800,1702,800,800,800,800,1500,2100,800,23.809524536132813,0,0,0,0,0,0,0,0,0,0,0,0,0,0,0,219954.20861816406,244443.09912109375,0,404331982848,8589930496,4051648512,0
