Delta,Time,CPU_FREQUENCY_0,CPU_FREQUENCY_1,CPU_FREQUENCY_10,CPU_FREQUENCY_11,CPU_FREQUENCY_12,CPU_FREQUENCY_13,CPU_FREQUENCY_14,CPU_FREQUENCY_15,CPU_FREQUENCY_2,CPU_FREQUENCY_3,CPU_FREQUENCY_4,CPU_FREQUENCY_5,CPU_FREQUENCY_6,CPU_FREQUENCY_7,CPU_FREQUENCY_8,CPU_FREQUENCY_9,CPU_USAGE_0,CPU_USAGE_1,CPU_USAGE_10,CPU_USAGE_11,CPU_USAGE_12,CPU_USAGE_13,CPU_USAGE_14,CPU_USAGE_15,CPU_USAGE_2,CPU_USAGE_3,CPU_USAGE_4,CPU_USAGE_5,CPU_USAGE_6,CPU_USAGE_7,CPU_USAGE_8,CPU_USAGE_9,DRAM_ENERGY (J),PACKAGE_ENERGY (J),PP0_ENERGY (J),TOTAL_MEMORY,TOTAL_SWAP,USED_MEMORY,USED_SWAP
0,1780583202956,1613,800,1058,800,800,800,800,2099,800,800,800,800,3200,800,1467,1436,0,3.5714287757873535,3.5714287757873535,6.896551609039307,3.5714287757873535,0,0,0,6.6666669845581055,10.714285850524902,3.5714287757873535,3.5714287757873535,0,0,10.344827651977539,3.5714287757873535,219955.17626953125,244839.19799804688,0,404331982848,8589930496,4054241280,0
199,1780583202956,1613,800,1058,800,800,800,800,2099,800,800,800,800,3200,800,1467,1436,0,3.5714287757873535,3.5714287757873535,6.896551609039307,3.5714287757873535,0,0,0,6.6666669845581055,10.714285850524902,3.5714287757873535,3.5714287757873535,0,0,10.344827651977539,3.5714287757873535,219955.17993164063,244839.22100830078,0,404331982848,8589930496,4054241280,0
0,1780583203156,1613,800,1058,800,800,800,800,2099,800,800,800,800,3200,800,1467,1436,25,0,0,0,0,0,0,0,0,0,0,0,0,0,0,0,219955.30053710938,244842.43005371094,0,404331982848,8589930496,4054241280,0
