Delta,Time,CPU_FREQUENCY_0,CPU_FREQUENCY_1,CPU_FREQUENCY_10,CPU_FREQUENCY_11,CPU_FREQUENCY_12,CPU_FREQUENCY_13,CPU_FREQUENCY_14,CPU_FREQUENCY_15,CPU_FREQUENCY_2,CPU_FREQUENCY_3,CPU_FREQUENCY_4,CPU_FREQUENCY_5,CPU_FREQUENCY_6,CPU_FREQUENCY_7,CPU_FREQUENCY_8,CPU_FREQUENCY_9,CPU_USAGE_0,CPU_USAGE_1,CPU_USAGE_10,CPU_USAGE_11,CPU_USAGE_12,CPU_USAGE_13,CPU_USAGE_14,CPU_USAGE_15,CPU_USAGE_2,CPU_USAGE_3,CPU_USAGE_4,CPU_USAGE_5,CPU_USAGE_6,CPU_USAGE_7,CPU_USAGE_8,CPU_USAGE_9,DRAM_ENERGY (J),PACKAGE_ENERGY (J),PP0_ENERGY (J),TOTAL_MEMORY,TOTAL_SWAP,USED_MEMORY,USED_SWAP
0,1780582989528,1100,800,800,800,800,2099,1477,1346,800,800,813,1787,913,800,1999,800,3.5714287757873535,3.5714287757873535,0,3.7037036418914795,0,3.4482758045196533,0,3.5714287757873535,10.344827651977539,0,7.142857551574707,0,3.5714287757873535,3.5714287757873535,3.4482758045196533,3.4482758045196533,219949.63342285156,242056.30633544922,0,404331982848,8589930496,4092653568,0
199,1780582989528,1100,800,800,800,800,2099,1477,1346,800,800,813,1787,913,800,1999,800,3.5714287757873535,3.5714287757873535,0,3.7037036418914795,0,3.4482758045196533,0,3.5714287757873535,10.344827651977539,0,7.142857551574707,0,3.5714287757873535,3.5714287757873535,3.4482758045196533,3.4482758045196533,219949.63690185547,242056.32580566406,0,404331982848,8589930496,4092653568,0
0,1780582989728,1100,800,800,800,800,2099,1477,1346,800,800,813,1787,913,800,1999,800,0,0,25,0,0,0,0,0,0,0,0,0,0,0,0,0,219949.74743652344,242059.29931640625,0,404331982848,8589930496,4094459904,0
