Delta,Time,CPU_FREQUENCY_0,CPU_FREQUENCY_1,CPU_FREQUENCY_10,CPU_FREQUENCY_11,CPU_FREQUENCY_12,CPU_FREQUENCY_13,CPU_FREQUENCY_14,CPU_FREQUENCY_15,CPU_FREQUENCY_2,CPU_FREQUENCY_3,CPU_FREQUENCY_4,CPU_FREQUENCY_5,CPU_FREQUENCY_6,CPU_FREQUENCY_7,CPU_FREQUENCY_8,CPU_FREQUENCY_9,CPU_USAGE_0,CPU_USAGE_1,CPU_USAGE_10,CPU_USAGE_11,CPU_USAGE_12,CPU_USAGE_13,CPU_USAGE_14,CPU_USAGE_15,CPU_USAGE_2,CPU_USAGE_3,CPU_USAGE_4,CPU_USAGE_5,CPU_USAGE_6,CPU_USAGE_7,CPU_USAGE_8,CPU_USAGE_9,DRAM_ENERGY (J),PACKAGE_ENERGY (J),PP0_ENERGY (J),TOTAL_MEMORY,TOTAL_SWAP,USED_MEMORY,USED_SWAP
0,1780583141971,800,1131,800,800,800,2000,2000,800,800,800,1382,1800,900,800,2100,1081,16.666667938232422,6.896551609039307,6.896551609039307,6.896551609039307,3.4482758045196533,3.5714287757873535,3.5714287757873535,3.5714287757873535,0,3.5714287757873535,6.6666669845581055,0,0,0,6.6666669845581055,7.142857551574707,219953.47833251953,244043.1346435547,0,404331982848,8589930496,4053827584,0
199,1780583141971,800,1131,800,800,800,2000,2000,800,800,800,1382,1800,900,800,2100,1081,16.666667938232422,6.896551609039307,6.896551609039307,6.896551609039307,3.4482758045196533,3.5714287757873535,3.5714287757873535,3.5714287757873535,0,3.5714287757873535,6.6666669845581055,0,0,0,6.6666669845581055,7.142857551574707,219953.48217773438,244043.15606689453,0,404331982848,8589930496,4053827584,0
0,1780583142171,800,1131,800,800,800,2000,2000,800,800,800,1382,1800,900,800,2100,1081,21.052631378173828,0,0,0,0,0,0,0,0,0,0,0,0,0,0,0,219953.60815429688,244046.2938232422,0,404331982848,8589930496,4053827584,0
