Delta,Time,CPU_FREQUENCY_0,CPU_FREQUENCY_1,CPU_FREQUENCY_10,CPU_FREQUENCY_11,CPU_FREQUENCY_12,CPU_FREQUENCY_13,CPU_FREQUENCY_14,CPU_FREQUENCY_15,CPU_FREQUENCY_2,CPU_FREQUENCY_3,CPU_FREQUENCY_4,CPU_FREQUENCY_5,CPU_FREQUENCY_6,CPU_FREQUENCY_7,CPU_FREQUENCY_8,CPU_FREQUENCY_9,CPU_USAGE_0,CPU_USAGE_1,CPU_USAGE_10,CPU_USAGE_11,CPU_USAGE_12,CPU_USAGE_13,CPU_USAGE_14,CPU_USAGE_15,CPU_USAGE_2,CPU_USAGE_3,CPU_USAGE_4,CPU_USAGE_5,CPU_USAGE_6,CPU_USAGE_7,CPU_USAGE_8,CPU_USAGE_9,DRAM_ENERGY (J),PACKAGE_ENERGY (J),PP0_ENERGY (J),TOTAL_MEMORY,TOTAL_SWAP,USED_MEMORY,USED_SWAP
0,1780582928553,800,1799,799,800,800,2000,2100,800,800,800,1649,1525,1000,800,2000,800,0,7.407407283782959,0,3.5714287757873535,6.896551609039307,7.407407283782959,3.7037036418914795,3.7037036418914795,7.142857551574707,3.7037036418914795,10.714285850524902,7.142857551574707,0,0,3.7037036418914795,0,219947.2183227539,241264.2059326172,0,404331982848,8589930496,4089229312,0
199,1780582928553,800,1799,799,800,800,2000,2100,800,800,800,1649,1525,1000,800,2000,800,0,7.407407283782959,0,3.5714287757873535,6.896551609039307,7.407407283782959,3.7037036418914795,3.7037036418914795,7.142857551574707,3.7037036418914795,10.714285850524902,7.142857551574707,0,0,3.7037036418914795,0,219947.2329711914,241264.2280883789,0,404331982848,8589930496,4089229312,0
0,1780582928754,800,1799,799,800,800,2000,2100,800,800,800,1649,1525,1000,800,2000,800,0,0,0,0,0,0,23.809524536132813,0,0,0,0,0,0,0,0,0,219947.56018066406,241267.2528076172,0,404331982848,8589930496,4093100032,0
