Delta,Time,CPU_FREQUENCY_0,CPU_FREQUENCY_1,CPU_FREQUENCY_10,CPU_FREQUENCY_11,CPU_FREQUENCY_12,CPU_FREQUENCY_13,CPU_FREQUENCY_14,CPU_FREQUENCY_15,CPU_FREQUENCY_2,CPU_FREQUENCY_3,CPU_FREQUENCY_4,CPU_FREQUENCY_5,CPU_FREQUENCY_6,CPU_FREQUENCY_7,CPU_FREQUENCY_8,CPU_FREQUENCY_9,CPU_USAGE_0,CPU_USAGE_1,CPU_USAGE_10,CPU_USAGE_11,CPU_USAGE_12,CPU_USAGE_13,CPU_USAGE_14,CPU_USAGE_15,CPU_USAGE_2,CPU_USAGE_3,CPU_USAGE_4,CPU_USAGE_5,CPU_USAGE_6,CPU_USAGE_7,CPU_USAGE_8,CPU_USAGE_9,DRAM_ENERGY (J),PACKAGE_ENERGY (J),PP0_ENERGY (J),TOTAL_MEMORY,TOTAL_SWAP,USED_MEMORY,USED_SWAP
0,1779727337024,2099,2100,800,800,911,1500,800,1000,800,800,800,800,900,800,2075,800,7.692307949066162,0,0,4,4,0,0,4.1666669845581055,0,7.692307949066162,7.692307949066162,8,8,7.692307949066162,4,4,148809.30767822266,252517.82489013672,0,404332056576,8589930496,3772166144,0
200,1779727337024,2099,2100,800,800,911,1500,800,1000,800,800,800,800,900,800,2075,800,7.692307949066162,0,0,4,4,0,0,4.1666669845581055,0,7.692307949066162,7.692307949066162,8,8,7.692307949066162,4,4,148809.30767822266,252517.82489013672,0,404332056576,8589930496,3772166144,0
0,1779727337224,2099,2100,800,800,911,1500,800,1000,800,800,800,800,900,800,2075,800,78.94737243652344,61.904762268066406,61.904762268066406,60.000003814697266,60.000003814697266,60.000003814697266,65,60.000003814697266,60.000003814697266,60.000003814697266,63.15789031982422,60.000003814697266,60.000003814697266,60.000003814697266,60.000003814697266,61.904762268066406,148811.59509277344,252525.20330810547,0,404332056576,8589930496,3795103744,0
