Delta,Time,CPU_FREQUENCY_0,CPU_FREQUENCY_1,CPU_FREQUENCY_10,CPU_FREQUENCY_11,CPU_FREQUENCY_12,CPU_FREQUENCY_13,CPU_FREQUENCY_14,CPU_FREQUENCY_15,CPU_FREQUENCY_2,CPU_FREQUENCY_3,CPU_FREQUENCY_4,CPU_FREQUENCY_5,CPU_FREQUENCY_6,CPU_FREQUENCY_7,CPU_FREQUENCY_8,CPU_FREQUENCY_9,CPU_USAGE_0,CPU_USAGE_1,CPU_USAGE_10,CPU_USAGE_11,CPU_USAGE_12,CPU_USAGE_13,CPU_USAGE_14,CPU_USAGE_15,CPU_USAGE_2,CPU_USAGE_3,CPU_USAGE_4,CPU_USAGE_5,CPU_USAGE_6,CPU_USAGE_7,CPU_USAGE_8,CPU_USAGE_9,DRAM_ENERGY (J),PACKAGE_ENERGY (J),PP0_ENERGY (J),TOTAL_MEMORY,TOTAL_SWAP,USED_MEMORY,USED_SWAP
0,1779733368936,2000,2086,800,800,800,800,1300,1674,1152,800,800,800,2100,800,800,1568,0,11.538461685180664,0,0,0,0,0,0,0,0,0,4,0,0,3.846153974533081,4,158131.03283691406,94055.13775634766,0,404332056576,8589930496,3716128768,0
200,1779733368937,2000,2086,800,800,800,800,1300,1674,1152,800,800,800,2100,800,800,1568,0,11.538461685180664,0,0,0,0,0,0,0,0,0,4,0,0,3.846153974533081,4,158131.03283691406,94055.13775634766,0,404332056576,8589930496,3716128768,0
0,1779733369137,2000,2086,800,800,800,800,1300,1674,1152,800,800,800,2100,800,800,1568,61.904762268066406,63.15789031982422,65,61.904762268066406,61.904762268066406,61.904762268066406,65,61.904762268066406,60.000003814697266,63.15789031982422,60.000003814697266,60.000003814697266,63.15789031982422,60.000003814697266,65,80,158133.0170288086,94062.13739013672,0,404332056576,8589930496,3739291648,0
