Delta,Time,CPU_FREQUENCY_0,CPU_FREQUENCY_1,CPU_FREQUENCY_10,CPU_FREQUENCY_11,CPU_FREQUENCY_12,CPU_FREQUENCY_13,CPU_FREQUENCY_14,CPU_FREQUENCY_15,CPU_FREQUENCY_2,CPU_FREQUENCY_3,CPU_FREQUENCY_4,CPU_FREQUENCY_5,CPU_FREQUENCY_6,CPU_FREQUENCY_7,CPU_FREQUENCY_8,CPU_FREQUENCY_9,CPU_USAGE_0,CPU_USAGE_1,CPU_USAGE_10,CPU_USAGE_11,CPU_USAGE_12,CPU_USAGE_13,CPU_USAGE_14,CPU_USAGE_15,CPU_USAGE_2,CPU_USAGE_3,CPU_USAGE_4,CPU_USAGE_5,CPU_USAGE_6,CPU_USAGE_7,CPU_USAGE_8,CPU_USAGE_9,DRAM_ENERGY (J),PACKAGE_ENERGY (J),PP0_ENERGY (J),TOTAL_MEMORY,TOTAL_SWAP,USED_MEMORY,USED_SWAP
0,1779734044081,2000,800,891,800,1600,1200,800,1056,2099,1786,810,800,799,1360,948,822,0,4.1666669845581055,4.1666669845581055,0,0,4.1666669845581055,0,4.1666669845581055,0,4.34782600402832,8,0,4.1666669845581055,0,0,0,159489.2803955078,106024.79333496094,0,404332056576,8589930496,3724587008,0
199,1779734044081,2000,800,891,800,1600,1200,800,1056,2099,1786,810,800,799,1360,948,822,0,4.1666669845581055,4.1666669845581055,0,0,4.1666669845581055,0,4.1666669845581055,0,4.34782600402832,8,0,4.1666669845581055,0,0,0,159489.2803955078,106024.79333496094,0,404332056576,8589930496,3724587008,0
0,1779734044281,2000,800,891,800,1600,1200,800,1056,2099,1786,810,800,799,1360,948,822,61.904762268066406,60.000003814697266,60.000003814697266,60.000003814697266,63.15789031982422,60.000003814697266,77.2727279663086,60.000003814697266,60.000003814697266,61.904762268066406,60.000003814697266,60.000003814697266,60.000003814697266,60.000003814697266,60.000003814697266,60.000003814697266,159491.2075805664,106031.71197509766,0,404332056576,8589930496,3740065792,0
