Delta,Time,CPU_FREQUENCY_0,CPU_FREQUENCY_1,CPU_FREQUENCY_10,CPU_FREQUENCY_11,CPU_FREQUENCY_12,CPU_FREQUENCY_13,CPU_FREQUENCY_14,CPU_FREQUENCY_15,CPU_FREQUENCY_2,CPU_FREQUENCY_3,CPU_FREQUENCY_4,CPU_FREQUENCY_5,CPU_FREQUENCY_6,CPU_FREQUENCY_7,CPU_FREQUENCY_8,CPU_FREQUENCY_9,CPU_USAGE_0,CPU_USAGE_1,CPU_USAGE_10,CPU_USAGE_11,CPU_USAGE_12,CPU_USAGE_13,CPU_USAGE_14,CPU_USAGE_15,CPU_USAGE_2,CPU_USAGE_3,CPU_USAGE_4,CPU_USAGE_5,CPU_USAGE_6,CPU_USAGE_7,CPU_USAGE_8,CPU_USAGE_9,DRAM_ENERGY (J),PACKAGE_ENERGY (J),PP0_ENERGY (J),TOTAL_MEMORY,TOTAL_SWAP,USED_MEMORY,USED_SWAP
0,1779730449098,1284,1999,800,800,2000,800,1468,799,799,800,799,1000,2100,1444,800,800,4.34782600402832,8.69565200805664,0,0,0,0,4.1666669845581055,4.1666669845581055,4.1666669845581055,0,4.1666669845581055,8,0,0,8.333333969116211,0,153961.3846435547,44188.25372314453,0,404332056576,8589930496,3750916096,0
200,1779730449098,1284,1999,800,800,2000,800,1468,799,799,800,799,1000,2100,1444,800,800,4.34782600402832,8.69565200805664,0,0,0,0,4.1666669845581055,4.1666669845581055,4.1666669845581055,0,4.1666669845581055,8,0,0,8.333333969116211,0,153961.3846435547,44188.25372314453,0,404332056576,8589930496,3750916096,0
0,1779730449298,1284,1999,800,800,2000,800,1468,799,799,800,799,1000,2100,1444,800,800,60.000003814697266,60.000003814697266,60.000003814697266,60.000003814697266,75,60.000003814697266,60.000003814697266,60.000003814697266,60.000003814697266,60.000003814697266,60.000003814697266,60.000003814697266,60.000003814697266,60.000003814697266,60.000003814697266,57.142860412597656,153963.78240966797,44195.360900878906,0,404332056576,8589930496,3759173632,0
