Delta,Time,CPU_FREQUENCY_0,CPU_FREQUENCY_1,CPU_FREQUENCY_10,CPU_FREQUENCY_11,CPU_FREQUENCY_12,CPU_FREQUENCY_13,CPU_FREQUENCY_14,CPU_FREQUENCY_15,CPU_FREQUENCY_2,CPU_FREQUENCY_3,CPU_FREQUENCY_4,CPU_FREQUENCY_5,CPU_FREQUENCY_6,CPU_FREQUENCY_7,CPU_FREQUENCY_8,CPU_FREQUENCY_9,CPU_USAGE_0,CPU_USAGE_1,CPU_USAGE_10,CPU_USAGE_11,CPU_USAGE_12,CPU_USAGE_13,CPU_USAGE_14,CPU_USAGE_15,CPU_USAGE_2,CPU_USAGE_3,CPU_USAGE_4,CPU_USAGE_5,CPU_USAGE_6,CPU_USAGE_7,CPU_USAGE_8,CPU_USAGE_9,DRAM_ENERGY (J),PACKAGE_ENERGY (J),PP0_ENERGY (J),TOTAL_MEMORY,TOTAL_SWAP,USED_MEMORY,USED_SWAP
0,1779730568476,800,2099,2100,800,800,925,2000,1100,1692,1749,800,799,2100,3200,800,1500,4,4.34782600402832,0,0,4,4,0,0,0,4,0,4,0,4.1666669845581055,4,4,154036.42388916016,46130.354919433594,0,404332056576,8589930496,3744591872,0
200,1779730568476,800,2099,2100,800,800,925,2000,1100,1692,1749,800,799,2100,3200,800,1500,4,4.34782600402832,0,0,4,4,0,0,0,4,0,4,0,4.1666669845581055,4,4,154036.4359741211,46130.37677001953,0,404332056576,8589930496,3744591872,0
0,1779730568676,800,2099,2100,800,800,925,2000,1100,1692,1749,800,799,2100,3200,800,1500,61.904762268066406,66.66667175292969,65,65,80,61.904762268066406,61.904762268066406,65,63.15789031982422,61.904762268066406,61.904762268066406,60.000003814697266,61.904762268066406,61.904762268066406,61.904762268066406,60.000003814697266,154038.90509033203,46137.58288574219,0,404332056576,8589930496,3745964032,0
