Delta,Time,CPU_FREQUENCY_0,CPU_FREQUENCY_1,CPU_FREQUENCY_10,CPU_FREQUENCY_11,CPU_FREQUENCY_12,CPU_FREQUENCY_13,CPU_FREQUENCY_14,CPU_FREQUENCY_15,CPU_FREQUENCY_2,CPU_FREQUENCY_3,CPU_FREQUENCY_4,CPU_FREQUENCY_5,CPU_FREQUENCY_6,CPU_FREQUENCY_7,CPU_FREQUENCY_8,CPU_FREQUENCY_9,CPU_USAGE_0,CPU_USAGE_1,CPU_USAGE_10,CPU_USAGE_11,CPU_USAGE_12,CPU_USAGE_13,CPU_USAGE_14,CPU_USAGE_15,CPU_USAGE_2,CPU_USAGE_3,CPU_USAGE_4,CPU_USAGE_5,CPU_USAGE_6,CPU_USAGE_7,CPU_USAGE_8,CPU_USAGE_9,DRAM_ENERGY (J),PACKAGE_ENERGY (J),PP0_ENERGY (J),TOTAL_MEMORY,TOTAL_SWAP,USED_MEMORY,USED_SWAP
0,1779731416691,800,2099,1173,2000,1000,1000,1100,1057,2000,976,800,800,800,3200,800,1520,4,4,0,4,7.692307949066162,4,0,8,0,4,4.1666669845581055,4,4.1666669845581055,4,4.1666669845581055,4.34782600402832,154759.48834228516,60198.14208984375,0,404332056576,8589930496,3755155456,0
200,1779731416692,800,2099,1173,2000,1000,1000,1100,1057,2000,976,800,800,800,3200,800,1520,4,4,0,4,7.692307949066162,4,0,8,0,4,4.1666669845581055,4,4.1666669845581055,4,4.1666669845581055,4.34782600402832,154759.48834228516,60198.14208984375,0,404332056576,8589930496,3755155456,0
0,1779731416892,800,2099,1173,2000,1000,1000,1100,1057,2000,976,800,800,800,3200,800,1520,78.94737243652344,61.904762268066406,60.000003814697266,61.904762268066406,63.15789031982422,61.904762268066406,61.904762268066406,60.000003814697266,60.000003814697266,60.000003814697266,60.000003814697266,65,61.904762268066406,65,60.000003814697266,61.904762268066406,154761.5108642578,60205.647705078125,0,404332056576,8589930496,3773603840,0
