Delta,Time,CPU_FREQUENCY_0,CPU_FREQUENCY_1,CPU_FREQUENCY_10,CPU_FREQUENCY_11,CPU_FREQUENCY_12,CPU_FREQUENCY_13,CPU_FREQUENCY_14,CPU_FREQUENCY_15,CPU_FREQUENCY_2,CPU_FREQUENCY_3,CPU_FREQUENCY_4,CPU_FREQUENCY_5,CPU_FREQUENCY_6,CPU_FREQUENCY_7,CPU_FREQUENCY_8,CPU_FREQUENCY_9,CPU_USAGE_0,CPU_USAGE_1,CPU_USAGE_10,CPU_USAGE_11,CPU_USAGE_12,CPU_USAGE_13,CPU_USAGE_14,CPU_USAGE_15,CPU_USAGE_2,CPU_USAGE_3,CPU_USAGE_4,CPU_USAGE_5,CPU_USAGE_6,CPU_USAGE_7,CPU_USAGE_8,CPU_USAGE_9,DRAM_ENERGY (J),PACKAGE_ENERGY (J),PP0_ENERGY (J),TOTAL_MEMORY,TOTAL_SWAP,USED_MEMORY,USED_SWAP
0,1779732247057,800,2100,2000,800,1100,1099,800,1889,800,800,940,854,800,800,1783,1100,4.1666669845581055,4.1666669845581055,4.1666669845581055,0,0,4.1666669845581055,4.1666669845581055,0,0,4.1666669845581055,12,4.1666669845581055,0,8,4.1666669845581055,0,156017.3416748047,74527.22973632813,0,404332056576,8589930496,3723898880,0
200,1779732247057,800,2100,2000,800,1100,1099,800,1889,800,800,940,854,800,800,1783,1100,4.1666669845581055,4.1666669845581055,4.1666669845581055,0,0,4.1666669845581055,4.1666669845581055,0,0,4.1666669845581055,12,4.1666669845581055,0,8,4.1666669845581055,0,156017.3416748047,74527.22973632813,0,404332056576,8589930496,3723898880,0
0,1779732247258,800,2100,2000,800,1100,1099,800,1889,800,800,940,854,800,800,1783,1100,57.142860412597656,57.142860412597656,57.142860412597656,57.894737243652344,60.000003814697266,57.894737243652344,55,70,57.142860412597656,57.142860412597656,57.894737243652344,55,60.000003814697266,55,57.142860412597656,60.000003814697266,156019.57189941406,74534.00915527344,0,404332056576,8589930496,3738603520,0
