Delta,Time,CPU_FREQUENCY_0,CPU_FREQUENCY_1,CPU_FREQUENCY_10,CPU_FREQUENCY_11,CPU_FREQUENCY_12,CPU_FREQUENCY_13,CPU_FREQUENCY_14,CPU_FREQUENCY_15,CPU_FREQUENCY_2,CPU_FREQUENCY_3,CPU_FREQUENCY_4,CPU_FREQUENCY_5,CPU_FREQUENCY_6,CPU_FREQUENCY_7,CPU_FREQUENCY_8,CPU_FREQUENCY_9,CPU_USAGE_0,CPU_USAGE_1,CPU_USAGE_10,CPU_USAGE_11,CPU_USAGE_12,CPU_USAGE_13,CPU_USAGE_14,CPU_USAGE_15,CPU_USAGE_2,CPU_USAGE_3,CPU_USAGE_4,CPU_USAGE_5,CPU_USAGE_6,CPU_USAGE_7,CPU_USAGE_8,CPU_USAGE_9,DRAM_ENERGY (J),PACKAGE_ENERGY (J),PP0_ENERGY (J),TOTAL_MEMORY,TOTAL_SWAP,USED_MEMORY,USED_SWAP
0,1779730927780,800,2099,800,1000,800,1023,1598,2099,800,808,800,800,800,800,1999,1000,4,4.34782600402832,0,4.1666669845581055,4.1666669845581055,4.1666669845581055,4.1666669845581055,0,0,0,0,0,0,4.1666669845581055,0,0,154381.50659179688,52070.641845703125,0,404332056576,8589930496,3752931328,0
200,1779730927781,800,2099,800,1000,800,1023,1598,2099,800,808,800,800,800,800,1999,1000,4,4.34782600402832,0,4.1666669845581055,4.1666669845581055,4.1666669845581055,4.1666669845581055,0,0,0,0,0,0,4.1666669845581055,0,0,154381.5205078125,52070.665771484375,0,404332056576,8589930496,3752931328,0
0,1779730927981,800,2099,800,1000,800,1023,1598,2099,800,808,800,800,800,800,1999,1000,57.894737243652344,60.000003814697266,60.000003814697266,57.894737243652344,60.000003814697266,57.142860412597656,75,57.142860412597656,60.000003814697266,57.142860412597656,57.142860412597656,57.142860412597656,57.142860412597656,55,57.142860412597656,57.142860412597656,154383.79620361328,52077.50524902344,0,404332056576,8589930496,3753414656,0
