Delta,Time,CPU_FREQUENCY_0,CPU_FREQUENCY_1,CPU_FREQUENCY_10,CPU_FREQUENCY_11,CPU_FREQUENCY_12,CPU_FREQUENCY_13,CPU_FREQUENCY_14,CPU_FREQUENCY_15,CPU_FREQUENCY_2,CPU_FREQUENCY_3,CPU_FREQUENCY_4,CPU_FREQUENCY_5,CPU_FREQUENCY_6,CPU_FREQUENCY_7,CPU_FREQUENCY_8,CPU_FREQUENCY_9,CPU_USAGE_0,CPU_USAGE_1,CPU_USAGE_10,CPU_USAGE_11,CPU_USAGE_12,CPU_USAGE_13,CPU_USAGE_14,CPU_USAGE_15,CPU_USAGE_2,CPU_USAGE_3,CPU_USAGE_4,CPU_USAGE_5,CPU_USAGE_6,CPU_USAGE_7,CPU_USAGE_8,CPU_USAGE_9,DRAM_ENERGY (J),PACKAGE_ENERGY (J),PP0_ENERGY (J),TOTAL_MEMORY,TOTAL_SWAP,USED_MEMORY,USED_SWAP
0,1779729364513,800,2100,800,800,800,1793,800,800,800,1369,800,800,800,1194,814,800,4.1666669845581055,8,0,0,0,4.1666669845581055,8,0,12,4,0,4.1666669845581055,4,4.1666669845581055,4.1666669845581055,4.1666669845581055,152120.2885131836,25347.33642578125,0,404332056576,8589930496,3745669120,0
200,1779729364513,800,2100,800,800,800,1793,800,800,800,1369,800,800,800,1194,814,800,4.1666669845581055,8,0,0,0,4.1666669845581055,8,0,12,4,0,4.1666669845581055,4,4.1666669845581055,4.1666669845581055,4.1666669845581055,152120.2885131836,25347.33642578125,0,404332056576,8589930496,3745669120,0
0,1779729364714,800,2100,800,800,800,1793,800,800,800,1369,800,800,800,1194,814,800,60.000003814697266,60.000003814697266,60.000003814697266,60.000003814697266,61.904762268066406,60.000003814697266,60.000003814697266,60.000003814697266,60.000003814697266,60.000003814697266,60.000003814697266,60.000003814697266,60.000003814697266,60.000003814697266,60.000003814697266,76.19047546386719,152122.55047607422,25354.351501464844,0,404332056576,8589930496,3754442752,0
