Delta,Time,CPU_FREQUENCY_0,CPU_FREQUENCY_1,CPU_FREQUENCY_10,CPU_FREQUENCY_11,CPU_FREQUENCY_12,CPU_FREQUENCY_13,CPU_FREQUENCY_14,CPU_FREQUENCY_15,CPU_FREQUENCY_2,CPU_FREQUENCY_3,CPU_FREQUENCY_4,CPU_FREQUENCY_5,CPU_FREQUENCY_6,CPU_FREQUENCY_7,CPU_FREQUENCY_8,CPU_FREQUENCY_9,CPU_USAGE_0,CPU_USAGE_1,CPU_USAGE_10,CPU_USAGE_11,CPU_USAGE_12,CPU_USAGE_13,CPU_USAGE_14,CPU_USAGE_15,CPU_USAGE_2,CPU_USAGE_3,CPU_USAGE_4,CPU_USAGE_5,CPU_USAGE_6,CPU_USAGE_7,CPU_USAGE_8,CPU_USAGE_9,DRAM_ENERGY (J),PACKAGE_ENERGY (J),PP0_ENERGY (J),TOTAL_MEMORY,TOTAL_SWAP,USED_MEMORY,USED_SWAP
0,1779734074527,800,2099,1000,1000,800,800,832,960,1669,799,1567,800,800,800,2099,1030,0,8.333333969116211,4.34782600402832,4.1666669845581055,0,0,0,4.1666669845581055,4.34782600402832,0,0,0,0,0,4.1666669845581055,4.34782600402832,159493.95764160156,106429.57495117188,0,404332056576,8589930496,3740614656,0
200,1779734074527,800,2099,1000,1000,800,800,832,960,1669,799,1567,800,800,800,2099,1030,0,8.333333969116211,4.34782600402832,4.1666669845581055,0,0,0,4.1666669845581055,4.34782600402832,0,0,0,0,0,4.1666669845581055,4.34782600402832,159493.95764160156,106429.57495117188,0,404332056576,8589930496,3740614656,0
0,1779734074728,800,2099,1000,1000,800,800,832,960,1669,799,1567,800,800,800,2099,1030,60.000003814697266,65,75,60.000003814697266,60.000003814697266,61.904762268066406,60.000003814697266,60.000003814697266,60.000003814697266,60.000003814697266,61.904762268066406,61.904762268066406,61.904762268066406,60.000003814697266,61.904762268066406,60.000003814697266,159496.42211914063,106436.80749511719,0,404332056576,8589930496,3751165952,0
