Delta,Time,CPU_FREQUENCY_0,CPU_FREQUENCY_1,CPU_FREQUENCY_10,CPU_FREQUENCY_11,CPU_FREQUENCY_12,CPU_FREQUENCY_13,CPU_FREQUENCY_14,CPU_FREQUENCY_15,CPU_FREQUENCY_2,CPU_FREQUENCY_3,CPU_FREQUENCY_4,CPU_FREQUENCY_5,CPU_FREQUENCY_6,CPU_FREQUENCY_7,CPU_FREQUENCY_8,CPU_FREQUENCY_9,CPU_USAGE_0,CPU_USAGE_1,CPU_USAGE_10,CPU_USAGE_11,CPU_USAGE_12,CPU_USAGE_13,CPU_USAGE_14,CPU_USAGE_15,CPU_USAGE_2,CPU_USAGE_3,CPU_USAGE_4,CPU_USAGE_5,CPU_USAGE_6,CPU_USAGE_7,CPU_USAGE_8,CPU_USAGE_9,DRAM_ENERGY (J),PACKAGE_ENERGY (J),PP0_ENERGY (J),TOTAL_MEMORY,TOTAL_SWAP,USED_MEMORY,USED_SWAP
0,1779732898036,2000,800,1000,1103,800,1100,800,1000,2099,1410,813,814,800,800,1475,2000,4,4,8,0,0,0,4.1666669845581055,8,4.34782600402832,0,8.333333969116211,0,0,4.1666669845581055,0,4,157102.02703857422,85642.92358398438,0,404332056576,8589930496,3720228864,0
200,1779732898037,2000,800,1000,1103,800,1100,800,1000,2099,1410,813,814,800,800,1475,2000,4,4,8,0,0,0,4.1666669845581055,8,4.34782600402832,0,8.333333969116211,0,0,4.1666669845581055,0,4,157102.03271484375,85642.94561767578,0,404332056576,8589930496,3720228864,0
0,1779732898237,2000,800,1000,1103,800,1100,800,1000,2099,1410,813,814,800,800,1475,2000,60.000003814697266,60.000003814697266,57.142860412597656,60.000003814697266,60.000003814697266,61.904762268066406,60.000003814697266,75,61.904762268066406,57.142860412597656,60.000003814697266,61.904762268066406,60.000003814697266,60.000003814697266,60.000003814697266,60.000003814697266,157104.31420898438,85649.79107666016,0,404332056576,8589930496,3734929408,0
