Delta,Time,CPU_FREQUENCY_0,CPU_FREQUENCY_1,CPU_FREQUENCY_10,CPU_FREQUENCY_11,CPU_FREQUENCY_12,CPU_FREQUENCY_13,CPU_FREQUENCY_14,CPU_FREQUENCY_15,CPU_FREQUENCY_2,CPU_FREQUENCY_3,CPU_FREQUENCY_4,CPU_FREQUENCY_5,CPU_FREQUENCY_6,CPU_FREQUENCY_7,CPU_FREQUENCY_8,CPU_FREQUENCY_9,CPU_USAGE_0,CPU_USAGE_1,CPU_USAGE_10,CPU_USAGE_11,CPU_USAGE_12,CPU_USAGE_13,CPU_USAGE_14,CPU_USAGE_15,CPU_USAGE_2,CPU_USAGE_3,CPU_USAGE_4,CPU_USAGE_5,CPU_USAGE_6,CPU_USAGE_7,CPU_USAGE_8,CPU_USAGE_9,DRAM_ENERGY (J),PACKAGE_ENERGY (J),PP0_ENERGY (J),TOTAL_MEMORY,TOTAL_SWAP,USED_MEMORY,USED_SWAP
0,1779730374188,800,2100,800,800,1729,2000,1071,1006,1149,1837,800,800,800,800,2098,1000,4.1666669845581055,4.1666669845581055,0,0,12,4.1666669845581055,4.1666669845581055,0,4,0,0,4,0,0,0,0,153921.17413330078,43012.246337890625,0,404332056576,8589930496,3738980352,0
200,1779730374188,800,2100,800,800,1729,2000,1071,1006,1149,1837,800,800,800,800,2098,1000,4.1666669845581055,4.1666669845581055,0,0,12,4.1666669845581055,4.1666669845581055,0,4,0,0,4,0,0,0,0,153921.17413330078,43012.246337890625,0,404332056576,8589930496,3738980352,0
0,1779730374389,800,2100,800,800,1729,2000,1071,1006,1149,1837,800,800,800,800,2098,1000,76.19047546386719,60.000003814697266,60.000003814697266,60.000003814697266,63.15789031982422,60.000003814697266,61.904762268066406,61.904762268066406,65,61.904762268066406,60.000003814697266,63.15789031982422,63.15789031982422,60.000003814697266,61.904762268066406,60.000003814697266,153923.17712402344,43019.648681640625,0,404332056576,8589930496,3750793216,0
