Delta,Time,CPU_FREQUENCY_0,CPU_FREQUENCY_1,CPU_FREQUENCY_10,CPU_FREQUENCY_11,CPU_FREQUENCY_12,CPU_FREQUENCY_13,CPU_FREQUENCY_14,CPU_FREQUENCY_15,CPU_FREQUENCY_2,CPU_FREQUENCY_3,CPU_FREQUENCY_4,CPU_FREQUENCY_5,CPU_FREQUENCY_6,CPU_FREQUENCY_7,CPU_FREQUENCY_8,CPU_FREQUENCY_9,CPU_USAGE_0,CPU_USAGE_1,CPU_USAGE_10,CPU_USAGE_11,CPU_USAGE_12,CPU_USAGE_13,CPU_USAGE_14,CPU_USAGE_15,CPU_USAGE_2,CPU_USAGE_3,CPU_USAGE_4,CPU_USAGE_5,CPU_USAGE_6,CPU_USAGE_7,CPU_USAGE_8,CPU_USAGE_9,DRAM_ENERGY (J),PACKAGE_ENERGY (J),PP0_ENERGY (J),TOTAL_MEMORY,TOTAL_SWAP,USED_MEMORY,USED_SWAP
0,1779732570331,800,2071,1000,800,800,1106,1387,806,823,1413,800,1115,800,800,1645,1100,4,4.1666669845581055,4.1666669845581055,4.1666669845581055,0,0,0,4,4.34782600402832,4,0,0,0,4.1666669845581055,7.692307949066162,0,156573.27392578125,80046.56060791016,0,404332056576,8589930496,3735736320,0
199,1779732570331,800,2071,1000,800,800,1106,1387,806,823,1413,800,1115,800,800,1645,1100,4,4.1666669845581055,4.1666669845581055,4.1666669845581055,0,0,0,4,4.34782600402832,4,0,0,0,4.1666669845581055,7.692307949066162,0,156573.27868652344,80046.58251953125,0,404332056576,8589930496,3735736320,0
0,1779732570531,800,2071,1000,800,800,1106,1387,806,823,1413,800,1115,800,800,1645,1100,60.000003814697266,60.000003814697266,60.000003814697266,60.000003814697266,76.19047546386719,60.000003814697266,60.000003814697266,60.000003814697266,60.000003814697266,60.000003814697266,60.000003814697266,60.000003814697266,60.000003814697266,60.000003814697266,60.000003814697266,57.142860412597656,156575.07830810547,80053.40441894531,0,404332056576,8589930496,3747348480,0
