Delta,Time,CPU_FREQUENCY_0,CPU_FREQUENCY_1,CPU_FREQUENCY_10,CPU_FREQUENCY_11,CPU_FREQUENCY_12,CPU_FREQUENCY_13,CPU_FREQUENCY_14,CPU_FREQUENCY_15,CPU_FREQUENCY_2,CPU_FREQUENCY_3,CPU_FREQUENCY_4,CPU_FREQUENCY_5,CPU_FREQUENCY_6,CPU_FREQUENCY_7,CPU_FREQUENCY_8,CPU_FREQUENCY_9,CPU_USAGE_0,CPU_USAGE_1,CPU_USAGE_10,CPU_USAGE_11,CPU_USAGE_12,CPU_USAGE_13,CPU_USAGE_14,CPU_USAGE_15,CPU_USAGE_2,CPU_USAGE_3,CPU_USAGE_4,CPU_USAGE_5,CPU_USAGE_6,CPU_USAGE_7,CPU_USAGE_8,CPU_USAGE_9,DRAM_ENERGY (J),PACKAGE_ENERGY (J),PP0_ENERGY (J),TOTAL_MEMORY,TOTAL_SWAP,USED_MEMORY,USED_SWAP
0,1779730174294,800,2099,800,800,800,1610,1222,1000,800,1512,800,799,800,3200,865,1000,4,4,0,0,0,4,0,4,0,7.692307949066162,8,4.1666669845581055,0,0,0,0,153675.31341552734,39674.06921386719,0,404332056576,8589930496,3725008896,0
200,1779730174294,800,2099,800,800,800,1610,1222,1000,800,1512,800,799,800,3200,865,1000,4,4,0,0,0,4,0,4,0,7.692307949066162,8,4.1666669845581055,0,0,0,0,153675.31341552734,39674.06921386719,0,404332056576,8589930496,3725008896,0
0,1779730174495,800,2099,800,800,800,1610,1222,1000,800,1512,800,799,800,3200,865,1000,60.000003814697266,57.142860412597656,60.000003814697266,57.142860412597656,60.000003814697266,75,60.000003814697266,57.142860412597656,57.894737243652344,55,60.000003814697266,57.142860412597656,57.142860412597656,55,57.142860412597656,60.000003814697266,153677.59246826172,39681.092041015625,0,404332056576,8589930496,3738943488,0
