Delta,Time,CPU_FREQUENCY_0,CPU_FREQUENCY_1,CPU_FREQUENCY_10,CPU_FREQUENCY_11,CPU_FREQUENCY_12,CPU_FREQUENCY_13,CPU_FREQUENCY_14,CPU_FREQUENCY_15,CPU_FREQUENCY_2,CPU_FREQUENCY_3,CPU_FREQUENCY_4,CPU_FREQUENCY_5,CPU_FREQUENCY_6,CPU_FREQUENCY_7,CPU_FREQUENCY_8,CPU_FREQUENCY_9,CPU_USAGE_0,CPU_USAGE_1,CPU_USAGE_10,CPU_USAGE_11,CPU_USAGE_12,CPU_USAGE_13,CPU_USAGE_14,CPU_USAGE_15,CPU_USAGE_2,CPU_USAGE_3,CPU_USAGE_4,CPU_USAGE_5,CPU_USAGE_6,CPU_USAGE_7,CPU_USAGE_8,CPU_USAGE_9,DRAM_ENERGY (J),PACKAGE_ENERGY (J),PP0_ENERGY (J),TOTAL_MEMORY,TOTAL_SWAP,USED_MEMORY,USED_SWAP
0,1779728618653,800,2073,800,1330,909,1800,800,1473,805,800,800,800,800,2000,1261,800,0,0,4.1666669845581055,4.1666669845581055,4.34782600402832,0,4.1666669845581055,0,4.1666669845581055,0,12,8.333333969116211,4.34782600402832,4.1666669845581055,0,0,150967.0425415039,12517.475402832031,0,404332056576,8589930496,3753070592,0
199,1779728618653,800,2073,800,1330,909,1800,800,1473,805,800,800,800,800,2000,1261,800,0,0,4.1666669845581055,4.1666669845581055,4.34782600402832,0,4.1666669845581055,0,4.1666669845581055,0,12,8.333333969116211,4.34782600402832,4.1666669845581055,0,0,150967.0430908203,12517.518737792969,0,404332056576,8589930496,3753070592,0
0,1779728618853,800,2073,800,1330,909,1800,800,1473,805,800,800,800,800,2000,1261,800,57.142860412597656,57.142860412597656,55,57.142860412597656,76.19047546386719,60.000003814697266,60.000003814697266,57.894737243652344,57.142860412597656,57.142860412597656,57.894737243652344,55,57.142860412597656,60.000003814697266,60.000003814697266,57.142860412597656,150968.6219482422,12524.25244140625,0,404332056576,8589930496,3764928512,0
