Delta,Time,CPU_FREQUENCY_0,CPU_FREQUENCY_1,CPU_FREQUENCY_10,CPU_FREQUENCY_11,CPU_FREQUENCY_12,CPU_FREQUENCY_13,CPU_FREQUENCY_14,CPU_FREQUENCY_15,CPU_FREQUENCY_2,CPU_FREQUENCY_3,CPU_FREQUENCY_4,CPU_FREQUENCY_5,CPU_FREQUENCY_6,CPU_FREQUENCY_7,CPU_FREQUENCY_8,CPU_FREQUENCY_9,CPU_USAGE_0,CPU_USAGE_1,CPU_USAGE_10,CPU_USAGE_11,CPU_USAGE_12,CPU_USAGE_13,CPU_USAGE_14,CPU_USAGE_15,CPU_USAGE_2,CPU_USAGE_3,CPU_USAGE_4,CPU_USAGE_5,CPU_USAGE_6,CPU_USAGE_7,CPU_USAGE_8,CPU_USAGE_9,DRAM_ENERGY (J),PACKAGE_ENERGY (J),PP0_ENERGY (J),TOTAL_MEMORY,TOTAL_SWAP,USED_MEMORY,USED_SWAP
0,1779728082491,800,800,800,800,800,880,800,1469,2099,1611,1514,1547,800,800,800,800,7.692307949066162,4,4,4,0,0,0,4,0,0,8,0,4,0,0,0,149544.6597290039,2966.25244140625,0,404332056576,8589930496,3785064448,0
200,1779728082491,800,800,800,800,800,880,800,1469,2099,1611,1514,1547,800,800,800,800,7.692307949066162,4,4,4,0,0,0,4,0,0,8,0,4,0,0,0,149544.6597290039,2966.25244140625,0,404332056576,8589930496,3785064448,0
0,1779728082691,800,800,800,800,800,880,800,1469,2099,1611,1514,1547,800,800,800,800,63.15789031982422,63.15789031982422,61.904762268066406,61.904762268066406,60.000003814697266,61.904762268066406,61.904762268066406,63.15789031982422,63.6363639831543,60.000003814697266,60.000003814697266,61.904762268066406,61.904762268066406,60.000003814697266,77.2727279663086,61.904762268066406,149546.92907714844,2973.2310791015625,0,404332056576,8589930496,3808710656,0
