Delta,Time,CPU_FREQUENCY_0,CPU_FREQUENCY_1,CPU_FREQUENCY_10,CPU_FREQUENCY_11,CPU_FREQUENCY_12,CPU_FREQUENCY_13,CPU_FREQUENCY_14,CPU_FREQUENCY_15,CPU_FREQUENCY_2,CPU_FREQUENCY_3,CPU_FREQUENCY_4,CPU_FREQUENCY_5,CPU_FREQUENCY_6,CPU_FREQUENCY_7,CPU_FREQUENCY_8,CPU_FREQUENCY_9,CPU_USAGE_0,CPU_USAGE_1,CPU_USAGE_10,CPU_USAGE_11,CPU_USAGE_12,CPU_USAGE_13,CPU_USAGE_14,CPU_USAGE_15,CPU_USAGE_2,CPU_USAGE_3,CPU_USAGE_4,CPU_USAGE_5,CPU_USAGE_6,CPU_USAGE_7,CPU_USAGE_8,CPU_USAGE_9,DRAM_ENERGY (J),PACKAGE_ENERGY (J),PP0_ENERGY (J),TOTAL_MEMORY,TOTAL_SWAP,USED_MEMORY,USED_SWAP
0,1779730723696,2099,2100,1100,800,800,800,1201,1559,1313,1078,799,799,800,800,915,1600,4.1666669845581055,4.1666669845581055,4.1666669845581055,0,4.1666669845581055,0,0,0,4.1666669845581055,0,8.333333969116211,0,8,0,0,4.1666669845581055,154248.83978271484,48688.04064941406,0,404332056576,8589930496,3736457216,0
200,1779730723696,2099,2100,1100,800,800,800,1201,1559,1313,1078,799,799,800,800,915,1600,4.1666669845581055,4.1666669845581055,4.1666669845581055,0,4.1666669845581055,0,0,0,4.1666669845581055,0,8.333333969116211,0,8,0,0,4.1666669845581055,154248.83978271484,48688.04064941406,0,404332056576,8589930496,3736653824,0
0,1779730723897,2099,2100,1100,800,800,800,1201,1559,1313,1078,799,799,800,800,915,1600,60.000003814697266,60.000003814697266,60.000003814697266,60.000003814697266,60.000003814697266,60.000003814697266,76.19047546386719,60.000003814697266,57.142860412597656,61.904762268066406,61.904762268066406,60.000003814697266,60.000003814697266,61.904762268066406,60.000003814697266,60.000003814697266,154251.13305664063,48695.11218261719,0,404332056576,8589930496,3754450944,0
