Delta,Time,CPU_FREQUENCY_0,CPU_FREQUENCY_1,CPU_FREQUENCY_10,CPU_FREQUENCY_11,CPU_FREQUENCY_12,CPU_FREQUENCY_13,CPU_FREQUENCY_14,CPU_FREQUENCY_15,CPU_FREQUENCY_2,CPU_FREQUENCY_3,CPU_FREQUENCY_4,CPU_FREQUENCY_5,CPU_FREQUENCY_6,CPU_FREQUENCY_7,CPU_FREQUENCY_8,CPU_FREQUENCY_9,CPU_USAGE_0,CPU_USAGE_1,CPU_USAGE_10,CPU_USAGE_11,CPU_USAGE_12,CPU_USAGE_13,CPU_USAGE_14,CPU_USAGE_15,CPU_USAGE_2,CPU_USAGE_3,CPU_USAGE_4,CPU_USAGE_5,CPU_USAGE_6,CPU_USAGE_7,CPU_USAGE_8,CPU_USAGE_9,DRAM_ENERGY (J),PACKAGE_ENERGY (J),PP0_ENERGY (J),TOTAL_MEMORY,TOTAL_SWAP,USED_MEMORY,USED_SWAP
0,1779732366245,800,2099,1549,1000,800,800,2000,800,1849,800,1419,800,800,800,812,910,0,4,3.846153974533081,0,0,3.846153974533081,3.846153974533081,3.846153974533081,0,3.846153974533081,0,4,0,4,4,8,156091.1551513672,76473.83001708984,0,404332056576,8589930496,3714154496,0
200,1779732366245,800,2099,1549,1000,800,800,2000,800,1849,800,1419,800,800,800,812,910,0,4,3.846153974533081,0,0,3.846153974533081,3.846153974533081,3.846153974533081,0,3.846153974533081,0,4,0,4,4,8,156091.1551513672,76473.83001708984,0,404332056576,8589930496,3714154496,0
0,1779732366445,800,2099,1549,1000,800,800,2000,800,1849,800,1419,800,800,800,812,910,76.19047546386719,60.000003814697266,60.000003814697266,60.000003814697266,60.000003814697266,60.000003814697266,60.000003814697266,60.000003814697266,60.000003814697266,60.000003814697266,60.000003814697266,60.000003814697266,61.904762268066406,60.000003814697266,60.000003814697266,60.000003814697266,156093.27606201172,76481.01403808594,0,404332056576,8589930496,3740180480,0
