Delta,Time,CPU_FREQUENCY_0,CPU_FREQUENCY_1,CPU_FREQUENCY_10,CPU_FREQUENCY_11,CPU_FREQUENCY_12,CPU_FREQUENCY_13,CPU_FREQUENCY_14,CPU_FREQUENCY_15,CPU_FREQUENCY_2,CPU_FREQUENCY_3,CPU_FREQUENCY_4,CPU_FREQUENCY_5,CPU_FREQUENCY_6,CPU_FREQUENCY_7,CPU_FREQUENCY_8,CPU_FREQUENCY_9,CPU_USAGE_0,CPU_USAGE_1,CPU_USAGE_10,CPU_USAGE_11,CPU_USAGE_12,CPU_USAGE_13,CPU_USAGE_14,CPU_USAGE_15,CPU_USAGE_2,CPU_USAGE_3,CPU_USAGE_4,CPU_USAGE_5,CPU_USAGE_6,CPU_USAGE_7,CPU_USAGE_8,CPU_USAGE_9,DRAM_ENERGY (J),PACKAGE_ENERGY (J),PP0_ENERGY (J),TOTAL_MEMORY,TOTAL_SWAP,USED_MEMORY,USED_SWAP
0,1779732823116,2026,1427,800,942,800,800,2000,2000,800,1000,800,800,2000,800,800,2099,4.1666669845581055,4.1666669845581055,8,8,0,4.1666669845581055,4.1666669845581055,0,4.1666669845581055,0,0,0,4.1666669845581055,0,4.1666669845581055,12,156890.47857666016,84371.24230957031,0,404332056576,8589930496,3714310144,0
200,1779732823116,2026,1427,800,942,800,800,2000,2000,800,1000,800,800,2000,800,800,2099,4.1666669845581055,4.1666669845581055,8,8,0,4.1666669845581055,4.1666669845581055,0,4.1666669845581055,0,0,0,4.1666669845581055,0,4.1666669845581055,12,156890.47857666016,84371.24230957031,0,404332056576,8589930496,3714310144,0
0,1779732823316,2026,1427,800,942,800,800,2000,2000,800,1000,800,800,2000,800,800,2099,75,60.000003814697266,60.000003814697266,57.142860412597656,57.142860412597656,60.000003814697266,60.000003814697266,60.000003814697266,57.142860412597656,60.000003814697266,60.000003814697266,57.142860412597656,60.000003814697266,60.000003814697266,60.000003814697266,60.000003814697266,156892.53649902344,84378.466796875,0,404332056576,8589930496,3729788928,0
