Delta,Time,CPU_FREQUENCY_0,CPU_FREQUENCY_1,CPU_FREQUENCY_10,CPU_FREQUENCY_11,CPU_FREQUENCY_12,CPU_FREQUENCY_13,CPU_FREQUENCY_14,CPU_FREQUENCY_15,CPU_FREQUENCY_2,CPU_FREQUENCY_3,CPU_FREQUENCY_4,CPU_FREQUENCY_5,CPU_FREQUENCY_6,CPU_FREQUENCY_7,CPU_FREQUENCY_8,CPU_FREQUENCY_9,CPU_USAGE_0,CPU_USAGE_1,CPU_USAGE_10,CPU_USAGE_11,CPU_USAGE_12,CPU_USAGE_13,CPU_USAGE_14,CPU_USAGE_15,CPU_USAGE_2,CPU_USAGE_3,CPU_USAGE_4,CPU_USAGE_5,CPU_USAGE_6,CPU_USAGE_7,CPU_USAGE_8,CPU_USAGE_9,DRAM_ENERGY (J),PACKAGE_ENERGY (J),PP0_ENERGY (J),TOTAL_MEMORY,TOTAL_SWAP,USED_MEMORY,USED_SWAP
0,1779728738241,2000,2099,800,944,800,1000,1754,799,799,811,800,800,800,1734,1000,2100,4,4,0,0,0,4,4,0,0,4,3.846153974533081,0,4.1666669845581055,0,4,0,151342.6514892578,14643.099731445313,0,404332056576,8589930496,3744583680,0
200,1779728738241,2000,2099,800,944,800,1000,1754,799,799,811,800,800,800,1734,1000,2100,4,4,0,0,0,4,4,0,0,4,3.846153974533081,0,4.1666669845581055,0,4,0,151342.6514892578,14643.099731445313,0,404332056576,8589930496,3744583680,0
0,1779728738441,2000,2099,800,944,800,1000,1754,799,799,811,800,800,800,1734,1000,2100,60.000003814697266,57.142860412597656,55,60.000003814697266,60.000003814697266,60.000003814697266,60.000003814697266,57.142860412597656,57.894737243652344,57.142860412597656,57.894737243652344,57.142860412597656,61.904762268066406,55,57.142860412597656,71.42857360839844,151345.06536865234,14649.959655761719,0,404332056576,8589930496,3767545856,0
