Delta,Time,CPU_FREQUENCY_0,CPU_FREQUENCY_1,CPU_FREQUENCY_10,CPU_FREQUENCY_11,CPU_FREQUENCY_12,CPU_FREQUENCY_13,CPU_FREQUENCY_14,CPU_FREQUENCY_15,CPU_FREQUENCY_2,CPU_FREQUENCY_3,CPU_FREQUENCY_4,CPU_FREQUENCY_5,CPU_FREQUENCY_6,CPU_FREQUENCY_7,CPU_FREQUENCY_8,CPU_FREQUENCY_9,CPU_USAGE_0,CPU_USAGE_1,CPU_USAGE_10,CPU_USAGE_11,CPU_USAGE_12,CPU_USAGE_13,CPU_USAGE_14,CPU_USAGE_15,CPU_USAGE_2,CPU_USAGE_3,CPU_USAGE_4,CPU_USAGE_5,CPU_USAGE_6,CPU_USAGE_7,CPU_USAGE_8,CPU_USAGE_9,DRAM_ENERGY (J),PACKAGE_ENERGY (J),PP0_ENERGY (J),TOTAL_MEMORY,TOTAL_SWAP,USED_MEMORY,USED_SWAP
0,1778189487337,800,2000,800,800,800,1486,1000,2000,800,2100,1343,1616,800,1718,1400,1000,0,0,4,0,4,4,4,4,0,4.1666669845581055,0,0,0,4,0,0,119063.40698242188,61224.53771972656,0,404332056576,8589930496,3828002816,0
200,1778189487337,800,2000,800,800,800,1486,1000,2000,800,2100,1343,1616,800,1718,1400,1000,0,0,4,0,4,4,4,4,0,4.1666669845581055,0,0,0,4,0,0,119063.40698242188,61224.53771972656,0,404332056576,8589930496,3828002816,0
200,1778189487537,800,2000,800,800,800,1486,1000,2000,800,2100,1343,1616,800,1718,1400,1000,33.333335876464844,25,0,35,10.526315689086914,10,65,65,19.047618865966797,0,0,0,0,0,38.095237731933594,0,119064.23620605469,61229.390869140625,0,404332056576,8589930496,3830321152,0
199,1778189487737,800,2000,800,800,800,1486,1000,2000,800,2100,1343,1616,800,1718,1400,1000,15.000000953674316,0,9.523809432983398,80,90,10,90,90,0,0,0,0,0,0,0,10,119064.93280029297,61234.80194091797,0,404332056576,8589930496,3831554048,0
199,1778189487938,800,2000,800,800,800,1486,1000,2000,800,2100,1343,1616,800,1718,1400,1000,45,0,5.263157844543457,45,90,5.263157844543457,90,90,0,0,0,0,0,0,0,5,119065.59155273438,61240.47332763672,0,404332056576,8589930496,3832586240,0
199,1778189488138,800,2000,800,800,800,1486,1000,2000,800,2100,1343,1616,800,1718,1400,1000,5.555555820465088,0,10,85,90,10,90,90,0,4.761904716491699,0,0,0,0,5,0,119066.09936523438,61245.83447265625,0,404332056576,8589930496,3834650624,0
199,1778189488338,800,2000,800,800,800,1486,1000,2000,800,2100,1343,1616,800,1718,1400,1000,14.285715103149414,0,5,80,90,10,90,90,0,5,0,0,0,0,5.263157844543457,0,119066.67150878906,61251.293029785156,0,404332056576,8589930496,3834650624,0
0,1778189488538,800,2000,800,800,800,1486,1000,2000,800,2100,1343,1616,800,1718,1400,1000,15.000000953674316,0,0,10,10,0,10,5.263157844543457,0,0,0,0,0,0,0,0,119066.86950683594,61254.64306640625,0,404332056576,8589930496,3834650624,0
