Delta,Time,CPU_FREQUENCY_0,CPU_FREQUENCY_1,CPU_FREQUENCY_10,CPU_FREQUENCY_11,CPU_FREQUENCY_12,CPU_FREQUENCY_13,CPU_FREQUENCY_14,CPU_FREQUENCY_15,CPU_FREQUENCY_2,CPU_FREQUENCY_3,CPU_FREQUENCY_4,CPU_FREQUENCY_5,CPU_FREQUENCY_6,CPU_FREQUENCY_7,CPU_FREQUENCY_8,CPU_FREQUENCY_9,CPU_USAGE_0,CPU_USAGE_1,CPU_USAGE_10,CPU_USAGE_11,CPU_USAGE_12,CPU_USAGE_13,CPU_USAGE_14,CPU_USAGE_15,CPU_USAGE_2,CPU_USAGE_3,CPU_USAGE_4,CPU_USAGE_5,CPU_USAGE_6,CPU_USAGE_7,CPU_USAGE_8,CPU_USAGE_9,DRAM_ENERGY (J),PACKAGE_ENERGY (J),PP0_ENERGY (J),TOTAL_MEMORY,TOTAL_SWAP,USED_MEMORY,USED_SWAP
0,1778195895449,2001,2000,800,2100,1510,1701,1750,800,1000,800,2000,800,800,1516,800,800,4.1666669845581055,0,0,4.545454502105713,8,0,4.1666669845581055,0,4.1666669845581055,0,4.1666669845581055,0,0,4.1666669845581055,0,0,121328.62219238281,148827.41693115234,0,404332056576,8589930496,3902566400,0
199,1778195895449,2001,2000,800,2100,1510,1701,1750,800,1000,800,2000,800,800,1516,800,800,4.1666669845581055,0,0,4.545454502105713,8,0,4.1666669845581055,0,4.1666669845581055,0,4.1666669845581055,0,0,4.1666669845581055,0,0,121328.62219238281,148827.41693115234,0,404332056576,8589930496,3902566400,0
199,1778195895649,2001,2000,800,2100,1510,1701,1750,800,1000,800,2000,800,800,1516,800,800,65,9.523809432983398,0,0,30.000001907348633,35,5,5,10,0,0,0,0,0,30.000001907348633,20,121330.95989990234,148833.19970703125,0,404332056576,8589930496,3960000512,0
199,1778195895849,2001,2000,800,2100,1510,1701,1750,800,1000,800,2000,800,800,1516,800,800,0,5,15.000000953674316,0,80,80,22.22222328186035,25,0,0,0,0,0,0,80,85,121333.17254638672,148838.81951904297,0,404332056576,8589930496,3963613184,0
0,1778195896049,2001,2000,800,2100,1510,1701,1750,800,1000,800,2000,800,800,1516,800,800,0,25,0,4.761904716491699,15.000000953674316,15.789472579956055,9.523809432983398,0,0,0,0,0,0,0,15.000000953674316,19.047618865966797,121333.96466064453,148842.9613647461,0,404332056576,8589930496,3950309376,0
