Delta,Time,CPU_FREQUENCY_0,CPU_FREQUENCY_1,CPU_FREQUENCY_10,CPU_FREQUENCY_11,CPU_FREQUENCY_12,CPU_FREQUENCY_13,CPU_FREQUENCY_14,CPU_FREQUENCY_15,CPU_FREQUENCY_2,CPU_FREQUENCY_3,CPU_FREQUENCY_4,CPU_FREQUENCY_5,CPU_FREQUENCY_6,CPU_FREQUENCY_7,CPU_FREQUENCY_8,CPU_FREQUENCY_9,CPU_USAGE_0,CPU_USAGE_1,CPU_USAGE_10,CPU_USAGE_11,CPU_USAGE_12,CPU_USAGE_13,CPU_USAGE_14,CPU_USAGE_15,CPU_USAGE_2,CPU_USAGE_3,CPU_USAGE_4,CPU_USAGE_5,CPU_USAGE_6,CPU_USAGE_7,CPU_USAGE_8,CPU_USAGE_9,DRAM_ENERGY (J),PACKAGE_ENERGY (J),PP0_ENERGY (J),TOTAL_MEMORY,TOTAL_SWAP,USED_MEMORY,USED_SWAP
0,1778197058817,1000,2000,852,800,800,2099,1065,813,1000,2000,800,925,1651,1446,800,1041,4,4.1666669845581055,4.1666669845581055,0,0,4,4,4,4,0,4,4,7.692307949066162,4,0,8,121781.96258544922,164782.36224365234,0,404332056576,8589930496,3909656576,0
200,1778197058818,1000,2000,852,800,800,2099,1065,813,1000,2000,800,925,1651,1446,800,1041,4,4.1666669845581055,4.1666669845581055,0,0,4,4,4,4,0,4,4,7.692307949066162,4,0,8,121781.96936035156,164782.38507080078,0,404332056576,8589930496,3909656576,0
199,1778197059018,1000,2000,852,800,800,2099,1065,813,1000,2000,800,925,1651,1446,800,1041,95,25,0,0,0,0,5.263157844543457,0,20,4.761904716491699,0,0,10,0,14.285715103149414,0,121784.03131103516,164788.22583007813,0,404332056576,8589930496,3954298880,0
199,1778197059218,1000,2000,852,800,800,2099,1065,813,1000,2000,800,925,1651,1446,800,1041,47.36842346191406,47.619049072265625,0,0,0,0,0,0,84.21052551269531,22.22222328186035,5.555555820465088,25,84.21052551269531,65,10,0,121787.17657470703,164796.35552978516,0,404332056576,8589930496,3954298880,0
0,1778197059418,1000,2000,852,800,800,2099,1065,813,1000,2000,800,925,1651,1446,800,1041,20,26.3157901763916,0,0,0,0,0,0,25,0,5,9.523809432983398,25,20,5,0,121789.14392089844,164801.56170654297,0,404332056576,8589930496,3943489536,0
