Delta,Time,CPU_FREQUENCY_0,CPU_FREQUENCY_1,CPU_FREQUENCY_10,CPU_FREQUENCY_11,CPU_FREQUENCY_12,CPU_FREQUENCY_13,CPU_FREQUENCY_14,CPU_FREQUENCY_15,CPU_FREQUENCY_2,CPU_FREQUENCY_3,CPU_FREQUENCY_4,CPU_FREQUENCY_5,CPU_FREQUENCY_6,CPU_FREQUENCY_7,CPU_FREQUENCY_8,CPU_FREQUENCY_9,CPU_USAGE_0,CPU_USAGE_1,CPU_USAGE_10,CPU_USAGE_11,CPU_USAGE_12,CPU_USAGE_13,CPU_USAGE_14,CPU_USAGE_15,CPU_USAGE_2,CPU_USAGE_3,CPU_USAGE_4,CPU_USAGE_5,CPU_USAGE_6,CPU_USAGE_7,CPU_USAGE_8,CPU_USAGE_9,DRAM_ENERGY (J),PACKAGE_ENERGY (J),PP0_ENERGY (J),TOTAL_MEMORY,TOTAL_SWAP,USED_MEMORY,USED_SWAP
0,1778195016587,819,2553,800,800,800,800,2000,799,799,800,800,799,800,2100,800,799,0,4.34782600402832,0,4,0,0,4.1666669845581055,4.1666669845581055,4.1666669845581055,8.333333969116211,0,4.1666669845581055,4,4.1666669845581055,0,8,121000.3158569336,136756.62768554688,0,404332056576,8589930496,3828391936,0
199,1778195016587,819,2553,800,800,800,800,2000,799,799,800,800,799,800,2100,800,799,0,4.34782600402832,0,4,0,0,4.1666669845581055,4.1666669845581055,4.1666669845581055,8.333333969116211,0,4.1666669845581055,4,4.1666669845581055,0,8,121000.3158569336,136756.62768554688,0,404332056576,8589930496,3828391936,0
199,1778195016787,819,2553,800,800,800,800,2000,799,799,800,800,799,800,2100,800,799,5,28.571430206298828,0,0,71.42857360839844,0,5,0,28.571430206298828,5,25,0,5.263157844543457,28.571430206298828,0,0,121001.63452148438,136761.93280029297,0,404332056576,8589930496,3872202752,0
200,1778195016987,819,2553,800,800,800,800,2000,799,799,800,800,799,800,2100,800,799,5,28.571430206298828,0,0,71.42857360839844,0,5,0,28.571430206298828,5,25,0,5.263157844543457,28.571430206298828,0,0,121004.771484375,136769.87713623047,0,404332056576,8589930496,3875299328,0
0,1778195017187,819,2553,800,800,800,800,2000,799,799,800,800,799,800,2100,800,799,18.421052932739258,23.68421173095703,0,0,0,17.5,0,0,7.500000476837158,15.000000953674316,40,48.71794891357422,32.5,52.499996185302734,10,0,121006.17279052734,136775.07000732422,0,404332056576,8589930496,3875299328,0
