Delta,Time,CPU_FREQUENCY_0,CPU_FREQUENCY_1,CPU_FREQUENCY_10,CPU_FREQUENCY_11,CPU_FREQUENCY_12,CPU_FREQUENCY_13,CPU_FREQUENCY_14,CPU_FREQUENCY_15,CPU_FREQUENCY_2,CPU_FREQUENCY_3,CPU_FREQUENCY_4,CPU_FREQUENCY_5,CPU_FREQUENCY_6,CPU_FREQUENCY_7,CPU_FREQUENCY_8,CPU_FREQUENCY_9,CPU_USAGE_0,CPU_USAGE_1,CPU_USAGE_10,CPU_USAGE_11,CPU_USAGE_12,CPU_USAGE_13,CPU_USAGE_14,CPU_USAGE_15,CPU_USAGE_2,CPU_USAGE_3,CPU_USAGE_4,CPU_USAGE_5,CPU_USAGE_6,CPU_USAGE_7,CPU_USAGE_8,CPU_USAGE_9,DRAM_ENERGY (J),PACKAGE_ENERGY (J),PP0_ENERGY (J),TOTAL_MEMORY,TOTAL_SWAP,USED_MEMORY,USED_SWAP
0,1778196460780,2100,844,800,1503,1290,828,800,2000,823,800,800,800,800,801,800,800,4.1666669845581055,8.333333969116211,0,0,4.1666669845581055,0,4,8,4.1666669845581055,0,4.1666669845581055,4,0,4,7.692307949066162,4,121543.54425048828,156556.0958251953,0,404332056576,8589930496,3881832448,0
199,1778196460780,2100,844,800,1503,1290,828,800,2000,823,800,800,800,800,801,800,800,4.1666669845581055,8.333333969116211,0,0,4.1666669845581055,0,4,8,4.1666669845581055,0,4.1666669845581055,4,0,4,7.692307949066162,4,121543.54425048828,156556.0958251953,0,404332056576,8589930496,3881832448,0
199,1778196460980,2100,844,800,1503,1290,828,800,2000,823,800,800,800,800,801,800,800,0,4.761904716491699,0,0,30.000001907348633,28.571430206298828,10.526315689086914,0,0,80,25,0,4.761904716491699,0,0,4.761904716491699,121545.78253173828,156561.8104248047,0,404332056576,8589930496,3909959680,0
199,1778196461181,2100,844,800,1503,1290,828,800,2000,823,800,800,800,800,801,800,800,70,60.000003814697266,0,0,23.809524536132813,10.526315689086914,14.285715103149414,5,0,71.42857360839844,80,23.809524536132813,10.526315689086914,20,0,0,121548.85467529297,156569.61309814453,0,404332056576,8589930496,3913314304,0
0,1778196461381,2100,844,800,1503,1290,828,800,2000,823,800,800,800,800,801,800,800,30.000001907348633,25,0,0,0,0,0,0,30.000001907348633,28.571430206298828,30.000001907348633,10,5,5,5,0,121550.30743408203,156574.86499023438,0,404332056576,8589930496,3913314304,0
