Delta,Time,CPU_FREQUENCY_0,CPU_FREQUENCY_1,CPU_FREQUENCY_10,CPU_FREQUENCY_11,CPU_FREQUENCY_12,CPU_FREQUENCY_13,CPU_FREQUENCY_14,CPU_FREQUENCY_15,CPU_FREQUENCY_2,CPU_FREQUENCY_3,CPU_FREQUENCY_4,CPU_FREQUENCY_5,CPU_FREQUENCY_6,CPU_FREQUENCY_7,CPU_FREQUENCY_8,CPU_FREQUENCY_9,CPU_USAGE_0,CPU_USAGE_1,CPU_USAGE_10,CPU_USAGE_11,CPU_USAGE_12,CPU_USAGE_13,CPU_USAGE_14,CPU_USAGE_15,CPU_USAGE_2,CPU_USAGE_3,CPU_USAGE_4,CPU_USAGE_5,CPU_USAGE_6,CPU_USAGE_7,CPU_USAGE_8,CPU_USAGE_9,DRAM_ENERGY (J),PACKAGE_ENERGY (J),PP0_ENERGY (J),TOTAL_MEMORY,TOTAL_SWAP,USED_MEMORY,USED_SWAP
0,1778194922622,1368,1187,1236,1175,938,952,800,2000,1999,800,800,800,800,800,1100,2100,3.846153974533081,4,3.846153974533081,4,4,0,8,3.846153974533081,0,4,0,0,4,3.846153974533081,4.1666669845581055,8,120957.68145751953,135474.15661621094,0,404332056576,8589930496,3801845760,0
200,1778194922622,1368,1187,1236,1175,938,952,800,2000,1999,800,800,800,800,800,1100,2100,3.846153974533081,4,3.846153974533081,4,4,0,8,3.846153974533081,0,4,0,0,4,3.846153974533081,4.1666669845581055,8,120957.68145751953,135474.15661621094,0,404332056576,8589930496,3801845760,0
199,1778194922822,1368,1187,1236,1175,938,952,800,2000,1999,800,800,800,800,800,1100,2100,75,0,0,25,5,20,20,5,9.523809432983398,0,0,0,0,0,4.761904716491699,15.000000953674316,120959.39288330078,135479.44274902344,0,404332056576,8589930496,3839709184,0
199,1778194923022,1368,1187,1236,1175,938,952,800,2000,1999,800,800,800,800,800,1100,2100,5.263157844543457,0,25,80.95238494873047,27.77777862548828,85,84.21052551269531,5,0,0,0,0,0,0,22.22222328186035,60.000003814697266,120961.90911865234,135484.99084472656,0,404332056576,8589930496,3843579904,0
0,1778194923222,1368,1187,1236,1175,938,952,800,2000,1999,800,800,800,800,800,1100,2100,26.3157901763916,0,5,26.3157901763916,25,25,28.571430206298828,0,0,0,0,0,0,0,10,0,120963.37237548828,135489.48376464844,0,404332056576,8589930496,3843579904,0
