Delta,Time,CPU_FREQUENCY_0,CPU_FREQUENCY_1,CPU_FREQUENCY_10,CPU_FREQUENCY_11,CPU_FREQUENCY_12,CPU_FREQUENCY_13,CPU_FREQUENCY_14,CPU_FREQUENCY_15,CPU_FREQUENCY_2,CPU_FREQUENCY_3,CPU_FREQUENCY_4,CPU_FREQUENCY_5,CPU_FREQUENCY_6,CPU_FREQUENCY_7,CPU_FREQUENCY_8,CPU_FREQUENCY_9,CPU_USAGE_0,CPU_USAGE_1,CPU_USAGE_10,CPU_USAGE_11,CPU_USAGE_12,CPU_USAGE_13,CPU_USAGE_14,CPU_USAGE_15,CPU_USAGE_2,CPU_USAGE_3,CPU_USAGE_4,CPU_USAGE_5,CPU_USAGE_6,CPU_USAGE_7,CPU_USAGE_8,CPU_USAGE_9,DRAM_ENERGY (J),PACKAGE_ENERGY (J),PP0_ENERGY (J),TOTAL_MEMORY,TOTAL_SWAP,USED_MEMORY,USED_SWAP
0,1778196082958,800,800,800,2099,800,1085,800,2000,892,800,2200,800,800,916,2000,800,0,0,0,4.1666669845581055,4.1666669845581055,0,0,0,4.1666669845581055,0,0,0,4.1666669845581055,0,4.34782600402832,4.1666669845581055,121376.39129638672,151364.68884277344,0,404332056576,8589930496,3877937152,0
200,1778196082958,800,800,800,2099,800,1085,800,2000,892,800,2200,800,800,916,2000,800,0,0,0,4.1666669845581055,4.1666669845581055,0,0,0,4.1666669845581055,0,0,0,4.1666669845581055,0,4.34782600402832,4.1666669845581055,121376.39129638672,151364.68884277344,0,404332056576,8589930496,3877937152,0
200,1778196083158,800,800,800,2099,800,1085,800,2000,892,800,2200,800,800,916,2000,800,75,14.285715103149414,27.272727966308594,5,19.047618865966797,4.761904716491699,10.526315689086914,21.052631378173828,9.523809432983398,0,0,0,0,0,9.523809432983398,0,121378.31451416016,151370.1495361328,0,404332056576,8589930496,3925934080,0
199,1778196083358,800,800,800,2099,800,1085,800,2000,892,800,2200,800,800,916,2000,800,10.526315689086914,5,73.68421173095703,21.052631378173828,15.789472579956055,70,80.95238494873047,57.142860412597656,5,0,0,0,0,0,55,0,121380.87591552734,151375.8911743164,0,404332056576,8589930496,3925934080,0
0,1778196083558,800,800,800,2099,800,1085,800,2000,892,800,2200,800,800,916,2000,800,30.000001907348633,0,30.000001907348633,5.263157844543457,0,31.57894515991211,35,10,0,0,0,0,0,0,30.000001907348633,0,121382.51885986328,151380.62475585938,0,404332056576,8589930496,3925929984,0
