Delta,Time,CPU_FREQUENCY_0,CPU_FREQUENCY_1,CPU_FREQUENCY_10,CPU_FREQUENCY_11,CPU_FREQUENCY_12,CPU_FREQUENCY_13,CPU_FREQUENCY_14,CPU_FREQUENCY_15,CPU_FREQUENCY_2,CPU_FREQUENCY_3,CPU_FREQUENCY_4,CPU_FREQUENCY_5,CPU_FREQUENCY_6,CPU_FREQUENCY_7,CPU_FREQUENCY_8,CPU_FREQUENCY_9,CPU_USAGE_0,CPU_USAGE_1,CPU_USAGE_10,CPU_USAGE_11,CPU_USAGE_12,CPU_USAGE_13,CPU_USAGE_14,CPU_USAGE_15,CPU_USAGE_2,CPU_USAGE_3,CPU_USAGE_4,CPU_USAGE_5,CPU_USAGE_6,CPU_USAGE_7,CPU_USAGE_8,CPU_USAGE_9,DRAM_ENERGY (J),PACKAGE_ENERGY (J),PP0_ENERGY (J),TOTAL_MEMORY,TOTAL_SWAP,USED_MEMORY,USED_SWAP
0,1778194389683,801,2921,800,1166,800,2000,2500,2100,800,800,800,1674,800,800,800,800,0,0,0,4.34782600402832,8,4.1666669845581055,8.333333969116211,0,4.1666669845581055,0,4.1666669845581055,0,0,4.1666669845581055,12.5,4.1666669845581055,120783.89227294922,128211.45489501953,0,404332056576,8589930496,3839406080,0
200,1778194389683,801,2921,800,1166,800,2000,2500,2100,800,800,800,1674,800,800,800,800,0,0,0,4.34782600402832,8,4.1666669845581055,8.333333969116211,0,4.1666669845581055,0,4.1666669845581055,0,0,4.1666669845581055,12.5,4.1666669845581055,120783.89227294922,128211.45489501953,0,404332056576,8589930496,3839406080,0
199,1778194389883,801,2921,800,1166,800,2000,2500,2100,800,800,800,1674,800,800,800,800,100,26.3157901763916,0,0,15.000000953674316,0,0,0,23.809524536132813,10.526315689086914,0,0,0,0,5,0,120785.8208618164,128217.27941894531,0,404332056576,8589930496,3877335040,0
199,1778194390083,801,2921,800,1166,800,2000,2500,2100,800,800,800,1674,800,800,800,800,47.619049072265625,45,0,0,0,0,0,0,84.21052551269531,81.81818389892578,22.22222328186035,10.526315689086914,21.052631378173828,68.42105102539063,10,4.761904716491699,120788.83404541016,128225.43017578125,0,404332056576,8589930496,3879141376,0
0,1778194390283,801,2921,800,1166,800,2000,2500,2100,800,800,800,1674,800,800,800,800,21.052631378173828,30.000001907348633,0,0,0,0,0,0,25,25,9.523809432983398,0,9.523809432983398,25,0,0,120790.84338378906,128230.9115600586,0,404332056576,8589930496,3874672640,0
