Delta,Time,CPU_FREQUENCY_0,CPU_FREQUENCY_1,CPU_FREQUENCY_10,CPU_FREQUENCY_11,CPU_FREQUENCY_12,CPU_FREQUENCY_13,CPU_FREQUENCY_14,CPU_FREQUENCY_15,CPU_FREQUENCY_2,CPU_FREQUENCY_3,CPU_FREQUENCY_4,CPU_FREQUENCY_5,CPU_FREQUENCY_6,CPU_FREQUENCY_7,CPU_FREQUENCY_8,CPU_FREQUENCY_9,CPU_USAGE_0,CPU_USAGE_1,CPU_USAGE_10,CPU_USAGE_11,CPU_USAGE_12,CPU_USAGE_13,CPU_USAGE_14,CPU_USAGE_15,CPU_USAGE_2,CPU_USAGE_3,CPU_USAGE_4,CPU_USAGE_5,CPU_USAGE_6,CPU_USAGE_7,CPU_USAGE_8,CPU_USAGE_9,DRAM_ENERGY (J),PACKAGE_ENERGY (J),PP0_ENERGY (J),TOTAL_MEMORY,TOTAL_SWAP,USED_MEMORY,USED_SWAP
0,1778195583161,915,1032,799,800,2000,2100,1874,1266,800,800,799,800,800,2080,800,800,8,0,0,0,7.692307949066162,0,4,4,4,0,0,4,0,0,8,4.1666669845581055,121228.85821533203,144566.27508544922,0,404332056576,8589930496,3826118656,0
200,1778195583161,915,1032,799,800,2000,2100,1874,1266,800,800,799,800,800,2080,800,800,8,0,0,0,7.692307949066162,0,4,4,4,0,0,4,0,0,8,4.1666669845581055,121228.85821533203,144566.27508544922,0,404332056576,8589930496,3826118656,0
199,1778195583361,915,1032,799,800,2000,2100,1874,1266,800,800,799,800,800,2080,800,800,94.73684692382813,25,0,23.809524536132813,0,0,0,0,5,0,4.761904716491699,20,0,0,5,9.523809432983398,121230.75073242188,144572.1658935547,0,404332056576,8589930496,3872018432,0
199,1778195583561,915,1032,799,800,2000,2100,1874,1266,800,800,799,800,800,2080,800,800,36.3636360168457,76.19047546386719,4.761904716491699,5,0,0,0,0,21.052631378173828,15.789472579956055,25,80,80,45,15.000000953674316,0,121233.83367919922,144580.07958984375,0,404332056576,8589930496,3873824768,0
0,1778195583762,915,1032,799,800,2000,2100,1874,1266,800,800,799,800,800,2080,800,800,31.57894515991211,25,0,0,0,0,0,0,10,5,10,31.57894515991211,38.095237731933594,33.333335876464844,0,0,121235.9672241211,144585.88055419922,0,404332056576,8589930496,3877113856,0
