Delta,Time,CPU_FREQUENCY_0,CPU_FREQUENCY_1,CPU_FREQUENCY_10,CPU_FREQUENCY_11,CPU_FREQUENCY_12,CPU_FREQUENCY_13,CPU_FREQUENCY_14,CPU_FREQUENCY_15,CPU_FREQUENCY_2,CPU_FREQUENCY_3,CPU_FREQUENCY_4,CPU_FREQUENCY_5,CPU_FREQUENCY_6,CPU_FREQUENCY_7,CPU_FREQUENCY_8,CPU_FREQUENCY_9,CPU_USAGE_0,CPU_USAGE_1,CPU_USAGE_10,CPU_USAGE_11,CPU_USAGE_12,CPU_USAGE_13,CPU_USAGE_14,CPU_USAGE_15,CPU_USAGE_2,CPU_USAGE_3,CPU_USAGE_4,CPU_USAGE_5,CPU_USAGE_6,CPU_USAGE_7,CPU_USAGE_8,CPU_USAGE_9,DRAM_ENERGY (J),PACKAGE_ENERGY (J),PP0_ENERGY (J),TOTAL_MEMORY,TOTAL_SWAP,USED_MEMORY,USED_SWAP
0,1778195738807,1000,800,800,800,800,2099,809,800,800,1596,1620,1500,1100,1532,800,800,0,0,0,0,0,4.34782600402832,8,4.1666669845581055,0,4.34782600402832,4.1666669845581055,0,4.1666669845581055,8.69565200805664,4.1666669845581055,0,121280.91278076172,146687.2587890625,0,404332056576,8589930496,3899576320,0
200,1778195738807,1000,800,800,800,800,2099,809,800,800,1596,1620,1500,1100,1532,800,800,0,0,0,0,0,4.34782600402832,8,4.1666669845581055,0,4.34782600402832,4.1666669845581055,0,4.1666669845581055,8.69565200805664,4.1666669845581055,0,121280.91278076172,146687.2587890625,0,404332056576,8589930496,3899576320,0
199,1778195739008,1000,800,800,800,800,2099,809,800,800,1596,1620,1500,1100,1532,800,800,30.000001907348633,9.090909004211426,76.19047546386719,19.047618865966797,4.761904716491699,0,0,0,30.000001907348633,10,0,15.789472579956055,4.761904716491699,0,0,0,121281.67407226563,146692.45013427734,0,404332056576,8589930496,3948343296,0
199,1778195739208,1000,800,800,800,800,2099,809,800,800,1596,1620,1500,1100,1532,800,800,35,10.526315689086914,0,0,0,0,0,0,80,80.95238494873047,65,76.19047546386719,11.764705657958984,10,5,0,121284.60852050781,146700.46697998047,0,404332056576,8589930496,3948597248,0
0,1778195739408,1000,800,800,800,800,2099,809,800,800,1596,1620,1500,1100,1532,800,800,0,25,30.000001907348633,0,0,0,0,0,10.526315689086914,31.57894515991211,31.57894515991211,31.57894515991211,14.285715103149414,0,5,0,121286.20544433594,146706.15161132813,0,404332056576,8589930496,3949113344,0
