Delta,Time,CPU_FREQUENCY_0,CPU_FREQUENCY_1,CPU_FREQUENCY_10,CPU_FREQUENCY_11,CPU_FREQUENCY_12,CPU_FREQUENCY_13,CPU_FREQUENCY_14,CPU_FREQUENCY_15,CPU_FREQUENCY_2,CPU_FREQUENCY_3,CPU_FREQUENCY_4,CPU_FREQUENCY_5,CPU_FREQUENCY_6,CPU_FREQUENCY_7,CPU_FREQUENCY_8,CPU_FREQUENCY_9,CPU_USAGE_0,CPU_USAGE_1,CPU_USAGE_10,CPU_USAGE_11,CPU_USAGE_12,CPU_USAGE_13,CPU_USAGE_14,CPU_USAGE_15,CPU_USAGE_2,CPU_USAGE_3,CPU_USAGE_4,CPU_USAGE_5,CPU_USAGE_6,CPU_USAGE_7,CPU_USAGE_8,CPU_USAGE_9,DRAM_ENERGY (J),PACKAGE_ENERGY (J),PP0_ENERGY (J),TOTAL_MEMORY,TOTAL_SWAP,USED_MEMORY,USED_SWAP
0,1778193037382,2099,2538,800,800,1450,820,813,2100,800,799,800,800,800,800,2000,800,0,4.1666669845581055,4,0,4,4,0,3.846153974533081,0,4,0,0,3.846153974533081,3.846153974533081,0,0,120198.02770996094,109654.41693115234,0,404332056576,8589930496,3867312128,0
199,1778193037382,2099,2538,800,800,1450,820,813,2100,800,799,800,800,800,800,2000,800,0,4.1666669845581055,4,0,4,4,0,3.846153974533081,0,4,0,0,3.846153974533081,3.846153974533081,0,0,120198.02770996094,109654.41693115234,0,404332056576,8589930496,3867312128,0
199,1778193037583,2099,2538,800,800,1450,820,813,2100,800,799,800,800,800,800,2000,800,70,14.285715103149414,0,5,15.000000953674316,5,0,5.263157844543457,25,0,0,5,0,0,23.809524536132813,25,120199.98114013672,109659.93383789063,0,404332056576,8589930496,3892572160,0
199,1778193037783,2099,2538,800,800,1450,820,813,2100,800,799,800,800,800,800,2000,800,0,0,11.111111640930176,23.809524536132813,85,80,0,25,0,0,0,0,0,0,84.21052551269531,80,120202.35522460938,109665.47674560547,0,404332056576,8589930496,3894341632,0
0,1778193037983,2099,2538,800,800,1450,820,813,2100,800,799,800,800,800,800,2000,800,5,30.000001907348633,5,10,30.000001907348633,28.571430206298828,5,5.263157844543457,0,0,4.761904716491699,4.761904716491699,0,0,20,30.000001907348633,120203.68823242188,109670.20568847656,0,404332056576,8589930496,3888144384,0
