Delta,Time,CPU_FREQUENCY_0,CPU_FREQUENCY_1,CPU_FREQUENCY_10,CPU_FREQUENCY_11,CPU_FREQUENCY_12,CPU_FREQUENCY_13,CPU_FREQUENCY_14,CPU_FREQUENCY_15,CPU_FREQUENCY_2,CPU_FREQUENCY_3,CPU_FREQUENCY_4,CPU_FREQUENCY_5,CPU_FREQUENCY_6,CPU_FREQUENCY_7,CPU_FREQUENCY_8,CPU_FREQUENCY_9,CPU_USAGE_0,CPU_USAGE_1,CPU_USAGE_10,CPU_USAGE_11,CPU_USAGE_12,CPU_USAGE_13,CPU_USAGE_14,CPU_USAGE_15,CPU_USAGE_2,CPU_USAGE_3,CPU_USAGE_4,CPU_USAGE_5,CPU_USAGE_6,CPU_USAGE_7,CPU_USAGE_8,CPU_USAGE_9,DRAM_ENERGY (J),PACKAGE_ENERGY (J),PP0_ENERGY (J),TOTAL_MEMORY,TOTAL_SWAP,USED_MEMORY,USED_SWAP
0,1778192881295,1040,1651,800,800,800,1318,1684,849,800,800,1000,800,2099,1802,1500,1100,0,12,0,4,0,4.1666669845581055,0,0,4.1666669845581055,7.692307949066162,0,4,0,4,0,4.1666669845581055,120139.05041503906,107526.97961425781,0,404332056576,8589930496,3861573632,0
199,1778192881296,1040,1651,800,800,800,1318,1684,849,800,800,1000,800,2099,1802,1500,1100,0,12,0,4,0,4.1666669845581055,0,0,4.1666669845581055,7.692307949066162,0,4,0,4,0,4.1666669845581055,120139.0537109375,107527.00091552734,0,404332056576,8589930496,3861573632,0
199,1778192881496,1040,1651,800,800,800,1318,1684,849,800,800,1000,800,2099,1802,1500,1100,9.523809432983398,25,0,0,0,0,76.19047546386719,20,0,0,15.000000953674316,10,0,26.3157901763916,0,0,120140.07220458984,107532.07177734375,0,404332056576,8589930496,3903881216,0
199,1778192881696,1040,1651,800,800,800,1318,1684,849,800,800,1000,800,2099,1802,1500,1100,38.88888931274414,52.6315803527832,0,0,0,0,5,0,10.526315689086914,20,85.71428680419922,80.95238494873047,0,80.95238494873047,10,0,120143.08404541016,107540.06475830078,0,404332056576,8589930496,3905110016,0
0,1778192881896,1040,1651,800,800,800,1318,1684,849,800,800,1000,800,2099,1802,1500,1100,9.523809432983398,10,0,0,0,0,30.000001907348633,0,5,10,30.000001907348633,31.57894515991211,33.333335876464844,35,0,0,120144.71661376953,107545.75671386719,0,404332056576,8589930496,3898400768,0
