Delta,Time,CPU_FREQUENCY_0,CPU_FREQUENCY_1,CPU_FREQUENCY_10,CPU_FREQUENCY_11,CPU_FREQUENCY_12,CPU_FREQUENCY_13,CPU_FREQUENCY_14,CPU_FREQUENCY_15,CPU_FREQUENCY_2,CPU_FREQUENCY_3,CPU_FREQUENCY_4,CPU_FREQUENCY_5,CPU_FREQUENCY_6,CPU_FREQUENCY_7,CPU_FREQUENCY_8,CPU_FREQUENCY_9,CPU_USAGE_0,CPU_USAGE_1,CPU_USAGE_10,CPU_USAGE_11,CPU_USAGE_12,CPU_USAGE_13,CPU_USAGE_14,CPU_USAGE_15,CPU_USAGE_2,CPU_USAGE_3,CPU_USAGE_4,CPU_USAGE_5,CPU_USAGE_6,CPU_USAGE_7,CPU_USAGE_8,CPU_USAGE_9,DRAM_ENERGY (J),PACKAGE_ENERGY (J),PP0_ENERGY (J),TOTAL_MEMORY,TOTAL_SWAP,USED_MEMORY,USED_SWAP
0,1778194327590,1755,800,800,2000,2000,800,2000,2100,800,800,1100,800,988,886,800,800,0,0,0,7.692307949066162,0,0,0,12.5,4,0,0,0,4,0,0,0,120769.09497070313,127377.10516357422,0,404332056576,8589930496,3870855168,0
199,1778194327590,1755,800,800,2000,2000,800,2000,2100,800,800,1100,800,988,886,800,800,0,0,0,7.692307949066162,0,0,0,12.5,4,0,0,0,4,0,0,0,120769.09497070313,127377.10516357422,0,404332056576,8589930496,3870855168,0
199,1778194327791,1755,800,800,2000,2000,800,2000,2100,800,800,1100,800,988,886,800,800,95.23809814453125,28.571430206298828,0,0,0,28.571430206298828,0,15.000000953674316,15.000000953674316,0,4.761904716491699,5,5,0,0,0,120771.27868652344,127383.01629638672,0,404332056576,8589930496,3902279680,0
199,1778194327991,1755,800,800,2000,2000,800,2000,2100,800,800,1100,800,988,886,800,800,47.36842346191406,55,0,0,0,0,0,0,84.21052551269531,10.526315689086914,25,23.809524536132813,85,55,10,0,120774.28869628906,127390.88592529297,0,404332056576,8589930496,3904086016,0
0,1778194328191,1755,800,800,2000,2000,800,2000,2100,800,800,1100,800,988,886,800,800,20,26.3157901763916,0,0,0,0,0,0,33.333335876464844,9.523809432983398,5.263157844543457,5.263157844543457,35,35,10,0,120776.46899414063,127396.611328125,0,404332056576,8589930496,3904086016,0
