Delta,Time,CPU_FREQUENCY_0,CPU_FREQUENCY_1,CPU_FREQUENCY_10,CPU_FREQUENCY_11,CPU_FREQUENCY_12,CPU_FREQUENCY_13,CPU_FREQUENCY_14,CPU_FREQUENCY_15,CPU_FREQUENCY_2,CPU_FREQUENCY_3,CPU_FREQUENCY_4,CPU_FREQUENCY_5,CPU_FREQUENCY_6,CPU_FREQUENCY_7,CPU_FREQUENCY_8,CPU_FREQUENCY_9,CPU_USAGE_0,CPU_USAGE_1,CPU_USAGE_10,CPU_USAGE_11,CPU_USAGE_12,CPU_USAGE_13,CPU_USAGE_14,CPU_USAGE_15,CPU_USAGE_2,CPU_USAGE_3,CPU_USAGE_4,CPU_USAGE_5,CPU_USAGE_6,CPU_USAGE_7,CPU_USAGE_8,CPU_USAGE_9,DRAM_ENERGY (J),PACKAGE_ENERGY (J),PP0_ENERGY (J),TOTAL_MEMORY,TOTAL_SWAP,USED_MEMORY,USED_SWAP
0,1778193006520,800,800,800,2100,1782,1849,800,800,800,1506,1332,1000,1636,800,2100,800,0,0,8.333333969116211,4,4,4.1666669845581055,4.1666669845581055,4.1666669845581055,0,4,0,4.1666669845581055,0,4,4,4,120187.47930908203,109239.7592163086,0,404332056576,8589930496,3827187712,0
200,1778193006520,800,800,800,2100,1782,1849,800,800,800,1506,1332,1000,1636,800,2100,800,0,0,8.333333969116211,4,4,4.1666669845581055,4.1666669845581055,4.1666669845581055,0,4,0,4.1666669845581055,0,4,4,4,120187.48059082031,109239.78338623047,0,404332056576,8589930496,3827187712,0
199,1778193006721,800,800,800,2100,1782,1849,800,800,800,1506,1332,1000,1636,800,2100,800,95.23809814453125,25,14.285715103149414,5.263157844543457,0,0,0,0,21.052631378173828,19.047618865966797,0,4.761904716491699,9.523809432983398,0,0,0,120189.47967529297,109245.71026611328,0,404332056576,8589930496,3887022080,0
199,1778193006921,800,800,800,2100,1782,1849,800,800,800,1506,1332,1000,1636,800,2100,800,31.57894515991211,85,0,0,0,0,0,0,80,80,25,0,15.789472579956055,40,15.000000953674316,0,120192.53900146484,109253.67553710938,0,404332056576,8589930496,3888828416,0
0,1778193007121,800,800,800,2100,1782,1849,800,800,800,1506,1332,1000,1636,800,2100,800,30.000001907348633,30.000001907348633,0,0,0,0,0,0,28.571430206298828,26.3157901763916,10,9.523809432983398,10,30.000001907348633,0,0,120194.57629394531,109259.25030517578,0,404332056576,8589930496,3888828416,0
