Delta,Time,CPU_FREQUENCY_0,CPU_FREQUENCY_1,CPU_FREQUENCY_10,CPU_FREQUENCY_11,CPU_FREQUENCY_12,CPU_FREQUENCY_13,CPU_FREQUENCY_14,CPU_FREQUENCY_15,CPU_FREQUENCY_2,CPU_FREQUENCY_3,CPU_FREQUENCY_4,CPU_FREQUENCY_5,CPU_FREQUENCY_6,CPU_FREQUENCY_7,CPU_FREQUENCY_8,CPU_FREQUENCY_9,CPU_USAGE_0,CPU_USAGE_1,CPU_USAGE_10,CPU_USAGE_11,CPU_USAGE_12,CPU_USAGE_13,CPU_USAGE_14,CPU_USAGE_15,CPU_USAGE_2,CPU_USAGE_3,CPU_USAGE_4,CPU_USAGE_5,CPU_USAGE_6,CPU_USAGE_7,CPU_USAGE_8,CPU_USAGE_9,DRAM_ENERGY (J),PACKAGE_ENERGY (J),PP0_ENERGY (J),TOTAL_MEMORY,TOTAL_SWAP,USED_MEMORY,USED_SWAP
0,1778195645867,1999,2663,800,800,800,2099,800,800,800,2000,800,800,1047,2100,800,2000,0,4.1666669845581055,7.692307949066162,4.1666669845581055,0,0,0,0,0,4,7.692307949066162,0,4,4,0,8.333333969116211,121261.27154541016,145432.56048583984,0,404332056576,8589930496,3850174464,0
199,1778195645867,1999,2663,800,800,800,2099,800,800,800,2000,800,800,1047,2100,800,2000,0,4.1666669845581055,7.692307949066162,4.1666669845581055,0,0,0,0,0,4,7.692307949066162,0,4,4,0,8.333333969116211,121261.27923583984,145432.5830078125,0,404332056576,8589930496,3850174464,0
200,1778195646067,1999,2663,800,800,800,2099,800,800,800,2000,800,800,1047,2100,800,2000,95,20,0,0,0,15.000000953674316,4.761904716491699,20,5.263157844543457,0,0,0,0,0,4.761904716491699,0,121262.97302246094,145438.0278930664,0,404332056576,8589930496,3908751360,0
199,1778195646267,1999,2663,800,800,800,2099,800,800,800,2000,800,800,1047,2100,800,2000,50,60.000003814697266,5.263157844543457,0,0,0,0,0,78.94737243652344,76.19047546386719,16.666667938232422,10.526315689086914,20,50,5.263157844543457,0,121266.00579833984,145445.9292602539,0,404332056576,8589930496,3911045120,0
0,1778195646467,1999,2663,800,800,800,2099,800,800,800,2000,800,800,1047,2100,800,2000,35,0,0,0,0,0,0,0,38.095237731933594,68.42105102539063,10.526315689086914,5,10,35,5,0,121268.51440429688,145452.1544189453,0,404332056576,8589930496,3911561216,0
