Delta,Time,CPU_FREQUENCY_0,CPU_FREQUENCY_1,CPU_FREQUENCY_10,CPU_FREQUENCY_11,CPU_FREQUENCY_12,CPU_FREQUENCY_13,CPU_FREQUENCY_14,CPU_FREQUENCY_15,CPU_FREQUENCY_2,CPU_FREQUENCY_3,CPU_FREQUENCY_4,CPU_FREQUENCY_5,CPU_FREQUENCY_6,CPU_FREQUENCY_7,CPU_FREQUENCY_8,CPU_FREQUENCY_9,CPU_USAGE_0,CPU_USAGE_1,CPU_USAGE_10,CPU_USAGE_11,CPU_USAGE_12,CPU_USAGE_13,CPU_USAGE_14,CPU_USAGE_15,CPU_USAGE_2,CPU_USAGE_3,CPU_USAGE_4,CPU_USAGE_5,CPU_USAGE_6,CPU_USAGE_7,CPU_USAGE_8,CPU_USAGE_9,DRAM_ENERGY (J),PACKAGE_ENERGY (J),PP0_ENERGY (J),TOTAL_MEMORY,TOTAL_SWAP,USED_MEMORY,USED_SWAP
0,1778195926304,836,800,2000,800,1000,800,2100,808,800,1938,800,1600,800,2017,800,800,0,0,4,0,0,0,8.333333969116211,4,0,4.1666669845581055,4,4,0,0,0,0,121334.86706542969,149238.84979248047,0,404332056576,8589930496,3935137792,0
199,1778195926304,836,800,2000,800,1000,800,2100,808,800,1938,800,1600,800,2017,800,800,0,0,4,0,0,0,8.333333969116211,4,0,4.1666669845581055,4,4,0,0,0,0,121334.86706542969,149238.84979248047,0,404332056576,8589930496,3935137792,0
199,1778195926504,836,800,2000,800,1000,800,2100,808,800,1938,800,1600,800,2017,800,800,70,5,10,0,26.3157901763916,30.000001907348633,5.263157844543457,0,15.000000953674316,0,0,0,0,0,5,23.809524536132813,121336.69952392578,149244.33038330078,0,404332056576,8589930496,3967623168,0
199,1778195926704,836,800,2000,800,1000,800,2100,808,800,1938,800,1600,800,2017,800,800,9.523809432983398,0,85,55,28.571430206298828,80,10.526315689086914,25,0,0,0,0,0,0,23.809524536132813,84.21052551269531,121338.80297851563,149249.95013427734,0,404332056576,8589930496,3969347584,0
0,1778195926904,836,800,2000,800,1000,800,2100,808,800,1938,800,1600,800,2017,800,800,31.57894515991211,0,25,25,0,28.571430206298828,5,10,0,0,0,0,0,0,5,19.047618865966797,121339.99810791016,149254.4204711914,0,404332056576,8589930496,3969347584,0
