Delta,Time,CPU_FREQUENCY_0,CPU_FREQUENCY_1,CPU_FREQUENCY_10,CPU_FREQUENCY_11,CPU_FREQUENCY_12,CPU_FREQUENCY_13,CPU_FREQUENCY_14,CPU_FREQUENCY_15,CPU_FREQUENCY_2,CPU_FREQUENCY_3,CPU_FREQUENCY_4,CPU_FREQUENCY_5,CPU_FREQUENCY_6,CPU_FREQUENCY_7,CPU_FREQUENCY_8,CPU_FREQUENCY_9,CPU_USAGE_0,CPU_USAGE_1,CPU_USAGE_10,CPU_USAGE_11,CPU_USAGE_12,CPU_USAGE_13,CPU_USAGE_14,CPU_USAGE_15,CPU_USAGE_2,CPU_USAGE_3,CPU_USAGE_4,CPU_USAGE_5,CPU_USAGE_6,CPU_USAGE_7,CPU_USAGE_8,CPU_USAGE_9,DRAM_ENERGY (J),PACKAGE_ENERGY (J),PP0_ENERGY (J),TOTAL_MEMORY,TOTAL_SWAP,USED_MEMORY,USED_SWAP
0,1778196806782,828,2000,976,970,855,800,975,800,799,1999,2000,1000,2000,800,2100,1999,0,0,0,0,7.692307949066162,4,7.692307949066162,0,0,0,4,0,4,4,4.1666669845581055,4.34782600402832,121670.85418701172,161304.76013183594,0,404332056576,8589930496,3824017408,0
199,1778196806782,828,2000,976,970,855,800,975,800,799,1999,2000,1000,2000,800,2100,1999,0,0,0,0,7.692307949066162,4,7.692307949066162,0,0,0,4,0,4,4,4.1666669845581055,4.34782600402832,121670.85656738281,161304.78240966797,0,404332056576,8589930496,3824017408,0
199,1778196806982,828,2000,976,970,855,800,975,800,799,1999,2000,1000,2000,800,2100,1999,19.047618865966797,28.571430206298828,0,0,89.47368621826172,20,21.052631378173828,4.761904716491699,5,0,0,10,0,0,0,9.090909004211426,121671.40051269531,161309.66040039063,0,404332056576,8589930496,3858079744,0
200,1778196807182,828,2000,976,970,855,800,975,800,799,1999,2000,1000,2000,800,2100,1999,19.047618865966797,28.571430206298828,0,0,89.47368621826172,20,21.052631378173828,4.761904716491699,5,0,0,10,0,0,0,9.090909004211426,121672.27648925781,161315.07067871094,0,404332056576,8589930496,3859628032,0
0,1778196807383,828,2000,976,970,855,800,975,800,799,1999,2000,1000,2000,800,2100,1999,0,2.4390242099761963,43.90243911743164,12.820513725280762,53.84615707397461,48.71794891357422,53.658538818359375,17.5,0,0,0,2.5,0,0,12.5,21.052631378173828,121672.68194580078,161319.2957763672,0,404332056576,8589930496,3860398080,0
