Delta,Time,CPU_FREQUENCY_0,CPU_FREQUENCY_1,CPU_FREQUENCY_10,CPU_FREQUENCY_11,CPU_FREQUENCY_12,CPU_FREQUENCY_13,CPU_FREQUENCY_14,CPU_FREQUENCY_15,CPU_FREQUENCY_2,CPU_FREQUENCY_3,CPU_FREQUENCY_4,CPU_FREQUENCY_5,CPU_FREQUENCY_6,CPU_FREQUENCY_7,CPU_FREQUENCY_8,CPU_FREQUENCY_9,CPU_USAGE_0,CPU_USAGE_1,CPU_USAGE_10,CPU_USAGE_11,CPU_USAGE_12,CPU_USAGE_13,CPU_USAGE_14,CPU_USAGE_15,CPU_USAGE_2,CPU_USAGE_3,CPU_USAGE_4,CPU_USAGE_5,CPU_USAGE_6,CPU_USAGE_7,CPU_USAGE_8,CPU_USAGE_9,DRAM_ENERGY (J),PACKAGE_ENERGY (J),PP0_ENERGY (J),TOTAL_MEMORY,TOTAL_SWAP,USED_MEMORY,USED_SWAP
0,1778193762422,800,1761,800,800,800,858,2000,2100,933,2000,800,800,800,854,824,811,7.692307949066162,0,0,4.1666669845581055,4.34782600402832,8,4.1666669845581055,12,8,0,0,4,0,7.692307949066162,4,0,120550.58081054688,119632.3041381836,0,404332056576,8589930496,3834511360,0
200,1778193762422,800,1761,800,800,800,858,2000,2100,933,2000,800,800,800,854,824,811,7.692307949066162,0,0,4.1666669845581055,4.34782600402832,8,4.1666669845581055,12,8,0,0,4,0,7.692307949066162,4,0,120550.58081054688,119632.3041381836,0,404332056576,8589930496,3834511360,0
199,1778193762622,800,1761,800,800,800,858,2000,2100,933,2000,800,800,800,854,824,811,66.66667175292969,5,5,5,25,15.000000953674316,0,30.000001907348633,10.526315689086914,0,0,0,0,0,0,30.000001907348633,120552.50500488281,119638.04052734375,0,404332056576,8589930496,3896078336,0
199,1778193762822,800,1761,800,800,800,858,2000,2100,933,2000,800,800,800,854,824,811,5,4.761904716491699,21.052631378173828,20,80.95238494873047,80,75,80.95238494873047,0,0,0,0,0,0,15.000000953674316,14.285715103149414,120554.48217773438,119643.57720947266,0,404332056576,8589930496,3896594432,0
0,1778193763023,800,1761,800,800,800,858,2000,2100,933,2000,800,800,800,854,824,811,30.000001907348633,0,0,5.263157844543457,21.052631378173828,25,23.809524536132813,21.052631378173828,0,0,0,0,0,0,0,0,120555.73266601563,119648.02502441406,0,404332056576,8589930496,3880595456,0
