Delta,Time,CPU_FREQUENCY_0,CPU_FREQUENCY_1,CPU_FREQUENCY_10,CPU_FREQUENCY_11,CPU_FREQUENCY_12,CPU_FREQUENCY_13,CPU_FREQUENCY_14,CPU_FREQUENCY_15,CPU_FREQUENCY_2,CPU_FREQUENCY_3,CPU_FREQUENCY_4,CPU_FREQUENCY_5,CPU_FREQUENCY_6,CPU_FREQUENCY_7,CPU_FREQUENCY_8,CPU_FREQUENCY_9,CPU_USAGE_0,CPU_USAGE_1,CPU_USAGE_10,CPU_USAGE_11,CPU_USAGE_12,CPU_USAGE_13,CPU_USAGE_14,CPU_USAGE_15,CPU_USAGE_2,CPU_USAGE_3,CPU_USAGE_4,CPU_USAGE_5,CPU_USAGE_6,CPU_USAGE_7,CPU_USAGE_8,CPU_USAGE_9,DRAM_ENERGY (J),PACKAGE_ENERGY (J),PP0_ENERGY (J),TOTAL_MEMORY,TOTAL_SWAP,USED_MEMORY,USED_SWAP
0,1778196020859,800,800,800,800,800,800,800,2000,800,2000,3200,800,800,2099,2047,1999,4.1666669845581055,12.5,0,0,4.1666669845581055,4.1666669845581055,4.1666669845581055,0,0,0,0,4.1666669845581055,8,4.34782600402832,0,4.1666669845581055,121369.6498413086,150536.7924194336,0,404332056576,8589930496,3888185344,0
200,1778196020859,800,800,800,800,800,800,800,2000,800,2000,3200,800,800,2099,2047,1999,4.1666669845581055,12.5,0,0,4.1666669845581055,4.1666669845581055,4.1666669845581055,0,0,0,0,4.1666669845581055,8,4.34782600402832,0,4.1666669845581055,121369.6498413086,150536.7924194336,0,404332056576,8589930496,3888185344,0
199,1778196021059,800,800,800,800,800,800,800,2000,800,2000,3200,800,800,2099,2047,1999,25,4.761904716491699,0,90.47618865966797,25,10,5,15.000000953674316,20,0,0,4.761904716491699,0,0,0,0,121370.69439697266,150541.65069580078,0,404332056576,8589930496,3920412672,0
199,1778196021259,800,800,800,800,800,800,800,2000,800,2000,3200,800,800,2099,2047,1999,5,0,15.000000953674316,65,80,80,21.052631378173828,85,0,0,0,0,0,0,15.000000953674316,20,121371.94750976563,150547.10772705078,0,404332056576,8589930496,3922219008,0
0,1778196021459,800,800,800,800,800,800,800,2000,800,2000,3200,800,800,2099,2047,1999,0,0,31.57894515991211,26.3157901763916,33.333335876464844,30.000001907348633,0,33.333335876464844,0,0,0,0,0,0,5,10,121372.58697509766,150551.7318725586,0,404332056576,8589930496,3916025856,0
