Delta,Time,CPU_FREQUENCY_0,CPU_FREQUENCY_1,CPU_FREQUENCY_10,CPU_FREQUENCY_11,CPU_FREQUENCY_12,CPU_FREQUENCY_13,CPU_FREQUENCY_14,CPU_FREQUENCY_15,CPU_FREQUENCY_2,CPU_FREQUENCY_3,CPU_FREQUENCY_4,CPU_FREQUENCY_5,CPU_FREQUENCY_6,CPU_FREQUENCY_7,CPU_FREQUENCY_8,CPU_FREQUENCY_9,CPU_USAGE_0,CPU_USAGE_1,CPU_USAGE_10,CPU_USAGE_11,CPU_USAGE_12,CPU_USAGE_13,CPU_USAGE_14,CPU_USAGE_15,CPU_USAGE_2,CPU_USAGE_3,CPU_USAGE_4,CPU_USAGE_5,CPU_USAGE_6,CPU_USAGE_7,CPU_USAGE_8,CPU_USAGE_9,DRAM_ENERGY (J),PACKAGE_ENERGY (J),PP0_ENERGY (J),TOTAL_MEMORY,TOTAL_SWAP,USED_MEMORY,USED_SWAP
0,1778192535318,1388,800,800,800,1500,2000,2100,1505,2000,2000,800,800,799,1284,800,800,4.1666669845581055,0,8.333333969116211,4,0,4,4.1666669845581055,8,0,0,4,0,7.692307949066162,0,0,0,120001.64477539063,102766.6382446289,0,404332056576,8589930496,3788304384,0
199,1778192535318,1388,800,800,800,1500,2000,2100,1505,2000,2000,800,800,799,1284,800,800,4.1666669845581055,0,8.333333969116211,4,0,4,4.1666669845581055,8,0,0,4,0,7.692307949066162,0,0,0,120001.64477539063,102766.6382446289,0,404332056576,8589930496,3788304384,0
199,1778192535518,1388,800,800,800,1500,2000,2100,1505,2000,2000,800,800,799,1284,800,800,85,19.047618865966797,23.809524536132813,0,4.761904716491699,10,0,0,4.761904716491699,4.761904716491699,0,0,0,0,30.000001907348633,18.18181800842285,120003.58349609375,102772.20794677734,0,404332056576,8589930496,3842461696,0
200,1778192535718,1388,800,800,800,1500,2000,2100,1505,2000,2000,800,800,799,1284,800,800,85,19.047618865966797,23.809524536132813,0,4.761904716491699,10,0,0,4.761904716491699,4.761904716491699,0,0,0,0,30.000001907348633,18.18181800842285,120005.74383544922,102777.83489990234,0,404332056576,8589930496,3843444736,0
0,1778192535919,1388,800,800,800,1500,2000,2100,1505,2000,2000,800,800,799,1284,800,800,20.512821197509766,0,61.5384635925293,17.073171615600586,15.789472579956055,60.52631759643555,48.71794891357422,31.57894515991211,2.5,0,0,0,0,0,15.000000953674316,28.205129623413086,120007.61138916016,102782.79162597656,0,404332056576,8589930496,3843702784,0
