Delta,Time,CPU_FREQUENCY_0,CPU_FREQUENCY_1,CPU_FREQUENCY_10,CPU_FREQUENCY_11,CPU_FREQUENCY_12,CPU_FREQUENCY_13,CPU_FREQUENCY_14,CPU_FREQUENCY_15,CPU_FREQUENCY_2,CPU_FREQUENCY_3,CPU_FREQUENCY_4,CPU_FREQUENCY_5,CPU_FREQUENCY_6,CPU_FREQUENCY_7,CPU_FREQUENCY_8,CPU_FREQUENCY_9,CPU_USAGE_0,CPU_USAGE_1,CPU_USAGE_10,CPU_USAGE_11,CPU_USAGE_12,CPU_USAGE_13,CPU_USAGE_14,CPU_USAGE_15,CPU_USAGE_2,CPU_USAGE_3,CPU_USAGE_4,CPU_USAGE_5,CPU_USAGE_6,CPU_USAGE_7,CPU_USAGE_8,CPU_USAGE_9,DRAM_ENERGY (J),PACKAGE_ENERGY (J),PP0_ENERGY (J),TOTAL_MEMORY,TOTAL_SWAP,USED_MEMORY,USED_SWAP
0,1778194202775,800,1000,871,800,800,800,800,2099,799,800,800,937,800,1632,1226,800,0,4.1666669845581055,0,4.1666669845581055,4.1666669845581055,4.1666669845581055,0,4.1666669845581055,0,0,0,0,0,4.1666669845581055,8.333333969116211,0,120718.7485961914,125669.56427001953,0,404332056576,8589930496,3801964544,0
199,1778194202775,800,1000,871,800,800,800,800,2099,799,800,800,937,800,1632,1226,800,0,4.1666669845581055,0,4.1666669845581055,4.1666669845581055,4.1666669845581055,0,4.1666669845581055,0,0,0,0,0,4.1666669845581055,8.333333969116211,0,120718.7485961914,125669.56427001953,0,404332056576,8589930496,3801964544,0
199,1778194202975,800,1000,871,800,800,800,800,2099,799,800,800,937,800,1632,1226,800,95,25,0,0,0,0,5,0,0,0,21.052631378173828,0,15.000000953674316,0,15.000000953674316,0,120720.97967529297,125675.75939941406,0,404332056576,8589930496,3852795904,0
199,1778194203175,800,1000,871,800,800,800,800,2099,799,800,800,937,800,1632,1226,800,45,55,4.761904716491699,0,0,0,0,0,25,10.526315689086914,85,23.809524536132813,80.95238494873047,55,15.789472579956055,5,120724.02490234375,125683.78631591797,0,404332056576,8589930496,3853570048,0
0,1778194203375,800,1000,871,800,800,800,800,2099,799,800,800,937,800,1632,1226,800,45,55,4.761904716491699,0,0,0,0,0,25,10.526315689086914,85,23.809524536132813,80.95238494873047,55,15.789472579956055,5,120726.20782470703,125689.55993652344,0,404332056576,8589930496,3854860288,0
