Delta,Time,CPU_FREQUENCY_0,CPU_FREQUENCY_1,CPU_FREQUENCY_10,CPU_FREQUENCY_11,CPU_FREQUENCY_12,CPU_FREQUENCY_13,CPU_FREQUENCY_14,CPU_FREQUENCY_15,CPU_FREQUENCY_2,CPU_FREQUENCY_3,CPU_FREQUENCY_4,CPU_FREQUENCY_5,CPU_FREQUENCY_6,CPU_FREQUENCY_7,CPU_FREQUENCY_8,CPU_FREQUENCY_9,CPU_USAGE_0,CPU_USAGE_1,CPU_USAGE_10,CPU_USAGE_11,CPU_USAGE_12,CPU_USAGE_13,CPU_USAGE_14,CPU_USAGE_15,CPU_USAGE_2,CPU_USAGE_3,CPU_USAGE_4,CPU_USAGE_5,CPU_USAGE_6,CPU_USAGE_7,CPU_USAGE_8,CPU_USAGE_9,DRAM_ENERGY (J),PACKAGE_ENERGY (J),PP0_ENERGY (J),TOTAL_MEMORY,TOTAL_SWAP,USED_MEMORY,USED_SWAP
0,1778193919497,814,2268,800,800,2099,862,807,2000,2000,893,2000,982,800,799,800,800,0,4.1666669845581055,0,0,8.333333969116211,4.1666669845581055,4,0,0,0,0,0,4.1666669845581055,4,0,4.1666669845581055,120617.99432373047,121784.47149658203,0,404332056576,8589930496,3822268416,0
200,1778193919497,814,2268,800,800,2099,862,807,2000,2000,893,2000,982,800,799,800,800,0,4.1666669845581055,0,0,8.333333969116211,4.1666669845581055,4,0,0,0,0,0,4.1666669845581055,4,0,4.1666669845581055,120617.99780273438,121784.49310302734,0,404332056576,8589930496,3822268416,0
199,1778193919698,814,2268,800,800,2099,862,807,2000,2000,893,2000,982,800,799,800,800,95,20,0,0,0,5,26.3157901763916,0,23.809524536132813,5,0,5,0,0,0,0,120619.93225097656,121790.21350097656,0,404332056576,8589930496,3874529280,0
199,1778193919898,814,2268,800,800,2099,862,807,2000,2000,893,2000,982,800,799,800,800,47.619049072265625,47.36842346191406,0,0,0,0,0,5,80,85,21.052631378173828,10.526315689086914,20,65,15.000000953674316,0,120623.06854248047,121798.29602050781,0,404332056576,8589930496,3874787328,0
0,1778193920098,814,2268,800,800,2099,862,807,2000,2000,893,2000,982,800,799,800,800,30.000001907348633,33.333335876464844,0,0,0,0,0,0,28.571430206298828,30.000001907348633,10,0,5.263157844543457,25,0,0,120625.15698242188,121803.77545166016,0,404332056576,8589930496,3876335616,0
