Delta,Time,CPU_FREQUENCY_0,CPU_FREQUENCY_1,CPU_FREQUENCY_10,CPU_FREQUENCY_11,CPU_FREQUENCY_12,CPU_FREQUENCY_13,CPU_FREQUENCY_14,CPU_FREQUENCY_15,CPU_FREQUENCY_2,CPU_FREQUENCY_3,CPU_FREQUENCY_4,CPU_FREQUENCY_5,CPU_FREQUENCY_6,CPU_FREQUENCY_7,CPU_FREQUENCY_8,CPU_FREQUENCY_9,CPU_USAGE_0,CPU_USAGE_1,CPU_USAGE_10,CPU_USAGE_11,CPU_USAGE_12,CPU_USAGE_13,CPU_USAGE_14,CPU_USAGE_15,CPU_USAGE_2,CPU_USAGE_3,CPU_USAGE_4,CPU_USAGE_5,CPU_USAGE_6,CPU_USAGE_7,CPU_USAGE_8,CPU_USAGE_9,DRAM_ENERGY (J),PACKAGE_ENERGY (J),PP0_ENERGY (J),TOTAL_MEMORY,TOTAL_SWAP,USED_MEMORY,USED_SWAP
0,1778196744070,800,800,2010,991,1392,814,800,800,800,1171,800,800,800,1498,800,2000,0,0,4.1666669845581055,0,8.333333969116211,0,0,4.1666669845581055,4,0,0,0,0,8,0,0,121643.3882446289,160445.4086303711,0,404332056576,8589930496,3812098048,0
199,1778196744070,800,800,2010,991,1392,814,800,800,800,1171,800,800,800,1498,800,2000,0,0,4.1666669845581055,0,8.333333969116211,0,0,4.1666669845581055,4,0,0,0,0,8,0,0,121643.39227294922,160445.4086303711,0,404332056576,8589930496,3812098048,0
200,1778196744270,800,800,2010,991,1392,814,800,800,800,1171,800,800,800,1498,800,2000,70,5,4.761904716491699,23.809524536132813,15.000000953674316,5.263157844543457,30.000001907348633,25,10.526315689086914,0,0,0,0,0,0,4.761904716491699,121645.16009521484,160450.84979248047,0,404332056576,8589930496,3867033600,0
199,1778196744470,800,800,2010,991,1392,814,800,800,800,1171,800,800,800,1498,800,2000,10,0,10.526315689086914,80,80,25,80.95238494873047,80.95238494873047,0,0,0,0,0,0,14.285715103149414,15.000000953674316,121647.23815917969,160456.458984375,0,404332056576,8589930496,3867291648,0
0,1778196744670,800,800,2010,991,1392,814,800,800,800,1171,800,800,800,1498,800,2000,30.000001907348633,0,5,0,25,9.523809432983398,21.052631378173828,21.052631378173828,0,0,0,0,0,0,5.263157844543457,26.3157901763916,121648.64733886719,160461.04693603516,0,404332056576,8589930496,3867529216,0
