Delta,Time,CPU_FREQUENCY_0,CPU_FREQUENCY_1,CPU_FREQUENCY_10,CPU_FREQUENCY_11,CPU_FREQUENCY_12,CPU_FREQUENCY_13,CPU_FREQUENCY_14,CPU_FREQUENCY_15,CPU_FREQUENCY_2,CPU_FREQUENCY_3,CPU_FREQUENCY_4,CPU_FREQUENCY_5,CPU_FREQUENCY_6,CPU_FREQUENCY_7,CPU_FREQUENCY_8,CPU_FREQUENCY_9,CPU_USAGE_0,CPU_USAGE_1,CPU_USAGE_10,CPU_USAGE_11,CPU_USAGE_12,CPU_USAGE_13,CPU_USAGE_14,CPU_USAGE_15,CPU_USAGE_2,CPU_USAGE_3,CPU_USAGE_4,CPU_USAGE_5,CPU_USAGE_6,CPU_USAGE_7,CPU_USAGE_8,CPU_USAGE_9,DRAM_ENERGY (J),PACKAGE_ENERGY (J),PP0_ENERGY (J),TOTAL_MEMORY,TOTAL_SWAP,USED_MEMORY,USED_SWAP
0,1778194515508,2100,2252,838,1000,1500,800,799,800,800,800,800,800,800,800,800,2092,0,0,0,4,0,0,4.1666669845581055,0,4.1666669845581055,0,0,0,0,8.333333969116211,4.1666669845581055,4.1666669845581055,120830.05834960938,129934.14447021484,0,404332056576,8589930496,3802726400,0
200,1778194515508,2100,2252,838,1000,1500,800,799,800,800,800,800,800,800,800,800,2092,0,0,0,4,0,0,4.1666669845581055,0,4.1666669845581055,0,0,0,0,8.333333969116211,4.1666669845581055,4.1666669845581055,120830.05834960938,129934.14447021484,0,404332056576,8589930496,3802726400,0
199,1778194515709,2100,2252,838,1000,1500,800,799,800,800,800,800,800,800,800,800,2092,0,15.000000953674316,19.047618865966797,5,4.761904716491699,0,0,95,4.761904716491699,0,0,0,0,0,25,23.809524536132813,120830.68292236328,129938.85192871094,0,404332056576,8589930496,3859894272,0
199,1778194515909,2100,2252,838,1000,1500,800,799,800,800,800,800,800,800,800,800,2092,0,0,80.95238494873047,21.052631378173828,15.789472579956055,63.15789031982422,15.000000953674316,85,0,0,0,0,0,0,26.3157901763916,80,120831.5845336914,129944.21997070313,0,404332056576,8589930496,3861442560,0
0,1778194516109,2100,2252,838,1000,1500,800,799,800,800,800,800,800,800,800,800,2092,4.761904716491699,0,21.052631378173828,5.263157844543457,0,28.571430206298828,5,30.000001907348633,0,0,0,0,0,0,14.285715103149414,35,120832.04193115234,129948.63525390625,0,404332056576,8589930496,3861442560,0
