Delta,Time,CPU_FREQUENCY_0,CPU_FREQUENCY_1,CPU_FREQUENCY_10,CPU_FREQUENCY_11,CPU_FREQUENCY_12,CPU_FREQUENCY_13,CPU_FREQUENCY_14,CPU_FREQUENCY_15,CPU_FREQUENCY_2,CPU_FREQUENCY_3,CPU_FREQUENCY_4,CPU_FREQUENCY_5,CPU_FREQUENCY_6,CPU_FREQUENCY_7,CPU_FREQUENCY_8,CPU_FREQUENCY_9,CPU_USAGE_0,CPU_USAGE_1,CPU_USAGE_10,CPU_USAGE_11,CPU_USAGE_12,CPU_USAGE_13,CPU_USAGE_14,CPU_USAGE_15,CPU_USAGE_2,CPU_USAGE_3,CPU_USAGE_4,CPU_USAGE_5,CPU_USAGE_6,CPU_USAGE_7,CPU_USAGE_8,CPU_USAGE_9,DRAM_ENERGY (J),PACKAGE_ENERGY (J),PP0_ENERGY (J),TOTAL_MEMORY,TOTAL_SWAP,USED_MEMORY,USED_SWAP
0,1778196334360,1210,2821,800,2000,2078,800,800,1744,800,800,800,927,1200,2100,800,800,4.34782600402832,12,0,0,0,0,0,0,4.1666669845581055,0,4.1666669845581055,0,4.1666669845581055,0,4.1666669845581055,0,121487.70336914063,154810.50720214844,0,404332056576,8589930496,3855126528,0
200,1778196334360,1210,2821,800,2000,2078,800,800,1744,800,800,800,927,1200,2100,800,800,4.34782600402832,12,0,0,0,0,0,0,4.1666669845581055,0,4.1666669845581055,0,4.1666669845581055,0,4.1666669845581055,0,121487.70336914063,154810.50720214844,0,404332056576,8589930496,3855126528,0
200,1778196334560,1210,2821,800,2000,2078,800,800,1744,800,800,800,927,1200,2100,800,800,0,5,20,10,0,95.23809814453125,5,30.000001907348633,4.761904716491699,20,0,0,0,0,0,0,121488.71807861328,154815.2275390625,0,404332056576,8589930496,3899727872,0
199,1778196334761,1210,2821,800,2000,2078,800,800,1744,800,800,800,927,1200,2100,800,800,4.761904716491699,0,85.71428680419922,80,0,85,15.000000953674316,80.95238494873047,0,0,0,0,0,0,22.22222328186035,21.052631378173828,121489.71252441406,154820.63641357422,0,404332056576,8589930496,3905011712,0
0,1778196334961,1210,2821,800,2000,2078,800,800,1744,800,800,800,927,1200,2100,800,800,26.3157901763916,0,25,28.571430206298828,0,21.052631378173828,0,25,0,0,0,0,0,0,10,5,121490.19854736328,154824.95568847656,0,404332056576,8589930496,3905269760,0
