Delta,Time,CPU_FREQUENCY_0,CPU_FREQUENCY_1,CPU_FREQUENCY_10,CPU_FREQUENCY_11,CPU_FREQUENCY_12,CPU_FREQUENCY_13,CPU_FREQUENCY_14,CPU_FREQUENCY_15,CPU_FREQUENCY_2,CPU_FREQUENCY_3,CPU_FREQUENCY_4,CPU_FREQUENCY_5,CPU_FREQUENCY_6,CPU_FREQUENCY_7,CPU_FREQUENCY_8,CPU_FREQUENCY_9,CPU_USAGE_0,CPU_USAGE_1,CPU_USAGE_10,CPU_USAGE_11,CPU_USAGE_12,CPU_USAGE_13,CPU_USAGE_14,CPU_USAGE_15,CPU_USAGE_2,CPU_USAGE_3,CPU_USAGE_4,CPU_USAGE_5,CPU_USAGE_6,CPU_USAGE_7,CPU_USAGE_8,CPU_USAGE_9,DRAM_ENERGY (J),PACKAGE_ENERGY (J),PP0_ENERGY (J),TOTAL_MEMORY,TOTAL_SWAP,USED_MEMORY,USED_SWAP
0,1778195204289,858,2475,1349,806,1279,800,800,799,808,800,800,1100,800,799,800,2099,4,4,7.692307949066162,4,4,4,4,4,4,4.1666669845581055,4,4,7.692307949066162,4.1666669845581055,4.1666669845581055,11.538461685180664,121061.78619384766,139311.0562133789,0,404332056576,8589930496,3845709824,0
200,1778195204290,858,2475,1349,806,1279,800,800,799,808,800,800,1100,800,799,800,2099,4,4,7.692307949066162,4,4,4,4,4,4,4.1666669845581055,4,4,7.692307949066162,4.1666669845581055,4.1666669845581055,11.538461685180664,121061.78619384766,139311.0562133789,0,404332056576,8589930496,3845709824,0
199,1778195204490,858,2475,1349,806,1279,800,800,799,808,800,800,1100,800,799,800,2099,95,30.000001907348633,25,15.789472579956055,5,0,4.761904716491699,0,5,4.761904716491699,15.000000953674316,5,0,0,0,5,121064.17211914063,139317.29010009766,0,404332056576,8589930496,3892899840,0
199,1778195204690,858,2475,1349,806,1279,800,800,799,808,800,800,1100,800,799,800,2099,55,80.95238494873047,10.526315689086914,0,0,0,0,0,21.052631378173828,10.526315689086914,85,20,73.68421173095703,20,4.761904716491699,5,121067.2216796875,139325.3670654297,0,404332056576,8589930496,3896389632,0
0,1778195204890,858,2475,1349,806,1279,800,800,799,808,800,800,1100,800,799,800,2099,15.000000953674316,31.57894515991211,0,0,0,0,0,0,5.263157844543457,0,30.000001907348633,10,25,28.571430206298828,5.263157844543457,0,121069.15466308594,139330.642578125,0,404332056576,8589930496,3898970112,0
