Delta,Time,CORE0_ENERGY (J),CORE0_FREQ (MHZ),CORE0_PSTATE,CORE0_VOLT (V),CPU_ENERGY (J),CPU_FREQUENCY_0,CPU_FREQUENCY_1,CPU_FREQUENCY_10,CPU_FREQUENCY_11,CPU_FREQUENCY_12,CPU_FREQUENCY_13,CPU_FREQUENCY_14,CPU_FREQUENCY_15,CPU_FREQUENCY_2,CPU_FREQUENCY_3,CPU_FREQUENCY_4,CPU_FREQUENCY_5,CPU_FREQUENCY_6,CPU_FREQUENCY_7,CPU_FREQUENCY_8,CPU_FREQUENCY_9,CPU_USAGE_0,CPU_USAGE_1,CPU_USAGE_10,CPU_USAGE_11,CPU_USAGE_12,CPU_USAGE_13,CPU_USAGE_14,CPU_USAGE_15,CPU_USAGE_2,CPU_USAGE_3,CPU_USAGE_4,CPU_USAGE_5,CPU_USAGE_6,CPU_USAGE_7,CPU_USAGE_8,CPU_USAGE_9,TOTAL_MEMORY,TOTAL_SWAP,USED_MEMORY,USED_SWAP
0,1777030991636,281.3628234863281,1980,0,0.6875,3677.317184448242,1901,1901,1901,1901,1901,1901,1901,1901,1901,1901,1901,1901,1901,1901,1901,1901,16.413490295410156,26.085128784179688,9.511886596679688,8.292427062988281,72.21392822265625,19.061363220214844,16.861251831054688,8.076835632324219,4.5942535400390625,3.2542877197265625,38.757877349853516,22.83582305908203,23.112213134765625,40.139854431152344,20.064125061035156,71.44389343261719,16441667584,16046157824,13783396352,5612007424
199,1777030991637,281.36517333984375,1980,0,0.6875,3677.3357696533203,1901,1901,1901,1901,1901,1901,1901,1901,1901,1901,1901,1901,1901,1901,1901,1901,9.20635986328125,0.4566497802734375,0,0,96.80343627929688,0.8299713134765625,0,0.253326416015625,0.5799789428710938,0,10.769638061523438,4.676513671875,0,0,91.0936279296875,0,16441667584,16046157824,13783461888,5612007424
199,1777030991837,281.4795684814453,1980,0,0.6875,3678.425018310547,1901,1901,1901,1901,1901,1901,1901,1901,1901,1901,1901,1901,1901,1901,1901,1901,4.834358215332031,2.8611373901367188,2.9260406494140625,1.4946212768554688,99.41386413574219,0.409912109375,1.6886215209960938,2.6310806274414063,2.7721328735351563,1.8313217163085938,9.79010009765625,3.9192962646484375,4.25958251953125,9.027198791503906,10.909820556640625,4.4594573974609375,16441667584,16046157824,13791014912,6107979776
0,1777030992038,281.6960754394531,1980,0,0.675,3679.3988494873047,1901,1901,1901,1901,1901,1901,1901,1901,1901,1901,1901,1901,1901,1901,1901,1901,3.4458465576171875,2.4759521484375,5.054298400878906,5.184257507324219,9.847816467285156,80.09366607666016,1.3024368286132813,1.2337112426757813,2.4503173828125,1.60211181640625,6.4658966064453125,4.724098205566406,4.5879974365234375,2.4967498779296875,6.345207214355469,7.821647644042969,16441667584,16046157824,13782630400,5590126592
