Delta,Time,CORE0_ENERGY (J),CORE0_FREQ (MHZ),CORE0_PSTATE,CORE0_VOLT (V),CPU_ENERGY (J),CPU_FREQUENCY_0,CPU_FREQUENCY_1,CPU_FREQUENCY_10,CPU_FREQUENCY_11,CPU_FREQUENCY_12,CPU_FREQUENCY_13,CPU_FREQUENCY_14,CPU_FREQUENCY_15,CPU_FREQUENCY_2,CPU_FREQUENCY_3,CPU_FREQUENCY_4,CPU_FREQUENCY_5,CPU_FREQUENCY_6,CPU_FREQUENCY_7,CPU_FREQUENCY_8,CPU_FREQUENCY_9,CPU_USAGE_0,CPU_USAGE_1,CPU_USAGE_10,CPU_USAGE_11,CPU_USAGE_12,CPU_USAGE_13,CPU_USAGE_14,CPU_USAGE_15,CPU_USAGE_2,CPU_USAGE_3,CPU_USAGE_4,CPU_USAGE_5,CPU_USAGE_6,CPU_USAGE_7,CPU_USAGE_8,CPU_USAGE_9,TOTAL_MEMORY,TOTAL_SWAP,USED_MEMORY,USED_SWAP
0,1777031039629,299.91656494140625,1980,0,0.6875,3915.6692962646484,1901,1901,1901,1901,1901,1901,1901,1901,1901,1901,1901,1901,1901,1901,1901,1901,15.513946533203125,7.778343200683594,5.325996398925781,4.776466369628906,61.85430145263672,29.21222686767578,9.824371337890625,8.755844116210938,10.766899108886719,12.819587707519531,16.76287841796875,20.50689697265625,34.67144775390625,59.298709869384766,35.89484405517578,22.002845764160156,16441667584,16046157824,13707091968,5492498432
199,1777031039630,299.92010498046875,1980,0,0.6875,3915.6966705322266,1901,1901,1901,1901,1901,1901,1901,1901,1901,1901,1901,1901,1901,1901,1901,1901,8.694343566894531,3.2582931518554688,0,0,96.55828094482422,0,2.157745361328125,0.23345184326171875,0,0,9.334671020507813,8.827743530273438,1.0338516235351563,2.0243453979492188,94.11372375488281,0,16441667584,16046157824,13707460608,5492367360
199,1777031039830,295.7647705078125,1980,0,0.6875,3916.7241973876953,1901,1901,1901,1901,1901,1901,1901,1901,1901,1901,1901,1901,1901,1901,1901,1901,3.7402877807617188,2.4983139038085938,1.0757217407226563,4.337135314941406,65.30778503417969,3.05731201171875,0.9759368896484375,1.1505661010742188,2.476318359375,1.7399444580078125,9.011970520019531,6.170326232910156,9.290428161621094,4.695075988769531,45.312625885009766,3.7382888793945313,16441667584,16046157824,13724073984,6010994688
0,1777031040031,300.19842529296875,1980,0,0.6875,3917.722610473633,1901,1901,1901,1901,1901,1901,1901,1901,1901,1901,1901,1901,1901,1901,1901,1901,6.243080139160156,2.552947998046875,0.679229736328125,0.9706039428710938,83.4820327758789,6.600196838378906,0.8894119262695313,0.5510940551757813,6.8447723388671875,5.287528991699219,9.357170104980469,4.2936248779296875,6.464363098144531,8.046852111816406,8.752082824707031,18.69104766845703,16441667584,16046157824,13718470656,5500579840
