Delta,Time,CORE0_ENERGY (J),CORE0_FREQ (MHZ),CORE0_PSTATE,CORE0_VOLT (V),CPU_ENERGY (J),CPU_FREQUENCY_0,CPU_FREQUENCY_1,CPU_FREQUENCY_10,CPU_FREQUENCY_11,CPU_FREQUENCY_12,CPU_FREQUENCY_13,CPU_FREQUENCY_14,CPU_FREQUENCY_15,CPU_FREQUENCY_2,CPU_FREQUENCY_3,CPU_FREQUENCY_4,CPU_FREQUENCY_5,CPU_FREQUENCY_6,CPU_FREQUENCY_7,CPU_FREQUENCY_8,CPU_FREQUENCY_9,CPU_USAGE_0,CPU_USAGE_1,CPU_USAGE_10,CPU_USAGE_11,CPU_USAGE_12,CPU_USAGE_13,CPU_USAGE_14,CPU_USAGE_15,CPU_USAGE_2,CPU_USAGE_3,CPU_USAGE_4,CPU_USAGE_5,CPU_USAGE_6,CPU_USAGE_7,CPU_USAGE_8,CPU_USAGE_9,TOTAL_MEMORY,TOTAL_SWAP,USED_MEMORY,USED_SWAP
0,1777030976800,275.3002014160156,1980,0,0.6875,3600.213165283203,1901,1901,1901,1901,1901,1901,1901,1901,1901,1901,1901,1901,1901,1901,1901,1901,10.168136596679688,7.721458435058594,8.019332885742188,5.466239929199219,58.545719146728516,21.596908569335938,8.416671752929688,2.6600189208984375,3.2627334594726563,4.365730285644531,15.550827026367188,22.609390258789063,47.59932327270508,37.13778305053711,45.42715072631836,7.9517059326171875,16441667584,16046157824,13832802304,5603471360
199,1777030976800,276.76953125,1980,0,0.6875,3600.280471801758,1901,1901,1901,1901,1901,1901,1901,1901,1901,1901,1901,1901,1901,1901,1901,1901,7.7825469970703125,4.943778991699219,1.9404983520507813,0,89.07770538330078,0,0.16357421875,0.673004150390625,0,0,17.19525909423828,15.955802917480469,7.466606140136719,5.2438201904296875,36.821739196777344,9.847358703613281,16441667584,16046157824,13832839168,5605715968
199,1777030977001,275.3942413330078,1980,0,0.6875,3601.3213500976563,1901,1901,1901,1901,1901,1901,1901,1901,1901,1901,1901,1901,1901,1901,1901,1901,4.5183868408203125,3.4654922485351563,2.0305328369140625,1.4040908813476563,39.05459213256836,4.12799072265625,1.5136566162109375,1.1266555786132813,1.3581619262695313,2.6289901733398438,7.327911376953125,5.7964935302734375,3.7819747924804688,5.168510437011719,69.75201416015625,5.374229431152344,16441667584,16046157824,13839159296,6124359680
1,1777030977201,275.5301971435547,1980,0,0.6875,3602.412078857422,1901,1901,1901,1901,1901,1901,1901,1901,1901,1901,1901,1901,1901,1901,1901,1901,6.555511474609375,5.211204528808594,0.8154144287109375,0.4864044189453125,74.32804870605469,3.442779541015625,1.80926513671875,1.143218994140625,3.5027313232421875,3.3204498291015625,12.838020324707031,12.326179504394531,8.216804504394531,8.249374389648438,19.819595336914063,16.397254943847656,16441667584,16046157824,13829079040,5604880384
