Delta,Time,CORE0_ENERGY (J),CORE0_FREQ (MHZ),CORE0_PSTATE,CORE0_VOLT (V),CPU_ENERGY (J),CPU_FREQUENCY_0,CPU_FREQUENCY_1,CPU_FREQUENCY_10,CPU_FREQUENCY_11,CPU_FREQUENCY_12,CPU_FREQUENCY_13,CPU_FREQUENCY_14,CPU_FREQUENCY_15,CPU_FREQUENCY_2,CPU_FREQUENCY_3,CPU_FREQUENCY_4,CPU_FREQUENCY_5,CPU_FREQUENCY_6,CPU_FREQUENCY_7,CPU_FREQUENCY_8,CPU_FREQUENCY_9,CPU_USAGE_0,CPU_USAGE_1,CPU_USAGE_10,CPU_USAGE_11,CPU_USAGE_12,CPU_USAGE_13,CPU_USAGE_14,CPU_USAGE_15,CPU_USAGE_2,CPU_USAGE_3,CPU_USAGE_4,CPU_USAGE_5,CPU_USAGE_6,CPU_USAGE_7,CPU_USAGE_8,CPU_USAGE_9,TOTAL_MEMORY,TOTAL_SWAP,USED_MEMORY,USED_SWAP
0,1777030995332,282.96893310546875,1980,0,0.6875,3695.242156982422,1901,1901,1901,1901,1901,1901,1901,1901,1901,1901,1901,1901,1901,1901,1901,1901,10.273368835449219,2.5600662231445313,0,0,72.60060119628906,0,6.1075592041015625,0,0,3.1752548217773438,5.734077453613281,0.6008224487304688,58.02901840209961,27.240135192871094,19.6885986328125,35.83094787597656,16441667584,16046157824,13790003200,5587611648
199,1777030995333,282.34169006347656,1980,0,0.6875,3695.2664947509766,1901,1901,1901,1901,1901,1901,1901,1901,1901,1901,1901,1901,1901,1901,1901,1901,12.098320007324219,0,0,0,68.24356079101563,0.407470703125,0,11.359573364257813,0,0,44.57364273071289,1.4112472534179688,9.689926147460938,0,82.65421295166016,0,16441667584,16046157824,13790035968,5587611648
199,1777030995533,195.4742889404297,1980,0,0.6875,3696.282257080078,1901,1901,1901,1901,1901,1901,1901,1901,1901,1901,1901,1901,1901,1901,1901,1901,5.482948303222656,2.6914825439453125,1.534271240234375,0.7066192626953125,99.75192260742188,1.1286087036132813,1.743896484375,2.6614837646484375,2.248504638671875,2.5404586791992188,7.802742004394531,4.829010009765625,5.8703155517578125,4.4539337158203125,9.322288513183594,7.631965637207031,16441667584,16046157824,13799481344,6108987392
0,1777030995734,283.29750061035156,1980,0,0.675,3697.2669067382813,1901,1901,1901,1901,1901,1901,1901,1901,1901,1901,1901,1901,1901,1901,1901,1901,2.8636550903320313,0.8913421630859375,0.94866943359375,0.9501724243164063,87.02336883544922,0.38216400146484375,1.3097915649414063,0.706451416015625,1.3020477294921875,1.103118896484375,6.0247039794921875,3.1868896484375,3.9688186645507813,1.968963623046875,6.412422180175781,3.099517822265625,16441667584,16046157824,13789708288,5588840448
