Delta,Time,CORE0_ENERGY (J),CORE0_FREQ (MHZ),CORE0_PSTATE,CORE0_VOLT (V),CPU_ENERGY (J),CPU_FREQUENCY_0,CPU_FREQUENCY_1,CPU_FREQUENCY_10,CPU_FREQUENCY_11,CPU_FREQUENCY_12,CPU_FREQUENCY_13,CPU_FREQUENCY_14,CPU_FREQUENCY_15,CPU_FREQUENCY_2,CPU_FREQUENCY_3,CPU_FREQUENCY_4,CPU_FREQUENCY_5,CPU_FREQUENCY_6,CPU_FREQUENCY_7,CPU_FREQUENCY_8,CPU_FREQUENCY_9,CPU_USAGE_0,CPU_USAGE_1,CPU_USAGE_10,CPU_USAGE_11,CPU_USAGE_12,CPU_USAGE_13,CPU_USAGE_14,CPU_USAGE_15,CPU_USAGE_2,CPU_USAGE_3,CPU_USAGE_4,CPU_USAGE_5,CPU_USAGE_6,CPU_USAGE_7,CPU_USAGE_8,CPU_USAGE_9,TOTAL_MEMORY,TOTAL_SWAP,USED_MEMORY,USED_SWAP
0,1777031017489,292.11883544921875,1980,0,0.6875,3805.9781341552734,1901,1901,1901,1901,1901,1901,1901,1901,1901,1901,1901,1901,1901,1901,1901,1901,16.17902374267578,8.324325561523438,5.177223205566406,2.7804107666015625,48.11353302001953,36.22317123413086,5.665809631347656,7.192497253417969,8.770401000976563,2.8828353881835938,36.98421096801758,14.032646179199219,18.659317016601563,39.85885238647461,49.452266693115234,14.171432495117188,16441667584,16046157824,13707759616,5495255040
199,1777031017490,292.1272888183594,1980,0,0.6875,3806.0391235351563,1901,1901,1901,1901,1901,1901,1901,1901,1901,1901,1901,1901,1901,1901,1901,1901,4.218223571777344,0,0,0,88.7116928100586,0,0,0,0,0,11.994132995605469,0,0,0,31.856704711914063,0,16441667584,16046157824,13707796480,5497389056
199,1777031017690,292.177978515625,1980,0,0.6875,3807.0909271240234,1901,1901,1901,1901,1901,1901,1901,1901,1901,1901,1901,1901,1901,1901,1901,1901,5.5313262939453125,1.5441513061523438,0.355712890625,0.49976348876953125,13.092483520507813,8.516120910644531,1.4001998901367188,0.5775985717773438,0.458465576171875,0.2886505126953125,11.334014892578125,5.779029846191406,8.743522644042969,3.4515304565429688,99.80271911621094,0,16441667584,16046157824,13725544448,6011428864
0,1777031017890,292.2189636230469,1980,0,0.6875,3808.087677001953,1901,1901,1901,1901,1901,1901,1901,1901,1901,1901,1901,1901,1901,1901,1901,1901,7.4794158935546875,2.5622406005859375,1.3884658813476563,1.1882247924804688,11.757858276367188,4.204109191894531,1.9451828002929688,1.57440185546875,1.47052001953125,1.315521240234375,6.47637939453125,5.551719665527344,5.517242431640625,5.71942138671875,79.81489562988281,6.7758636474609375,16441667584,16046157824,13707677696,5490372608
