Delta,Time,CORE0_ENERGY (J),CORE0_FREQ (MHZ),CORE0_PSTATE,CORE0_VOLT (V),CPU_ENERGY (J),CPU_FREQUENCY_0,CPU_FREQUENCY_1,CPU_FREQUENCY_10,CPU_FREQUENCY_11,CPU_FREQUENCY_12,CPU_FREQUENCY_13,CPU_FREQUENCY_14,CPU_FREQUENCY_15,CPU_FREQUENCY_2,CPU_FREQUENCY_3,CPU_FREQUENCY_4,CPU_FREQUENCY_5,CPU_FREQUENCY_6,CPU_FREQUENCY_7,CPU_FREQUENCY_8,CPU_FREQUENCY_9,CPU_USAGE_0,CPU_USAGE_1,CPU_USAGE_10,CPU_USAGE_11,CPU_USAGE_12,CPU_USAGE_13,CPU_USAGE_14,CPU_USAGE_15,CPU_USAGE_2,CPU_USAGE_3,CPU_USAGE_4,CPU_USAGE_5,CPU_USAGE_6,CPU_USAGE_7,CPU_USAGE_8,CPU_USAGE_9,TOTAL_MEMORY,TOTAL_SWAP,USED_MEMORY,USED_SWAP
0,1777031006434,287.52088928222656,1980,0,0.6875,3749.7867126464844,1901,1901,1901,1901,1901,1901,1901,1901,1901,1901,1901,1901,1901,1901,1901,1901,81.55257415771484,58.54246520996094,57.39094924926758,44.17562484741211,82.11994934082031,47.04702377319336,84.03010559082031,63.925899505615234,57.70446014404297,58.92695999145508,51.77582931518555,32.31885528564453,91.27440643310547,86.20103454589844,68.2623291015625,59.8334846496582,16441667584,16046157824,13796089856,5589655552
199,1777031006435,197.02391052246094,1980,0,0.6875,3749.867889404297,1901,1901,1901,1901,1901,1901,1901,1901,1901,1901,1901,1901,1901,1901,1901,1901,43.586578369140625,99.80091857910156,45.29560852050781,53.66551208496094,59.625389099121094,23.725936889648438,100,100,68.18876647949219,12.951614379882813,57.56165313720703,10.781333923339844,100,99.75184631347656,99.19805908203125,43.278141021728516,16441667584,16046157824,13796130816,5590728704
199,1777031006636,285.50819396972656,1980,0,0.6875,3751.6781616210938,1901,1901,1901,1901,1901,1901,1901,1901,1901,1901,1901,1901,1901,1901,1901,1901,44.72664260864258,40.335086822509766,51.88908767700195,56.068607330322266,98.25236511230469,8.321388244628906,53.84966278076172,61.237464904785156,72.7781982421875,73.35692596435547,33.8790283203125,24.13005828857422,83.2153549194336,92.64241790771484,28.95970916748047,20.718116760253906,16441667584,16046157824,13747191808,6028656640
0,1777031006836,287.8603820800781,1980,0,0.6875,3752.833694458008,1901,1901,1901,1901,1901,1901,1901,1901,1901,1901,1901,1901,1901,1901,1901,1901,8.401512145996094,3.5915069580078125,2.1049880981445313,2.8966064453125,94.24938201904297,1.5556259155273438,2.1402206420898438,2.1788101196289063,2.1848220825195313,4.720451354980469,8.505050659179688,4.267860412597656,7.112648010253906,97.46146392822266,9.244346618652344,3.917755126953125,16441667584,16046157824,13728104448,5503401984
