Delta,Time,CORE0_ENERGY (J),CORE0_FREQ (MHZ),CORE0_PSTATE,CORE0_VOLT (V),CPU_ENERGY (J),CPU_FREQUENCY_0,CPU_FREQUENCY_1,CPU_FREQUENCY_10,CPU_FREQUENCY_11,CPU_FREQUENCY_12,CPU_FREQUENCY_13,CPU_FREQUENCY_14,CPU_FREQUENCY_15,CPU_FREQUENCY_2,CPU_FREQUENCY_3,CPU_FREQUENCY_4,CPU_FREQUENCY_5,CPU_FREQUENCY_6,CPU_FREQUENCY_7,CPU_FREQUENCY_8,CPU_FREQUENCY_9,CPU_USAGE_0,CPU_USAGE_1,CPU_USAGE_10,CPU_USAGE_11,CPU_USAGE_12,CPU_USAGE_13,CPU_USAGE_14,CPU_USAGE_15,CPU_USAGE_2,CPU_USAGE_3,CPU_USAGE_4,CPU_USAGE_5,CPU_USAGE_6,CPU_USAGE_7,CPU_USAGE_8,CPU_USAGE_9,TOTAL_MEMORY,TOTAL_SWAP,USED_MEMORY,USED_SWAP
0,1777031050685,298.8628234863281,1980,0,0.6875,3970.0767211914063,1901,1901,1901,1901,1901,1901,1901,1901,1901,1901,1901,1901,1901,1901,1901,1901,20.423187255859375,16.707656860351563,13.76666259765625,2.5739974975585938,50.996341705322266,41.29777145385742,8.643653869628906,4.807090759277344,3.705535888671875,2.3557968139648438,46.282527923583984,0.6640396118164063,25.628372192382813,38.1890983581543,63.27057647705078,39.75204086303711,16441667584,16046157824,13705400320,5492654080
199,1777031050686,304.17152404785156,1980,0,0.6875,3970.1067504882813,1901,1901,1901,1901,1901,1901,1901,1901,1901,1901,1901,1901,1901,1901,1901,1901,2.7839736938476563,18.49212646484375,0,0,69.71926879882813,26.840721130371094,3.9228744506835938,0,25.708480834960938,23.074363708496094,75.2905502319336,0,0,0,70.4385757446289,5.761100769042969,16441667584,16046157824,13705543680,5492654080
199,1777031050886,304.27296447753906,1980,0,0.6875,3971.2528381347656,1901,1901,1901,1901,1901,1901,1901,1901,1901,1901,1901,1901,1901,1901,1901,1901,12.602447509765625,3.9979019165039063,5.782890319824219,1.4905776977539063,58.12966537475586,2.3070297241210938,7.03448486328125,3.9933700561523438,3.0575027465820313,2.5773391723632813,20.912582397460938,9.256660461425781,6.1386566162109375,4.7519073486328125,82.74673461914063,5.6297607421875,16441667584,16046157824,13731508224,6035083264
0,1777031051087,304.38401794433594,1980,0,0.6875,3972.2696228027344,1901,1901,1901,1901,1901,1901,1901,1901,1901,1901,1901,1901,1901,1901,1901,1901,6.9038238525390625,4.632965087890625,0.9598159790039063,0.6742019653320313,61.05855178833008,2.939178466796875,1.6418075561523438,1.4450912475585938,0.8352432250976563,2.4053573608398438,5.70703125,4.364311218261719,9.601188659667969,4.199226379394531,36.32545852661133,4.039833068847656,16441667584,16046157824,13708263424,5490311168
