Delta,Time,CORE0_ENERGY (J),CORE0_FREQ (MHZ),CORE0_PSTATE,CORE0_VOLT (V),CPU_ENERGY (J),CPU_FREQUENCY_0,CPU_FREQUENCY_1,CPU_FREQUENCY_10,CPU_FREQUENCY_11,CPU_FREQUENCY_12,CPU_FREQUENCY_13,CPU_FREQUENCY_14,CPU_FREQUENCY_15,CPU_FREQUENCY_2,CPU_FREQUENCY_3,CPU_FREQUENCY_4,CPU_FREQUENCY_5,CPU_FREQUENCY_6,CPU_FREQUENCY_7,CPU_FREQUENCY_8,CPU_FREQUENCY_9,CPU_USAGE_0,CPU_USAGE_1,CPU_USAGE_10,CPU_USAGE_11,CPU_USAGE_12,CPU_USAGE_13,CPU_USAGE_14,CPU_USAGE_15,CPU_USAGE_2,CPU_USAGE_3,CPU_USAGE_4,CPU_USAGE_5,CPU_USAGE_6,CPU_USAGE_7,CPU_USAGE_8,CPU_USAGE_9,TOTAL_MEMORY,TOTAL_SWAP,USED_MEMORY,USED_SWAP
0,1777031013799,290.52484130859375,1980,0,0.6875,3787.747756958008,1901,1901,1901,1901,1901,1901,1901,1901,1901,1901,1901,1901,1901,1901,1901,1901,12.055557250976563,7.258995056152344,1.9110946655273438,0.19455718994140625,76.7890396118164,11.440086364746094,3.4473953247070313,3.4664840698242188,1.0623703002929688,1.108489990234375,19.616188049316406,13.760963439941406,22.522865295410156,41.17899703979492,19.157630920410156,11.186149597167969,16441667584,16046157824,13707784192,5492400128
199,1777031013800,287.4952087402344,1980,0,0.6875,3787.797393798828,1901,1901,1901,1901,1901,1901,1901,1901,1901,1901,1901,1901,1901,1901,1901,1901,17.97222137451172,7.522132873535156,0,0,87.21771240234375,0,0,0.69384765625,0,0,8.068244934082031,4.5420989990234375,5.671867370605469,0,37.827396392822266,3.5770111083984375,16441667584,16046157824,13707755520,5494112256
199,1777031014000,287.53651428222656,1980,0,0.6875,3788.8092193603516,1901,1901,1901,1901,1901,1901,1901,1901,1901,1901,1901,1901,1901,1901,1901,1901,4.430778503417969,1.2342987060546875,2.1461639404296875,1.5513381958007813,99.03172302246094,0.38042449951171875,0.90509033203125,0.973114013671875,0.8349685668945313,1.2159423828125,7.395957946777344,4.800987243652344,3.835205078125,5.082313537597656,9.766403198242188,5.4104766845703125,16441667584,16046157824,13722923008,6013427712
0,1777031014200,290.85536193847656,1980,0,0.6875,3789.7760467529297,1901,1901,1901,1901,1901,1901,1901,1901,1901,1901,1901,1901,1901,1901,1901,1901,3.8722915649414063,1.4455795288085938,0.912567138671875,0.31299591064453125,81.90029907226563,5.243621826171875,0.6283340454101563,0.8753662109375,0.327972412109375,0.5719070434570313,6.380302429199219,3.5796737670898438,4.1825408935546875,2.5102005004882813,8.099929809570313,3.7633819580078125,16441667584,16046157824,13711233024,5493288960
