Delta,Time,CORE0_ENERGY (J),CORE0_FREQ (MHZ),CORE0_PSTATE,CORE0_VOLT (V),CPU_ENERGY (J),CPU_FREQUENCY_0,CPU_FREQUENCY_1,CPU_FREQUENCY_10,CPU_FREQUENCY_11,CPU_FREQUENCY_12,CPU_FREQUENCY_13,CPU_FREQUENCY_14,CPU_FREQUENCY_15,CPU_FREQUENCY_2,CPU_FREQUENCY_3,CPU_FREQUENCY_4,CPU_FREQUENCY_5,CPU_FREQUENCY_6,CPU_FREQUENCY_7,CPU_FREQUENCY_8,CPU_FREQUENCY_9,CPU_USAGE_0,CPU_USAGE_1,CPU_USAGE_10,CPU_USAGE_11,CPU_USAGE_12,CPU_USAGE_13,CPU_USAGE_14,CPU_USAGE_15,CPU_USAGE_2,CPU_USAGE_3,CPU_USAGE_4,CPU_USAGE_5,CPU_USAGE_6,CPU_USAGE_7,CPU_USAGE_8,CPU_USAGE_9,TOTAL_MEMORY,TOTAL_SWAP,USED_MEMORY,USED_SWAP
0,1777031010123,286.3530731201172,1980,0,0.6875,3769.828323364258,1901,1901,1901,1901,1901,1901,1901,1901,1901,1901,1901,1901,1901,1901,1901,1901,11.076011657714844,3.7615890502929688,0,0.6024093627929688,28.762977600097656,42.650604248046875,6.222862243652344,0,0,0,11.827774047851563,7.311088562011719,22.12592315673828,34.94419860839844,67.53650665283203,9.766807556152344,16441667584,16046157824,13696491520,5497655296
199,1777031010123,286.3556213378906,1980,0,0.6875,3769.8529510498047,1901,1901,1901,1901,1901,1901,1901,1901,1901,1901,1901,1901,1901,1901,1901,1901,22.523513793945313,17.18030548095703,16.69251251220703,16.637481689453125,87.09475708007813,16.639984130859375,18.593658447265625,17.23534393310547,15.304183959960938,16.329795837402344,51.453372955322266,21.56793975830078,16.152191162109375,16.344810485839844,70.52731323242188,21.485389709472656,16441667584,16046157824,13696524288,5497655296
198,1777031010325,202.41729736328125,1650,2,0.6375,3771.057342529297,1901,1901,1901,1901,1901,1901,1901,1901,1901,1901,1901,1901,1901,1901,1901,1901,15.9085693359375,12.784530639648438,4.436103820800781,4.160743713378906,50.740055084228516,18.958389282226563,4.4750518798828125,3.4644012451171875,1.9777450561523438,1.9899978637695313,13.5001220703125,12.742355346679688,9.808540344238281,7.334991455078125,68.84407806396484,7.841911315917969,16441667584,16046157824,13715079168,6010650624
0,1777031010524,289.34320068359375,1980,0,0.6875,3771.9904022216797,1901,1901,1901,1901,1901,1901,1901,1901,1901,1901,1901,1901,1901,1901,1901,1901,2.8603439331054688,1.156402587890625,0.792449951171875,0.8187255859375,6.3481292724609375,5.2826385498046875,1.0025100708007813,0.9992904663085938,0.473846435546875,0.3522796630859375,6.046943664550781,3.5981216430664063,2.039154052734375,1.6022567749023438,88.92921447753906,2.3341445922851563,16441667584,16046157824,13710794752,5495595008
