Delta,Time,CORE0_ENERGY (J),CORE0_FREQ (MHZ),CORE0_PSTATE,CORE0_VOLT (V),CPU_ENERGY (J),CPU_FREQUENCY_0,CPU_FREQUENCY_1,CPU_FREQUENCY_10,CPU_FREQUENCY_11,CPU_FREQUENCY_12,CPU_FREQUENCY_13,CPU_FREQUENCY_14,CPU_FREQUENCY_15,CPU_FREQUENCY_2,CPU_FREQUENCY_3,CPU_FREQUENCY_4,CPU_FREQUENCY_5,CPU_FREQUENCY_6,CPU_FREQUENCY_7,CPU_FREQUENCY_8,CPU_FREQUENCY_9,CPU_USAGE_0,CPU_USAGE_1,CPU_USAGE_10,CPU_USAGE_11,CPU_USAGE_12,CPU_USAGE_13,CPU_USAGE_14,CPU_USAGE_15,CPU_USAGE_2,CPU_USAGE_3,CPU_USAGE_4,CPU_USAGE_5,CPU_USAGE_6,CPU_USAGE_7,CPU_USAGE_8,CPU_USAGE_9,TOTAL_MEMORY,TOTAL_SWAP,USED_MEMORY,USED_SWAP
0,1777031047003,298.0419921875,1980,0,0.6875,3952.043930053711,1901,1901,1901,1901,1901,1901,1901,1901,1901,1901,1901,1901,1901,1901,1901,1901,8.828689575195313,4.674507141113281,6.586570739746094,7.649818420410156,57.88370132446289,15.011093139648438,2.6026687622070313,5.3446197509765625,1.8584518432617188,1.0001754760742188,20.359390258789063,14.789817810058594,47.56288528442383,35.54917907714844,49.872283935546875,9.58184814453125,16441667584,16046157824,13708128256,5488857088
199,1777031047004,298.04486083984375,1980,0,0.6875,3952.102584838867,1901,1901,1901,1901,1901,1901,1901,1901,1901,1901,1901,1901,1901,1901,1901,1901,16.43207550048828,0,0,0,93.15876007080078,0,0,0,0,0,16.71845245361328,0,0,0,9.743385314941406,3.3747634887695313,16441667584,16046157824,13708148736,5491077120
199,1777031047204,298.0887908935547,1980,0,0.6875,3953.1163787841797,1901,1901,1901,1901,1901,1901,1901,1901,1901,1901,1901,1901,1901,1901,1901,1901,8.180320739746094,2.0752029418945313,0.4224700927734375,0.492889404296875,99.2514419555664,0.0548858642578125,0.9132003784179688,0.10906219482421875,0.6125259399414063,0.406982421875,7.479179382324219,4.725593566894531,4.3706817626953125,3.5030975341796875,10.756278991699219,5.541107177734375,16441667584,16046157824,13719478272,6011637760
0,1777031047404,302.8370056152344,1980,0,0.6875,3954.0901947021484,1901,1901,1901,1901,1901,1901,1901,1901,1901,1901,1901,1901,1901,1901,1901,1901,3.7877731323242188,1.0123443603515625,0.3970794677734375,0.30072021484375,84.59650421142578,0.7456283569335938,0.39009857177734375,0.08258819580078125,0.933013916015625,1.272674560546875,5.8522491455078125,3.3395538330078125,3.7604446411132813,1.280609130859375,9.213455200195313,3.7146835327148438,16441667584,16046157824,13705846784,5491798016
