Delta,Time,CORE0_ENERGY (J),CORE0_FREQ (MHZ),CORE0_PSTATE,CORE0_VOLT (V),CPU_ENERGY (J),CPU_FREQUENCY_0,CPU_FREQUENCY_1,CPU_FREQUENCY_10,CPU_FREQUENCY_11,CPU_FREQUENCY_12,CPU_FREQUENCY_13,CPU_FREQUENCY_14,CPU_FREQUENCY_15,CPU_FREQUENCY_2,CPU_FREQUENCY_3,CPU_FREQUENCY_4,CPU_FREQUENCY_5,CPU_FREQUENCY_6,CPU_FREQUENCY_7,CPU_FREQUENCY_8,CPU_FREQUENCY_9,CPU_USAGE_0,CPU_USAGE_1,CPU_USAGE_10,CPU_USAGE_11,CPU_USAGE_12,CPU_USAGE_13,CPU_USAGE_14,CPU_USAGE_15,CPU_USAGE_2,CPU_USAGE_3,CPU_USAGE_4,CPU_USAGE_5,CPU_USAGE_6,CPU_USAGE_7,CPU_USAGE_8,CPU_USAGE_9,TOTAL_MEMORY,TOTAL_SWAP,USED_MEMORY,USED_SWAP
0,1777031024848,290.8303527832031,1980,0,0.6875,3842.2667694091797,1901,1901,1901,1901,1901,1901,1901,1901,1901,1901,1901,1901,1901,1901,1901,1901,16.583961486816406,6.5689697265625,5.647514343261719,3.9050827026367188,38.06605529785156,52.481266021728516,8.613929748535156,12.334724426269531,15.740768432617188,11.767417907714844,15.746322631835938,24.75103759765625,34.87538146972656,54.885929107666016,61.009159088134766,9.887313842773438,16441667584,16046157824,13709287424,5493723136
199,1777031024848,290.832763671875,1980,0,0.6875,3842.286392211914,1901,1901,1901,1901,1901,1901,1901,1901,1901,1901,1901,1901,1901,1901,1901,1901,4.0770721435546875,0,0,0,81.89152526855469,0,0,0,0,0,37.760440826416016,0,0,0,60.52272033691406,9.484283447265625,16441667584,16046157824,13709312000,5494800384
199,1777031025049,290.8716278076172,1980,0,0.6875,3843.3008575439453,1901,1901,1901,1901,1901,1901,1901,1901,1901,1901,1901,1901,1901,1901,1901,1901,3.794342041015625,1.160369873046875,0.7135772705078125,1.5087051391601563,98.78528594970703,0.148345947265625,1.055267333984375,0.2664947509765625,0.9876251220703125,1.822998046875,8.782905578613281,6.12408447265625,3.1522598266601563,8.0947265625,10.690704345703125,2.6809768676757813,16441667584,16046157824,13726236672,6015094784
0,1777031025249,295.0025939941406,1980,0,0.6875,3844.282913208008,1901,1901,1901,1901,1901,1901,1901,1901,1901,1901,1901,1901,1901,1901,1901,1901,4.9761810302734375,1.71856689453125,0.9829635620117188,0.5633468627929688,79.97410583496094,6.1996002197265625,0.23955535888671875,0.18477630615234375,1.3626937866210938,1.2260284423828125,6.6479339599609375,3.2142105102539063,5.880867004394531,3.39984130859375,10.19195556640625,3.69256591796875,16441667584,16046157824,13713383424,5494906880
