Delta,Time,CORE0_ENERGY (J),CORE0_FREQ (MHZ),CORE0_PSTATE,CORE0_VOLT (V),CPU_ENERGY (J),CPU_FREQUENCY_0,CPU_FREQUENCY_1,CPU_FREQUENCY_10,CPU_FREQUENCY_11,CPU_FREQUENCY_12,CPU_FREQUENCY_13,CPU_FREQUENCY_14,CPU_FREQUENCY_15,CPU_FREQUENCY_2,CPU_FREQUENCY_3,CPU_FREQUENCY_4,CPU_FREQUENCY_5,CPU_FREQUENCY_6,CPU_FREQUENCY_7,CPU_FREQUENCY_8,CPU_FREQUENCY_9,CPU_USAGE_0,CPU_USAGE_1,CPU_USAGE_10,CPU_USAGE_11,CPU_USAGE_12,CPU_USAGE_13,CPU_USAGE_14,CPU_USAGE_15,CPU_USAGE_2,CPU_USAGE_3,CPU_USAGE_4,CPU_USAGE_5,CPU_USAGE_6,CPU_USAGE_7,CPU_USAGE_8,CPU_USAGE_9,TOTAL_MEMORY,TOTAL_SWAP,USED_MEMORY,USED_SWAP
0,1777031021160,199.19793701171875,1980,0,0.6875,3824.149642944336,1901,1901,1901,1901,1901,1901,1901,1901,1901,1901,1901,1901,1901,1901,1901,1901,26.765342712402344,7.823211669921875,10.594497680664063,13.196975708007813,60.52507019042969,30.596351623535156,8.685806274414063,1.9882049560546875,9.940475463867188,4.752960205078125,45.87302017211914,2.3481597900390625,23.220230102539063,28.031455993652344,70.3620834350586,6.099662780761719,16441667584,16046157824,13712404480,5500911616
199,1777031021161,289.5013885498047,1980,0,0.6875,3824.1699829101563,1901,1901,1901,1901,1901,1901,1901,1901,1901,1901,1901,1901,1901,1901,1901,1901,74.9033203125,0,0,0,47.67635726928711,21.42285919189453,3.7371673583984375,21.75623321533203,0,0,67.53233337402344,0,0,0,85.22802734375,0,16441667584,16046157824,13712596992,5500780544
199,1777031021361,293.6962432861328,1980,0,0.6875,3825.248062133789,1901,1901,1901,1901,1901,1901,1901,1901,1901,1901,1901,1901,1901,1901,1901,1901,10.954780578613281,3.62933349609375,1.75665283203125,0.6644744873046875,54.20598220825195,2.3759689331054688,4.47802734375,2.1313323974609375,1.7036895751953125,0.4366607666015625,15.458030700683594,6.726448059082031,2.94097900390625,2.6153488159179688,86.91903686523438,0.7828140258789063,16441667584,16046157824,13729222656,6019690496
0,1777031021562,293.73313903808594,1980,0,0.6875,3826.210922241211,1901,1901,1901,1901,1901,1901,1901,1901,1901,1901,1901,1901,1901,1901,1901,1901,4.7095184326171875,1.9410324096679688,1.5325698852539063,0.18860626220703125,10.300651550292969,2.8982467651367188,1.3699188232421875,0.47525787353515625,1.2782669067382813,0.8629608154296875,6.220893859863281,3.1859970092773438,11.469825744628906,1.60107421875,83.38815307617188,0.514556884765625,16441667584,16046157824,13717970944,5498888192
