Delta,Time,CORE0_ENERGY (J),CORE0_FREQ (MHZ),CORE0_PSTATE,CORE0_VOLT (V),CPU_ENERGY (J),CPU_FREQUENCY_0,CPU_FREQUENCY_1,CPU_FREQUENCY_10,CPU_FREQUENCY_11,CPU_FREQUENCY_12,CPU_FREQUENCY_13,CPU_FREQUENCY_14,CPU_FREQUENCY_15,CPU_FREQUENCY_2,CPU_FREQUENCY_3,CPU_FREQUENCY_4,CPU_FREQUENCY_5,CPU_FREQUENCY_6,CPU_FREQUENCY_7,CPU_FREQUENCY_8,CPU_FREQUENCY_9,CPU_USAGE_0,CPU_USAGE_1,CPU_USAGE_10,CPU_USAGE_11,CPU_USAGE_12,CPU_USAGE_13,CPU_USAGE_14,CPU_USAGE_15,CPU_USAGE_2,CPU_USAGE_3,CPU_USAGE_4,CPU_USAGE_5,CPU_USAGE_6,CPU_USAGE_7,CPU_USAGE_8,CPU_USAGE_9,TOTAL_MEMORY,TOTAL_SWAP,USED_MEMORY,USED_SWAP
0,1777031998753,670.6219329833984,1980,0,0.6875,8928.630111694336,1901,1901,1901,1901,1901,1901,1901,1901,1901,1901,1901,1901,1901,1901,1901,1901,1.685546875,3.3605117797851563,1.5762710571289063,0,74.4324722290039,0,1.8224334716796875,0,0.9029922485351563,7.772071838378906,7.6322479248046875,6.0283660888671875,17.703216552734375,33.99407958984375,32.62696075439453,11.425750732421875,16441667584,16046157824,12905164800,5453422592
199,1777031998754,670.6244049072266,1980,0,0.6875,8928.646896362305,1901,1901,1901,1901,1901,1901,1901,1901,1901,1901,1901,1901,1901,1901,1901,1901,8.269973754882813,10.644256591796875,0,0,98.14259338378906,0,0,1.44390869140625,0.013336181640625,0.01000213623046875,37.76177215576172,4.685211181640625,3.254638671875,3.4480438232421875,63.97892379760742,0.9470443725585938,16441667584,16046157824,12905189376,5453422592
0,1777031998954,670.7034606933594,1980,0,0.675,8929.592163085938,1901,1901,1901,1901,1901,1901,1901,1901,1901,1901,1901,1901,1901,1901,1901,1901,6.924217224121094,4.03778076171875,0.7852706909179688,0.5723724365234375,41.6047248840332,1.16632080078125,1.4033889770507813,1.195037841796875,2.0082244873046875,1.5150604248046875,1.5182571411132813,3.8776168823242188,5.234260559082031,8.6258544921875,6.1593170166015625,6.047798156738281,16441667584,16046157824,12902256640,5452017664
