Delta,Time,CORE0_ENERGY (J),CORE0_FREQ (MHZ),CORE0_PSTATE,CORE0_VOLT (V),CPU_ENERGY (J),CPU_FREQUENCY_0,CPU_FREQUENCY_1,CPU_FREQUENCY_10,CPU_FREQUENCY_11,CPU_FREQUENCY_12,CPU_FREQUENCY_13,CPU_FREQUENCY_14,CPU_FREQUENCY_15,CPU_FREQUENCY_2,CPU_FREQUENCY_3,CPU_FREQUENCY_4,CPU_FREQUENCY_5,CPU_FREQUENCY_6,CPU_FREQUENCY_7,CPU_FREQUENCY_8,CPU_FREQUENCY_9,CPU_USAGE_0,CPU_USAGE_1,CPU_USAGE_10,CPU_USAGE_11,CPU_USAGE_12,CPU_USAGE_13,CPU_USAGE_14,CPU_USAGE_15,CPU_USAGE_2,CPU_USAGE_3,CPU_USAGE_4,CPU_USAGE_5,CPU_USAGE_6,CPU_USAGE_7,CPU_USAGE_8,CPU_USAGE_9,TOTAL_MEMORY,TOTAL_SWAP,USED_MEMORY,USED_SWAP
0,1777031963834,659.7462463378906,1980,0,0.6875,8756.335830688477,1901,1901,1901,1901,1901,1901,1901,1901,1901,1901,1901,1901,1901,1901,1901,1901,9.687469482421875,14.419830322265625,1.4652023315429688,1.9852981567382813,66.34602355957031,4.925163269042969,1.7194747924804688,2.3236236572265625,1.8565902709960938,0.6367263793945313,23.469520568847656,5.987945556640625,28.4530029296875,32.539703369140625,41.03462600708008,11.507286071777344,16441667584,16046157824,12921290752,5472227328
199,1777031963834,603.7071990966797,1980,0,0.6875,8756.403945922852,1901,1901,1901,1901,1901,1901,1901,1901,1901,1901,1901,1901,1901,1901,1901,1901,12.376693725585938,11.172843933105469,7.532310485839844,8.24737548828125,83.892578125,8.413253784179688,9.138786315917969,7.773887634277344,8.339973449707031,8.043647766113281,23.564041137695313,10.095420837402344,8.379432678222656,7.6192779541015625,39.85344314575195,15.500259399414063,16441667584,16046157824,12921315328,5474758656
0,1777031964034,659.8261871337891,1980,0,0.6875,8757.328338623047,1901,1901,1901,1901,1901,1901,1901,1901,1901,1901,1901,1901,1901,1901,1901,1901,6.186378479003906,2.3107681274414063,1.8594741821289063,0.9231109619140625,33.293975830078125,2.1697311401367188,2.8291778564453125,1.9231414794921875,0.4840240478515625,0.48818206787109375,0.8677520751953125,2.4666213989257813,5.176139831542969,1.9170379638671875,6.75103759765625,7.160636901855469,16441667584,16046157824,12916748288,5472960512
