Delta,Time,CORE0_ENERGY (J),CORE0_FREQ (MHZ),CORE0_PSTATE,CORE0_VOLT (V),CPU_ENERGY (J),CPU_FREQUENCY_0,CPU_FREQUENCY_1,CPU_FREQUENCY_10,CPU_FREQUENCY_11,CPU_FREQUENCY_12,CPU_FREQUENCY_13,CPU_FREQUENCY_14,CPU_FREQUENCY_15,CPU_FREQUENCY_2,CPU_FREQUENCY_3,CPU_FREQUENCY_4,CPU_FREQUENCY_5,CPU_FREQUENCY_6,CPU_FREQUENCY_7,CPU_FREQUENCY_8,CPU_FREQUENCY_9,CPU_USAGE_0,CPU_USAGE_1,CPU_USAGE_10,CPU_USAGE_11,CPU_USAGE_12,CPU_USAGE_13,CPU_USAGE_14,CPU_USAGE_15,CPU_USAGE_2,CPU_USAGE_3,CPU_USAGE_4,CPU_USAGE_5,CPU_USAGE_6,CPU_USAGE_7,CPU_USAGE_8,CPU_USAGE_9,TOTAL_MEMORY,TOTAL_SWAP,USED_MEMORY,USED_SWAP
0,1777031988269,611.2536926269531,1980,0,0.6875,8875.459579467773,1901,1901,1901,1901,1901,1901,1901,1901,1901,1901,1901,1901,1901,1901,1901,1901,31.154685974121094,25.040489196777344,6.34820556640625,8.905471801757813,66.18182373046875,7.6512908935546875,8.196083068847656,8.881278991699219,7.0391845703125,13.053466796875,19.687744140625,6.818328857421875,63.808082580566406,42.06947708129883,48.29883575439453,10.064468383789063,16441667584,16046157824,12895686656,5441810432
199,1777031988269,667.2705841064453,1980,0,0.6875,8875.492736816406,1901,1901,1901,1901,1901,1901,1901,1901,1901,1901,1901,1901,1901,1901,1901,1901,26.723670959472656,8.789077758789063,6.2939300537109375,4.794036865234375,80.98204040527344,3.4543533325195313,6.812583923339844,21.222740173339844,4.2873992919921875,3.9609909057617188,29.925704956054688,8.69696044921875,19.09405517578125,46.46855163574219,75.05256652832031,4.1832733154296875,16441667584,16046157824,12895973376,5441679360
1,1777031988470,667.3531188964844,1980,0,0.6875,8876.765426635742,1901,1901,1901,1901,1901,1901,1901,1901,1901,1901,1901,1901,1901,1901,1901,1901,15.124732971191406,9.133697509765625,6.0001983642578125,4.403709411621094,36.263633728027344,3.6092681884765625,13.255386352539063,8.240081787109375,9.728775024414063,15.9898681640625,3.206390380859375,3.7803421020507813,65.4801025390625,25.38805389404297,26.663124084472656,15.230018615722656,16441667584,16046157824,12895526912,5441810432
