Delta,Time,CORE0_ENERGY (J),CORE0_FREQ (MHZ),CORE0_PSTATE,CORE0_VOLT (V),CPU_ENERGY (J),CPU_FREQUENCY_0,CPU_FREQUENCY_1,CPU_FREQUENCY_10,CPU_FREQUENCY_11,CPU_FREQUENCY_12,CPU_FREQUENCY_13,CPU_FREQUENCY_14,CPU_FREQUENCY_15,CPU_FREQUENCY_2,CPU_FREQUENCY_3,CPU_FREQUENCY_4,CPU_FREQUENCY_5,CPU_FREQUENCY_6,CPU_FREQUENCY_7,CPU_FREQUENCY_8,CPU_FREQUENCY_9,CPU_USAGE_0,CPU_USAGE_1,CPU_USAGE_10,CPU_USAGE_11,CPU_USAGE_12,CPU_USAGE_13,CPU_USAGE_14,CPU_USAGE_15,CPU_USAGE_2,CPU_USAGE_3,CPU_USAGE_4,CPU_USAGE_5,CPU_USAGE_6,CPU_USAGE_7,CPU_USAGE_8,CPU_USAGE_9,TOTAL_MEMORY,TOTAL_SWAP,USED_MEMORY,USED_SWAP
0,1777032030101,680.5096282958984,1980,0,0.6875,9082.491836547852,1901,1901,1901,1901,1901,1901,1901,1901,1901,1901,1901,1901,1901,1901,1901,1901,4.6052703857421875,5.8955841064453125,0,0,65.1602783203125,4.165901184082031,0,0,0.2360687255859375,4.2220001220703125,15.530487060546875,3.7765274047851563,47.915103912353516,18.707679748535156,33.75547790527344,9.621566772460938,16441667584,16046157824,12877156352,5409374208
199,1777032030102,680.5126953125,1980,0,0.6875,9082.514678955078,1901,1901,1901,1901,1901,1901,1901,1901,1901,1901,1901,1901,1901,1901,1901,1901,32.70539093017578,26.018211364746094,22.74842071533203,19.128387451171875,97.37566375732422,22.77094268798828,22.38317108154297,24.52216339111328,21.414993286132813,22.453216552734375,34.09636688232422,23.796661376953125,22.670867919921875,23.561492919921875,90.74102020263672,20.09406280517578,16441667584,16046157824,12877176832,5409374208
0,1777032030302,680.6011810302734,1980,0,0.6875,9083.504196166992,1901,1901,1901,1901,1901,1901,1901,1901,1901,1901,1901,1901,1901,1901,1901,1901,7.688728332519531,5.0713653564453125,0.52386474609375,0.387481689453125,46.948577880859375,1.8352813720703125,1.6208038330078125,1.234222412109375,0.8285293579101563,0.8913803100585938,3.0567092895507813,1.3891143798828125,6.5439453125,8.103248596191406,14.447860717773438,12.492141723632813,16441667584,16046157824,12884045824,5404119040
