Delta,Time,CORE0_ENERGY (J),CORE0_FREQ (MHZ),CORE0_PSTATE,CORE0_VOLT (V),CPU_ENERGY (J),CPU_FREQUENCY_0,CPU_FREQUENCY_1,CPU_FREQUENCY_10,CPU_FREQUENCY_11,CPU_FREQUENCY_12,CPU_FREQUENCY_13,CPU_FREQUENCY_14,CPU_FREQUENCY_15,CPU_FREQUENCY_2,CPU_FREQUENCY_3,CPU_FREQUENCY_4,CPU_FREQUENCY_5,CPU_FREQUENCY_6,CPU_FREQUENCY_7,CPU_FREQUENCY_8,CPU_FREQUENCY_9,CPU_USAGE_0,CPU_USAGE_1,CPU_USAGE_10,CPU_USAGE_11,CPU_USAGE_12,CPU_USAGE_13,CPU_USAGE_14,CPU_USAGE_15,CPU_USAGE_2,CPU_USAGE_3,CPU_USAGE_4,CPU_USAGE_5,CPU_USAGE_6,CPU_USAGE_7,CPU_USAGE_8,CPU_USAGE_9,TOTAL_MEMORY,TOTAL_SWAP,USED_MEMORY,USED_SWAP
0,1777031981280,665.2950592041016,1980,0,0.6875,8841.784912109375,1901,1901,1901,1901,1901,1901,1901,1901,1901,1901,1901,1901,1901,1901,1901,1901,8.977508544921875,12.224800109863281,0,0.6660537719726563,72.30765533447266,0,4.3509368896484375,2.3368682861328125,11.330284118652344,0.42224884033203125,13.157951354980469,6.9969635009765625,24.899696350097656,31.628990173339844,40.28085708618164,9.02410888671875,16441667584,16046157824,12919717888,5462126592
199,1777031981281,608.9812164306641,1980,0,0.6875,8841.852294921875,1901,1901,1901,1901,1901,1901,1901,1901,1901,1901,1901,1901,1901,1901,1901,1901,5.721824645996094,3.9957046508789063,5.047691345214844,2.50927734375,89.29457092285156,2.5983352661132813,3.3923110961914063,2.3636322021484375,5.9373779296875,9.058372497558594,7.03680419921875,8.221946716308594,5.2158050537109375,3.9432754516601563,38.8842658996582,5.9723358154296875,16441667584,16046157824,12919746560,5464637440
0,1777031981481,665.3820343017578,1980,0,0.6875,8842.816116333008,1901,1901,1901,1901,1901,1901,1901,1901,1901,1901,1901,1901,1901,1901,1901,1901,4.520530700683594,2.9504470825195313,1.4836273193359375,1.0988922119140625,40.127655029296875,1.1833038330078125,1.1476821899414063,0.0431060791015625,1.0847244262695313,0.13225555419921875,2.2330474853515625,2.2512588500976563,5.392478942871094,1.7858505249023438,5.40704345703125,9.22564697265625,16441667584,16046157824,12916076544,5461172224
