Delta,Time,CORE0_ENERGY (J),CORE0_FREQ (MHZ),CORE0_PSTATE,CORE0_VOLT (V),CPU_ENERGY (J),CPU_FREQUENCY_0,CPU_FREQUENCY_1,CPU_FREQUENCY_10,CPU_FREQUENCY_11,CPU_FREQUENCY_12,CPU_FREQUENCY_13,CPU_FREQUENCY_14,CPU_FREQUENCY_15,CPU_FREQUENCY_2,CPU_FREQUENCY_3,CPU_FREQUENCY_4,CPU_FREQUENCY_5,CPU_FREQUENCY_6,CPU_FREQUENCY_7,CPU_FREQUENCY_8,CPU_FREQUENCY_9,CPU_USAGE_0,CPU_USAGE_1,CPU_USAGE_10,CPU_USAGE_11,CPU_USAGE_12,CPU_USAGE_13,CPU_USAGE_14,CPU_USAGE_15,CPU_USAGE_2,CPU_USAGE_3,CPU_USAGE_4,CPU_USAGE_5,CPU_USAGE_6,CPU_USAGE_7,CPU_USAGE_8,CPU_USAGE_9,TOTAL_MEMORY,TOTAL_SWAP,USED_MEMORY,USED_SWAP
0,1777032002235,671.7637786865234,1980,0,0.6875,8945.284118652344,1901,1901,1901,1901,1901,1901,1901,1901,1901,1901,1901,1901,1901,1901,1901,1901,9.908401489257813,11.66259765625,1.969024658203125,1.469970703125,69.93338775634766,1.82635498046875,2.156097412109375,5.3808135986328125,1.4777374267578125,1.3839263916015625,19.341064453125,10.788833618164063,47.67902755737305,35.23259735107422,37.296546936035156,12.210502624511719,16441667584,16046157824,12902146048,5454176256
199,1777032002236,671.7665252685547,1980,0,0.6875,8945.307922363281,1901,1901,1901,1901,1901,1901,1901,1901,1901,1901,1901,1901,1901,1901,1901,1901,33.43585205078125,8.338958740234375,5.5009613037109375,5.488456726074219,77.8636245727539,8.60400390625,5.490959167480469,5.48345947265625,5.078392028808594,4.905860900878906,12.192131042480469,12.49468994140625,6.163581848144531,7.1012420654296875,74.38801574707031,5.3159332275390625,16441667584,16046157824,12902170624,5454176256
0,1777032002436,671.8455657958984,1980,0,0.6875,8946.266647338867,1901,1901,1901,1901,1901,1901,1901,1901,1901,1901,1901,1901,1901,1901,1901,1901,7.922523498535156,2.7540740966796875,0.9726486206054688,0.6672515869140625,38.347415924072266,2.6167831420898438,1.5948028564453125,1.3548126220703125,0.9734954833984375,0.9962921142578125,3.5752944946289063,2.7530288696289063,2.9474716186523438,1.6436309814453125,11.719291687011719,6.0799713134765625,16441667584,16046157824,12899401728,5453172736
