Delta,Time,CORE0_ENERGY (J),CORE0_FREQ (MHZ),CORE0_PSTATE,CORE0_VOLT (V),CPU_ENERGY (J),CPU_FREQUENCY_0,CPU_FREQUENCY_1,CPU_FREQUENCY_10,CPU_FREQUENCY_11,CPU_FREQUENCY_12,CPU_FREQUENCY_13,CPU_FREQUENCY_14,CPU_FREQUENCY_15,CPU_FREQUENCY_2,CPU_FREQUENCY_3,CPU_FREQUENCY_4,CPU_FREQUENCY_5,CPU_FREQUENCY_6,CPU_FREQUENCY_7,CPU_FREQUENCY_8,CPU_FREQUENCY_9,CPU_USAGE_0,CPU_USAGE_1,CPU_USAGE_10,CPU_USAGE_11,CPU_USAGE_12,CPU_USAGE_13,CPU_USAGE_14,CPU_USAGE_15,CPU_USAGE_2,CPU_USAGE_3,CPU_USAGE_4,CPU_USAGE_5,CPU_USAGE_6,CPU_USAGE_7,CPU_USAGE_8,CPU_USAGE_9,TOTAL_MEMORY,TOTAL_SWAP,USED_MEMORY,USED_SWAP
0,1777031970787,662.1699829101563,1980,0,0.6875,8790.577453613281,1901,1901,1901,1901,1901,1901,1901,1901,1901,1901,1901,1901,1901,1901,1901,1901,27.297760009765625,21.539405822753906,5.8938140869140625,7.399467468261719,61.70185470581055,2.246826171875,7.923004150390625,4.2860107421875,2.7748031616210938,3.2833480834960938,17.15735626220703,5.8116455078125,61.016761779785156,28.575233459472656,37.877315521240234,8.689712524414063,16441667584,16046157824,12919271424,5468311552
199,1777031970788,662.1722869873047,1980,0,0.6875,8790.596267700195,1901,1901,1901,1901,1901,1901,1901,1901,1901,1901,1901,1901,1901,1901,1901,1901,0.41622161865234375,0,0,0,83.7306900024414,0,11.154769897460938,0,0,0,43.5701904296875,0,0,0,89.4579086303711,0,16441667584,16046157824,12919300096,5468311552
0,1777031970989,662.2569274902344,1980,0,0.6875,8791.626495361328,1901,1901,1901,1901,1901,1901,1901,1901,1901,1901,1901,1901,1901,1901,1901,1901,10.419197082519531,10.213104248046875,1.623016357421875,1.7082061767578125,42.465274810791016,1.8503189086914063,7.1693878173828125,4.908973693847656,0.7670135498046875,0.5497665405273438,2.9266510009765625,3.93536376953125,2.2805328369140625,2.343170166015625,22.527435302734375,13.272804260253906,16441667584,16046157824,12917432320,5468872704
