Delta,Time,CORE0_ENERGY (J),CORE0_FREQ (MHZ),CORE0_PSTATE,CORE0_VOLT (V),CPU_ENERGY (J),CPU_FREQUENCY_0,CPU_FREQUENCY_1,CPU_FREQUENCY_10,CPU_FREQUENCY_11,CPU_FREQUENCY_12,CPU_FREQUENCY_13,CPU_FREQUENCY_14,CPU_FREQUENCY_15,CPU_FREQUENCY_2,CPU_FREQUENCY_3,CPU_FREQUENCY_4,CPU_FREQUENCY_5,CPU_FREQUENCY_6,CPU_FREQUENCY_7,CPU_FREQUENCY_8,CPU_FREQUENCY_9,CPU_USAGE_0,CPU_USAGE_1,CPU_USAGE_10,CPU_USAGE_11,CPU_USAGE_12,CPU_USAGE_13,CPU_USAGE_14,CPU_USAGE_15,CPU_USAGE_2,CPU_USAGE_3,CPU_USAGE_4,CPU_USAGE_5,CPU_USAGE_6,CPU_USAGE_7,CPU_USAGE_8,CPU_USAGE_9,TOTAL_MEMORY,TOTAL_SWAP,USED_MEMORY,USED_SWAP
0,1777031953349,600.6738891601563,1980,0,0.6875,8700.90966796875,1901,1901,1901,1901,1901,1901,1901,1901,1901,1901,1901,1901,1901,1901,1901,1901,14.632858276367188,8.93798828125,0,0.1634521484375,71.63561248779297,0,9.942794799804688,0,0,0,4.1485595703125,2.989715576171875,16.829429626464844,30.552139282226563,30.277572631835938,10.825302124023438,16441667584,16046157824,13322907648,5477851136
199,1777031953349,655.9875793457031,1980,0,0.6875,8700.928436279297,1901,1901,1901,1901,1901,1901,1901,1901,1901,1901,1901,1901,1901,1901,1901,1901,14.486618041992188,5.165458679199219,1.32635498046875,1.32635498046875,90.94877624511719,1.822906494140625,1.8262405395507813,3.2925643920898438,1.9495468139648438,1.9428787231445313,8.378044128417969,10.660842895507813,1.3330230712890625,2.5727310180664063,94.95783996582031,1.32635498046875,16441667584,16046157824,13322932224,5477851136
0,1777031953550,656.0692138671875,1980,0,0.6875,8701.890258789063,1901,1901,1901,1901,1901,1901,1901,1901,1901,1901,1901,1901,1901,1901,1901,1901,8.20672607421875,2.6858978271484375,0.1737213134765625,0.01983642578125,39.92753601074219,0.5352859497070313,0.7746810913085938,0.7403640747070313,0.0327606201171875,0.03711700439453125,2.4659957885742188,1.5244064331054688,4.203300476074219,3.084686279296875,4.485664367675781,6.4492340087890625,16441667584,16046157824,13319319552,5479428096
