Delta,Time,CORE0_ENERGY (J),CORE0_FREQ (MHZ),CORE0_PSTATE,CORE0_VOLT (V),CPU_ENERGY (J),CPU_FREQUENCY_0,CPU_FREQUENCY_1,CPU_FREQUENCY_10,CPU_FREQUENCY_11,CPU_FREQUENCY_12,CPU_FREQUENCY_13,CPU_FREQUENCY_14,CPU_FREQUENCY_15,CPU_FREQUENCY_2,CPU_FREQUENCY_3,CPU_FREQUENCY_4,CPU_FREQUENCY_5,CPU_FREQUENCY_6,CPU_FREQUENCY_7,CPU_FREQUENCY_8,CPU_FREQUENCY_9,CPU_USAGE_0,CPU_USAGE_1,CPU_USAGE_10,CPU_USAGE_11,CPU_USAGE_12,CPU_USAGE_13,CPU_USAGE_14,CPU_USAGE_15,CPU_USAGE_2,CPU_USAGE_3,CPU_USAGE_4,CPU_USAGE_5,CPU_USAGE_6,CPU_USAGE_7,CPU_USAGE_8,CPU_USAGE_9,TOTAL_MEMORY,TOTAL_SWAP,USED_MEMORY,USED_SWAP
0,1777031991768,385.59539794921875,1980,0,0.6875,8894.648513793945,1901,1901,1901,1901,1901,1901,1901,1901,1901,1901,1901,1901,1901,1901,1901,1901,22.096145629882813,11.769523620605469,0,0,32.31769561767578,35.631309509277344,3.4353790283203125,0.051727294921875,0,0,4.8502655029296875,9.237709045410156,22.683975219726563,13.82342529296875,58.664424896240234,4.731193542480469,16441667584,16046157824,12907622400,5465403392
199,1777031991769,668.3135833740234,1980,0,0.6875,8894.666213989258,1901,1901,1901,1901,1901,1901,1901,1901,1901,1901,1901,1901,1901,1901,1901,1901,7.663291931152344,0,0,0,44.80157470703125,0,0,1.4919357299804688,0,0,57.551483154296875,0,0,0,89.55642700195313,0,16441667584,16046157824,12908138496,5465403392
0,1777031991969,668.3945770263672,1980,0,0.6875,8895.60546875,1901,1901,1901,1901,1901,1901,1901,1901,1901,1901,1901,1901,1901,1901,1901,1901,7.696708679199219,4.153022766113281,0.772491455078125,0.8487472534179688,37.966522216796875,4.69732666015625,2.4536819458007813,3.1228256225585938,0.7254562377929688,0.4573211669921875,2.84954833984375,4.127235412597656,2.2940216064453125,3.415252685546875,14.378776550292969,6.501365661621094,16441667584,16046157824,12904361984,5446152192
