Delta,Time,CORE0_ENERGY (J),CORE0_FREQ (MHZ),CORE0_PSTATE,CORE0_VOLT (V),CPU_ENERGY (J),CPU_FREQUENCY_0,CPU_FREQUENCY_1,CPU_FREQUENCY_10,CPU_FREQUENCY_11,CPU_FREQUENCY_12,CPU_FREQUENCY_13,CPU_FREQUENCY_14,CPU_FREQUENCY_15,CPU_FREQUENCY_2,CPU_FREQUENCY_3,CPU_FREQUENCY_4,CPU_FREQUENCY_5,CPU_FREQUENCY_6,CPU_FREQUENCY_7,CPU_FREQUENCY_8,CPU_FREQUENCY_9,CPU_USAGE_0,CPU_USAGE_1,CPU_USAGE_10,CPU_USAGE_11,CPU_USAGE_12,CPU_USAGE_13,CPU_USAGE_14,CPU_USAGE_15,CPU_USAGE_2,CPU_USAGE_3,CPU_USAGE_4,CPU_USAGE_5,CPU_USAGE_6,CPU_USAGE_7,CPU_USAGE_8,CPU_USAGE_9,TOTAL_MEMORY,TOTAL_SWAP,USED_MEMORY,USED_SWAP
0,1777031995264,385.9769744873047,1980,0,0.6875,8911.590148925781,1901,1901,1901,1901,1901,1901,1901,1901,1901,1901,1901,1901,1901,1901,1901,1901,30.826988220214844,23.00421142578125,4.019309997558594,3.4025192260742188,61.98900604248047,4.390594482421875,3.5892562866210938,3.3525390625,3.131744384765625,10.152084350585938,7.804649353027344,6.896759033203125,55.13728332519531,15.50054931640625,37.65838623046875,10.728233337402344,16441667584,16046157824,12899762176,5448568832
199,1777031995265,669.4828796386719,1980,0,0.6875,8911.658325195313,1901,1901,1901,1901,1901,1901,1901,1901,1901,1901,1901,1901,1901,1901,1901,1901,2.9009475708007813,1.16949462890625,0,0,65.54492950439453,3.4210357666015625,1.0801773071289063,0,0,0,31.57459259033203,0,0,0,85.33615112304688,0,16441667584,16046157824,12898594816,5450522624
0,1777031995465,669.5565795898438,1980,0,0.675,8912.563491821289,1901,1901,1901,1901,1901,1901,1901,1901,1901,1901,1901,1901,1901,1901,1901,1901,5.524940490722656,2.3011474609375,1.283477783203125,0.8262481689453125,33.75275421142578,6.830024719238281,1.6929779052734375,1.3040924072265625,0.3772125244140625,0.444244384765625,2.111724853515625,3.4430694580078125,5.902000427246094,6.962852478027344,6.351036071777344,7.88323974609375,16441667584,16046157824,12895293440,5441245184
