Delta,Time,CORE0_ENERGY (J),CORE0_FREQ (MHZ),CORE0_PSTATE,CORE0_VOLT (V),CPU_ENERGY (J),CPU_FREQUENCY_0,CPU_FREQUENCY_1,CPU_FREQUENCY_10,CPU_FREQUENCY_11,CPU_FREQUENCY_12,CPU_FREQUENCY_13,CPU_FREQUENCY_14,CPU_FREQUENCY_15,CPU_FREQUENCY_2,CPU_FREQUENCY_3,CPU_FREQUENCY_4,CPU_FREQUENCY_5,CPU_FREQUENCY_6,CPU_FREQUENCY_7,CPU_FREQUENCY_8,CPU_FREQUENCY_9,CPU_USAGE_0,CPU_USAGE_1,CPU_USAGE_10,CPU_USAGE_11,CPU_USAGE_12,CPU_USAGE_13,CPU_USAGE_14,CPU_USAGE_15,CPU_USAGE_2,CPU_USAGE_3,CPU_USAGE_4,CPU_USAGE_5,CPU_USAGE_6,CPU_USAGE_7,CPU_USAGE_8,CPU_USAGE_9,TOTAL_MEMORY,TOTAL_SWAP,USED_MEMORY,USED_SWAP
0,1777031967314,382.9847869873047,1980,0,0.6875,8773.902435302734,1901,1901,1901,1901,1901,1901,1901,1901,1901,1901,1901,1901,1901,1901,1901,1901,11.266700744628906,16.7647705078125,3.3722686767578125,4.301689147949219,47.06559753417969,4.286720275878906,7.458641052246094,6.807525634765625,4.7281951904296875,3.0159835815429688,12.074790954589844,5.818717956542969,28.114089965820313,38.44982147216797,44.33050537109375,20.034286499023438,16441667584,16046157824,12923592704,5469220864
199,1777031967314,661.0070190429688,1980,0,0.6875,8773.919540405273,1901,1901,1901,1901,1901,1901,1901,1901,1901,1901,1901,1901,1901,1901,1901,1901,0,0,0,0,45.86305618286133,0,0,0,0,0,63.704246520996094,0,0,0,79.781982421875,0,16441667584,16046157824,12923625472,5469220864
1,1777031967515,661.0882110595703,1980,0,0.6875,8774.825225830078,1901,1901,1901,1901,1901,1901,1901,1901,1901,1901,1901,1901,1901,1901,1901,1901,5.896003723144531,1.1269683837890625,1.508819580078125,0.2399139404296875,39.23200607299805,1.4103469848632813,1.47381591796875,0.39626312255859375,1.6533126831054688,1.0290374755859375,3.5392913818359375,1.515472412109375,9.013031005859375,3.1624908447265625,8.709991455078125,4.998298645019531,16441667584,16046157824,12919988224,5468647424
