Delta,Time,CORE0_ENERGY (J),CORE0_FREQ (MHZ),CORE0_PSTATE,CORE0_VOLT (V),CPU_ENERGY (J),CPU_FREQUENCY_0,CPU_FREQUENCY_1,CPU_FREQUENCY_10,CPU_FREQUENCY_11,CPU_FREQUENCY_12,CPU_FREQUENCY_13,CPU_FREQUENCY_14,CPU_FREQUENCY_15,CPU_FREQUENCY_2,CPU_FREQUENCY_3,CPU_FREQUENCY_4,CPU_FREQUENCY_5,CPU_FREQUENCY_6,CPU_FREQUENCY_7,CPU_FREQUENCY_8,CPU_FREQUENCY_9,CPU_USAGE_0,CPU_USAGE_1,CPU_USAGE_10,CPU_USAGE_11,CPU_USAGE_12,CPU_USAGE_13,CPU_USAGE_14,CPU_USAGE_15,CPU_USAGE_2,CPU_USAGE_3,CPU_USAGE_4,CPU_USAGE_5,CPU_USAGE_6,CPU_USAGE_7,CPU_USAGE_8,CPU_USAGE_9,TOTAL_MEMORY,TOTAL_SWAP,USED_MEMORY,USED_SWAP
0,1777032019667,677.6067962646484,1980,0,0.6875,9030.418365478516,1901,1901,1901,1901,1901,1901,1901,1901,1901,1901,1901,1901,1901,1901,1901,1901,11.922943115234375,5.939216613769531,19.2808837890625,5.6738128662109375,56.77190017700195,3.7012176513671875,5.200904846191406,3.888885498046875,4.124267578125,10.973373413085938,21.818603515625,3.9617996215820313,27.47954559326172,31.459579467773438,33.68095397949219,6.370841979980469,16441667584,16046157824,12903714816,5450915840
199,1777032019668,620.7861480712891,1980,0,0.6875,9030.50277709961,1901,1901,1901,1901,1901,1901,1901,1901,1901,1901,1901,1901,1901,1901,1901,1901,8.192855834960938,0,0,0,91.1888427734375,0,0,0,0,0,12.270088195800781,0.2480316162109375,1.8278961181640625,3.7794570922851563,22.737869262695313,0.913238525390625,16441667584,16046157824,12904042496,5455286272
0,1777032019869,677.6876525878906,1980,0,0.6875,9031.481307983398,1901,1901,1901,1901,1901,1901,1901,1901,1901,1901,1901,1901,1901,1901,1901,1901,6.960426330566406,3.000885009765625,0.6111602783203125,1.0625762939453125,31.58959197998047,1.2993927001953125,1.1908111572265625,0.72479248046875,0.985260009765625,1.4061660766601563,2.3976821899414063,3.0533523559570313,3.075408935546875,2.1924285888671875,9.430229187011719,5.414970397949219,16441667584,16046157824,12899794944,5449785344
