Delta,Time,CORE0_ENERGY (J),CORE0_FREQ (MHZ),CORE0_PSTATE,CORE0_VOLT (V),CPU_ENERGY (J),CPU_FREQUENCY_0,CPU_FREQUENCY_1,CPU_FREQUENCY_10,CPU_FREQUENCY_11,CPU_FREQUENCY_12,CPU_FREQUENCY_13,CPU_FREQUENCY_14,CPU_FREQUENCY_15,CPU_FREQUENCY_2,CPU_FREQUENCY_3,CPU_FREQUENCY_4,CPU_FREQUENCY_5,CPU_FREQUENCY_6,CPU_FREQUENCY_7,CPU_FREQUENCY_8,CPU_FREQUENCY_9,CPU_USAGE_0,CPU_USAGE_1,CPU_USAGE_10,CPU_USAGE_11,CPU_USAGE_12,CPU_USAGE_13,CPU_USAGE_14,CPU_USAGE_15,CPU_USAGE_2,CPU_USAGE_3,CPU_USAGE_4,CPU_USAGE_5,CPU_USAGE_6,CPU_USAGE_7,CPU_USAGE_8,CPU_USAGE_9,TOTAL_MEMORY,TOTAL_SWAP,USED_MEMORY,USED_SWAP
0,1777032012692,675.2058715820313,1980,0,0.6875,8996.268814086914,1901,1901,1901,1901,1901,1901,1901,1901,1901,1901,1901,1901,1901,1901,1901,1901,9.531806945800781,0,0,0,81.50291442871094,0,0.40961456298828125,0,0,0,2.1829605102539063,2.261138916015625,29.976768493652344,20.995521545410156,8.372329711914063,27.5565185546875,16441667584,16046157824,12906987520,5455749120
199,1777032012693,618.8622436523438,1980,0,0.6875,8996.292236328125,1901,1901,1901,1901,1901,1901,1901,1901,1901,1901,1901,1901,1901,1901,1901,1901,38.24441146850586,0,0,0,64.37164306640625,0,0,0,0,0,7.2783050537109375,0,0,0,86.78974914550781,0,16441667584,16046157824,12907012096,5455618048
0,1777032012894,618.9367828369141,1980,0,0.675,8997.238235473633,1901,1901,1901,1901,1901,1901,1901,1901,1901,1901,1901,1901,1901,1901,1901,1901,6.486122131347656,2.8830795288085938,0.5880203247070313,0.6894302368164063,12.941719055175781,2.6623992919921875,2.3323745727539063,2.7140274047851563,1.94732666015625,0.6752166748046875,2.4164276123046875,1.5834808349609375,6.006752014160156,3.3181076049804688,36.36558151245117,2.822174072265625,16441667584,16046157824,12900200448,5446303744
