Delta,Time,CORE0_ENERGY (J),CORE0_FREQ (MHZ),CORE0_PSTATE,CORE0_VOLT (V),CPU_ENERGY (J),CPU_FREQUENCY_0,CPU_FREQUENCY_1,CPU_FREQUENCY_10,CPU_FREQUENCY_11,CPU_FREQUENCY_12,CPU_FREQUENCY_13,CPU_FREQUENCY_14,CPU_FREQUENCY_15,CPU_FREQUENCY_2,CPU_FREQUENCY_3,CPU_FREQUENCY_4,CPU_FREQUENCY_5,CPU_FREQUENCY_6,CPU_FREQUENCY_7,CPU_FREQUENCY_8,CPU_FREQUENCY_9,CPU_USAGE_0,CPU_USAGE_1,CPU_USAGE_10,CPU_USAGE_11,CPU_USAGE_12,CPU_USAGE_13,CPU_USAGE_14,CPU_USAGE_15,CPU_USAGE_2,CPU_USAGE_3,CPU_USAGE_4,CPU_USAGE_5,CPU_USAGE_6,CPU_USAGE_7,CPU_USAGE_8,CPU_USAGE_9,TOTAL_MEMORY,TOTAL_SWAP,USED_MEMORY,USED_SWAP
0,1777031977779,664.4259338378906,1980,0,0.6875,8824.506942749023,1901,1901,1901,1901,1901,1901,1901,1901,1901,1901,1901,1901,1901,1901,1901,1901,13.88946533203125,0.9927444458007813,0,0.9318466186523438,63.10984802246094,0,0,0.7491683959960938,0,0,3.2810211181640625,8.914573669433594,28.033676147460938,33.89069366455078,37.986244201660156,6.35198974609375,16441667584,16046157824,12913414144,5458296832
199,1777031977780,195.7367706298828,1980,0,0.68125,8824.578842163086,1901,1901,1901,1901,1901,1901,1901,1901,1901,1901,1901,1901,1901,1901,1901,1901,43.76512908935547,8.65618896484375,0.5049819946289063,0.089019775390625,73.19035339355469,1.25787353515625,6.74359130859375,4.5498046875,5.641288757324219,6.225303649902344,12.154441833496094,5.634635925292969,0,13.710975646972656,67.99746704101563,17.43883514404297,16441667584,16046157824,12912103424,5460373504
0,1777031977980,664.5112457275391,1980,0,0.6875,8825.566940307617,1901,1901,1901,1901,1901,1901,1901,1901,1901,1901,1901,1901,1901,1901,1901,1901,9.251319885253906,5.567626953125,0.9565277099609375,0.9586868286132813,37.27537155151367,1.2279815673828125,1.9546737670898438,1.3442535400390625,0.8248443603515625,0.6174545288085938,1.4166946411132813,4.487495422363281,3.9711532592773438,7.652885437011719,12.385726928710938,12.452552795410156,16441667584,16046157824,12908535808,5451821056
