Delta,Time,CORE0_ENERGY (J),CORE0_FREQ (MHZ),CORE0_PSTATE,CORE0_VOLT (V),CPU_ENERGY (J),CPU_FREQUENCY_0,CPU_FREQUENCY_1,CPU_FREQUENCY_10,CPU_FREQUENCY_11,CPU_FREQUENCY_12,CPU_FREQUENCY_13,CPU_FREQUENCY_14,CPU_FREQUENCY_15,CPU_FREQUENCY_2,CPU_FREQUENCY_3,CPU_FREQUENCY_4,CPU_FREQUENCY_5,CPU_FREQUENCY_6,CPU_FREQUENCY_7,CPU_FREQUENCY_8,CPU_FREQUENCY_9,CPU_USAGE_0,CPU_USAGE_1,CPU_USAGE_10,CPU_USAGE_11,CPU_USAGE_12,CPU_USAGE_13,CPU_USAGE_14,CPU_USAGE_15,CPU_USAGE_2,CPU_USAGE_3,CPU_USAGE_4,CPU_USAGE_5,CPU_USAGE_6,CPU_USAGE_7,CPU_USAGE_8,CPU_USAGE_9,TOTAL_MEMORY,TOTAL_SWAP,USED_MEMORY,USED_SWAP
0,1777031949860,654.7249755859375,1980,0,0.6875,8683.85627746582,1901,1901,1901,1901,1901,1901,1901,1901,1901,1901,1901,1901,1901,1901,1901,1901,10.736106872558594,11.577171325683594,3.8734512329101563,3.6552276611328125,75.40731811523438,4.4065093994140625,6.7285308837890625,5.1702880859375,3.7813873291015625,4.6889495849609375,16.132003784179688,13.033126831054688,61.646217346191406,34.82244110107422,38.67770767211914,11.957923889160156,16441667584,16046157824,13320740864,5479190528
199,1777031949861,599.8012237548828,1980,0,0.6875,8683.916015625,1901,1901,1901,1901,1901,1901,1901,1901,1901,1901,1901,1901,1901,1901,1901,1901,3.897247314453125,2.5284576416015625,1.6362075805664063,1.6576385498046875,89.34877014160156,2.1684722900390625,2.9261550903320313,1.5762100219726563,3.0170059204101563,3.1721420288085938,7.03082275390625,6.71026611328125,1.3670806884765625,1.7682037353515625,39.67447280883789,2.7890167236328125,16441667584,16046157824,13320798208,5481164800
1,1777031950061,654.8091735839844,1980,0,0.6875,8684.84243774414,1901,1901,1901,1901,1901,1901,1901,1901,1901,1901,1901,1901,1901,1901,1901,1901,7.734283447265625,2.6547927856445313,1.1977767944335938,0.56585693359375,38.7955436706543,1.2162094116210938,2.1320037841796875,1.7604751586914063,2.219757080078125,0.758331298828125,2.0990982055664063,2.6901016235351563,12.112594604492188,2.256866455078125,7.807456970214844,6.840423583984375,16441667584,16046157824,13320433664,5476880384
