Delta,Time,CORE0_ENERGY (J),CORE0_FREQ (MHZ),CORE0_PSTATE,CORE0_VOLT (V),CPU_ENERGY (J),CPU_FREQUENCY_0,CPU_FREQUENCY_1,CPU_FREQUENCY_10,CPU_FREQUENCY_11,CPU_FREQUENCY_12,CPU_FREQUENCY_13,CPU_FREQUENCY_14,CPU_FREQUENCY_15,CPU_FREQUENCY_2,CPU_FREQUENCY_3,CPU_FREQUENCY_4,CPU_FREQUENCY_5,CPU_FREQUENCY_6,CPU_FREQUENCY_7,CPU_FREQUENCY_8,CPU_FREQUENCY_9,CPU_USAGE_0,CPU_USAGE_1,CPU_USAGE_10,CPU_USAGE_11,CPU_USAGE_12,CPU_USAGE_13,CPU_USAGE_14,CPU_USAGE_15,CPU_USAGE_2,CPU_USAGE_3,CPU_USAGE_4,CPU_USAGE_5,CPU_USAGE_6,CPU_USAGE_7,CPU_USAGE_8,CPU_USAGE_9,TOTAL_MEMORY,TOTAL_SWAP,USED_MEMORY,USED_SWAP
0,1777031974292,663.1832275390625,1980,0,0.6875,8807.635864257813,1901,1901,1901,1901,1901,1901,1901,1901,1901,1901,1901,1901,1901,1901,1901,1901,5.6681671142578125,7.027557373046875,2.8943023681640625,7.278129577636719,67.54710388183594,0.07928466796875,1.7388839721679688,1.4193115234375,0.4920654296875,1.4398880004882813,13.351211547851563,2.61407470703125,22.920814514160156,33.58350372314453,39.03680419921875,13.268898010253906,16441667584,16046157824,12919029760,5461241856
199,1777031974293,663.1917114257813,1980,0,0.6875,8807.698989868164,1901,1901,1901,1901,1901,1901,1901,1901,1901,1901,1901,1901,1901,1901,1901,1901,4.0801239013671875,0,2.9046554565429688,0,82.91911315917969,0,0,0,0,0,14.799690246582031,2.0098648071289063,0.23645782470703125,0,26.75597381591797,3.9066085815429688,16441667584,16046157824,12919099392,5463076864
0,1777031974494,663.2234344482422,1650,2,0.64375,8808.668869018555,1901,1901,1901,1901,1901,1901,1901,1901,1901,1901,1901,1901,1901,1901,1901,1901,6.583564758300781,3.8389816284179688,2.0293960571289063,1.7552566528320313,7.916786193847656,2.9024429321289063,1.9815902709960938,3.0669708251953125,0.4648590087890625,0.37352752685546875,2.9059295654296875,3.4928359985351563,2.1972579956054688,8.012893676757813,33.5894775390625,3.9614334106445313,16441667584,16046157824,12913225728,5459709952
