Delta,Time,CORE0_ENERGY (J),CORE0_FREQ (MHZ),CORE0_PSTATE,CORE0_VOLT (V),CPU_ENERGY (J),CPU_FREQUENCY_0,CPU_FREQUENCY_1,CPU_FREQUENCY_10,CPU_FREQUENCY_11,CPU_FREQUENCY_12,CPU_FREQUENCY_13,CPU_FREQUENCY_14,CPU_FREQUENCY_15,CPU_FREQUENCY_2,CPU_FREQUENCY_3,CPU_FREQUENCY_4,CPU_FREQUENCY_5,CPU_FREQUENCY_6,CPU_FREQUENCY_7,CPU_FREQUENCY_8,CPU_FREQUENCY_9,CPU_USAGE_0,CPU_USAGE_1,CPU_USAGE_10,CPU_USAGE_11,CPU_USAGE_12,CPU_USAGE_13,CPU_USAGE_14,CPU_USAGE_15,CPU_USAGE_2,CPU_USAGE_3,CPU_USAGE_4,CPU_USAGE_5,CPU_USAGE_6,CPU_USAGE_7,CPU_USAGE_8,CPU_USAGE_9,TOTAL_MEMORY,TOTAL_SWAP,USED_MEMORY,USED_SWAP
0,1777032009213,673.9518432617188,1980,0,0.6875,8979.329055786133,1901,1901,1901,1901,1901,1901,1901,1901,1901,1901,1901,1901,1901,1901,1901,1901,15.211105346679688,9.836669921875,9.279632568359375,9.659088134765625,62.44211196899414,8.894241333007813,7.6490020751953125,19.20427703857422,7.217193603515625,5.807868957519531,25.778610229492188,13.370506286621094,36.375267028808594,41.56834030151367,23.203392028808594,47.05720520019531,16441667584,16046157824,12901904384,5450760192
199,1777032009214,673.9599761962891,1980,0,0.6875,8979.397033691406,1901,1901,1901,1901,1901,1901,1901,1901,1901,1901,1901,1901,1901,1901,1901,1901,9.573982238769531,2.4506301879882813,0,0,80.34872436523438,0.5392608642578125,0.7891998291015625,0,0.3286895751953125,0.3090057373046875,4.4895477294921875,4.239601135253906,1.09649658203125,0,44.46831512451172,0.7001800537109375,16441667584,16046157824,12901941248,5453320192
0,1777032009414,674.0211181640625,1980,0,0.6875,8980.37548828125,1901,1901,1901,1901,1901,1901,1901,1901,1901,1901,1901,1901,1901,1901,1901,1901,6.394073486328125,2.9613876342773438,0.8310165405273438,1.2485733032226563,27.741676330566406,1.4380950927734375,1.7574920654296875,1.5081863403320313,0.6739654541015625,0.32590484619140625,2.88519287109375,1.8663101196289063,2.2113723754882813,1.4409942626953125,21.149330139160156,4.467475891113281,16441667584,16046157824,12898959360,5451264000
