Delta,Time,CORE0_ENERGY (J),CORE0_FREQ (MHZ),CORE0_PSTATE,CORE0_VOLT (V),CPU_ENERGY (J),CPU_FREQUENCY_0,CPU_FREQUENCY_1,CPU_FREQUENCY_10,CPU_FREQUENCY_11,CPU_FREQUENCY_12,CPU_FREQUENCY_13,CPU_FREQUENCY_14,CPU_FREQUENCY_15,CPU_FREQUENCY_2,CPU_FREQUENCY_3,CPU_FREQUENCY_4,CPU_FREQUENCY_5,CPU_FREQUENCY_6,CPU_FREQUENCY_7,CPU_FREQUENCY_8,CPU_FREQUENCY_9,CPU_USAGE_0,CPU_USAGE_1,CPU_USAGE_10,CPU_USAGE_11,CPU_USAGE_12,CPU_USAGE_13,CPU_USAGE_14,CPU_USAGE_15,CPU_USAGE_2,CPU_USAGE_3,CPU_USAGE_4,CPU_USAGE_5,CPU_USAGE_6,CPU_USAGE_7,CPU_USAGE_8,CPU_USAGE_9,TOTAL_MEMORY,TOTAL_SWAP,USED_MEMORY,USED_SWAP
0,1777032040560,683.7211456298828,1980,0,0.6875,9135.152069091797,1901,1901,1901,1901,1901,1901,1901,1901,1901,1901,1901,1901,1901,1901,1901,1901,32.52922821044922,17.294082641601563,1.5902175903320313,1.8339462280273438,58.786800384521484,2.8065948486328125,3.2480392456054688,13.384162902832031,21.169342041015625,5.793853759765625,6.712532043457031,7.1346588134765625,34.549522399902344,19.854103088378906,27.783584594726563,3.1412277221679688,16441667584,16046157824,12875366400,5404504064
199,1777032040561,683.7299957275391,1980,0,0.6875,9135.221374511719,1901,1901,1901,1901,1901,1901,1901,1901,1901,1901,1901,1901,1901,1901,1901,1901,18.335174560546875,8.439842224121094,3.8748397827148438,3.5910110473632813,90.02103424072266,2.7935714721679688,14.182411193847656,9.184906005859375,4.503334045410156,2.792724609375,6.344879150390625,14.048942565917969,8.01324462890625,6.164100646972656,37.41288757324219,6.475807189941406,16441667584,16046157824,12875395072,5408108544
0,1777032040761,683.8150177001953,1980,0,0.6875,9136.134750366211,1901,1901,1901,1901,1901,1901,1901,1901,1901,1901,1901,1901,1901,1901,1901,1901,5.748390197753906,3.6354904174804688,0.6653671264648438,0.6741485595703125,39.52523422241211,1.2273712158203125,1.112823486328125,0.88922119140625,0.6804885864257813,2.7887954711914063,3.3533401489257813,2.8577728271484375,6.685523986816406,1.9406051635742188,6.074058532714844,9.253761291503906,16441667584,16046157824,12875886592,5399490560
