Delta,Time,CORE0_ENERGY (J),CORE0_FREQ (MHZ),CORE0_PSTATE,CORE0_VOLT (V),CPU_ENERGY (J),CPU_FREQUENCY_0,CPU_FREQUENCY_1,CPU_FREQUENCY_10,CPU_FREQUENCY_11,CPU_FREQUENCY_12,CPU_FREQUENCY_13,CPU_FREQUENCY_14,CPU_FREQUENCY_15,CPU_FREQUENCY_2,CPU_FREQUENCY_3,CPU_FREQUENCY_4,CPU_FREQUENCY_5,CPU_FREQUENCY_6,CPU_FREQUENCY_7,CPU_FREQUENCY_8,CPU_FREQUENCY_9,CPU_USAGE_0,CPU_USAGE_1,CPU_USAGE_10,CPU_USAGE_11,CPU_USAGE_12,CPU_USAGE_13,CPU_USAGE_14,CPU_USAGE_15,CPU_USAGE_2,CPU_USAGE_3,CPU_USAGE_4,CPU_USAGE_5,CPU_USAGE_6,CPU_USAGE_7,CPU_USAGE_8,CPU_USAGE_9,TOTAL_MEMORY,TOTAL_SWAP,USED_MEMORY,USED_SWAP
0,1777031984767,666.2838439941406,1980,0,0.6875,8858.517333984375,1901,1901,1901,1901,1901,1901,1901,1901,1901,1901,1901,1901,1901,1901,1901,1901,9.427726745605469,14.302658081054688,14.47076416015625,6.671760559082031,75.18848419189453,2.7778854370117188,4.63824462890625,4.145744323730469,4.446533203125,2.6974945068359375,4.454963684082031,10.318832397460938,28.303977966308594,26.761268615722656,12.015022277832031,14.137367248535156,16441667584,16046157824,12890910720,5440851968
199,1777031984768,610.0943603515625,1980,0,0.6875,8858.581329345703,1901,1901,1901,1901,1901,1901,1901,1901,1901,1901,1901,1901,1901,1901,1901,1901,21.91712188720703,5.1514129638671875,3.5073318481445313,2.179412841796875,75.16024780273438,3.4657516479492188,6.358924865722656,4.7858734130859375,17.27417755126953,17.135581970214844,33.925537109375,6.662101745605469,15.982643127441406,4.699249267578125,72.16572570800781,2.9746017456054688,16441667584,16046157824,12891054080,5443915776
0,1777031984968,666.3973999023438,1980,0,0.6875,8859.688827514648,1901,1901,1901,1901,1901,1901,1901,1901,1901,1901,1901,1901,1901,1901,1901,1901,15.751731872558594,12.377571105957031,1.3183746337890625,1.4099044799804688,58.15478515625,3.576751708984375,2.919036865234375,2.9405136108398438,1.9781341552734375,2.3083648681640625,10.301254272460938,6.034782409667969,5.654365539550781,5.29656982421875,44.056304931640625,15.504196166992188,16441667584,16046157824,12905320448,5462274048
