Delta,Time,CORE0_ENERGY (J),CORE0_FREQ (MHZ),CORE0_PSTATE,CORE0_VOLT (V),CPU_ENERGY (J),CPU_FREQUENCY_0,CPU_FREQUENCY_1,CPU_FREQUENCY_10,CPU_FREQUENCY_11,CPU_FREQUENCY_12,CPU_FREQUENCY_13,CPU_FREQUENCY_14,CPU_FREQUENCY_15,CPU_FREQUENCY_2,CPU_FREQUENCY_3,CPU_FREQUENCY_4,CPU_FREQUENCY_5,CPU_FREQUENCY_6,CPU_FREQUENCY_7,CPU_FREQUENCY_8,CPU_FREQUENCY_9,CPU_USAGE_0,CPU_USAGE_1,CPU_USAGE_10,CPU_USAGE_11,CPU_USAGE_12,CPU_USAGE_13,CPU_USAGE_14,CPU_USAGE_15,CPU_USAGE_2,CPU_USAGE_3,CPU_USAGE_4,CPU_USAGE_5,CPU_USAGE_6,CPU_USAGE_7,CPU_USAGE_8,CPU_USAGE_9,TOTAL_MEMORY,TOTAL_SWAP,USED_MEMORY,USED_SWAP
0,1777031956843,657.2001495361328,1980,0,0.6875,8719.031936645508,1901,1901,1901,1901,1901,1901,1901,1901,1901,1901,1901,1901,1901,1901,1901,1901,13.303779602050781,8.739738464355469,6.6576385498046875,2.4154586791992188,62.836978912353516,10.51397705078125,4.246177673339844,8.444869995117188,3.7548828125,0.37833404541015625,20.449203491210938,6.6921234130859375,69.05980682373047,100,56.10187530517578,50.110450744628906,16441667584,16046157824,13201211392,5478514688
199,1777031956844,657.2032470703125,1980,0,0.6875,8719.060775756836,1901,1901,1901,1901,1901,1901,1901,1901,1901,1901,1901,1901,1901,1901,1901,1901,46.26481246948242,17.84088897705078,13.293167114257813,13.660682678222656,96.74983978271484,12.740638732910156,13.618179321289063,15.61077880859375,12.395622253417969,12.395622253417969,45.97480010986328,24.353713989257813,51.78009033203125,100,77.6288833618164,16.28331756591797,16441667584,16046157824,13200068608,5478883328
1,1777031957045,657.2781677246094,1980,0,0.6875,8720.301208496094,1901,1901,1901,1901,1901,1901,1901,1901,1901,1901,1901,1901,1901,1901,1901,1901,7.492218017578125,5.434532165527344,4.1824951171875,3.8309173583984375,39.71094512939453,1.78155517578125,3.1818084716796875,2.197174072265625,2.1399688720703125,2.3592529296875,4.9358367919921875,4.850456237792969,54.251644134521484,100,31.570960998535156,7.908538818359375,16441667584,16046157824,13157552128,5479596032
