Delta,Time,CORE0_ENERGY (J),CORE0_FREQ (MHZ),CORE0_PSTATE,CORE0_VOLT (V),CPU_ENERGY (J),CPU_FREQUENCY_0,CPU_FREQUENCY_1,CPU_FREQUENCY_10,CPU_FREQUENCY_11,CPU_FREQUENCY_12,CPU_FREQUENCY_13,CPU_FREQUENCY_14,CPU_FREQUENCY_15,CPU_FREQUENCY_2,CPU_FREQUENCY_3,CPU_FREQUENCY_4,CPU_FREQUENCY_5,CPU_FREQUENCY_6,CPU_FREQUENCY_7,CPU_FREQUENCY_8,CPU_FREQUENCY_9,CPU_USAGE_0,CPU_USAGE_1,CPU_USAGE_10,CPU_USAGE_11,CPU_USAGE_12,CPU_USAGE_13,CPU_USAGE_14,CPU_USAGE_15,CPU_USAGE_2,CPU_USAGE_3,CPU_USAGE_4,CPU_USAGE_5,CPU_USAGE_6,CPU_USAGE_7,CPU_USAGE_8,CPU_USAGE_9,TOTAL_MEMORY,TOTAL_SWAP,USED_MEMORY,USED_SWAP
0,1777032044046,685.0374908447266,1980,0,0.6875,9152.141845703125,1901,1901,1901,1901,1901,1901,1901,1901,1901,1901,1901,1901,1901,1901,1901,1901,46.640159606933594,33.37627410888672,21.482315063476563,3.7876968383789063,73.04520416259766,4.115882873535156,8.522735595703125,12.806320190429688,5.574653625488281,17.678512573242188,42.51872634887695,10.584007263183594,55.49274444580078,30.665863037109375,36.74861145019531,46.30253982543945,16441667584,16046157824,12870201344,5397659648
199,1777032044046,685.0394744873047,1980,0,0.6875,9152.1630859375,1901,1901,1901,1901,1901,1901,1901,1901,1901,1901,1901,1901,1901,1901,1901,1901,51.955623626708984,1.8156967163085938,0,0,67.53398132324219,0,2.9717483520507813,0,0,0,83.82196044921875,0,0,0,100,0,16441667584,16046157824,12870230016,5397659648
0,1777032044247,685.1227416992188,1980,0,0.675,9153.193954467773,1901,1901,1901,1901,1901,1901,1901,1901,1901,1901,1901,1901,1901,1901,1901,1901,7.145713806152344,7.848152160644531,1.3639755249023438,2.544189453125,36.9375,7.971855163574219,5.1397552490234375,4.003883361816406,0.8022003173828125,0.9203262329101563,9.00286865234375,4.889244079589844,3.6778564453125,6.1150970458984375,22.54875946044922,21.70160675048828,16441667584,16046157824,12875186176,5395959808
