Delta,Time,CORE0_ENERGY (J),CORE0_FREQ (MHZ),CORE0_PSTATE,CORE0_VOLT (V),CPU_ENERGY (J),CPU_FREQUENCY_0,CPU_FREQUENCY_1,CPU_FREQUENCY_10,CPU_FREQUENCY_11,CPU_FREQUENCY_12,CPU_FREQUENCY_13,CPU_FREQUENCY_14,CPU_FREQUENCY_15,CPU_FREQUENCY_2,CPU_FREQUENCY_3,CPU_FREQUENCY_4,CPU_FREQUENCY_5,CPU_FREQUENCY_6,CPU_FREQUENCY_7,CPU_FREQUENCY_8,CPU_FREQUENCY_9,CPU_USAGE_0,CPU_USAGE_1,CPU_USAGE_10,CPU_USAGE_11,CPU_USAGE_12,CPU_USAGE_13,CPU_USAGE_14,CPU_USAGE_15,CPU_USAGE_2,CPU_USAGE_3,CPU_USAGE_4,CPU_USAGE_5,CPU_USAGE_6,CPU_USAGE_7,CPU_USAGE_8,CPU_USAGE_9,TOTAL_MEMORY,TOTAL_SWAP,USED_MEMORY,USED_SWAP
0,1777032033593,681.5188293457031,1980,0,0.6875,9099.742431640625,1901,1901,1901,1901,1901,1901,1901,1901,1901,1901,1901,1901,1901,1901,1901,1901,14.245491027832031,12.143692016601563,5.127403259277344,6.3581390380859375,78.23976135253906,4.9403533935546875,6.729743957519531,4.718482971191406,3.7598648071289063,4.787132263183594,10.998519897460938,8.317665100097656,29.029739379882813,14.409156799316406,22.229354858398438,27.767166137695313,16441667584,16046157824,12876627968,5409239040
199,1777032033594,681.5218811035156,1980,0,0.6875,9099.769592285156,1901,1901,1901,1901,1901,1901,1901,1901,1901,1901,1901,1901,1901,1901,1901,1901,4.559844970703125,0,0,0,90.62031555175781,0,0,0,13.559547424316406,0,5.1631622314453125,0,0,0,86.76044464111328,0,16441667584,16046157824,12876652544,5409107968
0,1777032033795,681.6001586914063,1980,0,0.675,9100.67529296875,1901,1901,1901,1901,1901,1901,1901,1901,1901,1901,1901,1901,1901,1901,1901,1901,4.2008514404296875,2.7520980834960938,1.9582290649414063,0.8251113891601563,37.6713981628418,3.2804946899414063,2.211669921875,2.1327972412109375,0.7691574096679688,0.612457275390625,2.8057098388671875,2.1502685546875,6.838935852050781,3.9839019775390625,13.774261474609375,4.709930419921875,16441667584,16046157824,12878270464,5407100928
