Delta,Time,CORE0_ENERGY (J),CORE0_FREQ (MHZ),CORE0_PSTATE,CORE0_VOLT (V),CPU_ENERGY (J),CPU_FREQUENCY_0,CPU_FREQUENCY_1,CPU_FREQUENCY_10,CPU_FREQUENCY_11,CPU_FREQUENCY_12,CPU_FREQUENCY_13,CPU_FREQUENCY_14,CPU_FREQUENCY_15,CPU_FREQUENCY_2,CPU_FREQUENCY_3,CPU_FREQUENCY_4,CPU_FREQUENCY_5,CPU_FREQUENCY_6,CPU_FREQUENCY_7,CPU_FREQUENCY_8,CPU_FREQUENCY_9,CPU_USAGE_0,CPU_USAGE_1,CPU_USAGE_10,CPU_USAGE_11,CPU_USAGE_12,CPU_USAGE_13,CPU_USAGE_14,CPU_USAGE_15,CPU_USAGE_2,CPU_USAGE_3,CPU_USAGE_4,CPU_USAGE_5,CPU_USAGE_6,CPU_USAGE_7,CPU_USAGE_8,CPU_USAGE_9,TOTAL_MEMORY,TOTAL_SWAP,USED_MEMORY,USED_SWAP
0,1777031960341,658.6039276123047,1980,0,0.6875,8739.587188720703,1901,1901,1901,1901,1901,1901,1901,1901,1901,1901,1901,1901,1901,1901,1901,1901,15.698860168457031,12.551017761230469,10.044647216796875,3.4421920776367188,52.3623046875,1.688507080078125,3.1933670043945313,7.2558135986328125,3.1049041748046875,12.201316833496094,13.7279052734375,4.154014587402344,13.458900451660156,23.974815368652344,54.815399169921875,4.339729309082031,16441667584,16046157824,12928839680,5475196928
199,1777031960342,658.6096038818359,1980,0,0.6875,8739.64582824707,1901,1901,1901,1901,1901,1901,1901,1901,1901,1901,1901,1901,1901,1901,1901,1901,6.836967468261719,0,4.115531921386719,1.45635986328125,55.74604797363281,0,2.5905914306640625,1.0358734130859375,1.7974472045898438,0,4.1101226806640625,5.7261962890625,3.2384719848632813,2.1340179443359375,70.901611328125,1.3155975341796875,16441667584,16046157824,12928864256,5478428672
0,1777031960542,602.7576446533203,1980,0,0.6875,8740.556427001953,1901,1901,1901,1901,1901,1901,1901,1901,1901,1901,1901,1901,1901,1901,1901,1901,9.073356628417969,4.030509948730469,2.6828079223632813,3.3262863159179688,8.975090026855469,1.5387649536132813,3.2781982421875,2.11785888671875,1.0937118530273438,0.89483642578125,1.6751022338867188,1.8699951171875,2.99176025390625,6.357269287109375,36.481204986572266,4.442817687988281,16441667584,16046157824,12923645952,5468807168
