Delta,Time,CORE0_ENERGY (J),CORE0_FREQ (MHZ),CORE0_PSTATE,CORE0_VOLT (V),CPU_ENERGY (J),CPU_FREQUENCY_0,CPU_FREQUENCY_1,CPU_FREQUENCY_10,CPU_FREQUENCY_11,CPU_FREQUENCY_12,CPU_FREQUENCY_13,CPU_FREQUENCY_14,CPU_FREQUENCY_15,CPU_FREQUENCY_2,CPU_FREQUENCY_3,CPU_FREQUENCY_4,CPU_FREQUENCY_5,CPU_FREQUENCY_6,CPU_FREQUENCY_7,CPU_FREQUENCY_8,CPU_FREQUENCY_9,CPU_USAGE_0,CPU_USAGE_1,CPU_USAGE_10,CPU_USAGE_11,CPU_USAGE_12,CPU_USAGE_13,CPU_USAGE_14,CPU_USAGE_15,CPU_USAGE_2,CPU_USAGE_3,CPU_USAGE_4,CPU_USAGE_5,CPU_USAGE_6,CPU_USAGE_7,CPU_USAGE_8,CPU_USAGE_9,TOTAL_MEMORY,TOTAL_SWAP,USED_MEMORY,USED_SWAP
0,1777032026619,679.5233459472656,1980,0,0.6875,9065.099334716797,1901,1901,1901,1901,1901,1901,1901,1901,1901,1901,1901,1901,1901,1901,1901,1901,21.614097595214844,25.125938415527344,13.964759826660156,11.534370422363281,76.96533966064453,3.446563720703125,8.126518249511719,11.689193725585938,5.769500732421875,4.588676452636719,12.778160095214844,17.508377075195313,26.96649169921875,12.828422546386719,39.042171478271484,19.624496459960938,16441667584,16046157824,12906033152,5451255808
199,1777032026619,623.1426086425781,1980,0,0.6875,9065.15756225586,1901,1901,1901,1901,1901,1901,1901,1901,1901,1901,1901,1901,1901,1901,1901,1901,17.191360473632813,1.0835647583007813,1.23968505859375,0,88.56201171875,0,18.404251098632813,0,0.06058502197265625,0,36.73509979248047,0.9297637939453125,0,0.5942153930664063,96.0409164428711,0,16441667584,16046157824,12906020864,5453484032
0,1777032026820,679.6088409423828,1980,0,0.6875,9066.13053894043,1901,1901,1901,1901,1901,1901,1901,1901,1901,1901,1901,1901,1901,1901,1901,1901,6.851768493652344,1.2216720581054688,2.075286865234375,1.9506607055664063,37.02531433105469,2.2571487426757813,3.4420547485351563,1.6998443603515625,0.5096054077148438,0.32704925537109375,3.7231979370117188,1.4466400146484375,4.029884338378906,1.879364013671875,6.565589904785156,4.787406921386719,16441667584,16046157824,12902748160,5452505088
