Delta,Time,CORE0_ENERGY (J),CORE0_FREQ (MHZ),CORE0_PSTATE,CORE0_VOLT (V),CPU_ENERGY (J),CPU_FREQUENCY_0,CPU_FREQUENCY_1,CPU_FREQUENCY_10,CPU_FREQUENCY_11,CPU_FREQUENCY_12,CPU_FREQUENCY_13,CPU_FREQUENCY_14,CPU_FREQUENCY_15,CPU_FREQUENCY_2,CPU_FREQUENCY_3,CPU_FREQUENCY_4,CPU_FREQUENCY_5,CPU_FREQUENCY_6,CPU_FREQUENCY_7,CPU_FREQUENCY_8,CPU_FREQUENCY_9,CPU_USAGE_0,CPU_USAGE_1,CPU_USAGE_10,CPU_USAGE_11,CPU_USAGE_12,CPU_USAGE_13,CPU_USAGE_14,CPU_USAGE_15,CPU_USAGE_2,CPU_USAGE_3,CPU_USAGE_4,CPU_USAGE_5,CPU_USAGE_6,CPU_USAGE_7,CPU_USAGE_8,CPU_USAGE_9,TOTAL_MEMORY,TOTAL_SWAP,USED_MEMORY,USED_SWAP
0,1777032037066,682.4986877441406,1980,0,0.6875,9116.911865234375,1901,1901,1901,1901,1901,1901,1901,1901,1901,1901,1901,1901,1901,1901,1901,1901,14.446037292480469,13.361640930175781,9.912757873535156,4.90716552734375,75.69944763183594,2.5065841674804688,1.1560287475585938,4.148323059082031,18.03235626220703,1.3744277954101563,5.6531982421875,5.490715026855469,26.236404418945313,55.42490768432617,21.661773681640625,5.831413269042969,16441667584,16046157824,12873162752,5405298688
199,1777032037067,626.60107421875,1980,0,0.6875,9116.971725463867,1901,1901,1901,1901,1901,1901,1901,1901,1901,1901,1901,1901,1901,1901,1901,1901,9.334732055664063,8.862480163574219,3.9330062866210938,3.4795761108398438,90.5451889038086,6.340843200683594,3.7842559814453125,3.9204635620117188,3.8299560546875,3.5252761840820313,9.93511962890625,9.45660400390625,3.5817337036132813,3.8191986083984375,40.66526794433594,5.8175201416015625,16441667584,16046157824,12873416704,5408473088
0,1777032037268,682.6219940185547,1980,0,0.6875,9118.177337646484,1901,1901,1901,1901,1901,1901,1901,1901,1901,1901,1901,1901,1901,1901,1901,1901,16.708900451660156,17.616432189941406,6.953125,4.597869873046875,63.03299331665039,3.69866943359375,13.753982543945313,12.677192687988281,7.422119140625,7.359153747558594,8.704269409179688,4.0147552490234375,6.008949279785156,4.1172637939453125,28.785980224609375,26.752700805664063,16441667584,16046157824,12888395776,5426626560
