Delta,Time,CORE0_ENERGY (J),CORE0_FREQ (MHZ),CORE0_PSTATE,CORE0_VOLT (V),CPU_ENERGY (J),CPU_FREQUENCY_0,CPU_FREQUENCY_1,CPU_FREQUENCY_10,CPU_FREQUENCY_11,CPU_FREQUENCY_12,CPU_FREQUENCY_13,CPU_FREQUENCY_14,CPU_FREQUENCY_15,CPU_FREQUENCY_2,CPU_FREQUENCY_3,CPU_FREQUENCY_4,CPU_FREQUENCY_5,CPU_FREQUENCY_6,CPU_FREQUENCY_7,CPU_FREQUENCY_8,CPU_FREQUENCY_9,CPU_USAGE_0,CPU_USAGE_1,CPU_USAGE_10,CPU_USAGE_11,CPU_USAGE_12,CPU_USAGE_13,CPU_USAGE_14,CPU_USAGE_15,CPU_USAGE_2,CPU_USAGE_3,CPU_USAGE_4,CPU_USAGE_5,CPU_USAGE_6,CPU_USAGE_7,CPU_USAGE_8,CPU_USAGE_9,TOTAL_MEMORY,TOTAL_SWAP,USED_MEMORY,USED_SWAP
0,1777032050998,630.7388916015625,1980,0,0.6875,9186.45866394043,1901,1901,1901,1901,1901,1901,1901,1901,1901,1901,1901,1901,1901,1901,1901,1901,5.4604034423828125,8.279945373535156,0,1.868896484375,72.99463653564453,0,8.684715270996094,6.334716796875,0,0,4.460029602050781,12.194107055664063,47.00698471069336,41.46158218383789,26.38433074951172,47.709556579589844,16441667584,16046157824,12870656000,5415215104
199,1777032050999,630.7414855957031,1980,0,0.6875,9186.483627319336,1901,1901,1901,1901,1901,1901,1901,1901,1901,1901,1901,1901,1901,1901,1901,1901,5.589607238769531,0,0,0,83.5909423828125,0,3.7841415405273438,0,0,0,44.023983001708984,0,76.40239715576172,0,66.21919250488281,1.4223861694335938,16441667584,16046157824,12870545408,5409542144
0,1777032051199,687.2516021728516,1980,0,0.6875,9187.516220092773,1901,1901,1901,1901,1901,1901,1901,1901,1901,1901,1901,1901,1901,1901,1901,1901,6.9197540283203125,3.6600875854492188,0.9827041625976563,1.0208282470703125,21.517730712890625,2.7002792358398438,3.3286285400390625,1.932830810546875,0.8160018920898438,1.661346435546875,4.963722229003906,1.986968994140625,6.4678955078125,6.876243591308594,30.10112762451172,4.750762939453125,16441667584,16046157824,12862427136,5392965632
