Delta,Time,CORE0_ENERGY (J),CORE0_FREQ (MHZ),CORE0_PSTATE,CORE0_VOLT (V),CPU_ENERGY (J),CPU_FREQUENCY_0,CPU_FREQUENCY_1,CPU_FREQUENCY_10,CPU_FREQUENCY_11,CPU_FREQUENCY_12,CPU_FREQUENCY_13,CPU_FREQUENCY_14,CPU_FREQUENCY_15,CPU_FREQUENCY_2,CPU_FREQUENCY_3,CPU_FREQUENCY_4,CPU_FREQUENCY_5,CPU_FREQUENCY_6,CPU_FREQUENCY_7,CPU_FREQUENCY_8,CPU_FREQUENCY_9,CPU_USAGE_0,CPU_USAGE_1,CPU_USAGE_10,CPU_USAGE_11,CPU_USAGE_12,CPU_USAGE_13,CPU_USAGE_14,CPU_USAGE_15,CPU_USAGE_2,CPU_USAGE_3,CPU_USAGE_4,CPU_USAGE_5,CPU_USAGE_6,CPU_USAGE_7,CPU_USAGE_8,CPU_USAGE_9,TOTAL_MEMORY,TOTAL_SWAP,USED_MEMORY,USED_SWAP
0,1777032005711,672.9776153564453,1980,0,0.6875,8962.177185058594,1901,1901,1901,1901,1901,1901,1901,1901,1901,1901,1901,1901,1901,1901,1901,1901,29.22734832763672,17.991188049316406,2.229644775390625,2.651580810546875,43.37028884887695,3.4552841186523438,3.9641494750976563,5.620368957519531,2.3963851928710938,3.373443603515625,18.850303649902344,5.8145599365234375,31.237892150878906,17.120376586914063,61.1657600402832,5.283836364746094,16441667584,16046157824,12898729984,5453021184
199,1777032005712,672.9800109863281,1980,0,0.6875,8962.19808959961,1901,1901,1901,1901,1901,1901,1901,1901,1901,1901,1901,1901,1901,1901,1901,1901,3.3228988647460938,57.87107849121094,0,0,95.73483276367188,2.4105987548828125,3.3795013427734375,0,0,0,10.344940185546875,3.5859375,0.5260696411132813,33.77838134765625,88.29660034179688,0,16441667584,16046157824,12898684928,5453021184
1,1777032005913,673.0626220703125,1980,0,0.6875,8963.138656616211,1901,1901,1901,1901,1901,1901,1901,1901,1901,1901,1901,1901,1901,1901,1901,1901,8.228256225585938,2.3950119018554688,0.7810134887695313,0.9337615966796875,36.92609786987305,2.6797027587890625,1.1857376098632813,0.922393798828125,1.5376510620117188,0.9876708984375,3.5998611450195313,2.120147705078125,4.606101989746094,6.814506530761719,8.139198303222656,5.577888488769531,16441667584,16046157824,12902010880,5453332480
