Delta,Time,CORE0_ENERGY (J),CORE0_FREQ (MHZ),CORE0_PSTATE,CORE0_VOLT (V),CPU_ENERGY (J),CPU_FREQUENCY_0,CPU_FREQUENCY_1,CPU_FREQUENCY_10,CPU_FREQUENCY_11,CPU_FREQUENCY_12,CPU_FREQUENCY_13,CPU_FREQUENCY_14,CPU_FREQUENCY_15,CPU_FREQUENCY_2,CPU_FREQUENCY_3,CPU_FREQUENCY_4,CPU_FREQUENCY_5,CPU_FREQUENCY_6,CPU_FREQUENCY_7,CPU_FREQUENCY_8,CPU_FREQUENCY_9,CPU_USAGE_0,CPU_USAGE_1,CPU_USAGE_10,CPU_USAGE_11,CPU_USAGE_12,CPU_USAGE_13,CPU_USAGE_14,CPU_USAGE_15,CPU_USAGE_2,CPU_USAGE_3,CPU_USAGE_4,CPU_USAGE_5,CPU_USAGE_6,CPU_USAGE_7,CPU_USAGE_8,CPU_USAGE_9,TOTAL_MEMORY,TOTAL_SWAP,USED_MEMORY,USED_SWAP
0,1777032047530,686.191162109375,1980,0,0.6875,9169.12663269043,1901,1901,1901,1901,1901,1901,1901,1901,1901,1901,1901,1901,1901,1901,1901,1901,12.081748962402344,5.373161315917969,8.657272338867188,7.2850189208984375,57.04510498046875,2.5742263793945313,6.180183410644531,2.38848876953125,2.5037765502929688,2.0709152221679688,13.619453430175781,5.511940002441406,12.641105651855469,29.930023193359375,44.11310958862305,28.25354766845703,16441667584,16046157824,12864094208,5391208448
199,1777032047531,629.5328063964844,1980,0,0.6875,9169.191604614258,1901,1901,1901,1901,1901,1901,1901,1901,1901,1901,1901,1901,1901,1901,1901,1901,15.22210693359375,0.9482650756835938,1.1734848022460938,1.0903778076171875,87.70246887207031,0.6341171264648438,2.0452957153320313,1.0247268676757813,0.1520843505859375,1.2250137329101563,12.735511779785156,5.372947692871094,0.924163818359375,2.4982376098632813,28.511947631835938,5.662162780761719,16441667584,16046157824,12864159744,5393420288
0,1777032047731,686.2730560302734,1980,0,0.6875,9170.14566040039,1901,1901,1901,1901,1901,1901,1901,1901,1901,1901,1901,1901,1901,1901,1901,1901,7.047752380371094,3.4531478881835938,1.1833953857421875,1.1626663208007813,33.533485412597656,1.8260650634765625,1.7620162963867188,1.3780517578125,1.01666259765625,1.3319931030273438,3.0227203369140625,2.7251434326171875,7.715888977050781,4.1275177001953125,9.917999267578125,4.870872497558594,16441667584,16046157824,12860387328,5390331904
