Delta,Time,CORE0_ENERGY (J),CORE0_FREQ (MHZ),CORE0_PSTATE,CORE0_VOLT (V),CPU_ENERGY (J),CPU_FREQUENCY_0,CPU_FREQUENCY_1,CPU_FREQUENCY_10,CPU_FREQUENCY_11,CPU_FREQUENCY_12,CPU_FREQUENCY_13,CPU_FREQUENCY_14,CPU_FREQUENCY_15,CPU_FREQUENCY_2,CPU_FREQUENCY_3,CPU_FREQUENCY_4,CPU_FREQUENCY_5,CPU_FREQUENCY_6,CPU_FREQUENCY_7,CPU_FREQUENCY_8,CPU_FREQUENCY_9,CPU_USAGE_0,CPU_USAGE_1,CPU_USAGE_10,CPU_USAGE_11,CPU_USAGE_12,CPU_USAGE_13,CPU_USAGE_14,CPU_USAGE_15,CPU_USAGE_2,CPU_USAGE_3,CPU_USAGE_4,CPU_USAGE_5,CPU_USAGE_6,CPU_USAGE_7,CPU_USAGE_8,CPU_USAGE_9,TOTAL_MEMORY,TOTAL_SWAP,USED_MEMORY,USED_SWAP
0,1777032023144,678.5536804199219,1980,0,0.6875,9047.774993896484,1901,1901,1901,1901,1901,1901,1901,1901,1901,1901,1901,1901,1901,1901,1901,1901,11.823600769042969,7.534233093261719,3.5270538330078125,3.4647293090820313,75.39485931396484,2.5460357666015625,7.871246337890625,5.734931945800781,3.352203369140625,3.512054443359375,7.3386077880859375,15.788650512695313,35.744911193847656,38.9880485534668,60.56126022338867,11.5546875,16441667584,16046157824,12903292928,5451055104
199,1777032023145,621.9777526855469,1980,0,0.6875,9047.824157714844,1901,1901,1901,1901,1901,1901,1901,1901,1901,1901,1901,1901,1901,1901,1901,1901,4.570121765136719,2.5874786376953125,0,0,86.827880859375,0.0698699951171875,0.17795562744140625,0,0,0.14520263671875,21.68895721435547,3.3768234252929688,0,0.17359161376953125,33.84027862548828,1.5262832641601563,16441667584,16046157824,12903260160,5453164544
0,1777032023345,678.6154632568359,1980,0,0.6875,9048.801681518555,1901,1901,1901,1901,1901,1901,1901,1901,1901,1901,1901,1901,1901,1901,1901,1901,7.3823394775390625,3.7455062866210938,1.209136962890625,0.805511474609375,24.075592041015625,2.862396240234375,3.0285263061523438,2.0377883911132813,1.4171600341796875,0.95806884765625,2.192047119140625,2.075592041015625,6.353050231933594,8.760551452636719,22.16722869873047,3.7342910766601563,16441667584,16046157824,12905320448,5452075008
