Delta,Time,CORE0_ENERGY (J),CORE0_FREQ (MHZ),CORE0_PSTATE,CORE0_VOLT (V),CPU_ENERGY (J),CPU_FREQUENCY_0,CPU_FREQUENCY_1,CPU_FREQUENCY_10,CPU_FREQUENCY_11,CPU_FREQUENCY_12,CPU_FREQUENCY_13,CPU_FREQUENCY_14,CPU_FREQUENCY_15,CPU_FREQUENCY_2,CPU_FREQUENCY_3,CPU_FREQUENCY_4,CPU_FREQUENCY_5,CPU_FREQUENCY_6,CPU_FREQUENCY_7,CPU_FREQUENCY_8,CPU_FREQUENCY_9,CPU_USAGE_0,CPU_USAGE_1,CPU_USAGE_10,CPU_USAGE_11,CPU_USAGE_12,CPU_USAGE_13,CPU_USAGE_14,CPU_USAGE_15,CPU_USAGE_2,CPU_USAGE_3,CPU_USAGE_4,CPU_USAGE_5,CPU_USAGE_6,CPU_USAGE_7,CPU_USAGE_8,CPU_USAGE_9,TOTAL_MEMORY,TOTAL_SWAP,USED_MEMORY,USED_SWAP
0,1777032016182,388.1640319824219,1980,0,0.6875,9013.254501342773,1901,1901,1901,1901,1901,1901,1901,1901,1901,1901,1901,1901,1901,1901,1901,1901,2.7532272338867188,3.9831161499023438,2.7327041625976563,3.3323898315429688,57.20316696166992,1.1483383178710938,5.092063903808594,1.0867538452148438,0.12537384033203125,0.5874786376953125,18.54145050048828,6.046791076660156,30.8203125,37.30424118041992,33.74995422363281,34.77513122558594,16441667584,16046157824,12903739392,5451702272
199,1777032016183,619.7929840087891,1980,0,0.6875,9013.305603027344,1901,1901,1901,1901,1901,1901,1901,1901,1901,1901,1901,1901,1901,1901,1901,1901,11.084152221679688,8.21356201171875,7.3310546875,7.8437347412109375,94.08173370361328,7.340843200683594,7.346710205078125,7.9268951416015625,8.781028747558594,7.333015441894531,28.43193817138672,11.432456970214844,7.627510070800781,7.7889404296875,25.25902557373047,12.779693603515625,16441667584,16046157824,12903858176,5453860864
0,1777032016383,619.8695831298828,1980,0,0.6875,9014.277435302734,1901,1901,1901,1901,1901,1901,1901,1901,1901,1901,1901,1901,1901,1901,1901,1901,7.2408447265625,3.1458282470703125,1.4293060302734375,1.8846511840820313,6.6347808837890625,4.480781555175781,1.3986740112304688,2.1820755004882813,0.5118560791015625,0.0853424072265625,2.7191619873046875,2.77166748046875,5.723388671875,4.029640197753906,37.95322036743164,1.175384521484375,16441667584,16046157824,12904841216,5452009472
