Delta,Time,CORE0_ENERGY (J),CORE0_FREQ (MHZ),CORE0_PSTATE,CORE0_VOLT (V),CPU_ENERGY (J),CPU_FREQUENCY_0,CPU_FREQUENCY_1,CPU_FREQUENCY_10,CPU_FREQUENCY_11,CPU_FREQUENCY_12,CPU_FREQUENCY_13,CPU_FREQUENCY_14,CPU_FREQUENCY_15,CPU_FREQUENCY_2,CPU_FREQUENCY_3,CPU_FREQUENCY_4,CPU_FREQUENCY_5,CPU_FREQUENCY_6,CPU_FREQUENCY_7,CPU_FREQUENCY_8,CPU_FREQUENCY_9,CPU_USAGE_0,CPU_USAGE_1,CPU_USAGE_10,CPU_USAGE_11,CPU_USAGE_12,CPU_USAGE_13,CPU_USAGE_14,CPU_USAGE_15,CPU_USAGE_2,CPU_USAGE_3,CPU_USAGE_4,CPU_USAGE_5,CPU_USAGE_6,CPU_USAGE_7,CPU_USAGE_8,CPU_USAGE_9,TOTAL_MEMORY,TOTAL_SWAP,USED_MEMORY,USED_SWAP
0,1776521904209,4566.092529296875,4300,0,1.2875,42854.43869018555,1901,1901,1901,1901,1901,1901,1901,1901,1901,1901,1901,1901,1901,1901,1901,1901,3.1029586791992188,2.5319747924804688,3.2226638793945313,0.14984893798828125,23.662750244140625,31.834815979003906,18.332687377929688,22.874732971191406,10.105499267578125,13.869873046875,2.93157958984375,5.8114776611328125,45.98027801513672,64.53085327148438,14.754341125488281,39.121559143066406,16441667584,16151695360,13581828096,8880373760
199,1776521904210,4357.998611450195,4350,0,1.30625,42854.49252319336,1901,1901,1901,1901,1901,1901,1901,1901,1901,1901,1901,1901,1901,1901,1901,1901,36.583831787109375,31.79907989501953,37.821380615234375,32.967140197753906,82.9886474609375,32.49395751953125,32.49726867675781,33.91680908203125,31.79907989501953,32.81493377685547,32.593231201171875,56.80156326293945,31.29943084716797,41.0145263671875,88.52784729003906,33.427085876464844,16441667584,16151695360,13581860864,8880373760
0,1776521904410,4566.350204467773,4450,0,1.29375,42857.15530395508,1901,1901,1901,1901,1901,1901,1901,1901,1901,1901,1901,1901,1901,1901,1901,1901,2.5339279174804688,1.1837844848632813,1.4947128295898438,0.539794921875,13.135841369628906,3.510772705078125,0.766571044921875,0.7530136108398438,7.8656463623046875,7.159736633300781,3.568756103515625,2.9369277954101563,16.15099334716797,82.21186828613281,11.541580200195313,3.9992218017578125,16441667584,16151695360,13582561280,8878653440
