Delta,Time,CORE0_ENERGY (J),CORE0_FREQ (MHZ),CORE0_PSTATE,CORE0_VOLT (V),CPU_ENERGY (J),CPU_FREQUENCY_0,CPU_FREQUENCY_1,CPU_FREQUENCY_10,CPU_FREQUENCY_11,CPU_FREQUENCY_12,CPU_FREQUENCY_13,CPU_FREQUENCY_14,CPU_FREQUENCY_15,CPU_FREQUENCY_2,CPU_FREQUENCY_3,CPU_FREQUENCY_4,CPU_FREQUENCY_5,CPU_FREQUENCY_6,CPU_FREQUENCY_7,CPU_FREQUENCY_8,CPU_FREQUENCY_9,CPU_USAGE_0,CPU_USAGE_1,CPU_USAGE_10,CPU_USAGE_11,CPU_USAGE_12,CPU_USAGE_13,CPU_USAGE_14,CPU_USAGE_15,CPU_USAGE_2,CPU_USAGE_3,CPU_USAGE_4,CPU_USAGE_5,CPU_USAGE_6,CPU_USAGE_7,CPU_USAGE_8,CPU_USAGE_9,TOTAL_MEMORY,TOTAL_SWAP,USED_MEMORY,USED_SWAP
0,1776521961220,4649.73030090332,4325,0,1.29375,43692.31756591797,1901,1901,1901,1901,1901,1901,1901,1901,1901,1901,1901,1901,1901,1901,1901,1901,3.4971771240234375,7.2567291259765625,8.850982666015625,6.82366943359375,30.773696899414063,19.568572998046875,32.63395690917969,39.3704719543457,0,0.076263427734375,3.3364791870117188,1.59515380859375,34.23455810546875,62.642311096191406,33.40293884277344,12.961883544921875,16441667584,16151695360,13478354944,8797388800
200,1776521961221,4649.74543762207,4375,0,1.3125,43692.38752746582,1901,1901,1901,1901,1901,1901,1901,1901,1901,1901,1901,1901,1901,1901,1901,1901,4.501136779785156,0,0,0.7479629516601563,44.86109161376953,0,0,3.6964035034179688,0,0,29.270736694335938,9.503135681152344,0.03005218505859375,35.19767761230469,45.452117919921875,40.04941940307617,16441667584,16151695360,13478649856,8797388800
1,1776521961421,4445.802093505859,3540,0,1,43695.02688598633,1901,1901,1901,1901,1901,1901,1901,1901,1901,1901,1901,1901,1901,1901,1901,1901,3.9547042846679688,1.6967010498046875,4.93048095703125,5.831451416015625,22.660568237304688,5.1527557373046875,6.3846893310546875,6.298072814941406,15.359199523925781,12.049308776855469,6.464057922363281,5.036415100097656,9.787307739257813,78.59998321533203,2.2974853515625,4.146903991699219,16441667584,16151695360,13477265408,8794775552
