Delta,Time,CORE0_ENERGY (J),CORE0_FREQ (MHZ),CORE0_PSTATE,CORE0_VOLT (V),CPU_ENERGY (J),CPU_FREQUENCY_0,CPU_FREQUENCY_1,CPU_FREQUENCY_10,CPU_FREQUENCY_11,CPU_FREQUENCY_12,CPU_FREQUENCY_13,CPU_FREQUENCY_14,CPU_FREQUENCY_15,CPU_FREQUENCY_2,CPU_FREQUENCY_3,CPU_FREQUENCY_4,CPU_FREQUENCY_5,CPU_FREQUENCY_6,CPU_FREQUENCY_7,CPU_FREQUENCY_8,CPU_FREQUENCY_9,CPU_USAGE_0,CPU_USAGE_1,CPU_USAGE_10,CPU_USAGE_11,CPU_USAGE_12,CPU_USAGE_13,CPU_USAGE_14,CPU_USAGE_15,CPU_USAGE_2,CPU_USAGE_3,CPU_USAGE_4,CPU_USAGE_5,CPU_USAGE_6,CPU_USAGE_7,CPU_USAGE_8,CPU_USAGE_9,TOTAL_MEMORY,TOTAL_SWAP,USED_MEMORY,USED_SWAP
0,1776521954848,4436.667343139648,3150,0,0.9,43599.27249145508,1901,1901,1901,1901,1901,1901,1901,1901,1901,1901,1901,1901,1901,1901,1901,1901,13.158493041992188,11.046775817871094,10.929695129394531,2.4892120361328125,34.73475646972656,21.993499755859375,17.391860961914063,15.796722412109375,52.6013298034668,81.31599426269531,24.826148986816406,28.658607482910156,69.91371154785156,74.50967407226563,47.6065788269043,30.183494567871094,16441667584,16151695360,13500686336,8798191616
199,1776521954848,4436.6739501953125,3125,0,0.89375,43599.32516479492,1901,1901,1901,1901,1901,1901,1901,1901,1901,1901,1901,1901,1901,1901,1901,1901,47.93207550048828,28.423599243164063,27.577857971191406,23.378990173339844,67.40406799316406,45.21574783325195,36.15468978881836,35.72020721435547,20.394020080566406,20.87824249267578,32.62909698486328,19.30615997314453,76.29266357421875,100,52.20390701293945,60.452388763427734,16441667584,16151695360,13500858368,8797667328
0,1776521955048,4640.575744628906,4425,0,1.3125,43601.6178894043,1901,1901,1901,1901,1901,1901,1901,1901,1901,1901,1901,1901,1901,1901,1901,1901,5.087364196777344,1.9256515502929688,10.711929321289063,3.304290771484375,20.178985595703125,4.1993865966796875,4.54150390625,1.7432479858398438,6.743949890136719,4.493560791015625,4.359100341796875,3.36956787109375,92.88041687011719,39.94642639160156,21.423416137695313,2.780120849609375,16441667584,16151695360,13471371264,8795152384
