Delta,Time,CORE0_ENERGY (J),CORE0_FREQ (MHZ),CORE0_PSTATE,CORE0_VOLT (V),CPU_ENERGY (J),CPU_FREQUENCY_0,CPU_FREQUENCY_1,CPU_FREQUENCY_10,CPU_FREQUENCY_11,CPU_FREQUENCY_12,CPU_FREQUENCY_13,CPU_FREQUENCY_14,CPU_FREQUENCY_15,CPU_FREQUENCY_2,CPU_FREQUENCY_3,CPU_FREQUENCY_4,CPU_FREQUENCY_5,CPU_FREQUENCY_6,CPU_FREQUENCY_7,CPU_FREQUENCY_8,CPU_FREQUENCY_9,CPU_USAGE_0,CPU_USAGE_1,CPU_USAGE_10,CPU_USAGE_11,CPU_USAGE_12,CPU_USAGE_13,CPU_USAGE_14,CPU_USAGE_15,CPU_USAGE_2,CPU_USAGE_3,CPU_USAGE_4,CPU_USAGE_5,CPU_USAGE_6,CPU_USAGE_7,CPU_USAGE_8,CPU_USAGE_9,TOTAL_MEMORY,TOTAL_SWAP,USED_MEMORY,USED_SWAP
0,1776521916962,4376.847854614258,4125,0,1.275,43041.957580566406,1901,1901,1901,1901,1901,1901,1901,1901,1901,1901,1901,1901,1901,1901,1901,1901,13.2158203125,16.937271118164063,3.9288711547851563,5.739570617675781,34.185264587402344,28.69379425048828,9.043731689453125,14.492095947265625,15.714683532714844,13.415924072265625,12.619575500488281,3.0812759399414063,76.51542663574219,39.9785270690918,33.61505126953125,21.44774627685547,16441667584,16151695360,13524340736,8801730560
199,1776521916962,2353.5203399658203,3479.9999999999995,0,0.9812500000000001,43042.05603027344,1901,1901,1901,1901,1901,1901,1901,1901,1901,1901,1901,1901,1901,1901,1901,1901,20.775711059570313,12.492698669433594,10.939323425292969,10.939323425292969,33.514312744140625,41.11316680908203,22.219520568847656,13.3472900390625,12.103134155273438,11.365409851074219,11.983833312988281,39.976139068603516,13.512855529785156,12.458610534667969,33.716400146484375,54.10498809814453,16441667584,16151695360,13524348928,8801730560
0,1776521917163,4585.40007019043,3540,0,1,43044.5358581543,1901,1901,1901,1901,1901,1901,1901,1901,1901,1901,1901,1901,1901,1901,1901,1901,3.6800918579101563,1.1530990600585938,1.3935012817382813,1.5774002075195313,20.067520141601563,3.109222412109375,2.220062255859375,2.118377685546875,7.0900421142578125,7.100318908691406,2.0792083740234375,1.3084487915039063,77.95882415771484,8.575042724609375,3.8126068115234375,5.924774169921875,16441667584,16151695360,13521137664,8803667968
