Delta,Time,CORE0_ENERGY (J),CORE0_FREQ (MHZ),CORE0_PSTATE,CORE0_VOLT (V),CPU_ENERGY (J),CPU_FREQUENCY_0,CPU_FREQUENCY_1,CPU_FREQUENCY_10,CPU_FREQUENCY_11,CPU_FREQUENCY_12,CPU_FREQUENCY_13,CPU_FREQUENCY_14,CPU_FREQUENCY_15,CPU_FREQUENCY_2,CPU_FREQUENCY_3,CPU_FREQUENCY_4,CPU_FREQUENCY_5,CPU_FREQUENCY_6,CPU_FREQUENCY_7,CPU_FREQUENCY_8,CPU_FREQUENCY_9,CPU_USAGE_0,CPU_USAGE_1,CPU_USAGE_10,CPU_USAGE_11,CPU_USAGE_12,CPU_USAGE_13,CPU_USAGE_14,CPU_USAGE_15,CPU_USAGE_2,CPU_USAGE_3,CPU_USAGE_4,CPU_USAGE_5,CPU_USAGE_6,CPU_USAGE_7,CPU_USAGE_8,CPU_USAGE_9,TOTAL_MEMORY,TOTAL_SWAP,USED_MEMORY,USED_SWAP
0,1776521935839,4405.181198120117,4225,0,1.28125,43318.397857666016,1901,1901,1901,1901,1901,1901,1901,1901,1901,1901,1901,1901,1901,1901,1901,1901,5.289482116699219,9.683708190917969,17.473426818847656,24.85186004638672,58.790584564208984,93.3603515625,8.929534912109375,2.7447891235351563,3.68023681640625,3.49554443359375,9.889778137207031,8.132606506347656,52.89057540893555,47.14533615112305,57.546451568603516,20.02325439453125,16441667584,16151695360,13527040000,8805568512
200,1776521935839,2365.069107055664,4250,0,1.26875,43318.4792175293,1901,1901,1901,1901,1901,1901,1901,1901,1901,1901,1901,1901,1901,1901,1901,1901,20.528038024902344,2.0468063354492188,0.370025634765625,0.7667160034179688,38.95926284790039,17.92119598388672,17.981201171875,30.49536895751953,1.0500717163085938,0.42669677734375,55.6937141418457,7.833854675292969,13.627578735351563,16.401092529296875,42.28615188598633,63.83425521850586,16441667584,16151695360,13527076864,8805568512
0,1776521936040,4614.16975402832,3975,0,1.14375,43321.60496520996,1901,1901,1901,1901,1901,1901,1901,1901,1901,1901,1901,1901,1901,1901,1901,1901,3.143280029296875,2.5015945434570313,1.1222457885742188,1.6740036010742188,21.011062622070313,2.9817047119140625,5.606292724609375,4.787940979003906,8.09393310546875,7.895668029785156,2.6270751953125,2.1423416137695313,13.263565063476563,73.95669555664063,4.3266448974609375,3.8606414794921875,16441667584,16151695360,13522214912,8805052416
