Delta,Time,CORE0_ENERGY (J),CORE0_FREQ (MHZ),CORE0_PSTATE,CORE0_VOLT (V),CPU_ENERGY (J),CPU_FREQUENCY_0,CPU_FREQUENCY_1,CPU_FREQUENCY_10,CPU_FREQUENCY_11,CPU_FREQUENCY_12,CPU_FREQUENCY_13,CPU_FREQUENCY_14,CPU_FREQUENCY_15,CPU_FREQUENCY_2,CPU_FREQUENCY_3,CPU_FREQUENCY_4,CPU_FREQUENCY_5,CPU_FREQUENCY_6,CPU_FREQUENCY_7,CPU_FREQUENCY_8,CPU_FREQUENCY_9,CPU_USAGE_0,CPU_USAGE_1,CPU_USAGE_10,CPU_USAGE_11,CPU_USAGE_12,CPU_USAGE_13,CPU_USAGE_14,CPU_USAGE_15,CPU_USAGE_2,CPU_USAGE_3,CPU_USAGE_4,CPU_USAGE_5,CPU_USAGE_6,CPU_USAGE_7,CPU_USAGE_8,CPU_USAGE_9,TOTAL_MEMORY,TOTAL_SWAP,USED_MEMORY,USED_SWAP
0,1776521932733,4399.573211669922,4325,0,1.29375,43273.55339050293,1901,1901,1901,1901,1901,1901,1901,1901,1901,1901,1901,1901,1901,1901,1901,1901,6.577125549316406,1.6202011108398438,0,0,53.233516693115234,0,32.054420471191406,57.51520538330078,5.325736999511719,4.9193115234375,5.3798675537109375,0,56.416114807128906,38.39484786987305,11.276252746582031,25.025001525878906,16441667584,16151695360,13525475328,8803569664
200,1776521932734,4609.646240234375,4275,0,1.28125,43273.67431640625,1901,1901,1901,1901,1901,1901,1901,1901,1901,1901,1901,1901,1901,1901,1901,1901,12.502853393554688,7.733489990234375,0,0,68.80488586425781,0,0,6.3885345458984375,0,0,28.433387756347656,1.178466796875,29.585739135742188,19.051353454589844,65.59266662597656,0,16441667584,16151695360,13525499904,8803569664
0,1776521932934,4610.240203857422,4400,0,1.325,43276.62063598633,1901,1901,1901,1901,1901,1901,1901,1901,1901,1901,1901,1901,1901,1901,1901,1901,5.166831970214844,2.0497970581054688,1.1122360229492188,0.6524810791015625,32.98956298828125,13.407562255859375,0.5952529907226563,0.5389785766601563,5.5968780517578125,4.627197265625,3.3965530395507813,3.9385910034179688,60.958614349365234,7.685455322265625,3.08331298828125,4.3030853271484375,16441667584,16151695360,13520343040,8802074624
