Delta,Time,CORE0_ENERGY (J),CORE0_FREQ (MHZ),CORE0_PSTATE,CORE0_VOLT (V),CPU_ENERGY (J),CPU_FREQUENCY_0,CPU_FREQUENCY_1,CPU_FREQUENCY_10,CPU_FREQUENCY_11,CPU_FREQUENCY_12,CPU_FREQUENCY_13,CPU_FREQUENCY_14,CPU_FREQUENCY_15,CPU_FREQUENCY_2,CPU_FREQUENCY_3,CPU_FREQUENCY_4,CPU_FREQUENCY_5,CPU_FREQUENCY_6,CPU_FREQUENCY_7,CPU_FREQUENCY_8,CPU_FREQUENCY_9,CPU_USAGE_0,CPU_USAGE_1,CPU_USAGE_10,CPU_USAGE_11,CPU_USAGE_12,CPU_USAGE_13,CPU_USAGE_14,CPU_USAGE_15,CPU_USAGE_2,CPU_USAGE_3,CPU_USAGE_4,CPU_USAGE_5,CPU_USAGE_6,CPU_USAGE_7,CPU_USAGE_8,CPU_USAGE_9,TOTAL_MEMORY,TOTAL_SWAP,USED_MEMORY,USED_SWAP
0,1776521964372,4450.3387451171875,4400,0,1.3125,43738.390533447266,1901,1901,1901,1901,1901,1901,1901,1901,1901,1901,1901,1901,1901,1901,1901,1901,10.837875366210938,9.228836059570313,19.828216552734375,12.992401123046875,38.76207733154297,18.938690185546875,59.83756637573242,47.259307861328125,34.21775817871094,31.77800750732422,16.635108947753906,13.330810546875,55.63003921508789,44.345787048339844,9.441551208496094,57.51142120361328,16441667584,16151695360,13464330240,8782344192
199,1776521964372,4653.765243530273,4375,0,1.30625,43738.48455810547,1901,1901,1901,1901,1901,1901,1901,1901,1901,1901,1901,1901,1901,1901,1901,1901,15.701789855957031,0,0,0,63.43482971191406,0,16.6065673828125,0,0,0,1.4690170288085938,0,17.748397827148438,0,41.8636474609375,0,16441667584,16151695360,13464367104,8782344192
0,1776521964573,4653.892807006836,4450,0,1.33125,43741.071060180664,1901,1901,1901,1901,1901,1901,1901,1901,1901,1901,1901,1901,1901,1901,1901,1901,7.413909912109375,4.330162048339844,1.32220458984375,0.9267501831054688,4.816627502441406,3.8686294555664063,2.3702239990234375,1.8854522705078125,5.587379455566406,4.1724700927734375,1.8645477294921875,3.1039962768554688,82.87769317626953,14.532440185546875,18.217498779296875,3.8701705932617188,16441667584,16151695360,13463928832,8779718656
