Delta,Time,CORE0_ENERGY (J),CORE0_FREQ (MHZ),CORE0_PSTATE,CORE0_VOLT (V),CPU_ENERGY (J),CPU_FREQUENCY_0,CPU_FREQUENCY_1,CPU_FREQUENCY_10,CPU_FREQUENCY_11,CPU_FREQUENCY_12,CPU_FREQUENCY_13,CPU_FREQUENCY_14,CPU_FREQUENCY_15,CPU_FREQUENCY_2,CPU_FREQUENCY_3,CPU_FREQUENCY_4,CPU_FREQUENCY_5,CPU_FREQUENCY_6,CPU_FREQUENCY_7,CPU_FREQUENCY_8,CPU_FREQUENCY_9,CPU_USAGE_0,CPU_USAGE_1,CPU_USAGE_10,CPU_USAGE_11,CPU_USAGE_12,CPU_USAGE_13,CPU_USAGE_14,CPU_USAGE_15,CPU_USAGE_2,CPU_USAGE_3,CPU_USAGE_4,CPU_USAGE_5,CPU_USAGE_6,CPU_USAGE_7,CPU_USAGE_8,CPU_USAGE_9,TOTAL_MEMORY,TOTAL_SWAP,USED_MEMORY,USED_SWAP
0,1776521913818,4371.996337890625,3775,0,1.06875,42996.68963623047,1901,1901,1901,1901,1901,1901,1901,1901,1901,1901,1901,1901,1901,1901,1901,1901,0,1.66229248046875,18.07762908935547,31.949867248535156,53.66342544555664,4.332244873046875,6.2429046630859375,0,0,4.0288848876953125,17.966751098632813,56.541831970214844,100,81.45668029785156,26.177085876464844,9.225090026855469,16441667584,16151695360,13543170048,8830967808
200,1776521913819,4372.0020751953125,3650,0,1.03125,42996.73277282715,1901,1901,1901,1901,1901,1901,1901,1901,1901,1901,1901,1901,1901,1901,1901,1901,0,0,7.992637634277344,0,9.504623413085938,32.030242919921875,0,0,0,0,0,0,100,33.13935852050781,61.6383171081543,0,16441667584,16151695360,13543198720,8830967808
0,1776521914019,4372.178527832031,1920,0,1.00625,42998.88642883301,1901,1901,1901,1901,1901,1901,1901,1901,1901,1901,1901,1901,1901,1901,1901,1901,3.3503265380859375,2.9946060180664063,1.4732437133789063,3.5745468139648438,14.621932983398438,5.531761169433594,3.9274673461914063,2.0886611938476563,4.1436004638671875,3.62506103515625,3.4286651611328125,5.670555114746094,100,85.56436920166016,9.171112060546875,12.738563537597656,16441667584,16151695360,13518819328,8797433856
