Delta,Time,CORE0_ENERGY (J),CORE0_FREQ (MHZ),CORE0_PSTATE,CORE0_VOLT (V),CPU_ENERGY (J),CPU_FREQUENCY_0,CPU_FREQUENCY_1,CPU_FREQUENCY_10,CPU_FREQUENCY_11,CPU_FREQUENCY_12,CPU_FREQUENCY_13,CPU_FREQUENCY_14,CPU_FREQUENCY_15,CPU_FREQUENCY_2,CPU_FREQUENCY_3,CPU_FREQUENCY_4,CPU_FREQUENCY_5,CPU_FREQUENCY_6,CPU_FREQUENCY_7,CPU_FREQUENCY_8,CPU_FREQUENCY_9,CPU_USAGE_0,CPU_USAGE_1,CPU_USAGE_10,CPU_USAGE_11,CPU_USAGE_12,CPU_USAGE_13,CPU_USAGE_14,CPU_USAGE_15,CPU_USAGE_2,CPU_USAGE_3,CPU_USAGE_4,CPU_USAGE_5,CPU_USAGE_6,CPU_USAGE_7,CPU_USAGE_8,CPU_USAGE_9,TOTAL_MEMORY,TOTAL_SWAP,USED_MEMORY,USED_SWAP
0,1776521980085,4676.536392211914,4275,0,1.28125,43970.67596435547,1901,1901,1901,1901,1901,1901,1901,1901,1901,1901,1901,1901,1901,1901,1901,1901,12.139053344726563,10.302299499511719,17.63990020751953,17.141929626464844,31.949981689453125,35.23351287841797,37.83565902709961,27.145095825195313,18.149017333984375,13.797538757324219,10.292015075683594,11.870780944824219,64.50764465332031,38.35506057739258,18.96582794189453,32.213966369628906,16441667584,16151695360,13469147136,8793518080
199,1776521980085,4476.369400024414,4350,0,1.3,43970.76835632324,1901,1901,1901,1901,1901,1901,1901,1901,1901,1901,1901,1901,1901,1901,1901,1901,14.664497375488281,12.391319274902344,8.900245666503906,8.292961120605469,61.541778564453125,7.798500061035156,11.714340209960938,40.93714904785156,7.71221923828125,7.71221923828125,16.054954528808594,17.518417358398438,8.963294982910156,8.850471496582031,79.78694915771484,8.292961120605469,16441667584,16151695360,13469184000,8793518080
0,1776521980286,4676.73942565918,4450,0,1.33125,43973.59407043457,1901,1901,1901,1901,1901,1901,1901,1901,1901,1901,1901,1901,1901,1901,1901,1901,5.1009674072265625,3.4250946044921875,3.1609573364257813,3.0778121948242188,7.470359802246094,5.175422668457031,2.0664291381835938,2.531341552734375,8.090377807617188,7.299766540527344,1.8836441040039063,2.0127639770507813,73.92487335205078,17.388267517089844,19.95208740234375,5.8069305419921875,16441667584,16151695360,13468770304,8800018432
