Delta,Time,CORE0_ENERGY (J),CORE0_FREQ (MHZ),CORE0_PSTATE,CORE0_VOLT (V),CPU_ENERGY (J),CPU_FREQUENCY_0,CPU_FREQUENCY_1,CPU_FREQUENCY_10,CPU_FREQUENCY_11,CPU_FREQUENCY_12,CPU_FREQUENCY_13,CPU_FREQUENCY_14,CPU_FREQUENCY_15,CPU_FREQUENCY_2,CPU_FREQUENCY_3,CPU_FREQUENCY_4,CPU_FREQUENCY_5,CPU_FREQUENCY_6,CPU_FREQUENCY_7,CPU_FREQUENCY_8,CPU_FREQUENCY_9,CPU_USAGE_0,CPU_USAGE_1,CPU_USAGE_10,CPU_USAGE_11,CPU_USAGE_12,CPU_USAGE_13,CPU_USAGE_14,CPU_USAGE_15,CPU_USAGE_2,CPU_USAGE_3,CPU_USAGE_4,CPU_USAGE_5,CPU_USAGE_6,CPU_USAGE_7,CPU_USAGE_8,CPU_USAGE_9,TOTAL_MEMORY,TOTAL_SWAP,USED_MEMORY,USED_SWAP
0,1776521901070,4561.519592285156,4250,0,1.275,42808.00303649902,1901,1901,1901,1901,1901,1901,1901,1901,1901,1901,1901,1901,1901,1901,1901,1901,33.978492736816406,48.73951721191406,9.554191589355469,9.42010498046875,57.04529571533203,14.850967407226563,7.9285125732421875,7.396331787109375,7.0340576171875,10.132171630859375,18.310523986816406,6.9441070556640625,47.9141845703125,99.78013610839844,27.061874389648438,22.310592651367188,16441667584,16151695360,13586952192,8887353344
200,1776521901070,4561.529251098633,4200,0,1.25625,42808.06379699707,1901,1901,1901,1901,1901,1901,1901,1901,1901,1901,1901,1901,1901,1901,1901,1901,20.19464874267578,19.538047790527344,12.915374755859375,12.915374755859375,77.43559265136719,12.918708801269531,12.915374755859375,14.488548278808594,22.417755126953125,11.935470581054688,17.904876708984375,27.083961486816406,16.238372802734375,39.9593391418457,48.061859130859375,54.381229400634766,16441667584,16151695360,13586989056,8887222272
0,1776521901271,4561.86979675293,4400,0,1.30625,42810.78202819824,1901,1901,1901,1901,1901,1901,1901,1901,1901,1901,1901,1901,1901,1901,1901,1901,2.1579437255859375,1.75714111328125,1.9211044311523438,1.8620758056640625,19.742568969726563,1.7551956176757813,1.3024063110351563,2.2956314086914063,7.596015930175781,4.341361999511719,5.005271911621094,2.4906005859375,9.567718505859375,92.32122802734375,4.651084899902344,4.704673767089844,16441667584,16151695360,13586845696,8884957184
