Delta,Time,CORE0_ENERGY (J),CORE0_FREQ (MHZ),CORE0_PSTATE,CORE0_VOLT (V),CPU_ENERGY (J),CPU_FREQUENCY_0,CPU_FREQUENCY_1,CPU_FREQUENCY_10,CPU_FREQUENCY_11,CPU_FREQUENCY_12,CPU_FREQUENCY_13,CPU_FREQUENCY_14,CPU_FREQUENCY_15,CPU_FREQUENCY_2,CPU_FREQUENCY_3,CPU_FREQUENCY_4,CPU_FREQUENCY_5,CPU_FREQUENCY_6,CPU_FREQUENCY_7,CPU_FREQUENCY_8,CPU_FREQUENCY_9,CPU_USAGE_0,CPU_USAGE_1,CPU_USAGE_10,CPU_USAGE_11,CPU_USAGE_12,CPU_USAGE_13,CPU_USAGE_14,CPU_USAGE_15,CPU_USAGE_2,CPU_USAGE_3,CPU_USAGE_4,CPU_USAGE_5,CPU_USAGE_6,CPU_USAGE_7,CPU_USAGE_8,CPU_USAGE_9,TOTAL_MEMORY,TOTAL_SWAP,USED_MEMORY,USED_SWAP
0,1776521976948,4470.797622680664,3875,0,1.10625,43924.148696899414,1901,1901,1901,1901,1901,1901,1901,1901,1901,1901,1901,1901,1901,1901,1901,1901,13.884498596191406,8.89312744140625,7.2823028564453125,0.483062744140625,46.9063835144043,2.704986572265625,24.13330078125,8.716972351074219,16.188140869140625,13.104515075683594,6.165443420410156,3.091796875,86.94996643066406,75.27830505371094,9.146461486816406,42.15835952758789,16441667584,16151695360,13470105600,8779620352
200,1776521976949,4470.81184387207,4125,0,1.2125,43924.22723388672,1901,1901,1901,1901,1901,1901,1901,1901,1901,1901,1901,1901,1901,1901,1901,1901,4.999664306640625,0,0,0,88.4376449584961,0,0,0,0,0,2.574981689453125,0,34.75719451904297,0,20.04875946044922,26.62146759033203,16441667584,16151695360,13470101504,8779489280
0,1776521977149,4471.151153564453,3540,0,1,43926.782974243164,1901,1901,1901,1901,1901,1901,1901,1901,1901,1901,1901,1901,1901,1901,1901,1901,4.858436584472656,2.1288909912109375,1.742401123046875,1.4026260375976563,6.040321350097656,4.289527893066406,1.3967361450195313,1.6119461059570313,5.181793212890625,4.4976959228515625,3.3448638916015625,2.7871856689453125,85.05067443847656,8.575614929199219,18.34454345703125,2.9782333374023438,16441667584,16151695360,13470199808,8782188544
