Delta,Time,CORE0_ENERGY (J),CORE0_FREQ (MHZ),CORE0_PSTATE,CORE0_VOLT (V),CPU_ENERGY (J),CPU_FREQUENCY_0,CPU_FREQUENCY_1,CPU_FREQUENCY_10,CPU_FREQUENCY_11,CPU_FREQUENCY_12,CPU_FREQUENCY_13,CPU_FREQUENCY_14,CPU_FREQUENCY_15,CPU_FREQUENCY_2,CPU_FREQUENCY_3,CPU_FREQUENCY_4,CPU_FREQUENCY_5,CPU_FREQUENCY_6,CPU_FREQUENCY_7,CPU_FREQUENCY_8,CPU_FREQUENCY_9,CPU_USAGE_0,CPU_USAGE_1,CPU_USAGE_10,CPU_USAGE_11,CPU_USAGE_12,CPU_USAGE_13,CPU_USAGE_14,CPU_USAGE_15,CPU_USAGE_2,CPU_USAGE_3,CPU_USAGE_4,CPU_USAGE_5,CPU_USAGE_6,CPU_USAGE_7,CPU_USAGE_8,CPU_USAGE_9,TOTAL_MEMORY,TOTAL_SWAP,USED_MEMORY,USED_SWAP
0,1776521957997,4441.240997314453,4125,0,1.21875,43645.01396179199,1901,1901,1901,1901,1901,1901,1901,1901,1901,1901,1901,1901,1901,1901,1901,1901,10.510719299316406,8.92535400390625,6.152862548828125,1.7798538208007813,25.444122314453125,11.210365295410156,20.44892120361328,19.799789428710938,0.20880126953125,2.1536712646484375,8.930404663085938,4.364593505859375,65.32237243652344,72.95199584960938,72.0250244140625,19.775375366210938,16441667584,16151695360,13483073536,8808636416
199,1776521957997,4441.2530517578125,4150,0,1.23125,43645.08497619629,1901,1901,1901,1901,1901,1901,1901,1901,1901,1901,1901,1901,1901,1901,1901,1901,20.80291748046875,12.947517395019531,4.538871765136719,4.541770935058594,46.1273307800293,48.97462463378906,17.37342071533203,4.507011413574219,5.711967468261719,5.7583160400390625,12.272621154785156,9.381881713867188,24.95655059814453,52.992122650146484,33.43760681152344,36.102420806884766,16441667584,16151695360,13483110400,8808505344
0,1776521958197,4645.302139282227,4350,0,1.2875,43647.77128601074,1901,1901,1901,1901,1901,1901,1901,1901,1901,1901,1901,1901,1901,1901,1901,1901,4.3611602783203125,1.8647079467773438,1.4150466918945313,1.9580154418945313,6.273765563964844,3.2614593505859375,4.2365570068359375,3.8820877075195313,5.812889099121094,4.584197998046875,2.2938919067382813,2.9219436645507813,9.47711181640625,81.97555541992188,23.199905395507813,7.4609832763671875,16441667584,16151695360,13483151360,8807919616
