Delta,Time,CORE0_ENERGY (J),CORE0_FREQ (MHZ),CORE0_PSTATE,CORE0_VOLT (V),CPU_ENERGY (J),CPU_FREQUENCY_0,CPU_FREQUENCY_1,CPU_FREQUENCY_10,CPU_FREQUENCY_11,CPU_FREQUENCY_12,CPU_FREQUENCY_13,CPU_FREQUENCY_14,CPU_FREQUENCY_15,CPU_FREQUENCY_2,CPU_FREQUENCY_3,CPU_FREQUENCY_4,CPU_FREQUENCY_5,CPU_FREQUENCY_6,CPU_FREQUENCY_7,CPU_FREQUENCY_8,CPU_FREQUENCY_9,CPU_USAGE_0,CPU_USAGE_1,CPU_USAGE_10,CPU_USAGE_11,CPU_USAGE_12,CPU_USAGE_13,CPU_USAGE_14,CPU_USAGE_15,CPU_USAGE_2,CPU_USAGE_3,CPU_USAGE_4,CPU_USAGE_5,CPU_USAGE_6,CPU_USAGE_7,CPU_USAGE_8,CPU_USAGE_9,TOTAL_MEMORY,TOTAL_SWAP,USED_MEMORY,USED_SWAP
0,1776521970654,4460.74153137207,4200,0,1.25,43831.10902404785,1901,1901,1901,1901,1901,1901,1901,1901,1901,1901,1901,1901,1901,1901,1901,1901,6.8145294189453125,7.662078857421875,8.857643127441406,13.829704284667969,31.74480438232422,20.893173217773438,39.075523376464844,39.87644577026367,9.739326477050781,8.285667419433594,8.975028991699219,10.922393798828125,58.03465270996094,85.77482604980469,28.680137634277344,23.579856872558594,16441667584,16151695360,13470433280,8779747328
199,1776521970654,4460.755477905273,3340,0,0.94375,43831.200607299805,1901,1901,1901,1901,1901,1901,1901,1901,1901,1901,1901,1901,1901,1901,1901,1901,15.442367553710938,29.29834747314453,14.711532592773438,14.195205688476563,57.474246978759766,48.95113754272461,13.988174438476563,14.9310302734375,15.626945495605469,14.68658447265625,45.873138427734375,16.163230895996094,15.764137268066406,49.60714340209961,44.01736068725586,16.370254516601563,16441667584,16151695360,13470470144,8779747328
0,1776521970855,4663.360275268555,3260,0,0.9125,43834.253677368164,1901,1901,1901,1901,1901,1901,1901,1901,1901,1901,1901,1901,1901,1901,1901,1901,1.2204360961914063,0.486297607421875,1.14306640625,1.474578857421875,4.599403381347656,5.4976959228515625,1.1032562255859375,1.276519775390625,6.455223083496094,5.502601623535156,1.2737197875976563,1.4177398681640625,10.954978942871094,82.7010726928711,17.80225372314453,1.966888427734375,16441667584,16151695360,13482090496,8780075008
