Delta,Time,CORE0_ENERGY (J),CORE0_FREQ (MHZ),CORE0_PSTATE,CORE0_VOLT (V),CPU_ENERGY (J),CPU_FREQUENCY_0,CPU_FREQUENCY_1,CPU_FREQUENCY_10,CPU_FREQUENCY_11,CPU_FREQUENCY_12,CPU_FREQUENCY_13,CPU_FREQUENCY_14,CPU_FREQUENCY_15,CPU_FREQUENCY_2,CPU_FREQUENCY_3,CPU_FREQUENCY_4,CPU_FREQUENCY_5,CPU_FREQUENCY_6,CPU_FREQUENCY_7,CPU_FREQUENCY_8,CPU_FREQUENCY_9,CPU_USAGE_0,CPU_USAGE_1,CPU_USAGE_10,CPU_USAGE_11,CPU_USAGE_12,CPU_USAGE_13,CPU_USAGE_14,CPU_USAGE_15,CPU_USAGE_2,CPU_USAGE_3,CPU_USAGE_4,CPU_USAGE_5,CPU_USAGE_6,CPU_USAGE_7,CPU_USAGE_8,CPU_USAGE_9,TOTAL_MEMORY,TOTAL_SWAP,USED_MEMORY,USED_SWAP
0,1776521938977,4410.641311645508,4250,0,1.275,43364.0154876709,1901,1901,1901,1901,1901,1901,1901,1901,1901,1901,1901,1901,1901,1901,1901,1901,9.375022888183594,7.790740966796875,11.788337707519531,12.380035400390625,22.69873809814453,17.24273681640625,6.139106750488281,5.2707977294921875,44.665462493896484,60.8963737487793,10.139106750488281,10.146324157714844,47.18861389160156,59.7714958190918,54.845458984375,22.141510009765625,16441667584,16151695360,13521924096,8807972864
199,1776521938978,4410.656097412109,4350,0,1.30625,43364.07704162598,1901,1901,1901,1901,1901,1901,1901,1901,1901,1901,1901,1901,1901,1901,1901,1901,0,6.621360778808594,7.842041015625,0,40.971923828125,44.42941665649414,21.47405242919922,0,0,0,16.112960815429688,0,4.476921081542969,21.503746032714844,33.166175842285156,6.070404052734375,16441667584,16151695360,13521936384,8807972864
0,1776521939178,4411.204986572266,4425,0,1.325,43367.1110534668,1901,1901,1901,1901,1901,1901,1901,1901,1901,1901,1901,1901,1901,1901,1901,1901,5.015411376953125,3.3859481811523438,1.8808364868164063,1.9866943359375,10.324935913085938,10.377815246582031,2.1301193237304688,1.6530685424804688,5.5960845947265625,3.8377532958984375,3.3819732666015625,3.493194580078125,18.213401794433594,70.32461547851563,32.175209045410156,14.181427001953125,16441667584,16151695360,13516451840,8805040128
