Delta,Time,CORE0_ENERGY (J),CORE0_FREQ (MHZ),CORE0_PSTATE,CORE0_VOLT (V),CPU_ENERGY (J),CPU_FREQUENCY_0,CPU_FREQUENCY_1,CPU_FREQUENCY_10,CPU_FREQUENCY_11,CPU_FREQUENCY_12,CPU_FREQUENCY_13,CPU_FREQUENCY_14,CPU_FREQUENCY_15,CPU_FREQUENCY_2,CPU_FREQUENCY_3,CPU_FREQUENCY_4,CPU_FREQUENCY_5,CPU_FREQUENCY_6,CPU_FREQUENCY_7,CPU_FREQUENCY_8,CPU_FREQUENCY_9,CPU_USAGE_0,CPU_USAGE_1,CPU_USAGE_10,CPU_USAGE_11,CPU_USAGE_12,CPU_USAGE_13,CPU_USAGE_14,CPU_USAGE_15,CPU_USAGE_2,CPU_USAGE_3,CPU_USAGE_4,CPU_USAGE_5,CPU_USAGE_6,CPU_USAGE_7,CPU_USAGE_8,CPU_USAGE_9,TOTAL_MEMORY,TOTAL_SWAP,USED_MEMORY,USED_SWAP
0,1776521907434,4362.357925415039,3950,0,1.1375,42901.60092163086,1901,1901,1901,1901,1901,1901,1901,1901,1901,1901,1901,1901,1901,1901,1901,1901,13.42877197265625,6.3210906982421875,7.890113830566406,11.608932495117188,37.303245544433594,17.690048217773438,10.673187255859375,11.517280578613281,18.509971618652344,12.945480346679688,8.542549133300781,16.907615661621094,67.38215637207031,50.51620101928711,55.18410873413086,52.53018569946289,16441667584,16151695360,13587443712,8881750016
199,1776521907434,2342.7293701171875,4000,0,1.15,42901.666442871094,1901,1901,1901,1901,1901,1901,1901,1901,1901,1901,1901,1901,1901,1901,1901,1901,1.073944091796875,7.0438995361328125,0,0,20.226470947265625,43.350311279296875,0,0,0,0,29.168426513671875,0,6.3171234130859375,6.599395751953125,24.671493530273438,11.196914672851563,16441667584,16151695360,13587476480,8881750016
0,1776521907635,4362.648254394531,3560,0,1.00625,42904.39604187012,1901,1901,1901,1901,1901,1901,1901,1901,1901,1901,1901,1901,1901,1901,1901,1901,6.029594421386719,2.221588134765625,3.0696868896484375,2.6529541015625,13.235260009765625,5.351478576660156,1.4771270751953125,2.0667724609375,7.17041015625,6.77618408203125,2.6893997192382813,2.768096923828125,74.02655029296875,9.711441040039063,11.707603454589844,6.960502624511719,16441667584,16151695360,13587537920,8883040256
