Delta,Time,CORE0_ENERGY (J),CORE0_FREQ (MHZ),CORE0_PSTATE,CORE0_VOLT (V),CPU_ENERGY (J),CPU_FREQUENCY_0,CPU_FREQUENCY_1,CPU_FREQUENCY_10,CPU_FREQUENCY_11,CPU_FREQUENCY_12,CPU_FREQUENCY_13,CPU_FREQUENCY_14,CPU_FREQUENCY_15,CPU_FREQUENCY_2,CPU_FREQUENCY_3,CPU_FREQUENCY_4,CPU_FREQUENCY_5,CPU_FREQUENCY_6,CPU_FREQUENCY_7,CPU_FREQUENCY_8,CPU_FREQUENCY_9,CPU_USAGE_0,CPU_USAGE_1,CPU_USAGE_10,CPU_USAGE_11,CPU_USAGE_12,CPU_USAGE_13,CPU_USAGE_14,CPU_USAGE_15,CPU_USAGE_2,CPU_USAGE_3,CPU_USAGE_4,CPU_USAGE_5,CPU_USAGE_6,CPU_USAGE_7,CPU_USAGE_8,CPU_USAGE_9,TOTAL_MEMORY,TOTAL_SWAP,USED_MEMORY,USED_SWAP
0,1776521973796,4466.466323852539,4275,0,1.28125,43877.85369873047,1901,1901,1901,1901,1901,1901,1901,1901,1901,1901,1901,1901,1901,1901,1901,1901,14.656913757324219,8.67559814453125,10.632835388183594,10.361579895019531,21.41454315185547,9.717697143554688,19.41712188720703,27.092636108398438,13.021163940429688,12.171775817871094,10.8712158203125,6.6827392578125,48.03042984008789,65.35240173339844,20.93688201904297,56.13064193725586,16441667584,16151695360,13479440384,8779853824
200,1776521973797,4667.010391235352,4350,0,1.3,43877.94534301758,1901,1901,1901,1901,1901,1901,1901,1901,1901,1901,1901,1901,1901,1901,1901,1901,11.018928527832031,7.260429382324219,0.33986663818359375,4.4515533447265625,76.46607971191406,4.145011901855469,0,4.1949920654296875,0.8896408081054688,0,22.30774688720703,4.3782501220703125,1.7459716796875,44.06570816040039,26.586029052734375,35.175926208496094,16441667584,16151695360,13479473152,8779718656
0,1776521973998,4667.434127807617,3540,0,1,43880.86018371582,1901,1901,1901,1901,1901,1901,1901,1901,1901,1901,1901,1901,1901,1901,1901,1901,6.7262115478515625,1.6066131591796875,1.6877593994140625,1.217315673828125,12.642227172851563,12.510139465332031,1.0078125,1.50457763671875,6.1786041259765625,4.21661376953125,1.6410903930664063,2.6068649291992188,20.916099548339844,70.32754516601563,5.0441741943359375,6.891532897949219,16441667584,16151695360,13476937728,8779812864
