Delta,Time,CORE0_ENERGY (J),CORE0_FREQ (MHZ),CORE0_PSTATE,CORE0_VOLT (V),CPU_ENERGY (J),CPU_FREQUENCY_0,CPU_FREQUENCY_1,CPU_FREQUENCY_10,CPU_FREQUENCY_11,CPU_FREQUENCY_12,CPU_FREQUENCY_13,CPU_FREQUENCY_14,CPU_FREQUENCY_15,CPU_FREQUENCY_2,CPU_FREQUENCY_3,CPU_FREQUENCY_4,CPU_FREQUENCY_5,CPU_FREQUENCY_6,CPU_FREQUENCY_7,CPU_FREQUENCY_8,CPU_FREQUENCY_9,CPU_USAGE_0,CPU_USAGE_1,CPU_USAGE_10,CPU_USAGE_11,CPU_USAGE_12,CPU_USAGE_13,CPU_USAGE_14,CPU_USAGE_15,CPU_USAGE_2,CPU_USAGE_3,CPU_USAGE_4,CPU_USAGE_5,CPU_USAGE_6,CPU_USAGE_7,CPU_USAGE_8,CPU_USAGE_9,TOTAL_MEMORY,TOTAL_SWAP,USED_MEMORY,USED_SWAP
0,1776521942134,4622.091125488281,4025,0,1.1625,43410.82243347168,1901,1901,1901,1901,1901,1901,1901,1901,1901,1901,1901,1901,1901,1901,1901,1901,53.82851028442383,44.863895416259766,11.494918823242188,10.25262451171875,41.16149139404297,14.354164123535156,5.0524444580078125,5.139778137207031,80.29220581054688,43.59629440307617,14.358238220214844,8.727912902832031,59.99346923828125,42.71640396118164,21.090476989746094,33.63261413574219,16441667584,16151695360,13501452288,8808509440
199,1776521942134,4416.3338623046875,3475,0,0.9812500000000001,43410.89407348633,1901,1901,1901,1901,1901,1901,1901,1901,1901,1901,1901,1901,1901,1901,1901,1901,26.279930114746094,9.798614501953125,7.945098876953125,15.213905334472656,54.488529205322266,29.576194763183594,49.55916213989258,8.4410400390625,66.53642272949219,29.95191192626953,55.61566925048828,8.015228271484375,32.030860900878906,25.353172302246094,95.41629028320313,7.950103759765625,16441667584,16151695360,13501485056,8808509440
0,1776521942335,4622.382385253906,4450,0,1.33125,43413.3742980957,1901,1901,1901,1901,1901,1901,1901,1901,1901,1901,1901,1901,1901,1901,1901,1901,3.5887603759765625,1.3675155639648438,2.5906143188476563,2.49932861328125,16.44964599609375,4.75677490234375,4.00439453125,3.4593276977539063,5.0407867431640625,4.457725524902344,1.9189529418945313,2.13055419921875,77.11077880859375,5.355430603027344,3.9824295043945313,9.743980407714844,16441667584,16151695360,13501317120,8809160704
