Delta,Time,CORE0_ENERGY (J),CORE0_FREQ (MHZ),CORE0_PSTATE,CORE0_VOLT (V),CPU_ENERGY (J),CPU_FREQUENCY_0,CPU_FREQUENCY_1,CPU_FREQUENCY_10,CPU_FREQUENCY_11,CPU_FREQUENCY_12,CPU_FREQUENCY_13,CPU_FREQUENCY_14,CPU_FREQUENCY_15,CPU_FREQUENCY_2,CPU_FREQUENCY_3,CPU_FREQUENCY_4,CPU_FREQUENCY_5,CPU_FREQUENCY_6,CPU_FREQUENCY_7,CPU_FREQUENCY_8,CPU_FREQUENCY_9,CPU_USAGE_0,CPU_USAGE_1,CPU_USAGE_10,CPU_USAGE_11,CPU_USAGE_12,CPU_USAGE_13,CPU_USAGE_14,CPU_USAGE_15,CPU_USAGE_2,CPU_USAGE_3,CPU_USAGE_4,CPU_USAGE_5,CPU_USAGE_6,CPU_USAGE_7,CPU_USAGE_8,CPU_USAGE_9,TOTAL_MEMORY,TOTAL_SWAP,USED_MEMORY,USED_SWAP
0,1776521926422,4600.642654418945,4050,0,1.175,43180.046875,1901,1901,1901,1901,1901,1901,1901,1901,1901,1901,1901,1901,1901,1901,1901,1901,0.36685943603515625,5.576087951660156,10.492546081542969,7.416709899902344,30.548751831054688,17.961669921875,2.5625991821289063,4.171897888183594,0,0,0.44457244873046875,8.965476989746094,67.7633285522461,71.23946380615234,64.35406494140625,24.319366455078125,16441667584,16151695360,13519937536,8803504128
199,1776521926422,4600.654739379883,3320.0000000000005,0,0.9375,43180.12663269043,1901,1901,1901,1901,1901,1901,1901,1901,1901,1901,1901,1901,1901,1901,1901,1901,21.716285705566406,28.000648498535156,20.768211364746094,33.429046630859375,66.96102142333984,20.313133239746094,21.9329833984375,23.514915466308594,20.94969940185547,25.0643310546875,41.652896881103516,30.57128143310547,23.31987762451172,43.18064880371094,73.07744598388672,20.31855010986328,16441667584,16151695360,13519962112,8803504128
0,1776521926622,4389.513473510742,3220.0000000000005,0,0.91875,43183.48278808594,1901,1901,1901,1901,1901,1901,1901,1901,1901,1901,1901,1901,1901,1901,1901,1901,2.1714401245117188,1.0930328369140625,3.1426544189453125,2.4862823486328125,13.282600402832031,2.7968673706054688,0.852294921875,1.0058059692382813,4.402214050292969,4.8238525390625,1.0934829711914063,1.8080825805664063,19.283958435058594,82.26095581054688,11.516731262207031,3.183258056640625,16441667584,16151695360,13517393920,8803966976
