Delta,Time,CORE0_ENERGY (J),CORE0_FREQ (MHZ),CORE0_PSTATE,CORE0_VOLT (V),CPU_ENERGY (J),CPU_FREQUENCY_0,CPU_FREQUENCY_1,CPU_FREQUENCY_10,CPU_FREQUENCY_11,CPU_FREQUENCY_12,CPU_FREQUENCY_13,CPU_FREQUENCY_14,CPU_FREQUENCY_15,CPU_FREQUENCY_2,CPU_FREQUENCY_3,CPU_FREQUENCY_4,CPU_FREQUENCY_5,CPU_FREQUENCY_6,CPU_FREQUENCY_7,CPU_FREQUENCY_8,CPU_FREQUENCY_9,CPU_USAGE_0,CPU_USAGE_1,CPU_USAGE_10,CPU_USAGE_11,CPU_USAGE_12,CPU_USAGE_13,CPU_USAGE_14,CPU_USAGE_15,CPU_USAGE_2,CPU_USAGE_3,CPU_USAGE_4,CPU_USAGE_5,CPU_USAGE_6,CPU_USAGE_7,CPU_USAGE_8,CPU_USAGE_9,TOTAL_MEMORY,TOTAL_SWAP,USED_MEMORY,USED_SWAP
0,1776521888236,4543.766143798828,4200,0,1.25625,42618.40173339844,1901,1901,1901,1901,1901,1901,1901,1901,1901,1901,1901,1901,1901,1901,1901,1901,26.73236846923828,27.209976196289063,3.8034591674804688,10.193885803222656,39.600311279296875,4.784339904785156,4.23797607421875,3.0572509765625,3.0975875854492188,4.42498779296875,7.3502349853515625,6.873542785644531,61.3723258972168,44.864097595214844,9.791450500488281,55.77668762207031,16441667584,16151695360,13586010112,8887255040
199,1776521888237,4543.785797119141,4225,0,1.275,42618.50341796875,1901,1901,1901,1901,1901,1901,1901,1901,1901,1901,1901,1901,1901,1901,1901,1901,0,12.52044677734375,0,0,33.346168518066406,1.6392364501953125,0,0,0,0,0,28.25843048095703,23.92455291748047,0,85.7023696899414,0,16441667584,16151695360,13586046976,8887255040
0,1776521888438,4543.939010620117,4425,0,1.31875,42620.90026855469,1901,1901,1901,1901,1901,1901,1901,1901,1901,1901,1901,1901,1901,1901,1901,1901,3.8969879150390625,1.7268600463867188,1.35101318359375,1.4476470947265625,4.766273498535156,5.713768005371094,2.9641494750976563,2.916748046875,6.7028961181640625,6.7816925048828125,2.713104248046875,1.9337844848632813,7.575569152832031,71.19496154785156,25.447006225585938,8.412765502929688,16441667584,16151695360,13584736256,8886669312
