Delta,Time,CORE0_ENERGY (J),CORE0_FREQ (MHZ),CORE0_PSTATE,CORE0_VOLT (V),CPU_ENERGY (J),CPU_FREQUENCY_0,CPU_FREQUENCY_1,CPU_FREQUENCY_10,CPU_FREQUENCY_11,CPU_FREQUENCY_12,CPU_FREQUENCY_13,CPU_FREQUENCY_14,CPU_FREQUENCY_15,CPU_FREQUENCY_2,CPU_FREQUENCY_3,CPU_FREQUENCY_4,CPU_FREQUENCY_5,CPU_FREQUENCY_6,CPU_FREQUENCY_7,CPU_FREQUENCY_8,CPU_FREQUENCY_9,CPU_USAGE_0,CPU_USAGE_1,CPU_USAGE_10,CPU_USAGE_11,CPU_USAGE_12,CPU_USAGE_13,CPU_USAGE_14,CPU_USAGE_15,CPU_USAGE_2,CPU_USAGE_3,CPU_USAGE_4,CPU_USAGE_5,CPU_USAGE_6,CPU_USAGE_7,CPU_USAGE_8,CPU_USAGE_9,TOTAL_MEMORY,TOTAL_SWAP,USED_MEMORY,USED_SWAP
0,1776521897905,4557.060302734375,2600,0,0.78125,42762.125717163086,1901,1901,1901,1901,1901,1901,1901,1901,1901,1901,1901,1901,1901,1901,1901,1901,53.6784553527832,55.34787368774414,18.474082946777344,21.453819274902344,48.327396392822266,38.313018798828125,38.662200927734375,28.875885009765625,1.7848663330078125,6.295196533203125,38.618995666503906,25.980438232421875,61.63882064819336,42.33817672729492,62.225982666015625,30.983734130859375,16441667584,16151695360,13595328512,8895508480
199,1776521897906,4347.7479248046875,3175,0,0.90625,42762.18258666992,1901,1901,1901,1901,1901,1901,1901,1901,1901,1901,1901,1901,1901,1901,1901,1901,24.405197143554688,37.5374870300293,12.2059326171875,16.014663696289063,60.31656265258789,34.905029296875,15.321556091308594,23.34221649169922,9.646781921386719,42.032657623291016,63.805397033691406,65.3082275390625,100,64.02198791503906,58.85038375854492,43.90203094482422,16441667584,16151695360,13595353088,8895508480
0,1776521898106,1373.6482391357422,3000,0,0.8625,42765.071868896484,1901,1901,1901,1901,1901,1901,1901,1901,1901,1901,1901,1901,1901,1901,1901,1901,13.588081359863281,12.585433959960938,15.333297729492188,10.701019287109375,16.90949249267578,17.900375366210938,7.892387390136719,6.9699249267578125,7.227691650390625,6.4226531982421875,8.866905212402344,7.9241180419921875,85.25100708007813,83.79469299316406,52.93203353881836,6.310737609863281,16441667584,16151695360,13605257216,8914669568
