Delta,Time,CORE0_ENERGY (J),CORE0_FREQ (MHZ),CORE0_PSTATE,CORE0_VOLT (V),CPU_ENERGY (J),CPU_FREQUENCY_0,CPU_FREQUENCY_1,CPU_FREQUENCY_10,CPU_FREQUENCY_11,CPU_FREQUENCY_12,CPU_FREQUENCY_13,CPU_FREQUENCY_14,CPU_FREQUENCY_15,CPU_FREQUENCY_2,CPU_FREQUENCY_3,CPU_FREQUENCY_4,CPU_FREQUENCY_5,CPU_FREQUENCY_6,CPU_FREQUENCY_7,CPU_FREQUENCY_8,CPU_FREQUENCY_9,CPU_USAGE_0,CPU_USAGE_1,CPU_USAGE_10,CPU_USAGE_11,CPU_USAGE_12,CPU_USAGE_13,CPU_USAGE_14,CPU_USAGE_15,CPU_USAGE_2,CPU_USAGE_3,CPU_USAGE_4,CPU_USAGE_5,CPU_USAGE_6,CPU_USAGE_7,CPU_USAGE_8,CPU_USAGE_9,TOTAL_MEMORY,TOTAL_SWAP,USED_MEMORY,USED_SWAP
0,1776521967508,4455.227996826172,4275,0,1.275,43785.002182006836,1901,1901,1901,1901,1901,1901,1901,1901,1901,1901,1901,1901,1901,1901,1901,1901,9.331291198730469,10.395294189453125,28.62078857421875,18.46942901611328,63.162715911865234,7.948417663574219,8.565338134765625,8.429634094238281,14.564743041992188,12.918777465820313,29.041229248046875,22.137672424316406,68.54269409179688,44.65998458862305,16.88257598876953,31.695419311523438,16441667584,16151695360,13471600640,8781168640
199,1776521967509,4658.810546875,4375,0,1.30625,43785.10322570801,1901,1901,1901,1901,1901,1901,1901,1901,1901,1901,1901,1901,1901,1901,1901,1901,0,3.21624755859375,0,0,50.7839241027832,12.1083984375,0,0,0,0,6.66839599609375,0,0,0,62.521217346191406,0,16441667584,16151695360,13471703040,8783785984
0,1776521967709,4455.942276000977,3540,0,1,43788.74221801758,1901,1901,1901,1901,1901,1901,1901,1901,1901,1901,1901,1901,1901,1901,1901,1901,8.006797790527344,5.7599639892578125,2.107635498046875,2.2382888793945313,23.59345245361328,12.79888916015625,2.777435302734375,2.6272506713867188,7.786346435546875,5.162818908691406,9.404983520507813,5.989654541015625,63.82472610473633,18.653121948242188,32.69658660888672,26.51177215576172,16441667584,16151695360,13493018624,8801275904
