Delta,Time,CORE0_ENERGY (J),CORE0_FREQ (MHZ),CORE0_PSTATE,CORE0_VOLT (V),CPU_ENERGY (J),CPU_FREQUENCY_0,CPU_FREQUENCY_1,CPU_FREQUENCY_10,CPU_FREQUENCY_11,CPU_FREQUENCY_12,CPU_FREQUENCY_13,CPU_FREQUENCY_14,CPU_FREQUENCY_15,CPU_FREQUENCY_2,CPU_FREQUENCY_3,CPU_FREQUENCY_4,CPU_FREQUENCY_5,CPU_FREQUENCY_6,CPU_FREQUENCY_7,CPU_FREQUENCY_8,CPU_FREQUENCY_9,CPU_USAGE_0,CPU_USAGE_1,CPU_USAGE_10,CPU_USAGE_11,CPU_USAGE_12,CPU_USAGE_13,CPU_USAGE_14,CPU_USAGE_15,CPU_USAGE_2,CPU_USAGE_3,CPU_USAGE_4,CPU_USAGE_5,CPU_USAGE_6,CPU_USAGE_7,CPU_USAGE_8,CPU_USAGE_9,TOTAL_MEMORY,TOTAL_SWAP,USED_MEMORY,USED_SWAP
0,1776521891446,2334.6134185791016,4225,0,1.25625,42666.47317504883,1901,1901,1901,1901,1901,1901,1901,1901,1901,1901,1901,1901,1901,1901,1901,1901,13.5419921875,27.70855712890625,25.437118530273438,21.992156982421875,33.63682556152344,56.47722244262695,30.169021606445313,24.515625,10.49713134765625,15.236122131347656,20.17279815673828,39.96597671508789,36.95261764526367,37.995399475097656,82.59325408935547,15.134521484375,16441667584,16151695360,13593559040,8902807552
199,1776521891446,4547.860137939453,4075,0,1.19375,42666.568603515625,1901,1901,1901,1901,1901,1901,1901,1901,1901,1901,1901,1901,1901,1901,1901,1901,0,43.58952331542969,0,20.811004638671875,59.51819610595703,0,13.785415649414063,0,0,0,0,0,63.08885955810547,26.74353790283203,19.966567993164063,31.643020629882813,16441667584,16151695360,13593595904,8902807552
0,1776521891647,4548.145812988281,4375,0,1.30625,42669.173248291016,1901,1901,1901,1901,1901,1901,1901,1901,1901,1901,1901,1901,1901,1901,1901,1901,6.515403747558594,6.317787170410156,7.995567321777344,8.525192260742188,22.34400177001953,2.01495361328125,3.5097198486328125,2.3866958618164063,6.754356384277344,5.804313659667969,4.213218688964844,3.7083816528320313,11.839530944824219,73.41238403320313,3.6792755126953125,12.354194641113281,16441667584,16151695360,13591060480,8902340608
