Delta,Time,CORE0_ENERGY (J),CORE0_FREQ (MHZ),CORE0_PSTATE,CORE0_VOLT (V),CPU_ENERGY (J),CPU_FREQUENCY_0,CPU_FREQUENCY_1,CPU_FREQUENCY_10,CPU_FREQUENCY_11,CPU_FREQUENCY_12,CPU_FREQUENCY_13,CPU_FREQUENCY_14,CPU_FREQUENCY_15,CPU_FREQUENCY_2,CPU_FREQUENCY_3,CPU_FREQUENCY_4,CPU_FREQUENCY_5,CPU_FREQUENCY_6,CPU_FREQUENCY_7,CPU_FREQUENCY_8,CPU_FREQUENCY_9,CPU_USAGE_0,CPU_USAGE_1,CPU_USAGE_10,CPU_USAGE_11,CPU_USAGE_12,CPU_USAGE_13,CPU_USAGE_14,CPU_USAGE_15,CPU_USAGE_2,CPU_USAGE_3,CPU_USAGE_4,CPU_USAGE_5,CPU_USAGE_6,CPU_USAGE_7,CPU_USAGE_8,CPU_USAGE_9,TOTAL_MEMORY,TOTAL_SWAP,USED_MEMORY,USED_SWAP
0,1776521929562,4604.834289550781,4375,0,1.3125,43226.76565551758,1901,1901,1901,1901,1901,1901,1901,1901,1901,1901,1901,1901,1901,1901,1901,1901,30.72856903076172,34.36372375488281,3.8232345581054688,30.170005798339844,41.75482940673828,21.329376220703125,7.440559387207031,11.662651062011719,26.81291961669922,15.724235534667969,22.878616333007813,13.532112121582031,57.26909255981445,37.345462799072266,44.942481994628906,28.232444763183594,16441667584,16151695360,13519888384,8805695488
199,1776521929563,4394.855895996094,4300,0,1.2875,43226.83758544922,1901,1901,1901,1901,1901,1901,1901,1901,1901,1901,1901,1901,1901,1901,1901,1901,21.686508178710938,21.21636199951172,19.495849609375,26.43292999267578,92.93287658691406,19.48584747314453,28.17345428466797,19.48584747314453,19.32079315185547,19.3157958984375,33.37001037597656,18.480545043945313,94.82344818115234,20.956283569335938,32.04461669921875,76.72801971435547,16441667584,16151695360,13519982592,8805695488
0,1776521929763,4605.008331298828,4450,0,1.33125,43229.36659240723,1901,1901,1901,1901,1901,1901,1901,1901,1901,1901,1901,1901,1901,1901,1901,1901,7.239555358886719,4.084114074707031,0.5107955932617188,0.6932754516601563,5.8773193359375,4.342247009277344,0.6822357177734375,1.1749725341796875,6.2993316650390625,6.417503356933594,1.9170455932617188,1.6829833984375,80.42514038085938,9.486846923828125,18.43445587158203,4.081031799316406,16441667584,16151695360,13517848576,8792551424
