Delta,Time,CORE0_ENERGY (J),CORE0_FREQ (MHZ),CORE0_PSTATE,CORE0_VOLT (V),CPU_ENERGY (J),CPU_FREQUENCY_0,CPU_FREQUENCY_1,CPU_FREQUENCY_10,CPU_FREQUENCY_11,CPU_FREQUENCY_12,CPU_FREQUENCY_13,CPU_FREQUENCY_14,CPU_FREQUENCY_15,CPU_FREQUENCY_2,CPU_FREQUENCY_3,CPU_FREQUENCY_4,CPU_FREQUENCY_5,CPU_FREQUENCY_6,CPU_FREQUENCY_7,CPU_FREQUENCY_8,CPU_FREQUENCY_9,CPU_USAGE_0,CPU_USAGE_1,CPU_USAGE_10,CPU_USAGE_11,CPU_USAGE_12,CPU_USAGE_13,CPU_USAGE_14,CPU_USAGE_15,CPU_USAGE_2,CPU_USAGE_3,CPU_USAGE_4,CPU_USAGE_5,CPU_USAGE_6,CPU_USAGE_7,CPU_USAGE_8,CPU_USAGE_9,TOTAL_MEMORY,TOTAL_SWAP,USED_MEMORY,USED_SWAP
0,1776521894686,4342.999237060547,3900,0,1.11875,42714.032623291016,1901,1901,1901,1901,1901,1901,1901,1901,1901,1901,1901,1901,1901,1901,1901,1901,11.289924621582031,15.693824768066406,8.647041320800781,7.251129150390625,15.552146911621094,18.986984252929688,14.84283447265625,1.1534271240234375,9.024856567382813,10.035690307617188,13.748443603515625,26.18816375732422,86.80738067626953,69.85659790039063,68.7086181640625,1.8563766479492188,16441667584,16151695360,13594034176,8895270912
199,1776521894686,4552.352523803711,3800,0,1.075,42714.10791015625,1901,1901,1901,1901,1901,1901,1901,1901,1901,1901,1901,1901,1901,1901,1901,1901,36.90675354003906,19.16864013671875,15.293968200683594,9.179878234863281,36.03045654296875,48.00149917602539,16.19023895263672,10.835098266601563,11.916114807128906,10.081138610839844,17.15142059326172,13.528900146484375,40.179752349853516,11.20709228515625,65.45249938964844,9.739105224609375,16441667584,16151695360,13594066944,8895270912
0,1776521894887,4552.6959228515625,4450,0,1.3375,42716.54895019531,1901,1901,1901,1901,1901,1901,1901,1901,1901,1901,1901,1901,1901,1901,1901,1901,3.7390060424804688,1.4110336303710938,1.5462570190429688,1.891082763671875,24.030982971191406,3.9061431884765625,2.7715835571289063,2.5061111450195313,5.7833404541015625,4.0710906982421875,2.2583236694335938,3.1198959350585938,79.24794006347656,7.547767639160156,2.7432022094726563,3.790435791015625,16441667584,16151695360,13593976832,8895148032
