Delta,Time,CORE0_ENERGY (J),CORE0_FREQ (MHZ),CORE0_PSTATE,CORE0_VOLT (V),CPU_ENERGY (J),CPU_FREQUENCY_0,CPU_FREQUENCY_1,CPU_FREQUENCY_10,CPU_FREQUENCY_11,CPU_FREQUENCY_12,CPU_FREQUENCY_13,CPU_FREQUENCY_14,CPU_FREQUENCY_15,CPU_FREQUENCY_2,CPU_FREQUENCY_3,CPU_FREQUENCY_4,CPU_FREQUENCY_5,CPU_FREQUENCY_6,CPU_FREQUENCY_7,CPU_FREQUENCY_8,CPU_FREQUENCY_9,CPU_USAGE_0,CPU_USAGE_1,CPU_USAGE_10,CPU_USAGE_11,CPU_USAGE_12,CPU_USAGE_13,CPU_USAGE_14,CPU_USAGE_15,CPU_USAGE_2,CPU_USAGE_3,CPU_USAGE_4,CPU_USAGE_5,CPU_USAGE_6,CPU_USAGE_7,CPU_USAGE_8,CPU_USAGE_9,TOTAL_MEMORY,TOTAL_SWAP,USED_MEMORY,USED_SWAP
0,1776521920106,4381.061614990234,4375,0,1.3125,43088.180419921875,1901,1901,1901,1901,1901,1901,1901,1901,1901,1901,1901,1901,1901,1901,1901,1901,11.760848999023438,5.798454284667969,15.642013549804688,18.87775421142578,23.174827575683594,31.94670867919922,52.689979553222656,31.0225830078125,4.880363464355469,3.1684417724609375,11.187042236328125,6.2540435791015625,61.3652229309082,46.3315315246582,46.97867965698242,9.73052978515625,16441667584,16151695360,13516062720,8798662656
200,1776521920107,4381.07649230957,4350,0,1.30625,43088.27183532715,1901,1901,1901,1901,1901,1901,1901,1901,1901,1901,1901,1901,1901,1901,1901,1901,4.3166656494140625,10.076644897460938,0,0,42.161319732666016,44.125553131103516,0,0.55078125,0,0,28.779983520507813,4.260261535644531,0,0,39.42731857299805,7.7042999267578125,16441667584,16151695360,13516087296,8798662656
0,1776521920308,4381.448623657227,3560,0,1.00625,43091.24815368652,1901,1901,1901,1901,1901,1901,1901,1901,1901,1901,1901,1901,1901,1901,1901,1901,7.113868713378906,4.8802642822265625,5.3193359375,5.4407806396484375,8.287055969238281,4.8935699462890625,6.5798187255859375,5.7044677734375,7.2598419189453125,6.719810485839844,3.102081298828125,3.5594024658203125,72.98978424072266,15.37225341796875,20.01689910888672,4.260162353515625,16441667584,16151695360,13513359360,8801161216
