Delta,Time,CORE0_ENERGY (J),CORE0_FREQ (MHZ),CORE0_PSTATE,CORE0_VOLT (V),CPU_ENERGY (J),CPU_FREQUENCY_0,CPU_FREQUENCY_1,CPU_FREQUENCY_10,CPU_FREQUENCY_11,CPU_FREQUENCY_12,CPU_FREQUENCY_13,CPU_FREQUENCY_14,CPU_FREQUENCY_15,CPU_FREQUENCY_2,CPU_FREQUENCY_3,CPU_FREQUENCY_4,CPU_FREQUENCY_5,CPU_FREQUENCY_6,CPU_FREQUENCY_7,CPU_FREQUENCY_8,CPU_FREQUENCY_9,CPU_USAGE_0,CPU_USAGE_1,CPU_USAGE_10,CPU_USAGE_11,CPU_USAGE_12,CPU_USAGE_13,CPU_USAGE_14,CPU_USAGE_15,CPU_USAGE_2,CPU_USAGE_3,CPU_USAGE_4,CPU_USAGE_5,CPU_USAGE_6,CPU_USAGE_7,CPU_USAGE_8,CPU_USAGE_9,TOTAL_MEMORY,TOTAL_SWAP,USED_MEMORY,USED_SWAP
0,1776521945268,4421.6766357421875,4075,0,1.1875,43457.58499145508,1901,1901,1901,1901,1901,1901,1901,1901,1901,1901,1901,1901,1901,1901,1901,1901,27.08354949951172,22.469619750976563,12.05926513671875,10.067924499511719,35.34174346923828,17.438858032226563,15.332305908203125,15.027481079101563,17.239639282226563,14.686660766601563,20.698287963867188,14.829071044921875,76.75592803955078,79.10249328613281,63.293357849121094,6.5828704833984375,16441667584,16151695360,13507612672,8826949632
199,1776521945268,4626.488632202148,4100,0,1.2,43457.665100097656,1901,1901,1901,1901,1901,1901,1901,1901,1901,1901,1901,1901,1901,1901,1901,1901,0.53070068359375,0,0,0,59.64592361450195,0,4.461212158203125,0,0,0,0,0,4.8011932373046875,0,13.657279968261719,0,16441667584,16151695360,13507993600,8826949632
0,1776521945469,4421.846115112305,4325,0,1.3,43460.37242126465,1901,1901,1901,1901,1901,1901,1901,1901,1901,1901,1901,1901,1901,1901,1901,1901,4.917083740234375,3.8760147094726563,1.4707717895507813,1.3817062377929688,34.57273864746094,14.323165893554688,1.6515045166015625,1.3715362548828125,6.300697326660156,5.267585754394531,5.952247619628906,4.8565216064453125,71.41136932373047,8.384841918945313,4.1631927490234375,5.968879699707031,16441667584,16151695360,13499478016,8807448576
