Delta,Time,CORE0_ENERGY (J),CORE0_FREQ (MHZ),CORE0_PSTATE,CORE0_VOLT (V),CPU_ENERGY (J),CPU_FREQUENCY_0,CPU_FREQUENCY_1,CPU_FREQUENCY_10,CPU_FREQUENCY_11,CPU_FREQUENCY_12,CPU_FREQUENCY_13,CPU_FREQUENCY_14,CPU_FREQUENCY_15,CPU_FREQUENCY_2,CPU_FREQUENCY_3,CPU_FREQUENCY_4,CPU_FREQUENCY_5,CPU_FREQUENCY_6,CPU_FREQUENCY_7,CPU_FREQUENCY_8,CPU_FREQUENCY_9,CPU_USAGE_0,CPU_USAGE_1,CPU_USAGE_10,CPU_USAGE_11,CPU_USAGE_12,CPU_USAGE_13,CPU_USAGE_14,CPU_USAGE_15,CPU_USAGE_2,CPU_USAGE_3,CPU_USAGE_4,CPU_USAGE_5,CPU_USAGE_6,CPU_USAGE_7,CPU_USAGE_8,CPU_USAGE_9,TOTAL_MEMORY,TOTAL_SWAP,USED_MEMORY,USED_SWAP
0,1776521910603,4575.316070556641,4350,0,1.30625,42948.742614746094,1901,1901,1901,1901,1901,1901,1901,1901,1901,1901,1901,1901,1901,1901,1901,1901,12.736091613769531,9.400306701660156,11.80255126953125,16.77159881591797,45.89305114746094,4.581947326660156,8.508338928222656,14.539077758789063,4.7447509765625,5.7804718017578125,36.51439666748047,32.379302978515625,70.5382080078125,36.6529541015625,8.606193542480469,55.10023880004883,16441667584,16151695360,13583134720,8881938432
200,1776521910604,4575.330459594727,4325,0,1.3,42948.82614135742,1901,1901,1901,1901,1901,1901,1901,1901,1901,1901,1901,1901,1901,1901,1901,1901,16.90282440185547,20.008872985839844,5.114631652832031,5.877830505371094,53.175567626953125,5.111671447753906,5.108711242675781,11.300102233886719,5.132377624511719,6.315635681152344,12.501106262207031,30.998374938964844,62.42863464355469,8.611152648925781,43.463985443115234,48.371543884277344,16441667584,16151695360,13583167488,8881938432
0,1776521910804,4367.312271118164,3440,0,0.96875,42951.38165283203,1901,1901,1901,1901,1901,1901,1901,1901,1901,1901,1901,1901,1901,1901,1901,1901,6.91265869140625,1.5887069702148438,1.016021728515625,0.876861572265625,18.16895294189453,2.57391357421875,1.2471160888671875,1.591705322265625,8.084335327148438,7.97674560546875,1.2284088134765625,2.4401092529296875,76.38374328613281,7.1573028564453125,11.316474914550781,4.3164825439453125,16441667584,16151695360,13585641472,8881754112
