Delta,Time,CORE0_ENERGY (J),CORE0_FREQ (MHZ),CORE0_PSTATE,CORE0_VOLT (V),CPU_ENERGY (J),CPU_FREQUENCY_0,CPU_FREQUENCY_1,CPU_FREQUENCY_10,CPU_FREQUENCY_11,CPU_FREQUENCY_12,CPU_FREQUENCY_13,CPU_FREQUENCY_14,CPU_FREQUENCY_15,CPU_FREQUENCY_2,CPU_FREQUENCY_3,CPU_FREQUENCY_4,CPU_FREQUENCY_5,CPU_FREQUENCY_6,CPU_FREQUENCY_7,CPU_FREQUENCY_8,CPU_FREQUENCY_9,CPU_USAGE_0,CPU_USAGE_1,CPU_USAGE_10,CPU_USAGE_11,CPU_USAGE_12,CPU_USAGE_13,CPU_USAGE_14,CPU_USAGE_15,CPU_USAGE_2,CPU_USAGE_3,CPU_USAGE_4,CPU_USAGE_5,CPU_USAGE_6,CPU_USAGE_7,CPU_USAGE_8,CPU_USAGE_9,TOTAL_MEMORY,TOTAL_SWAP,USED_MEMORY,USED_SWAP
0,1776521951670,4431.214889526367,4350,0,1.30625,43551.794372558594,1901,1901,1901,1901,1901,1901,1901,1901,1901,1901,1901,1901,1901,1901,1901,1901,12.78643798828125,5.3314056396484375,14.9940185546875,11.910377502441406,29.414703369140625,9.920700073242188,50.128597259521484,65.00115966796875,9.435783386230469,8.812446594238281,2.5424652099609375,12.122024536132813,50.29737854003906,47.4432487487793,51.49850845336914,25.61217498779297,16441667584,16151695360,13579739136,8806494208
200,1776521951671,1397.3271179199219,2860,0,0.83125,43551.94708251953,1901,1901,1901,1901,1901,1901,1901,1901,1901,1901,1901,1901,1901,1901,1901,1901,78.66696166992188,1.9117965698242188,0.6090927124023438,5.3301544189453125,83.6888427734375,1.40960693359375,0.5295333862304688,12.475135803222656,40.19988250732422,92.9469985961914,25.141708374023438,22.056480407714844,2.1778030395507813,3.8012161254882813,19.90851593017578,40.157615661621094,16441667584,16151695360,13590507520,8806494208
1,1776521951871,4636.427490234375,2925,0,0.85,43555.58740234375,1901,1901,1901,1901,1901,1901,1901,1901,1901,1901,1901,1901,1901,1901,1901,1901,26.49163055419922,17.19549560546875,13.247833251953125,15.378067016601563,60.718650817871094,35.65191650390625,22.07689666748047,22.257736206054688,12.332298278808594,10.587722778320313,19.15618896484375,15.352386474609375,25.903236389160156,55.98299789428711,46.90332794189453,48.91547393798828,16441667584,16151695360,13595729920,8815652864
