Delta,Time,CORE0_ENERGY (J),CORE0_FREQ (MHZ),CORE0_PSTATE,CORE0_VOLT (V),CPU_ENERGY (J),CPU_FREQUENCY_0,CPU_FREQUENCY_1,CPU_FREQUENCY_10,CPU_FREQUENCY_11,CPU_FREQUENCY_12,CPU_FREQUENCY_13,CPU_FREQUENCY_14,CPU_FREQUENCY_15,CPU_FREQUENCY_2,CPU_FREQUENCY_3,CPU_FREQUENCY_4,CPU_FREQUENCY_5,CPU_FREQUENCY_6,CPU_FREQUENCY_7,CPU_FREQUENCY_8,CPU_FREQUENCY_9,CPU_USAGE_0,CPU_USAGE_1,CPU_USAGE_10,CPU_USAGE_11,CPU_USAGE_12,CPU_USAGE_13,CPU_USAGE_14,CPU_USAGE_15,CPU_USAGE_2,CPU_USAGE_3,CPU_USAGE_4,CPU_USAGE_5,CPU_USAGE_6,CPU_USAGE_7,CPU_USAGE_8,CPU_USAGE_9,TOTAL_MEMORY,TOTAL_SWAP,USED_MEMORY,USED_SWAP
0,1776521948519,4631.554443359375,4125,0,1.23125,43505.201889038086,1901,1901,1901,1901,1901,1901,1901,1901,1901,1901,1901,1901,1901,1901,1901,1901,6.759071350097656,7.6115570068359375,4.0343017578125,5.497833251953125,22.995338439941406,25.223114013671875,42.44588851928711,44.209957122802734,11.332832336425781,3.956878662109375,20.147354125976563,17.847152709960938,56.2795524597168,89.60372924804688,38.82450866699219,21.300369262695313,16441667584,16151695360,13586595840,8808144896
200,1776521948520,4631.566711425781,4100,0,1.20625,43505.29600524902,1901,1901,1901,1901,1901,1901,1901,1901,1901,1901,1901,1901,1901,1901,1901,1901,19.137344360351563,0,28.308822631835938,0,62.628021240234375,0,100,100,0,0,14.620536804199219,0,0.09519195556640625,2.0319061279296875,74.37631225585938,0,16441667584,16151695360,13586665472,8808144896
0,1776521948720,4426.394073486328,3440,0,0.975,43507.96669006348,1901,1901,1901,1901,1901,1901,1901,1901,1901,1901,1901,1901,1901,1901,1901,1901,4.79248046875,1.4806137084960938,2.229949951171875,1.361602783203125,7.328117370605469,11.182342529296875,13.081710815429688,7.8209228515625,8.031997680664063,4.328369140625,2.5759048461914063,2.4890823364257813,14.208694458007813,89.82177734375,10.545082092285156,13.73095703125,16441667584,16151695360,13601579008,8802045952
