Delta,Time,CORE0_ENERGY (J),CORE0_FREQ (MHZ),CORE0_PSTATE,CORE0_VOLT (V),CPU_ENERGY (J),CPU_FREQUENCY_0,CPU_FREQUENCY_1,CPU_FREQUENCY_10,CPU_FREQUENCY_11,CPU_FREQUENCY_12,CPU_FREQUENCY_13,CPU_FREQUENCY_14,CPU_FREQUENCY_15,CPU_FREQUENCY_2,CPU_FREQUENCY_3,CPU_FREQUENCY_4,CPU_FREQUENCY_5,CPU_FREQUENCY_6,CPU_FREQUENCY_7,CPU_FREQUENCY_8,CPU_FREQUENCY_9,CPU_USAGE_0,CPU_USAGE_1,CPU_USAGE_10,CPU_USAGE_11,CPU_USAGE_12,CPU_USAGE_13,CPU_USAGE_14,CPU_USAGE_15,CPU_USAGE_2,CPU_USAGE_3,CPU_USAGE_4,CPU_USAGE_5,CPU_USAGE_6,CPU_USAGE_7,CPU_USAGE_8,CPU_USAGE_9,TOTAL_MEMORY,TOTAL_SWAP,USED_MEMORY,USED_SWAP
0,1776521923306,4595.446929931641,3975,0,1.15,43135.07704162598,1901,1901,1901,1901,1901,1901,1901,1901,1901,1901,1901,1901,1901,1901,1901,1901,8.977058410644531,9.868759155273438,12.558662414550781,11.018165588378906,39.08722686767578,17.90801239013672,3.373291015625,4.684074401855469,14.662338256835938,11.886802673339844,26.433876037597656,24.873611450195313,46.22243881225586,75.36927795410156,42.28843688964844,7.226600646972656,16441667584,16151695360,13518966784,8803389440
199,1776521923306,4595.457077026367,4100,0,1.2,43135.141998291016,1901,1901,1901,1901,1901,1901,1901,1901,1901,1901,1901,1901,1901,1901,1901,1901,28.461463928222656,0,0,0,36.895599365234375,0,0,0,0,0,3.4089736938476563,0,0,1.3462600708007813,44.38002014160156,31.19397735595703,16441667584,16151695360,13518991360,8804708352
0,1776521923507,4595.804473876953,4025,0,1.1375,43138.2208404541,1901,1901,1901,1901,1901,1901,1901,1901,1901,1901,1901,1901,1901,1901,1901,1901,1.5022735595703125,0.10509490966796875,0.672027587890625,0.834564208984375,19.707603454589844,1.6458969116210938,1.0043258666992188,1.2406082153320313,4.232917785644531,4.668907165527344,1.2139663696289063,0.8832244873046875,16.245338439941406,70.43516540527344,3.5021438598632813,2.3970870971679688,16441667584,16151695360,13515001856,8803131392
