Delta,Time,CORE0_ENERGY (J),CORE0_FREQ (MHZ),CORE0_PSTATE,CORE0_VOLT (V),CPU_ENERGY (J),CPU_FREQUENCY_0,CPU_FREQUENCY_1,CPU_FREQUENCY_10,CPU_FREQUENCY_11,CPU_FREQUENCY_12,CPU_FREQUENCY_13,CPU_FREQUENCY_14,CPU_FREQUENCY_15,CPU_FREQUENCY_2,CPU_FREQUENCY_3,CPU_FREQUENCY_4,CPU_FREQUENCY_5,CPU_FREQUENCY_6,CPU_FREQUENCY_7,CPU_FREQUENCY_8,CPU_FREQUENCY_9,CPU_USAGE_0,CPU_USAGE_1,CPU_USAGE_10,CPU_USAGE_11,CPU_USAGE_12,CPU_USAGE_13,CPU_USAGE_14,CPU_USAGE_15,CPU_USAGE_2,CPU_USAGE_3,CPU_USAGE_4,CPU_USAGE_5,CPU_USAGE_6,CPU_USAGE_7,CPU_USAGE_8,CPU_USAGE_9,TOTAL_MEMORY,TOTAL_SWAP,USED_MEMORY,USED_SWAP
0,1777034681754,1897.4253845214844,1980,0,0.6875,23148.75880432129,1901,1901,1901,1901,1901,1901,1901,1901,1901,1901,1901,1901,1901,1901,1901,1901,22.894561767578125,12.581672668457031,0.4860382080078125,0.5084304809570313,71.67887115478516,11.538894653320313,2.6340408325195313,0.25568389892578125,0,0.43891143798828125,16.796966552734375,12.858566284179688,28.599205017089844,38.553306579589844,22.745506286621094,11.230186462402344,16441667584,16046157824,13232328704,5668360192
199,1777034681755,885.5583648681641,1980,0,0.6875,23148.82667541504,1901,1901,1901,1901,1901,1901,1901,1901,1901,1901,1901,1901,1901,1901,1901,1901,10.164146423339844,0.02452850341796875,0,0,87.92459869384766,0,0,0,0,0,17.723312377929688,0,0,0,37.10474395751953,0,16441667584,16046157824,13232353280,5672615936
199,1777034681955,1897.5234832763672,1980,0,0.6875,23149.816513061523,1901,1901,1901,1901,1901,1901,1901,1901,1901,1901,1901,1901,1901,1901,1901,1901,4.2270660400390625,1.3707122802734375,0.42937469482421875,0.487060546875,40.540767669677734,2.8621673583984375,1.3241043090820313,1.6001129150390625,0.59661865234375,0.29976654052734375,7.166717529296875,3.7715835571289063,4.2719268798828125,3.1045913696289063,65.33041381835938,1.9919967651367188,16441667584,16046157824,13248327680,6190415872
0,1777034682156,1897.5772857666016,1980,0,0.6875,23150.847442626953,1901,1901,1901,1901,1901,1901,1901,1901,1901,1901,1901,1901,1901,1901,1901,1901,6.601593017578125,2.7806549072265625,2.0869140625,2.4252700805664063,21.176673889160156,6.064918518066406,2.3393707275390625,1.3351898193359375,2.1430511474609375,2.7403030395507813,7.33837890625,5.267852783203125,13.080780029296875,5.725517272949219,70.17776489257813,2.7137832641601563,16441667584,16046157824,13231300608,5663789056
