Delta,Time,CORE0_ENERGY (J),CORE0_FREQ (MHZ),CORE0_PSTATE,CORE0_VOLT (V),CPU_ENERGY (J),CPU_FREQUENCY_0,CPU_FREQUENCY_1,CPU_FREQUENCY_10,CPU_FREQUENCY_11,CPU_FREQUENCY_12,CPU_FREQUENCY_13,CPU_FREQUENCY_14,CPU_FREQUENCY_15,CPU_FREQUENCY_2,CPU_FREQUENCY_3,CPU_FREQUENCY_4,CPU_FREQUENCY_5,CPU_FREQUENCY_6,CPU_FREQUENCY_7,CPU_FREQUENCY_8,CPU_FREQUENCY_9,CPU_USAGE_0,CPU_USAGE_1,CPU_USAGE_10,CPU_USAGE_11,CPU_USAGE_12,CPU_USAGE_13,CPU_USAGE_14,CPU_USAGE_15,CPU_USAGE_2,CPU_USAGE_3,CPU_USAGE_4,CPU_USAGE_5,CPU_USAGE_6,CPU_USAGE_7,CPU_USAGE_8,CPU_USAGE_9,TOTAL_MEMORY,TOTAL_SWAP,USED_MEMORY,USED_SWAP
0,1777034685447,886.2104339599609,1980,0,0.6875,23167.369903564453,1901,1901,1901,1901,1901,1901,1901,1901,1901,1901,1901,1901,1901,1901,1901,1901,18.528579711914063,15.274612426757813,24.33397674560547,18.281768798828125,70.43453979492188,7.139190673828125,12.976493835449219,5.447380065917969,6.5144195556640625,7.0444488525390625,25.50023651123047,20.0294189453125,18.57445526123047,51.38141632080078,28.549774169921875,8.046173095703125,16441667584,16046157824,13222023168,5664157696
199,1777034685448,1898.9044189453125,1980,0,0.6875,23167.42318725586,1901,1901,1901,1901,1901,1901,1901,1901,1901,1901,1901,1901,1901,1901,1901,1901,2.1735000610351563,1.3293533325195313,4.144447326660156,0,69.96947479248047,1.8333892822265625,0,0,0,0.04521942138671875,32.141845703125,0.558685302734375,0,0,29.7535400390625,3.7327346801757813,16441667584,16046157824,13222383616,5666373632
199,1777034685649,1898.9498291015625,1980,0,0.6875,23168.417541503906,1901,1901,1901,1901,1901,1901,1901,1901,1901,1901,1901,1901,1901,1901,1901,1901,3.3164749145507813,2.2020111083984375,2.02392578125,1.4004364013671875,9.574363708496094,7.849967956542969,1.6337127685546875,1.801025390625,0.8126449584960938,0.637298583984375,8.664306640625,4.6273193359375,8.633995056152344,4.521476745605469,99.2831802368164,0.19478607177734375,16441667584,16046157824,13230940160,6184738816
0,1777034685849,1738.8117370605469,1980,0,0.6875,23169.377014160156,1901,1901,1901,1901,1901,1901,1901,1901,1901,1901,1901,1901,1901,1901,1901,1901,4.633125305175781,2.0721588134765625,4.277442932128906,5.157188415527344,19.645065307617188,4.205223083496094,1.5389175415039063,1.3192138671875,1.4138259887695313,2.1835861206054688,5.401336669921875,4.026863098144531,5.765541076660156,3.3232421875,71.91211700439453,1.873748779296875,16441667584,16046157824,13223600128,5664972800
