Delta,Time,CORE0_ENERGY (J),CORE0_FREQ (MHZ),CORE0_PSTATE,CORE0_VOLT (V),CPU_ENERGY (J),CPU_FREQUENCY_0,CPU_FREQUENCY_1,CPU_FREQUENCY_10,CPU_FREQUENCY_11,CPU_FREQUENCY_12,CPU_FREQUENCY_13,CPU_FREQUENCY_14,CPU_FREQUENCY_15,CPU_FREQUENCY_2,CPU_FREQUENCY_3,CPU_FREQUENCY_4,CPU_FREQUENCY_5,CPU_FREQUENCY_6,CPU_FREQUENCY_7,CPU_FREQUENCY_8,CPU_FREQUENCY_9,CPU_USAGE_0,CPU_USAGE_1,CPU_USAGE_10,CPU_USAGE_11,CPU_USAGE_12,CPU_USAGE_13,CPU_USAGE_14,CPU_USAGE_15,CPU_USAGE_2,CPU_USAGE_3,CPU_USAGE_4,CPU_USAGE_5,CPU_USAGE_6,CPU_USAGE_7,CPU_USAGE_8,CPU_USAGE_9,TOTAL_MEMORY,TOTAL_SWAP,USED_MEMORY,USED_SWAP
0,1777034726052,1915.1624145507813,1980,0,0.6875,23367.518341064453,1901,1901,1901,1901,1901,1901,1901,1901,1901,1901,1901,1901,1901,1901,1901,1901,8.973381042480469,10.725349426269531,1.9239578247070313,0.8667831420898438,70.29332733154297,21.347084045410156,8.385360717773438,0,0.3013763427734375,1.7808990478515625,22.729827880859375,5.5204620361328125,19.699783325195313,26.089126586914063,34.62017822265625,1.755126953125,16441667584,16046157824,13193695232,5620101120
199,1777034726052,1915.1655578613281,1980,0,0.6875,23367.54229736328,1901,1901,1901,1901,1901,1901,1901,1901,1901,1901,1901,1901,1901,1901,1901,1901,9.053047180175781,2.2890853881835938,0,0,96.74463653564453,0,2.1158218383789063,0.45981597900390625,0,0,17.38304901123047,2.059173583984375,0,0,88.89443969726563,0,16441667584,16046157824,13193719808,5620101120
199,1777034726253,1749.9255676269531,1980,0,0.6875,23368.564453125,1901,1901,1901,1901,1901,1901,1901,1901,1901,1901,1901,1901,1901,1901,1901,1901,3.787567138671875,2.2398223876953125,1.1794357299804688,1.4489822387695313,85.19126892089844,1.5444564819335938,2.226165771484375,0.6123886108398438,1.5445556640625,2.2946395874023438,9.837936401367188,5.492240905761719,12.201339721679688,7.598014831542969,21.994277954101563,1.9425735473632813,16441667584,16046157824,13205336064,6138748928
0,1777034726453,1915.462890625,1980,0,0.6875,23369.575317382813,1901,1901,1901,1901,1901,1901,1901,1901,1901,1901,1901,1901,1901,1901,1901,1901,3.9027557373046875,2.6664505004882813,2.0883712768554688,2.3434829711914063,80.48677062988281,2.193511962890625,1.9664077758789063,1.3618850708007813,2.2971038818359375,3.5238265991210938,6.671485900878906,4.481086730957031,14.06158447265625,9.012611389160156,15.099441528320313,5.336456298828125,16441667584,16046157824,13191282688,5614108672
