Delta,Time,CORE0_ENERGY (J),CORE0_FREQ (MHZ),CORE0_PSTATE,CORE0_VOLT (V),CPU_ENERGY (J),CPU_FREQUENCY_0,CPU_FREQUENCY_1,CPU_FREQUENCY_10,CPU_FREQUENCY_11,CPU_FREQUENCY_12,CPU_FREQUENCY_13,CPU_FREQUENCY_14,CPU_FREQUENCY_15,CPU_FREQUENCY_2,CPU_FREQUENCY_3,CPU_FREQUENCY_4,CPU_FREQUENCY_5,CPU_FREQUENCY_6,CPU_FREQUENCY_7,CPU_FREQUENCY_8,CPU_FREQUENCY_9,CPU_USAGE_0,CPU_USAGE_1,CPU_USAGE_10,CPU_USAGE_11,CPU_USAGE_12,CPU_USAGE_13,CPU_USAGE_14,CPU_USAGE_15,CPU_USAGE_2,CPU_USAGE_3,CPU_USAGE_4,CPU_USAGE_5,CPU_USAGE_6,CPU_USAGE_7,CPU_USAGE_8,CPU_USAGE_9,TOTAL_MEMORY,TOTAL_SWAP,USED_MEMORY,USED_SWAP
0,1777034748212,1923.7981262207031,1980,0,0.6875,23474.04231262207,1901,1901,1901,1901,1901,1901,1901,1901,1901,1901,1901,1901,1901,1901,1901,1901,7.39337158203125,8.367286682128906,1.1884536743164063,1.6482009887695313,78.76419067382813,11.406333923339844,3.0807952880859375,1.4975967407226563,4.480621337890625,2.2178573608398438,17.48284149169922,7.545036315917969,39.2888298034668,28.1324462890625,25.74707794189453,6.685798645019531,16441667584,16046157824,13140582400,5549797376
199,1777034748213,1755.9877319335938,1980,0,0.6875,23474.101776123047,1901,1901,1901,1901,1901,1901,1901,1901,1901,1901,1901,1901,1901,1901,1901,1901,12.132659912109375,0,0.3514404296875,0,85.51844024658203,0,3.9308395385742188,0,2.1039276123046875,2.092620849609375,14.508880615234375,0,0,0,21.84387969970703,0,16441667584,16046157824,13140697088,5552242688
199,1777034748413,1756.0826416015625,1980,0,0.6875,23475.150177001953,1901,1901,1901,1901,1901,1901,1901,1901,1901,1901,1901,1901,1901,1901,1901,1901,10.308296203613281,7.383941650390625,2.9036102294921875,2.410614013671875,63.41666030883789,4.2240142822265625,2.0352096557617188,1.95068359375,1.7974395751953125,1.9230575561523438,16.101097106933594,14.452262878417969,2.9237518310546875,2.6829910278320313,43.67660140991211,3.42138671875,16441667584,16046157824,13160275968,6069301248
0,1777034748614,1756.1573333740234,1980,0,0.6875,23476.256103515625,1901,1901,1901,1901,1901,1901,1901,1901,1901,1901,1901,1901,1901,1901,1901,1901,10.399505615234375,5.7928924560546875,3.0288162231445313,3.3189849853515625,90.28582000732422,0.9303512573242188,4.193733215332031,3.0133514404296875,2.4607467651367188,2.1928558349609375,18.385658264160156,10.357269287109375,7.788215637207031,10.775749206542969,23.954490661621094,23.226028442382813,16441667584,16046157824,13155897344,5569220608
