Delta,Time,CORE0_ENERGY (J),CORE0_FREQ (MHZ),CORE0_PSTATE,CORE0_VOLT (V),CPU_ENERGY (J),CPU_FREQUENCY_0,CPU_FREQUENCY_1,CPU_FREQUENCY_10,CPU_FREQUENCY_11,CPU_FREQUENCY_12,CPU_FREQUENCY_13,CPU_FREQUENCY_14,CPU_FREQUENCY_15,CPU_FREQUENCY_2,CPU_FREQUENCY_3,CPU_FREQUENCY_4,CPU_FREQUENCY_5,CPU_FREQUENCY_6,CPU_FREQUENCY_7,CPU_FREQUENCY_8,CPU_FREQUENCY_9,CPU_USAGE_0,CPU_USAGE_1,CPU_USAGE_10,CPU_USAGE_11,CPU_USAGE_12,CPU_USAGE_13,CPU_USAGE_14,CPU_USAGE_15,CPU_USAGE_2,CPU_USAGE_3,CPU_USAGE_4,CPU_USAGE_5,CPU_USAGE_6,CPU_USAGE_7,CPU_USAGE_8,CPU_USAGE_9,TOTAL_MEMORY,TOTAL_SWAP,USED_MEMORY,USED_SWAP
0,1777034737117,1919.4703826904297,1980,0,0.6875,23420.92234802246,1901,1901,1901,1901,1901,1901,1901,1901,1901,1901,1901,1901,1901,1901,1901,1901,24.552597045898438,15.479248046875,9.717460632324219,5.1564788818359375,65.13355255126953,17.832672119140625,11.127914428710938,11.960708618164063,6.650787353515625,4.241607666015625,48.65869140625,15.775436401367188,42.573509216308594,32.540679931640625,67.16134643554688,16.32543182373047,16441667584,16046157824,13180096512,5610323968
199,1777034737118,1919.4730834960938,1980,0,0.6875,23420.950271606445,1901,1901,1901,1901,1901,1901,1901,1901,1901,1901,1901,1901,1901,1901,1901,1901,24.399200439453125,4.2273712158203125,0,0,77.608642578125,0,26.10509490966797,0,0,0,84.84310913085938,0,0,0,100,0,16441667584,16046157824,13180923904,5612535808
199,1777034737318,1752.995132446289,1980,0,0.6875,23422.0450592041,1901,1901,1901,1901,1901,1901,1901,1901,1901,1901,1901,1901,1901,1901,1901,1901,6.645820617675781,4.314552307128906,0.8718719482421875,0.666351318359375,91.98492431640625,2.5226898193359375,3.6731643676757813,3.6452560424804688,2.373779296875,1.0964584350585938,8.525665283203125,11.911674499511719,6.939826965332031,6.276832580566406,18.320053100585938,16.91278076171875,16441667584,16046157824,13199294464,6117650432
0,1777034737518,1919.794174194336,1980,0,0.6875,23423.029693603516,1901,1901,1901,1901,1901,1901,1901,1901,1901,1901,1901,1901,1901,1901,1901,1901,5.3017425537109375,3.5401458740234375,1.9969024658203125,3.096466064453125,88.51480102539063,1.5084381103515625,1.6524734497070313,1.6276321411132813,3.0138778686523438,2.3054656982421875,8.84716796875,5.374153137207031,11.046058654785156,6.903938293457031,6.3229522705078125,3.1126251220703125,16441667584,16046157824,13184065536,5596180480
