Delta,Time,CORE0_ENERGY (J),CORE0_FREQ (MHZ),CORE0_PSTATE,CORE0_VOLT (V),CPU_ENERGY (J),CPU_FREQUENCY_0,CPU_FREQUENCY_1,CPU_FREQUENCY_10,CPU_FREQUENCY_11,CPU_FREQUENCY_12,CPU_FREQUENCY_13,CPU_FREQUENCY_14,CPU_FREQUENCY_15,CPU_FREQUENCY_2,CPU_FREQUENCY_3,CPU_FREQUENCY_4,CPU_FREQUENCY_5,CPU_FREQUENCY_6,CPU_FREQUENCY_7,CPU_FREQUENCY_8,CPU_FREQUENCY_9,CPU_USAGE_0,CPU_USAGE_1,CPU_USAGE_10,CPU_USAGE_11,CPU_USAGE_12,CPU_USAGE_13,CPU_USAGE_14,CPU_USAGE_15,CPU_USAGE_2,CPU_USAGE_3,CPU_USAGE_4,CPU_USAGE_5,CPU_USAGE_6,CPU_USAGE_7,CPU_USAGE_8,CPU_USAGE_9,TOTAL_MEMORY,TOTAL_SWAP,USED_MEMORY,USED_SWAP
0,1777034762961,1930.063003540039,1980,0,0.6875,23545.571853637695,1901,1901,1901,1901,1901,1901,1901,1901,1901,1901,1901,1901,1901,1901,1901,1901,9.392250061035156,6.591239929199219,14.786483764648438,5.57861328125,76.6951904296875,4.6207733154296875,24.00006866455078,27.210922241210938,6.039833068847656,4.8296966552734375,19.98778533935547,11.563644409179688,27.156692504882813,33.377479553222656,30.27336883544922,6.71453857421875,16441667584,16046157824,13204668416,5623795712
199,1777034762962,898.6117401123047,1980,0,0.6875,23545.63035583496,1901,1901,1901,1901,1901,1901,1901,1901,1901,1901,1901,1901,1901,1901,1901,1901,0,9.175491333007813,0,0,73.82463836669922,0,0,0,0,0,14.13177490234375,0,0,0,58.65042495727539,0,16441667584,16046157824,13204623360,5626368000
199,1777034763162,1759.494644165039,1980,0,0.6875,23546.627014160156,1901,1901,1901,1901,1901,1901,1901,1901,1901,1901,1901,1901,1901,1901,1901,1901,3.821502685546875,1.9822769165039063,0.98797607421875,1.2556228637695313,93.72850036621094,0.5661163330078125,0.924072265625,1.1536788940429688,0.7958145141601563,1.026123046875,7.664405822753906,5.192405700683594,7.555397033691406,6.680534362792969,11.894538879394531,3.3003463745117188,16441667584,16046157824,13223186432,6144233472
0,1777034763363,1930.3943328857422,1980,0,0.6875,23547.59925842285,1901,1901,1901,1901,1901,1901,1901,1901,1901,1901,1901,1901,1901,1901,1901,1901,6.3133544921875,3.4465560913085938,1.6126708984375,3.7371063232421875,83.76403045654297,6.492469787597656,2.0136566162109375,2.6078262329101563,1.7352752685546875,2.4046630859375,7.5007476806640625,5.2201385498046875,6.1402740478515625,3.7421417236328125,5.41082763671875,6.1648101806640625,16441667584,16046157824,13207453696,5623570432
