Delta,Time,CORE0_ENERGY (J),CORE0_FREQ (MHZ),CORE0_PSTATE,CORE0_VOLT (V),CPU_ENERGY (J),CPU_FREQUENCY_0,CPU_FREQUENCY_1,CPU_FREQUENCY_10,CPU_FREQUENCY_11,CPU_FREQUENCY_12,CPU_FREQUENCY_13,CPU_FREQUENCY_14,CPU_FREQUENCY_15,CPU_FREQUENCY_2,CPU_FREQUENCY_3,CPU_FREQUENCY_4,CPU_FREQUENCY_5,CPU_FREQUENCY_6,CPU_FREQUENCY_7,CPU_FREQUENCY_8,CPU_FREQUENCY_9,CPU_USAGE_0,CPU_USAGE_1,CPU_USAGE_10,CPU_USAGE_11,CPU_USAGE_12,CPU_USAGE_13,CPU_USAGE_14,CPU_USAGE_15,CPU_USAGE_2,CPU_USAGE_3,CPU_USAGE_4,CPU_USAGE_5,CPU_USAGE_6,CPU_USAGE_7,CPU_USAGE_8,CPU_USAGE_9,TOTAL_MEMORY,TOTAL_SWAP,USED_MEMORY,USED_SWAP
0,1777034759284,1928.401611328125,1980,0,0.6875,23527.503448486328,1901,1901,1901,1901,1901,1901,1901,1901,1901,1901,1901,1901,1901,1901,1901,1901,13.449562072753906,10.030410766601563,0,0,39.96988296508789,50.61377716064453,8.719329833984375,0,7.809989929199219,0.9293441772460938,27.23497772216797,8.222312927246094,18.340362548828125,47.50401306152344,58.159080505371094,0,16441667584,16046157824,13204062208,5625233408
199,1777034759284,1758.6385040283203,1980,0,0.6875,23527.580490112305,1901,1901,1901,1901,1901,1901,1901,1901,1901,1901,1901,1901,1901,1901,1901,1901,5.7445068359375,4.389671325683594,3.532867431640625,2.7336807250976563,90.26712799072266,2.7522048950195313,2.9600601196289063,8.576972961425781,5.957855224609375,7.486930847167969,8.192131042480469,6.4346160888671875,3.7612991333007813,4.698371887207031,36.865970611572266,4.329986572265625,16441667584,16046157824,13204152320,5626949632
199,1777034759485,1758.676528930664,1980,0,0.6875,23528.567428588867,1901,1901,1901,1901,1901,1901,1901,1901,1901,1901,1901,1901,1901,1901,1901,1901,4.684967041015625,2.278778076171875,0.889495849609375,1.0892181396484375,99.03280639648438,0.36937713623046875,2.6030731201171875,3.0228652954101563,0.8469085693359375,1.2480545043945313,7.5201263427734375,4.7829132080078125,3.2009429931640625,5.429351806640625,7.3031005859375,2.9087600708007813,16441667584,16046157824,13222375424,6140968960
0,1777034759685,1928.738540649414,1980,0,0.675,23529.530975341797,1901,1901,1901,1901,1901,1901,1901,1901,1901,1901,1901,1901,1901,1901,1901,1901,5.411430358886719,3.0484085083007813,2.394287109375,2.6064987182617188,80.60032653808594,7.70538330078125,1.7609405517578125,1.5007781982421875,2.4067764282226563,3.2117767333984375,7.930381774902344,4.276542663574219,4.771141052246094,8.1649169921875,6.610450744628906,4.047798156738281,16441667584,16046157824,13207486464,5625778176
