Delta,Time,CORE0_ENERGY (J),CORE0_FREQ (MHZ),CORE0_PSTATE,CORE0_VOLT (V),CPU_ENERGY (J),CPU_FREQUENCY_0,CPU_FREQUENCY_1,CPU_FREQUENCY_10,CPU_FREQUENCY_11,CPU_FREQUENCY_12,CPU_FREQUENCY_13,CPU_FREQUENCY_14,CPU_FREQUENCY_15,CPU_FREQUENCY_2,CPU_FREQUENCY_3,CPU_FREQUENCY_4,CPU_FREQUENCY_5,CPU_FREQUENCY_6,CPU_FREQUENCY_7,CPU_FREQUENCY_8,CPU_FREQUENCY_9,CPU_USAGE_0,CPU_USAGE_1,CPU_USAGE_10,CPU_USAGE_11,CPU_USAGE_12,CPU_USAGE_13,CPU_USAGE_14,CPU_USAGE_15,CPU_USAGE_2,CPU_USAGE_3,CPU_USAGE_4,CPU_USAGE_5,CPU_USAGE_6,CPU_USAGE_7,CPU_USAGE_8,CPU_USAGE_9,TOTAL_MEMORY,TOTAL_SWAP,USED_MEMORY,USED_SWAP
0,1777034744517,1922.2100830078125,1980,0,0.6875,23456.684051513672,1901,1901,1901,1901,1901,1901,1901,1901,1901,1901,1901,1901,1901,1901,1901,1901,26.0457763671875,6.855491638183594,9.452232360839844,14.081626892089844,67.27272033691406,5.2113189697265625,13.94384765625,13.301956176757813,6.035835266113281,5.105415344238281,30.908050537109375,34.172080993652344,56.805240631103516,17.9951171875,31.394332885742188,10.454513549804688,16441667584,16046157824,13145579520,5549015040
199,1777034744517,1755.1396789550781,1980,0,0.6875,23456.750076293945,1901,1901,1901,1901,1901,1901,1901,1901,1901,1901,1901,1901,1901,1901,1901,1901,1.5089874267578125,1.420501708984375,0,13.708930969238281,86.91236114501953,0,0,0,0,0,11.020423889160156,0,0,48.18789291381836,39.817378997802734,8.005271911621094,16441667584,16046157824,13145653248,5551538176
199,1777034744718,1755.1921691894531,1980,0,0.6875,23457.754669189453,1901,1901,1901,1901,1901,1901,1901,1901,1901,1901,1901,1901,1901,1901,1901,1901,3.8097915649414063,2.5038909912109375,0.6814193725585938,1.2654571533203125,91.66748809814453,1.6947784423828125,2.5038909912109375,2.2080612182617188,1.361846923828125,1.1448898315429688,8.233291625976563,5.352638244628906,5.500373840332031,9.583610534667969,16.612274169921875,2.663848876953125,16441667584,16046157824,13156737024,6068051968
0,1777034744918,1922.4639892578125,1980,0,0.6875,23458.84097290039,1901,1901,1901,1901,1901,1901,1901,1901,1901,1901,1901,1901,1901,1901,1901,1901,10.42034912109375,6.575225830078125,4.693756103515625,2.8198318481445313,32.99168395996094,18.303924560546875,7.437004089355469,5.6540985107421875,2.7558364868164063,2.2285308837890625,12.782562255859375,13.5135498046875,3.799560546875,6.251495361328125,72.01570892333984,2.4886093139648438,16441667584,16046157824,13145939968,5547749376
