Delta,Time,CORE0_ENERGY (J),CORE0_FREQ (MHZ),CORE0_PSTATE,CORE0_VOLT (V),CPU_ENERGY (J),CPU_FREQUENCY_0,CPU_FREQUENCY_1,CPU_FREQUENCY_10,CPU_FREQUENCY_11,CPU_FREQUENCY_12,CPU_FREQUENCY_13,CPU_FREQUENCY_14,CPU_FREQUENCY_15,CPU_FREQUENCY_2,CPU_FREQUENCY_3,CPU_FREQUENCY_4,CPU_FREQUENCY_5,CPU_FREQUENCY_6,CPU_FREQUENCY_7,CPU_FREQUENCY_8,CPU_FREQUENCY_9,CPU_USAGE_0,CPU_USAGE_1,CPU_USAGE_10,CPU_USAGE_11,CPU_USAGE_12,CPU_USAGE_13,CPU_USAGE_14,CPU_USAGE_15,CPU_USAGE_2,CPU_USAGE_3,CPU_USAGE_4,CPU_USAGE_5,CPU_USAGE_6,CPU_USAGE_7,CPU_USAGE_8,CPU_USAGE_9,TOTAL_MEMORY,TOTAL_SWAP,USED_MEMORY,USED_SWAP
0,1777034689124,1900.2873077392578,1980,0,0.6875,23184.800704956055,1901,1901,1901,1901,1901,1901,1901,1901,1901,1901,1901,1901,1901,1901,1901,1901,4.250823974609375,11.662216186523438,0,0,68.99028015136719,7.915580749511719,0,0,6.980842590332031,0,13.222480773925781,8.668327331542969,20.87537384033203,41.86324691772461,20.73224639892578,8.5941162109375,16441667584,16046157824,13221359616,5663293440
199,1777034689125,1739.5808715820313,1980,0,0.6875,23184.829559326172,1901,1901,1901,1901,1901,1901,1901,1901,1901,1901,1901,1901,1901,1901,1901,1901,13.927284240722656,11.426231384277344,6.8808746337890625,6.878875732421875,71.98188781738281,6.878875732421875,8.434555053710938,6.432121276855469,7.750450134277344,7.4752197265625,40.07060241699219,13.344902038574219,6.569732666015625,7.9957733154296875,65.22866821289063,18.875526428222656,16441667584,16046157824,13221388288,5663137792
199,1777034689325,886.7976531982422,1980,0,0.6875,23185.996994018555,1901,1901,1901,1901,1901,1901,1901,1901,1901,1901,1901,1901,1901,1901,1901,1901,10.818161010742188,8.527740478515625,1.6495208740234375,2.5794754028320313,48.79144287109375,17.46900177001953,6.170768737792969,2.7252044677734375,2.642547607421875,1.5052413940429688,21.18389129638672,11.986160278320313,9.304000854492188,12.223556518554688,98.04911041259766,3.7244110107421875,16441667584,16046157824,13238939648,6196502528
0,1777034689525,1900.4437103271484,1980,0,0.6875,23187.054962158203,1901,1901,1901,1901,1901,1901,1901,1901,1901,1901,1901,1901,1901,1901,1901,1901,7.411750793457031,3.6011962890625,1.9369659423828125,2.336944580078125,14.246002197265625,10.343238830566406,3.0166015625,2.615020751953125,1.3381195068359375,1.7066116333007813,9.361213684082031,6.510841369628906,10.034622192382813,5.1806640625,95.11870574951172,3.5004425048828125,16441667584,16046157824,13219532800,5662498816
