Delta,Time,CORE0_ENERGY (J),CORE0_FREQ (MHZ),CORE0_PSTATE,CORE0_VOLT (V),CPU_ENERGY (J),CPU_FREQUENCY_0,CPU_FREQUENCY_1,CPU_FREQUENCY_10,CPU_FREQUENCY_11,CPU_FREQUENCY_12,CPU_FREQUENCY_13,CPU_FREQUENCY_14,CPU_FREQUENCY_15,CPU_FREQUENCY_2,CPU_FREQUENCY_3,CPU_FREQUENCY_4,CPU_FREQUENCY_5,CPU_FREQUENCY_6,CPU_FREQUENCY_7,CPU_FREQUENCY_8,CPU_FREQUENCY_9,CPU_USAGE_0,CPU_USAGE_1,CPU_USAGE_10,CPU_USAGE_11,CPU_USAGE_12,CPU_USAGE_13,CPU_USAGE_14,CPU_USAGE_15,CPU_USAGE_2,CPU_USAGE_3,CPU_USAGE_4,CPU_USAGE_5,CPU_USAGE_6,CPU_USAGE_7,CPU_USAGE_8,CPU_USAGE_9,TOTAL_MEMORY,TOTAL_SWAP,USED_MEMORY,USED_SWAP
0,1777034751905,1925.0582427978516,1980,0,0.6875,23492.157485961914,1901,1901,1901,1901,1901,1901,1901,1901,1901,1901,1901,1901,1901,1901,1901,1901,7.5732269287109375,13.014419555664063,2.3361358642578125,1.1844635009765625,63.2103271484375,39.32652282714844,4.877510070800781,9.488166809082031,7.4205780029296875,8.728858947753906,26.054290771484375,13.596199035644531,17.49333953857422,38.136966705322266,42.764583587646484,3.7591934204101563,16441667584,16046157824,13195636736,5616009216
199,1777034751906,1757.1150817871094,1980,0,0.6875,23492.209930419922,1901,1901,1901,1901,1901,1901,1901,1901,1901,1901,1901,1901,1901,1901,1901,1901,0,0,0,0,86.57647705078125,0,0,0,0,0,6.155357360839844,0,0,0,39.300437927246094,0,16441667584,16046157824,13195571200,5618135040
199,1777034752106,1757.1531219482422,1980,0,0.6875,23493.206344604492,1901,1901,1901,1901,1901,1901,1901,1901,1901,1901,1901,1901,1901,1901,1901,1901,4.481666564941406,2.5212860107421875,0,0.08495330810546875,99.04193878173828,0,1.4136123657226563,0.6818923950195313,0.019500732421875,0.1617889404296875,9.183815002441406,5.54833984375,4.465423583984375,3.072265625,7.348388671875,2.57867431640625,16441667584,16046157824,13213425664,6138413056
0,1777034752306,1925.3951263427734,1980,0,0.6875,23494.263107299805,1901,1901,1901,1901,1901,1901,1901,1901,1901,1901,1901,1901,1901,1901,1901,1901,15.461524963378906,13.885696411132813,4.63482666015625,3.1540603637695313,90.47537994384766,1.7145309448242188,7.0689544677734375,5.188102722167969,7.6402130126953125,8.516448974609375,8.607894897460938,6.195426940917969,13.44622802734375,20.64185333251953,5.899017333984375,6.285820007324219,16441667584,16046157824,13208678400,5619359744
