Delta,Time,CORE0_ENERGY (J),CORE0_FREQ (MHZ),CORE0_PSTATE,CORE0_VOLT (V),CPU_ENERGY (J),CPU_FREQUENCY_0,CPU_FREQUENCY_1,CPU_FREQUENCY_10,CPU_FREQUENCY_11,CPU_FREQUENCY_12,CPU_FREQUENCY_13,CPU_FREQUENCY_14,CPU_FREQUENCY_15,CPU_FREQUENCY_2,CPU_FREQUENCY_3,CPU_FREQUENCY_4,CPU_FREQUENCY_5,CPU_FREQUENCY_6,CPU_FREQUENCY_7,CPU_FREQUENCY_8,CPU_FREQUENCY_9,CPU_USAGE_0,CPU_USAGE_1,CPU_USAGE_10,CPU_USAGE_11,CPU_USAGE_12,CPU_USAGE_13,CPU_USAGE_14,CPU_USAGE_15,CPU_USAGE_2,CPU_USAGE_3,CPU_USAGE_4,CPU_USAGE_5,CPU_USAGE_6,CPU_USAGE_7,CPU_USAGE_8,CPU_USAGE_9,TOTAL_MEMORY,TOTAL_SWAP,USED_MEMORY,USED_SWAP
0,1777034700214,1904.0759887695313,1980,0,0.6875,23238.74755859375,1901,1901,1901,1901,1901,1901,1901,1901,1901,1901,1901,1901,1901,1901,1901,1901,11.971115112304688,14.084556579589844,2.7367477416992188,3.9465408325195313,53.19541931152344,34.18070983886719,5.6670684814453125,10.104881286621094,8.971366882324219,2.489532470703125,29.870712280273438,11.948493957519531,24.338821411132813,38.35658264160156,38.68901062011719,5.452461242675781,16441667584,16046157824,13230927872,5670273024
199,1777034700215,1743.1257019042969,1980,0,0.6875,23238.77178955078,1901,1901,1901,1901,1901,1901,1901,1901,1901,1901,1901,1901,1901,1901,1901,1901,0,0,0,0,67.69164276123047,0,0,0,0,0,27.23456573486328,0,0,0,73.3917465209961,0,16441667584,16046157824,13231022080,5671325696
199,1777034700415,1743.1987762451172,1980,0,0.6875,23239.825317382813,1901,1901,1901,1901,1901,1901,1901,1901,1901,1901,1901,1901,1901,1901,1901,1901,5.039710998535156,1.9943695068359375,0.5274734497070313,1.3441314697265625,75.0598373413086,4.457763671875,1.4644851684570313,1.899749755859375,0.7567138671875,0,7.788978576660156,5.545677185058594,3.4177932739257813,1.3690109252929688,30.409408569335938,1.6844253540039063,16441667584,16046157824,13250908160,6193504256
0,1777034700616,1904.3793334960938,1980,0,0.6875,23240.894424438477,1901,1901,1901,1901,1901,1901,1901,1901,1901,1901,1901,1901,1901,1901,1901,1901,6.229621887207031,3.9444198608398438,3.05035400390625,2.8576736450195313,85.71121215820313,7.423927307128906,3.238128662109375,2.688507080078125,2.8036727905273438,3.4200515747070313,19.90472412109375,16.49597930908203,5.993293762207031,5.4609222412109375,22.05976104736328,3.4624099731445313,16441667584,16046157824,13232910336,5671284736
