Delta,Time,CORE0_ENERGY (J),CORE0_FREQ (MHZ),CORE0_PSTATE,CORE0_VOLT (V),CPU_ENERGY (J),CPU_FREQUENCY_0,CPU_FREQUENCY_1,CPU_FREQUENCY_10,CPU_FREQUENCY_11,CPU_FREQUENCY_12,CPU_FREQUENCY_13,CPU_FREQUENCY_14,CPU_FREQUENCY_15,CPU_FREQUENCY_2,CPU_FREQUENCY_3,CPU_FREQUENCY_4,CPU_FREQUENCY_5,CPU_FREQUENCY_6,CPU_FREQUENCY_7,CPU_FREQUENCY_8,CPU_FREQUENCY_9,CPU_USAGE_0,CPU_USAGE_1,CPU_USAGE_10,CPU_USAGE_11,CPU_USAGE_12,CPU_USAGE_13,CPU_USAGE_14,CPU_USAGE_15,CPU_USAGE_2,CPU_USAGE_3,CPU_USAGE_4,CPU_USAGE_5,CPU_USAGE_6,CPU_USAGE_7,CPU_USAGE_8,CPU_USAGE_9,TOTAL_MEMORY,TOTAL_SWAP,USED_MEMORY,USED_SWAP
0,1777034740812,1920.7755584716797,1980,0,0.6875,23438.9591217041,1901,1901,1901,1901,1901,1901,1901,1901,1901,1901,1901,1901,1901,1901,1901,1901,14.496505737304688,7.452880859375,6.246681213378906,7.2187957763671875,68.42573547363281,17.25293731689453,8.32452392578125,3.6317520141601563,4.103607177734375,3.6496353149414063,28.816261291503906,39.678382873535156,39.275962829589844,64.21270751953125,33.60371398925781,7.9242095947265625,16441667584,16046157824,13146218496,5553004544
199,1777034740813,1920.7779541015625,1980,0,0.6875,23438.977310180664,1901,1901,1901,1901,1901,1901,1901,1901,1901,1901,1901,1901,1901,1901,1901,1901,9.168441772460938,28.208290100097656,0,0,96.09874725341797,0,0,0,0.476409912109375,0,14.272384643554688,1.5158615112304688,0,0,86.68710327148438,0,16441667584,16046157824,13146243072,5553934336
199,1777034741014,895.2593383789063,1980,0,0.6875,23439.99481201172,1901,1901,1901,1901,1901,1901,1901,1901,1901,1901,1901,1901,1901,1901,1901,1901,3.4837722778320313,2.360809326171875,1.36822509765625,0.44583892822265625,33.52648162841797,4.675498962402344,0.9869155883789063,1.3663330078125,1.9264144897460938,1.4000167846679688,8.457427978515625,4.1539764404296875,8.231773376464844,2.87591552734375,73.75196075439453,1.59954833984375,16441667584,16046157824,13162139648,6072950784
0,1777034741214,1920.9089660644531,1980,0,0.675,23440.988983154297,1901,1901,1901,1901,1901,1901,1901,1901,1901,1901,1901,1901,1901,1901,1901,1901,5.215019226074219,2.92486572265625,1.30267333984375,1.4985809326171875,21.172569274902344,4.427619934082031,1.3723678588867188,1.05084228515625,2.0167694091796875,1.3824691772460938,5.977455139160156,3.5839385986328125,7.724456787109375,4.06182861328125,74.45423126220703,1.3000640869140625,16441667584,16046157824,13154267136,5552504832
