Delta,Time,CORE0_ENERGY (J),CORE0_FREQ (MHZ),CORE0_PSTATE,CORE0_VOLT (V),CPU_ENERGY (J),CPU_FREQUENCY_0,CPU_FREQUENCY_1,CPU_FREQUENCY_10,CPU_FREQUENCY_11,CPU_FREQUENCY_12,CPU_FREQUENCY_13,CPU_FREQUENCY_14,CPU_FREQUENCY_15,CPU_FREQUENCY_2,CPU_FREQUENCY_3,CPU_FREQUENCY_4,CPU_FREQUENCY_5,CPU_FREQUENCY_6,CPU_FREQUENCY_7,CPU_FREQUENCY_8,CPU_FREQUENCY_9,CPU_USAGE_0,CPU_USAGE_1,CPU_USAGE_10,CPU_USAGE_11,CPU_USAGE_12,CPU_USAGE_13,CPU_USAGE_14,CPU_USAGE_15,CPU_USAGE_2,CPU_USAGE_3,CPU_USAGE_4,CPU_USAGE_5,CPU_USAGE_6,CPU_USAGE_7,CPU_USAGE_8,CPU_USAGE_9,TOTAL_MEMORY,TOTAL_SWAP,USED_MEMORY,USED_SWAP
0,1777034755589,1926.7835235595703,1980,0,0.6875,23509.849166870117,1901,1901,1901,1901,1901,1901,1901,1901,1901,1901,1901,1901,1901,1901,1901,1901,16.52215576171875,18.163047790527344,6.573554992675781,5.320686340332031,77.9256820678711,4.620697021484375,9.599433898925781,6.007347106933594,8.379867553710938,8.760673522949219,31.683189392089844,41.56684112548828,32.931068420410156,22.78540802001953,29.80138397216797,7.7975616455078125,16441667584,16046157824,13202280448,5627416576
199,1777034755589,1926.7857513427734,1980,0,0.6875,23509.866989135742,1901,1901,1901,1901,1901,1901,1901,1901,1901,1901,1901,1901,1901,1901,1901,1901,0,0,0,0,88.5154037475586,0,0,0,0,0,14.509140014648438,0,0,0,83.65013122558594,0,16441667584,16046157824,13202579456,5627285504
199,1777034755790,897.5576934814453,1980,0,0.6875,23510.873641967773,1901,1901,1901,1901,1901,1901,1901,1901,1901,1901,1901,1901,1901,1901,1901,1901,3.4379348754882813,2.3538131713867188,4.435089111328125,2.449310302734375,97.67396545410156,0.9982986450195313,2.0284576416015625,1.8975982666015625,0.884796142578125,0.9470291137695313,10.000320434570313,5.3736419677734375,5.640144348144531,4.6146697998046875,7.446434020996094,3.6433029174804688,16441667584,16046157824,13220372480,6146576384
0,1777034755990,1927.1181182861328,1980,0,0.6875,23511.852798461914,1901,1901,1901,1901,1901,1901,1901,1901,1901,1901,1901,1901,1901,1901,1901,1901,6.797767639160156,3.1128005981445313,1.6953201293945313,1.61981201171875,92.10159301757813,1.7253570556640625,2.6910171508789063,3.1919021606445313,2.34912109375,1.993927001953125,7.9767608642578125,5.714408874511719,9.964408874511719,8.890617370605469,5.92535400390625,3.449615478515625,16441667584,16046157824,13205663744,5624287232
