Delta,Time,CORE0_ENERGY (J),CORE0_FREQ (MHZ),CORE0_PSTATE,CORE0_VOLT (V),CPU_ENERGY (J),CPU_FREQUENCY_0,CPU_FREQUENCY_1,CPU_FREQUENCY_10,CPU_FREQUENCY_11,CPU_FREQUENCY_12,CPU_FREQUENCY_13,CPU_FREQUENCY_14,CPU_FREQUENCY_15,CPU_FREQUENCY_2,CPU_FREQUENCY_3,CPU_FREQUENCY_4,CPU_FREQUENCY_5,CPU_FREQUENCY_6,CPU_FREQUENCY_7,CPU_FREQUENCY_8,CPU_FREQUENCY_9,CPU_USAGE_0,CPU_USAGE_1,CPU_USAGE_10,CPU_USAGE_11,CPU_USAGE_12,CPU_USAGE_13,CPU_USAGE_14,CPU_USAGE_15,CPU_USAGE_2,CPU_USAGE_3,CPU_USAGE_4,CPU_USAGE_5,CPU_USAGE_6,CPU_USAGE_7,CPU_USAGE_8,CPU_USAGE_9,TOTAL_MEMORY,TOTAL_SWAP,USED_MEMORY,USED_SWAP
0,1777034703903,1743.9881439208984,1980,0,0.6875,23256.447525024414,1901,1901,1901,1901,1901,1901,1901,1901,1901,1901,1901,1901,1901,1901,1901,1901,34.94830322265625,13.416999816894531,1.042205810546875,2.7888412475585938,51.869136810302734,2.8893966674804688,13.464775085449219,0,0,0,37.27937698364258,23.31072235107422,14.385871887207031,15.516960144042969,30.89892578125,5.791015625,16441667584,16046157824,13231931392,5666828288
199,1777034703903,1743.9905700683594,1980,0,0.6875,23256.466873168945,1901,1901,1901,1901,1901,1901,1901,1901,1901,1901,1901,1901,1901,1901,1901,1901,17.73155975341797,1.2265472412109375,0,0.7132644653320313,94.17058563232422,0,0.6232681274414063,0.3332977294921875,0,0,21.577842712402344,4.3029022216796875,10.462287902832031,5.1194915771484375,96.57701110839844,0,16441667584,16046157824,13231480832,5666500608
199,1777034704104,1744.038330078125,1980,0,0.6875,23257.430725097656,1901,1901,1901,1901,1901,1901,1901,1901,1901,1901,1901,1901,1901,1901,1901,1901,3.3165664672851563,2.5080184936523438,0.47426605224609375,0.47391510009765625,92.41978454589844,0.18317413330078125,1.5324630737304688,0.9159622192382813,0.8079452514648438,0.5996856689453125,7.312110900878906,3.856658935546875,2.1743392944335938,2.94158935546875,14.329643249511719,2.5358963012695313,16441667584,16046157824,13245173760,6189518848
0,1777034704304,1905.948989868164,1980,0,0.6875,23258.441696166992,1901,1901,1901,1901,1901,1901,1901,1901,1901,1901,1901,1901,1901,1901,1901,1901,6.330177307128906,4.09625244140625,3.1869888305664063,1.9603347778320313,89.01642608642578,3.6280593872070313,2.1682586669921875,4.637031555175781,2.1355667114257813,3.4195327758789063,9.426719665527344,5.0264434814453125,10.59466552734375,10.297447204589844,7.003395080566406,5.8654327392578125,16441667584,16046157824,13236019200,5669588992
