Delta,Time,CORE0_ENERGY (J),CORE0_FREQ (MHZ),CORE0_PSTATE,CORE0_VOLT (V),CPU_ENERGY (J),CPU_FREQUENCY_0,CPU_FREQUENCY_1,CPU_FREQUENCY_10,CPU_FREQUENCY_11,CPU_FREQUENCY_12,CPU_FREQUENCY_13,CPU_FREQUENCY_14,CPU_FREQUENCY_15,CPU_FREQUENCY_2,CPU_FREQUENCY_3,CPU_FREQUENCY_4,CPU_FREQUENCY_5,CPU_FREQUENCY_6,CPU_FREQUENCY_7,CPU_FREQUENCY_8,CPU_FREQUENCY_9,CPU_USAGE_0,CPU_USAGE_1,CPU_USAGE_10,CPU_USAGE_11,CPU_USAGE_12,CPU_USAGE_13,CPU_USAGE_14,CPU_USAGE_15,CPU_USAGE_2,CPU_USAGE_3,CPU_USAGE_4,CPU_USAGE_5,CPU_USAGE_6,CPU_USAGE_7,CPU_USAGE_8,CPU_USAGE_9,TOTAL_MEMORY,TOTAL_SWAP,USED_MEMORY,USED_SWAP
0,1776521268053,3428.907028198242,4325,0,1.21875,33456.61143493652,1901,1901,1901,1901,1901,1901,1901,1901,1901,1901,1901,1901,1901,1901,1901,1901,14.18682861328125,12.447723388671875,23.024459838867188,18.70916748046875,28.393470764160156,15.504989624023438,14.510047912597656,13.78570556640625,18.89093780517578,18.92578887939453,6.503349304199219,39.9063835144043,40.71614074707031,49.26882553100586,32.004234313964844,50.93207550048828,16441667584,16151695360,14580572160,9771630592
199,1776521268053,3428.9219665527344,4325,0,1.3,33456.68882751465,1901,1901,1901,1901,1901,1901,1901,1901,1901,1901,1901,1901,1901,1901,1901,1901,13.123573303222656,31.402320861816406,14.089874267578125,15.60833740234375,64.48495483398438,13.190216064453125,13.190216064453125,22.672317504882813,13.913749694824219,13.118812561035156,14.2755126953125,52.246761322021484,28.20830535888672,92.81226348876953,97.03922271728516,13.199729919433594,16441667584,16151695360,14580539392,9771462656
1,1776521268253,1062.5726318359375,3675,0,1.0375,33459.629302978516,1901,1901,1901,1901,1901,1901,1901,1901,1901,1901,1901,1901,1901,1901,1901,1901,13.266845703125,12.700828552246094,8.257194519042969,6.922515869140625,16.44354248046875,9.387275695800781,4.917900085449219,7.095985412597656,10.759376525878906,9.062934875488281,8.093353271484375,8.527755737304688,28.686378479003906,26.663253784179688,8.406822204589844,18.278335571289063,16441667584,16151695360,14580240384,9770483712
