Delta,Time,CORE0_ENERGY (J),CORE0_FREQ (MHZ),CORE0_PSTATE,CORE0_VOLT (V),CPU_ENERGY (J),CPU_FREQUENCY_0,CPU_FREQUENCY_1,CPU_FREQUENCY_10,CPU_FREQUENCY_11,CPU_FREQUENCY_12,CPU_FREQUENCY_13,CPU_FREQUENCY_14,CPU_FREQUENCY_15,CPU_FREQUENCY_2,CPU_FREQUENCY_3,CPU_FREQUENCY_4,CPU_FREQUENCY_5,CPU_FREQUENCY_6,CPU_FREQUENCY_7,CPU_FREQUENCY_8,CPU_FREQUENCY_9,CPU_USAGE_0,CPU_USAGE_1,CPU_USAGE_10,CPU_USAGE_11,CPU_USAGE_12,CPU_USAGE_13,CPU_USAGE_14,CPU_USAGE_15,CPU_USAGE_2,CPU_USAGE_3,CPU_USAGE_4,CPU_USAGE_5,CPU_USAGE_6,CPU_USAGE_7,CPU_USAGE_8,CPU_USAGE_9,TOTAL_MEMORY,TOTAL_SWAP,USED_MEMORY,USED_SWAP
0,1776521281175,3449.2221069335938,3225,0,0.9125,33652.323669433594,1901,1901,1901,1901,1901,1901,1901,1901,1901,1901,1901,1901,1901,1901,1901,1901,6.126655578613281,8.398574829101563,3.5781326293945313,6.861045837402344,69.32869720458984,6.6143646240234375,38.01844024658203,26.700096130371094,9.890007019042969,14.187965393066406,1.2406997680664063,25.11566162109375,100,43.897605895996094,68.18424224853516,0,16441667584,16151695360,14591111168,9762840576
200,1776521281176,3449.227020263672,3250,0,0.91875,33652.35722351074,1901,1901,1901,1901,1901,1901,1901,1901,1901,1901,1901,1901,1901,1901,1901,1901,0,2.6445693969726563,1.727783203125,0,0,70.26496124267578,0,0,0,0,0,38.746726989746094,81.69454193115234,19.005638122558594,59.323997497558594,0,16441667584,16151695360,14591131648,9762840576
0,1776521281376,3693.404586791992,3575,0,1.0125000000000002,33655.26899719238,1901,1901,1901,1901,1901,1901,1901,1901,1901,1901,1901,1901,1901,1901,1901,1901,9.8642578125,9.323997497558594,6.103126525878906,5.410072326660156,6.493721008300781,25.866294860839844,4.743003845214844,4.7939910888671875,18.719696044921875,54.24039077758789,6.6250152587890625,4.898200988769531,53.047855377197266,67.79437255859375,15.152198791503906,8.277496337890625,16441667584,16151695360,14589382656,9763917824
