Delta,Time,CORE0_ENERGY (J),CORE0_FREQ (MHZ),CORE0_PSTATE,CORE0_VOLT (V),CPU_ENERGY (J),CPU_FREQUENCY_0,CPU_FREQUENCY_1,CPU_FREQUENCY_10,CPU_FREQUENCY_11,CPU_FREQUENCY_12,CPU_FREQUENCY_13,CPU_FREQUENCY_14,CPU_FREQUENCY_15,CPU_FREQUENCY_2,CPU_FREQUENCY_3,CPU_FREQUENCY_4,CPU_FREQUENCY_5,CPU_FREQUENCY_6,CPU_FREQUENCY_7,CPU_FREQUENCY_8,CPU_FREQUENCY_9,CPU_USAGE_0,CPU_USAGE_1,CPU_USAGE_10,CPU_USAGE_11,CPU_USAGE_12,CPU_USAGE_13,CPU_USAGE_14,CPU_USAGE_15,CPU_USAGE_2,CPU_USAGE_3,CPU_USAGE_4,CPU_USAGE_5,CPU_USAGE_6,CPU_USAGE_7,CPU_USAGE_8,CPU_USAGE_9,TOTAL_MEMORY,TOTAL_SWAP,USED_MEMORY,USED_SWAP
0,1776521287781,3458.1578979492188,4350,0,1.3125,33750.70674133301,1901,1901,1901,1901,1901,1901,1901,1901,1901,1901,1901,1901,1901,1901,1901,1901,19.00879669189453,27.469886779785156,12.475814819335938,13.445564270019531,48.81403350830078,24.169662475585938,31.742286682128906,29.593894958496094,4.763374328613281,8.813873291015625,16.90185546875,16.323097229003906,42.481834411621094,41.955909729003906,61.27034378051758,14.364913940429688,16441667584,16151695360,14591545344,9763385344
200,1776521287781,3458.183792114258,4300,0,1.30625,33750.80619812012,1901,1901,1901,1901,1901,1901,1901,1901,1901,1901,1901,1901,1901,1901,1901,1901,4.534049987792969,3.8616561889648438,1.0055084228515625,1.3098373413085938,29.35515594482422,29.353103637695313,1.0980453491210938,8.588996887207031,1.6450042724609375,2.5024642944335938,10.04071044921875,18.142372131347656,5.432640075683594,2.1014938354492188,60.663761138916016,17.879173278808594,16441667584,16151695360,14591672320,9764765696
0,1776521287982,3702.258499145508,3675,0,1.0375,33753.94305419922,1901,1901,1901,1901,1901,1901,1901,1901,1901,1901,1901,1901,1901,1901,1901,1901,7.2833709716796875,6.72265625,7.8034210205078125,8.488601684570313,13.463905334472656,8.088043212890625,13.014060974121094,14.031539916992188,12.688034057617188,8.892509460449219,1.619354248046875,5.5050201416015625,36.45866394042969,32.85636901855469,14.8309326171875,8.70306396484375,16441667584,16151695360,14597394432,9763041280
