Delta,Time,CORE0_ENERGY (J),CORE0_FREQ (MHZ),CORE0_PSTATE,CORE0_VOLT (V),CPU_ENERGY (J),CPU_FREQUENCY_0,CPU_FREQUENCY_1,CPU_FREQUENCY_10,CPU_FREQUENCY_11,CPU_FREQUENCY_12,CPU_FREQUENCY_13,CPU_FREQUENCY_14,CPU_FREQUENCY_15,CPU_FREQUENCY_2,CPU_FREQUENCY_3,CPU_FREQUENCY_4,CPU_FREQUENCY_5,CPU_FREQUENCY_6,CPU_FREQUENCY_7,CPU_FREQUENCY_8,CPU_FREQUENCY_9,CPU_USAGE_0,CPU_USAGE_1,CPU_USAGE_10,CPU_USAGE_11,CPU_USAGE_12,CPU_USAGE_13,CPU_USAGE_14,CPU_USAGE_15,CPU_USAGE_2,CPU_USAGE_3,CPU_USAGE_4,CPU_USAGE_5,CPU_USAGE_6,CPU_USAGE_7,CPU_USAGE_8,CPU_USAGE_9,TOTAL_MEMORY,TOTAL_SWAP,USED_MEMORY,USED_SWAP
0,1776521326794,3514.387161254883,3125,0,0.89375,34333.948791503906,1901,1901,1901,1901,1901,1901,1901,1901,1901,1901,1901,1901,1901,1901,1901,1901,36.1162223815918,30.1220703125,21.322647094726563,19.91242218017578,28.853515625,33.27415466308594,23.322540283203125,30.67034149169922,18.978256225585938,5.037437438964844,19.044029235839844,24.01385498046875,35.4483642578125,36.30342483520508,41.02763366699219,21.7669677734375,16441667584,16151695360,14179729408,9319751680
199,1776521326795,3514.394515991211,3050,0,0.875,34334.00636291504,1901,1901,1901,1901,1901,1901,1901,1901,1901,1901,1901,1901,1901,1901,1901,1901,16.75836181640625,35.21723175048828,29.308792114257813,6.0718231201171875,32.07628631591797,76.91973876953125,4.014533996582031,39.98866271972656,52.29902267456055,4.071220397949219,43.172950744628906,36.86105728149414,20.94628143310547,44.88679885864258,68.0504150390625,32.116302490234375,16441667584,16151695360,14179794944,9319751680
0,1776521326995,3754.0018310546875,3825,0,1.0875,34336.88325500488,1901,1901,1901,1901,1901,1901,1901,1901,1901,1901,1901,1901,1901,1901,1901,1901,16.685508728027344,15.506782531738281,8.936294555664063,9.096000671386719,22.936485290527344,24.76935577392578,10.187309265136719,10.031661987304688,14.042190551757813,8.247703552246094,19.285568237304688,14.342277526855469,42.11235809326172,50.671669006347656,30.75383758544922,31.543106079101563,16441667584,16151695360,14179745792,9325731840
