Delta,Time,CORE0_ENERGY (J),CORE0_FREQ (MHZ),CORE0_PSTATE,CORE0_VOLT (V),CPU_ENERGY (J),CPU_FREQUENCY_0,CPU_FREQUENCY_1,CPU_FREQUENCY_10,CPU_FREQUENCY_11,CPU_FREQUENCY_12,CPU_FREQUENCY_13,CPU_FREQUENCY_14,CPU_FREQUENCY_15,CPU_FREQUENCY_2,CPU_FREQUENCY_3,CPU_FREQUENCY_4,CPU_FREQUENCY_5,CPU_FREQUENCY_6,CPU_FREQUENCY_7,CPU_FREQUENCY_8,CPU_FREQUENCY_9,CPU_USAGE_0,CPU_USAGE_1,CPU_USAGE_10,CPU_USAGE_11,CPU_USAGE_12,CPU_USAGE_13,CPU_USAGE_14,CPU_USAGE_15,CPU_USAGE_2,CPU_USAGE_3,CPU_USAGE_4,CPU_USAGE_5,CPU_USAGE_6,CPU_USAGE_7,CPU_USAGE_8,CPU_USAGE_9,TOTAL_MEMORY,TOTAL_SWAP,USED_MEMORY,USED_SWAP
0,1776521277843,3688.985580444336,4300,0,1.10625,33601.796936035156,1901,1901,1901,1901,1901,1901,1901,1901,1901,1901,1901,1901,1901,1901,1901,1901,16.250564575195313,19.247955322265625,35.19548797607422,43.46183395385742,56.136260986328125,53.574527740478516,24.674461364746094,15.052085876464844,38.29576873779297,28.629188537597656,23.348983764648438,24.64873504638672,88.11491394042969,74.62301635742188,80.95219421386719,98.30477142333984,16441667584,16151695360,14582833152,9745653760
199,1776521277844,3688.9925842285156,4350,0,1.30625,33601.83644104004,1901,1901,1901,1901,1901,1901,1901,1901,1901,1901,1901,1901,1901,1901,1901,1901,0,0,0,0,29.905921936035156,6.700775146484375,0,0,0,0,58.384220123291016,0,0,0,0.2145538330078125,100,16441667584,16151695360,14582923264,9745653760
0,1776521278045,3689.4237365722656,3675,0,1.0375,33604.98483276367,1901,1901,1901,1901,1901,1901,1901,1901,1901,1901,1901,1901,1901,1901,1901,1901,12.308464050292969,12.843368530273438,7.130851745605469,7.832794189453125,33.348541259765625,15.7620849609375,8.049057006835938,9.742218017578125,6.5950469970703125,6.9610137939453125,5.213233947753906,10.44061279296875,26.143234252929688,23.66278839111328,23.877647399902344,14.195343017578125,16441667584,16151695360,14592274432,9766658048
