Delta,Time,CORE0_ENERGY (J),CORE0_FREQ (MHZ),CORE0_PSTATE,CORE0_VOLT (V),CPU_ENERGY (J),CPU_FREQUENCY_0,CPU_FREQUENCY_1,CPU_FREQUENCY_10,CPU_FREQUENCY_11,CPU_FREQUENCY_12,CPU_FREQUENCY_13,CPU_FREQUENCY_14,CPU_FREQUENCY_15,CPU_FREQUENCY_2,CPU_FREQUENCY_3,CPU_FREQUENCY_4,CPU_FREQUENCY_5,CPU_FREQUENCY_6,CPU_FREQUENCY_7,CPU_FREQUENCY_8,CPU_FREQUENCY_9,CPU_USAGE_0,CPU_USAGE_1,CPU_USAGE_10,CPU_USAGE_11,CPU_USAGE_12,CPU_USAGE_13,CPU_USAGE_14,CPU_USAGE_15,CPU_USAGE_2,CPU_USAGE_3,CPU_USAGE_4,CPU_USAGE_5,CPU_USAGE_6,CPU_USAGE_7,CPU_USAGE_8,CPU_USAGE_9,TOTAL_MEMORY,TOTAL_SWAP,USED_MEMORY,USED_SWAP
0,1776521294260,3467.2989807128906,3900,0,1.11875,33848.09281921387,1901,1901,1901,1901,1901,1901,1901,1901,1901,1901,1901,1901,1901,1901,1901,1901,10.568954467773438,17.623458862304688,18.77306365966797,16.18498992919922,40.57210922241211,28.51018524169922,14.475357055664063,8.053756713867188,18.6673583984375,14.938873291015625,19.2313232421875,21.26134490966797,61.69097900390625,55.8405647277832,25.518997192382813,27.90747833251953,16441667584,16151695360,14585405440,9756192768
199,1776521294260,3467.310775756836,3850,0,1.1,33848.15672302246,1901,1901,1901,1901,1901,1901,1901,1901,1901,1901,1901,1901,1901,1901,1901,1901,24.044891357421875,36.65496826171875,24.720252990722656,23.535057067871094,23.167579650878906,91.98834991455078,22.220748901367188,25.541282653808594,21.71753692626953,21.71753692626953,30.3184814453125,33.940277099609375,33.70191192626953,23.53174591064453,56.33317947387695,47.4740104675293,16441667584,16151695360,14585442304,9756061696
0,1776521294461,3467.5540313720703,3675,0,1.0375,33850.7518157959,1901,1901,1901,1901,1901,1901,1901,1901,1901,1901,1901,1901,1901,1901,1901,1901,9.570465087890625,8.216964721679688,5.367706298828125,4.592491149902344,10.902740478515625,8.926986694335938,15.866798400878906,12.021728515625,2.3584823608398438,3.9768524169921875,5.229820251464844,8.8123779296875,33.644508361816406,29.084213256835938,20.59166717529297,7.4307861328125,16441667584,16151695360,14585614336,9752662016
