Delta,Time,CORE0_ENERGY (J),CORE0_FREQ (MHZ),CORE0_PSTATE,CORE0_VOLT (V),CPU_ENERGY (J),CPU_FREQUENCY_0,CPU_FREQUENCY_1,CPU_FREQUENCY_10,CPU_FREQUENCY_11,CPU_FREQUENCY_12,CPU_FREQUENCY_13,CPU_FREQUENCY_14,CPU_FREQUENCY_15,CPU_FREQUENCY_2,CPU_FREQUENCY_3,CPU_FREQUENCY_4,CPU_FREQUENCY_5,CPU_FREQUENCY_6,CPU_FREQUENCY_7,CPU_FREQUENCY_8,CPU_FREQUENCY_9,CPU_USAGE_0,CPU_USAGE_1,CPU_USAGE_10,CPU_USAGE_11,CPU_USAGE_12,CPU_USAGE_13,CPU_USAGE_14,CPU_USAGE_15,CPU_USAGE_2,CPU_USAGE_3,CPU_USAGE_4,CPU_USAGE_5,CPU_USAGE_6,CPU_USAGE_7,CPU_USAGE_8,CPU_USAGE_9,TOTAL_MEMORY,TOTAL_SWAP,USED_MEMORY,USED_SWAP
0,1776521291029,3706.214614868164,3350,0,0.95,33799.62109375,1901,1901,1901,1901,1901,1901,1901,1901,1901,1901,1901,1901,1901,1901,1901,1901,31.461395263671875,44.31006622314453,12.158065795898438,7.5394134521484375,6.126197814941406,46.58823013305664,36.22995376586914,36.307437896728516,21.994171142578125,20.64495849609375,2.3169021606445313,17.45721435546875,78.8000259399414,64.41769409179688,46.08206558227539,25.295616149902344,16441667584,16151695360,14592331776,9767014400
199,1776521291030,3462.621124267578,3325,0,0.9375,33799.69631958008,1901,1901,1901,1901,1901,1901,1901,1901,1901,1901,1901,1901,1901,1901,1901,1901,12.999214172363281,0,4.542228698730469,3.6247024536132813,6.840965270996094,62.90449905395508,0.43804168701171875,3.097869873046875,0.9964447021484375,0.2525634765625,2.2060012817382813,34.062744140625,12.529594421386719,46.66732406616211,32.490135192871094,22.71704864501953,16441667584,16151695360,14592364544,9767264256
2,1776521291230,1837.1558990478516,2875,0,0.8375,33802.80271911621,1901,1901,1901,1901,1901,1901,1901,1901,1901,1901,1901,1901,1901,1901,1901,1901,16.751663208007813,17.054901123046875,11.270866394042969,11.632247924804688,58.845947265625,33.404640197753906,22.414276123046875,23.680274963378906,13.142295837402344,12.935997009277344,24.975555419921875,25.107696533203125,31.15497589111328,29.5943603515625,30.8582763671875,30.444236755371094,16441667584,16151695360,14591430656,9765289984
