Delta,Time,CORE0_ENERGY (J),CORE0_FREQ (MHZ),CORE0_PSTATE,CORE0_VOLT (V),CPU_ENERGY (J),CPU_FREQUENCY_0,CPU_FREQUENCY_1,CPU_FREQUENCY_10,CPU_FREQUENCY_11,CPU_FREQUENCY_12,CPU_FREQUENCY_13,CPU_FREQUENCY_14,CPU_FREQUENCY_15,CPU_FREQUENCY_2,CPU_FREQUENCY_3,CPU_FREQUENCY_4,CPU_FREQUENCY_5,CPU_FREQUENCY_6,CPU_FREQUENCY_7,CPU_FREQUENCY_8,CPU_FREQUENCY_9,CPU_USAGE_0,CPU_USAGE_1,CPU_USAGE_10,CPU_USAGE_11,CPU_USAGE_12,CPU_USAGE_13,CPU_USAGE_14,CPU_USAGE_15,CPU_USAGE_2,CPU_USAGE_3,CPU_USAGE_4,CPU_USAGE_5,CPU_USAGE_6,CPU_USAGE_7,CPU_USAGE_8,CPU_USAGE_9,TOTAL_MEMORY,TOTAL_SWAP,USED_MEMORY,USED_SWAP
0,1776521323535,3508.826400756836,3525,0,1,34284.9680480957,1901,1901,1901,1901,1901,1901,1901,1901,1901,1901,1901,1901,1901,1901,1901,1901,7.453155517578125,6.362632751464844,0,3.1201553344726563,13.418960571289063,22.36469268798828,51.04129409790039,33.03496551513672,5.120689392089844,3.1298446655273438,7.527000427246094,2.5487823486328125,74.9380874633789,59.51858901977539,0,60.4420280456543,16441667584,16151695360,14267342848,9448804352
199,1776521323535,3508.845977783203,3450,0,0.975,34285.09721374512,1901,1901,1901,1901,1901,1901,1901,1901,1901,1901,1901,1901,1901,1901,1901,1901,5.0965576171875,4.7108917236328125,0,0.8756179809570313,10.294540405273438,58.23191452026367,2.4797134399414063,3.4981689453125,0.25568389892578125,1.2927093505859375,27.64684295654297,5.427947998046875,1.7583694458007813,13.964118957519531,58.69472122192383,6.5806732177734375,16441667584,16151695360,14267514880,9450196992
0,1776521323736,3748.015350341797,4375,0,1.30625,34288.00032043457,1901,1901,1901,1901,1901,1901,1901,1901,1901,1901,1901,1901,1901,1901,1901,1901,4.820556640625,2.0891799926757813,3.0862197875976563,3.1977081298828125,15.795028686523438,8.7979736328125,3.1973037719726563,1.4332427978515625,5.503913879394531,4.814018249511719,1.8475265502929688,3.9897537231445313,29.81200408935547,28.26776885986328,9.576637268066406,10.103103637695313,16441667584,16151695360,14268977152,9447424000
