Delta,Time,CORE0_ENERGY (J),CORE0_FREQ (MHZ),CORE0_PSTATE,CORE0_VOLT (V),CPU_ENERGY (J),CPU_FREQUENCY_0,CPU_FREQUENCY_1,CPU_FREQUENCY_10,CPU_FREQUENCY_11,CPU_FREQUENCY_12,CPU_FREQUENCY_13,CPU_FREQUENCY_14,CPU_FREQUENCY_15,CPU_FREQUENCY_2,CPU_FREQUENCY_3,CPU_FREQUENCY_4,CPU_FREQUENCY_5,CPU_FREQUENCY_6,CPU_FREQUENCY_7,CPU_FREQUENCY_8,CPU_FREQUENCY_9,CPU_USAGE_0,CPU_USAGE_1,CPU_USAGE_10,CPU_USAGE_11,CPU_USAGE_12,CPU_USAGE_13,CPU_USAGE_14,CPU_USAGE_15,CPU_USAGE_2,CPU_USAGE_3,CPU_USAGE_4,CPU_USAGE_5,CPU_USAGE_6,CPU_USAGE_7,CPU_USAGE_8,CPU_USAGE_9,TOTAL_MEMORY,TOTAL_SWAP,USED_MEMORY,USED_SWAP
0,1776521336796,3769.696243286133,3875,0,1.1125,34483.74215698242,1901,1901,1901,1901,1901,1901,1901,1901,1901,1901,1901,1901,1901,1901,1901,1901,58.73063659667969,29.804725646972656,9.406837463378906,13.093032836914063,28.07044219970703,42.001434326171875,18.525192260742188,13.112213134765625,12.030784606933594,6.947990417480469,21.440956115722656,32.51622009277344,68.04158782958984,48.4900016784668,25.16217041015625,44.074241638183594,16441667584,16151695360,14210138112,9329283072
199,1776521336797,3530.182113647461,3775,0,1.075,34483.781005859375,1901,1901,1901,1901,1901,1901,1901,1901,1901,1901,1901,1901,1901,1901,1901,1901,0,0,0,0,13.071403503417969,20.615478515625,0,0,0,0,0,1.543670654296875,0,0,16.631813049316406,45.075191497802734,16441667584,16151695360,14210162688,9329283072
0,1776521336997,3770.019546508789,3675,0,1.0375,34486.656494140625,1901,1901,1901,1901,1901,1901,1901,1901,1901,1901,1901,1901,1901,1901,1901,1901,10.104873657226563,10.747413635253906,5.122222900390625,3.3910140991210938,23.297080993652344,16.406585693359375,7.709922790527344,6.6476593017578125,4.307060241699219,4.093009948730469,11.987251281738281,11.105049133300781,18.755462646484375,20.32257080078125,27.62054443359375,16.34832000732422,16441667584,16151695360,14207012864,9331122176
