Delta,Time,CORE0_ENERGY (J),CORE0_FREQ (MHZ),CORE0_PSTATE,CORE0_VOLT (V),CPU_ENERGY (J),CPU_FREQUENCY_0,CPU_FREQUENCY_1,CPU_FREQUENCY_10,CPU_FREQUENCY_11,CPU_FREQUENCY_12,CPU_FREQUENCY_13,CPU_FREQUENCY_14,CPU_FREQUENCY_15,CPU_FREQUENCY_2,CPU_FREQUENCY_3,CPU_FREQUENCY_4,CPU_FREQUENCY_5,CPU_FREQUENCY_6,CPU_FREQUENCY_7,CPU_FREQUENCY_8,CPU_FREQUENCY_9,CPU_USAGE_0,CPU_USAGE_1,CPU_USAGE_10,CPU_USAGE_11,CPU_USAGE_12,CPU_USAGE_13,CPU_USAGE_14,CPU_USAGE_15,CPU_USAGE_2,CPU_USAGE_3,CPU_USAGE_4,CPU_USAGE_5,CPU_USAGE_6,CPU_USAGE_7,CPU_USAGE_8,CPU_USAGE_9,TOTAL_MEMORY,TOTAL_SWAP,USED_MEMORY,USED_SWAP
0,1776521271353,3680.2698669433594,3275,0,0.925,33505.642578125,1901,1901,1901,1901,1901,1901,1901,1901,1901,1901,1901,1901,1901,1901,1901,1901,18.803131103515625,20.379058837890625,7.295989990234375,15.7242431640625,21.946792602539063,50.579898834228516,34.1090087890625,60.225257873535156,21.279052734375,7.435943603515625,18.302886962890625,21.484512329101563,45.16056823730469,31.78644561767578,39.67052459716797,33.05194854736328,16441667584,16151695360,14601740288,9790533632
200,1776521271353,3680.2758026123047,3300,0,0.9375,33505.69633483887,1901,1901,1901,1901,1901,1901,1901,1901,1901,1901,1901,1901,1901,1901,1901,1901,13.156112670898438,0,0,0,13.539085388183594,0,0,0,0,0,40.97447967529297,0,0,0,1.0201797485351563,62.27914810180664,16441667584,16151695360,14601777152,9791455232
0,1776521271554,3434.1722106933594,3675,0,1.0375,33508.59031677246,1901,1901,1901,1901,1901,1901,1901,1901,1901,1901,1901,1901,1901,1901,1901,1901,28.808311462402344,27.779685974121094,27.10865020751953,32.16004180908203,35.45655822753906,41.9782600402832,35.74186706542969,23.907203674316406,25.92974090576172,31.952743530273438,34.799041748046875,19.795753479003906,35.30601501464844,43.06913375854492,29.529373168945313,44.67033004760742,16441667584,16151695360,14589218816,9769254912
