Delta,Time,CORE0_ENERGY (J),CORE0_FREQ (MHZ),CORE0_PSTATE,CORE0_VOLT (V),CPU_ENERGY (J),CPU_FREQUENCY_0,CPU_FREQUENCY_1,CPU_FREQUENCY_10,CPU_FREQUENCY_11,CPU_FREQUENCY_12,CPU_FREQUENCY_13,CPU_FREQUENCY_14,CPU_FREQUENCY_15,CPU_FREQUENCY_2,CPU_FREQUENCY_3,CPU_FREQUENCY_4,CPU_FREQUENCY_5,CPU_FREQUENCY_6,CPU_FREQUENCY_7,CPU_FREQUENCY_8,CPU_FREQUENCY_9,CPU_USAGE_0,CPU_USAGE_1,CPU_USAGE_10,CPU_USAGE_11,CPU_USAGE_12,CPU_USAGE_13,CPU_USAGE_14,CPU_USAGE_15,CPU_USAGE_2,CPU_USAGE_3,CPU_USAGE_4,CPU_USAGE_5,CPU_USAGE_6,CPU_USAGE_7,CPU_USAGE_8,CPU_USAGE_9,TOTAL_MEMORY,TOTAL_SWAP,USED_MEMORY,USED_SWAP
0,1776521320333,3504.0753631591797,3375,0,0.95625,34237.17984008789,1901,1901,1901,1901,1901,1901,1901,1901,1901,1901,1901,1901,1901,1901,1901,1901,8.454788208007813,13.902046203613281,34.50048828125,29.648178100585938,12.763687133789063,43.07788848876953,11.864288330078125,5.913337707519531,16.029678344726563,5.4591064453125,6.0108642578125,13.843528747558594,54.22251510620117,54.04765319824219,11.938835144042969,75.23059844970703,16441667584,16151695360,14302535680,9491791872
199,1776521320334,1850.4263000488281,3325,0,0.9375,34237.24542236328,1901,1901,1901,1901,1901,1901,1901,1901,1901,1901,1901,1901,1901,1901,1901,1901,3.6593780517578125,15.228744506835938,5.588081359863281,0,87.03863525390625,0,2.1296157836914063,0,0.84954833984375,0,0,14.663337707519531,20.486770629882813,100,39.168243408203125,34.1427001953125,16441667584,16151695360,14302625792,9491529728
1,1776521320534,3504.3934173583984,3400,0,0.9625,34240.23896789551,1901,1901,1901,1901,1901,1901,1901,1901,1901,1901,1901,1901,1901,1901,1901,1901,14.963783264160156,9.277137756347656,5.630470275878906,6.393341064453125,47.51936340332031,14.380355834960938,5.130401611328125,5.934577941894531,8.546463012695313,6.790069580078125,11.301589965820313,16.446815490722656,53.277652740478516,75.41131591796875,25.801658630371094,23.357948303222656,16441667584,16151695360,14328098816,9514041344
