Delta,Time,CORE0_ENERGY (J),CORE0_FREQ (MHZ),CORE0_PSTATE,CORE0_VOLT (V),CPU_ENERGY (J),CPU_FREQUENCY_0,CPU_FREQUENCY_1,CPU_FREQUENCY_10,CPU_FREQUENCY_11,CPU_FREQUENCY_12,CPU_FREQUENCY_13,CPU_FREQUENCY_14,CPU_FREQUENCY_15,CPU_FREQUENCY_2,CPU_FREQUENCY_3,CPU_FREQUENCY_4,CPU_FREQUENCY_5,CPU_FREQUENCY_6,CPU_FREQUENCY_7,CPU_FREQUENCY_8,CPU_FREQUENCY_9,CPU_USAGE_0,CPU_USAGE_1,CPU_USAGE_10,CPU_USAGE_11,CPU_USAGE_12,CPU_USAGE_13,CPU_USAGE_14,CPU_USAGE_15,CPU_USAGE_2,CPU_USAGE_3,CPU_USAGE_4,CPU_USAGE_5,CPU_USAGE_6,CPU_USAGE_7,CPU_USAGE_8,CPU_USAGE_9,TOTAL_MEMORY,TOTAL_SWAP,USED_MEMORY,USED_SWAP
0,1776521346623,3546.4637451171875,3450,0,0.975,34631.122299194336,1901,1901,1901,1901,1901,1901,1901,1901,1901,1901,1901,1901,1901,1901,1901,1901,13.627815246582031,50.65129089355469,16.505836486816406,26.632858276367188,41.191749572753906,32.24553680419922,6.591545104980469,25.675575256347656,8.186248779296875,14.639053344726563,23.83654022216797,15.824485778808594,51.507606506347656,53.86921691894531,61.39723587036133,23.292381286621094,16441667584,16151695360,14211837952,9306034176
199,1776521346624,3546.4756927490234,3300,0,0.93125,34631.21644592285,1901,1901,1901,1901,1901,1901,1901,1901,1901,1901,1901,1901,1901,1901,1901,1901,0,64.70941925048828,0.5678024291992188,14.281898498535156,78.16633605957031,0,0,24.846359252929688,0,26.68670654296875,47.9859733581543,11.753509521484375,79.90982055664063,35.67134094238281,52.57514953613281,39.1683349609375,16441667584,16151695360,14211792896,9306034176
0,1776521346824,3787.665283203125,3175,0,0.90625,34634.21481323242,1901,1901,1901,1901,1901,1901,1901,1901,1901,1901,1901,1901,1901,1901,1901,1901,10.0189208984375,10.243263244628906,6.689491271972656,7.2791748046875,15.489288330078125,24.17858123779297,6.825553894042969,9.87213134765625,5.7522125244140625,8.44403076171875,6.1522674560546875,15.121681213378906,39.24382400512695,32.09712219238281,32.79242706298828,19.07592010498047,16441667584,16151695360,14210924544,9306402816
