Delta,Time,CORE0_ENERGY (J),CORE0_FREQ (MHZ),CORE0_PSTATE,CORE0_VOLT (V),CPU_ENERGY (J),CPU_FREQUENCY_0,CPU_FREQUENCY_1,CPU_FREQUENCY_10,CPU_FREQUENCY_11,CPU_FREQUENCY_12,CPU_FREQUENCY_13,CPU_FREQUENCY_14,CPU_FREQUENCY_15,CPU_FREQUENCY_2,CPU_FREQUENCY_3,CPU_FREQUENCY_4,CPU_FREQUENCY_5,CPU_FREQUENCY_6,CPU_FREQUENCY_7,CPU_FREQUENCY_8,CPU_FREQUENCY_9,CPU_USAGE_0,CPU_USAGE_1,CPU_USAGE_10,CPU_USAGE_11,CPU_USAGE_12,CPU_USAGE_13,CPU_USAGE_14,CPU_USAGE_15,CPU_USAGE_2,CPU_USAGE_3,CPU_USAGE_4,CPU_USAGE_5,CPU_USAGE_6,CPU_USAGE_7,CPU_USAGE_8,CPU_USAGE_9,TOTAL_MEMORY,TOTAL_SWAP,USED_MEMORY,USED_SWAP
0,1776521303983,3480.075942993164,3675,0,1.0375,33993.009765625,1901,1901,1901,1901,1901,1901,1901,1901,1901,1901,1901,1901,1901,1901,1901,1901,6.4627227783203125,5.046958923339844,26.95642852783203,27.977882385253906,18.073883056640625,11.016204833984375,12.585639953613281,12.518661499023438,15.841354370117188,16.78394317626953,8.057968139648438,8.267303466796875,34.14631652832031,35.859275817871094,29.353927612304688,11.182632446289063,16441667584,16151695360,14572646400,9732407296
199,1776521303984,3480.083450317383,3675,0,1.0375,33993.04640197754,1901,1901,1901,1901,1901,1901,1901,1901,1901,1901,1901,1901,1901,1901,1901,1901,0,0,0,0,80.06193542480469,0,0,0,0,0,0,0,0,0,91.18968963623047,0,16441667584,16151695360,14572683264,9732407296
0,1776521304184,3480.618194580078,4325,0,1.3,33996.586029052734,1901,1901,1901,1901,1901,1901,1901,1901,1901,1901,1901,1901,1901,1901,1901,1901,5.236076354980469,6.970771789550781,5.1388397216796875,4.58380126953125,8.072067260742188,18.651199340820313,4.724861145019531,5.143119812011719,12.384628295898438,7.318473815917969,4.143577575683594,7.4032440185546875,27.29077911376953,16.665489196777344,10.672340393066406,25.218963623046875,16441667584,16151695360,14571356160,9732358144
