Delta,Time,CORE0_ENERGY (J),CORE0_FREQ (MHZ),CORE0_PSTATE,CORE0_VOLT (V),CPU_ENERGY (J),CPU_FREQUENCY_0,CPU_FREQUENCY_1,CPU_FREQUENCY_10,CPU_FREQUENCY_11,CPU_FREQUENCY_12,CPU_FREQUENCY_13,CPU_FREQUENCY_14,CPU_FREQUENCY_15,CPU_FREQUENCY_2,CPU_FREQUENCY_3,CPU_FREQUENCY_4,CPU_FREQUENCY_5,CPU_FREQUENCY_6,CPU_FREQUENCY_7,CPU_FREQUENCY_8,CPU_FREQUENCY_9,CPU_USAGE_0,CPU_USAGE_1,CPU_USAGE_10,CPU_USAGE_11,CPU_USAGE_12,CPU_USAGE_13,CPU_USAGE_14,CPU_USAGE_15,CPU_USAGE_2,CPU_USAGE_3,CPU_USAGE_4,CPU_USAGE_5,CPU_USAGE_6,CPU_USAGE_7,CPU_USAGE_8,CPU_USAGE_9,TOTAL_MEMORY,TOTAL_SWAP,USED_MEMORY,USED_SWAP
0,1776521264683,3423.5391998291016,2675,0,0.79375,33406.47439575195,1901,1901,1901,1901,1901,1901,1901,1901,1901,1901,1901,1901,1901,1901,1901,1901,80.60045623779297,65.31746673583984,64.32228088378906,65.45015716552734,75.12041473388672,59.92153549194336,47.47991180419922,71.43901824951172,31.17144012451172,47.30177307128906,80.28335571289063,66.61773681640625,68.04965209960938,57.521080017089844,70.91974639892578,72.54495239257813,16441667584,16151695360,14599639040,9793335296
199,1776521264684,1811.9591827392578,2725,0,0.8,33406.540435791016,1901,1901,1901,1901,1901,1901,1901,1901,1901,1901,1901,1901,1901,1901,1901,1901,45.41255187988281,19.277328491210938,47.251182556152344,23.646591186523438,72.29820251464844,39.913089752197266,47.29865264892578,71.64271545410156,19.576766967773438,27.00615692138672,47.71494674682617,21.17621612548828,34.25843048095703,30.975555419921875,83.34642028808594,27.17047882080078,16441667584,16151695360,14599544832,9793335296
0,1776521264883,3670.9230041503906,3675,0,1.0375,33409.3233795166,1901,1901,1901,1901,1901,1901,1901,1901,1901,1901,1901,1901,1901,1901,1901,1901,24.386436462402344,20.908737182617188,21.08245086669922,21.982139587402344,30.443511962890625,43.00590133666992,22.923484802246094,22.212692260742188,11.047325134277344,13.285697937011719,38.049415588378906,30.39391326904297,32.919219970703125,32.31952667236328,44.93281555175781,27.777053833007813,16441667584,16151695360,14574977024,9768558592
