Delta,Time,CORE0_ENERGY (J),CORE0_FREQ (MHZ),CORE0_PSTATE,CORE0_VOLT (V),CPU_ENERGY (J),CPU_FREQUENCY_0,CPU_FREQUENCY_1,CPU_FREQUENCY_10,CPU_FREQUENCY_11,CPU_FREQUENCY_12,CPU_FREQUENCY_13,CPU_FREQUENCY_14,CPU_FREQUENCY_15,CPU_FREQUENCY_2,CPU_FREQUENCY_3,CPU_FREQUENCY_4,CPU_FREQUENCY_5,CPU_FREQUENCY_6,CPU_FREQUENCY_7,CPU_FREQUENCY_8,CPU_FREQUENCY_9,CPU_USAGE_0,CPU_USAGE_1,CPU_USAGE_10,CPU_USAGE_11,CPU_USAGE_12,CPU_USAGE_13,CPU_USAGE_14,CPU_USAGE_15,CPU_USAGE_2,CPU_USAGE_3,CPU_USAGE_4,CPU_USAGE_5,CPU_USAGE_6,CPU_USAGE_7,CPU_USAGE_8,CPU_USAGE_9,TOTAL_MEMORY,TOTAL_SWAP,USED_MEMORY,USED_SWAP
0,1776521254410,3656.8562774658203,3000,0,0.86875,33253.34378051758,1901,1901,1901,1901,1901,1901,1901,1901,1901,1901,1901,1901,1901,1901,1901,1901,48.56244659423828,34.50321960449219,4.374183654785156,9.208976745605469,22.330238342285156,37.102603912353516,3.48388671875,16.636070251464844,40.10204315185547,67.0699462890625,39.596981048583984,36.15625762939453,27.855621337890625,56.82636642456055,32.16216278076172,37.46400451660156,16441667584,16151695360,14501367808,9700802560
199,1776521254410,3656.8675994873047,2900,0,0.84375,33253.453689575195,1901,1901,1901,1901,1901,1901,1901,1901,1901,1901,1901,1901,1901,1901,1901,1901,47.81510925292969,43.557533264160156,31.41992950439453,35.627418518066406,80.35503387451172,34.52745819091797,33.291259765625,38.27012252807617,37.9174919128418,36.977821350097656,47.56666946411133,68.71631622314453,72.42491912841797,97.91228485107422,41.14323425292969,76.41802215576172,16441667584,16151695360,14501453824,9702203392
2,1776521254611,3409.115020751953,2675,0,0.79375,33256.45812988281,1901,1901,1901,1901,1901,1901,1901,1901,1901,1901,1901,1901,1901,1901,1901,1901,39.875545501708984,35.91936492919922,35.01832580566406,33.7847900390625,37.48049545288086,49.58226776123047,33.31062316894531,32.503562927246094,34.92034912109375,32.712738037109375,41.52433776855469,33.74626922607422,61.65177917480469,71.21955108642578,44.7324104309082,62.933204650878906,16441667584,16151695360,14515146752,9720442880
