Delta,Time,CORE0_ENERGY (J),CORE0_FREQ (MHZ),CORE0_PSTATE,CORE0_VOLT (V),CPU_ENERGY (J),CPU_FREQUENCY_0,CPU_FREQUENCY_1,CPU_FREQUENCY_10,CPU_FREQUENCY_11,CPU_FREQUENCY_12,CPU_FREQUENCY_13,CPU_FREQUENCY_14,CPU_FREQUENCY_15,CPU_FREQUENCY_2,CPU_FREQUENCY_3,CPU_FREQUENCY_4,CPU_FREQUENCY_5,CPU_FREQUENCY_6,CPU_FREQUENCY_7,CPU_FREQUENCY_8,CPU_FREQUENCY_9,CPU_USAGE_0,CPU_USAGE_1,CPU_USAGE_10,CPU_USAGE_11,CPU_USAGE_12,CPU_USAGE_13,CPU_USAGE_14,CPU_USAGE_15,CPU_USAGE_2,CPU_USAGE_3,CPU_USAGE_4,CPU_USAGE_5,CPU_USAGE_6,CPU_USAGE_7,CPU_USAGE_8,CPU_USAGE_9,TOTAL_MEMORY,TOTAL_SWAP,USED_MEMORY,USED_SWAP
0,1776521340043,3535.9567260742188,2800,0,0.81875,34532.424545288086,1901,1901,1901,1901,1901,1901,1901,1901,1901,1901,1901,1901,1901,1901,1901,1901,27.732406616210938,27.56432342529297,45.47090148925781,40.82617950439453,44.6023063659668,37.27227783203125,35.22882080078125,45.56622314453125,27.20391845703125,62.69614028930664,21.62348175048828,15.746932983398438,69.92013549804688,98.5555419921875,44.403770446777344,50.90187072753906,16441667584,16151695360,14219526144,9336147968
199,1776521340043,3535.9652252197266,2800,0,0.81875,34532.500061035156,1901,1901,1901,1901,1901,1901,1901,1901,1901,1901,1901,1901,1901,1901,1901,1901,20.226150512695313,13.705314636230469,27.93321990966797,0,56.31503677368164,11.8831787109375,9.108360290527344,1.1399917602539063,0,16.829299926757813,93.2571792602539,100,0,8.000740051269531,81.40868377685547,2.2892303466796875,16441667584,16151695360,14219526144,9334759424
1,1776521340243,3536.2537841796875,2850,0,0.83125,34535.53349304199,1901,1901,1901,1901,1901,1901,1901,1901,1901,1901,1901,1901,1901,1901,1901,1901,13.853042602539063,24.549163818359375,9.594871520996094,11.284530639648438,20.53192901611328,43.85887908935547,11.653099060058594,20.047760009765625,15.177436828613281,15.767547607421875,22.626724243164063,31.808616638183594,55.84986114501953,69.40214538574219,20.250816345214844,34.102996826171875,16441667584,16151695360,14222209024,9340567552
