Delta,Time,CORE0_ENERGY (J),CORE0_FREQ (MHZ),CORE0_PSTATE,CORE0_VOLT (V),CPU_ENERGY (J),CPU_FREQUENCY_0,CPU_FREQUENCY_1,CPU_FREQUENCY_10,CPU_FREQUENCY_11,CPU_FREQUENCY_12,CPU_FREQUENCY_13,CPU_FREQUENCY_14,CPU_FREQUENCY_15,CPU_FREQUENCY_2,CPU_FREQUENCY_3,CPU_FREQUENCY_4,CPU_FREQUENCY_5,CPU_FREQUENCY_6,CPU_FREQUENCY_7,CPU_FREQUENCY_8,CPU_FREQUENCY_9,CPU_USAGE_0,CPU_USAGE_1,CPU_USAGE_10,CPU_USAGE_11,CPU_USAGE_12,CPU_USAGE_13,CPU_USAGE_14,CPU_USAGE_15,CPU_USAGE_2,CPU_USAGE_3,CPU_USAGE_4,CPU_USAGE_5,CPU_USAGE_6,CPU_USAGE_7,CPU_USAGE_8,CPU_USAGE_9,TOTAL_MEMORY,TOTAL_SWAP,USED_MEMORY,USED_SWAP
0,1776521310502,3731.14697265625,3040,0,0.875,34091.101013183594,1901,1901,1901,1901,1901,1901,1901,1901,1901,1901,1901,1901,1901,1901,1901,1901,4.014106750488281,5.2891387939453125,1.9787826538085938,2.461456298828125,24.20954132080078,12.309822082519531,15.569541931152344,47.96256637573242,1.0885467529296875,9.910804748535156,2.7196731567382813,14.826126098632813,29.86321258544922,31.057235717773438,64.99700927734375,6.167564392089844,16441667584,16151695360,14596091904,9757175808
200,1776521310502,3489.792205810547,3700,0,1.05,34091.179763793945,1901,1901,1901,1901,1901,1901,1901,1901,1901,1901,1901,1901,1901,1901,1901,1901,0,16.66333770751953,0,0,5.495674133300781,29.17498016357422,0,11.763137817382813,0,19.311378479003906,11.56353759765625,20.538925170898438,15.332664489746094,0,30.87824249267578,18.406517028808594,16441667584,16151695360,14596124672,9756815360
1,1776521310703,3731.4073791503906,2725,0,0.80625,34094.32150268555,1901,1901,1901,1901,1901,1901,1901,1901,1901,1901,1901,1901,1901,1901,1901,1901,33.78440856933594,34.63481903076172,25.267822265625,26.123329162597656,24.891212463378906,24.00684356689453,31.717864990234375,28.296897888183594,24.131301879882813,24.974517822265625,16.063690185546875,21.931861877441406,53.29304122924805,48.67012405395508,26.82036590576172,41.56464767456055,16441667584,16151695360,14609543168,9758453760
