Delta,Time,CORE0_ENERGY (J),CORE0_FREQ (MHZ),CORE0_PSTATE,CORE0_VOLT (V),CPU_ENERGY (J),CPU_FREQUENCY_0,CPU_FREQUENCY_1,CPU_FREQUENCY_10,CPU_FREQUENCY_11,CPU_FREQUENCY_12,CPU_FREQUENCY_13,CPU_FREQUENCY_14,CPU_FREQUENCY_15,CPU_FREQUENCY_2,CPU_FREQUENCY_3,CPU_FREQUENCY_4,CPU_FREQUENCY_5,CPU_FREQUENCY_6,CPU_FREQUENCY_7,CPU_FREQUENCY_8,CPU_FREQUENCY_9,CPU_USAGE_0,CPU_USAGE_1,CPU_USAGE_10,CPU_USAGE_11,CPU_USAGE_12,CPU_USAGE_13,CPU_USAGE_14,CPU_USAGE_15,CPU_USAGE_2,CPU_USAGE_3,CPU_USAGE_4,CPU_USAGE_5,CPU_USAGE_6,CPU_USAGE_7,CPU_USAGE_8,CPU_USAGE_9,TOTAL_MEMORY,TOTAL_SWAP,USED_MEMORY,USED_SWAP
0,1776521257906,3413.787109375,2925,0,0.85,33305.62977600098,1901,1901,1901,1901,1901,1901,1901,1901,1901,1901,1901,1901,1901,1901,1901,1901,43.959110260009766,18.008148193359375,20.253005981445313,34.82740783691406,47.62564468383789,13.326217651367188,8.540687561035156,7.411705017089844,28.24761199951172,9.114852905273438,21.018142700195313,33.63539123535156,95.73870849609375,62.959564208984375,75.75405883789063,14.117568969726563,16441667584,16151695360,14562086912,9763241984
199,1776521257906,3413.794418334961,3000,0,0.8625,33305.67630004883,1901,1901,1901,1901,1901,1901,1901,1901,1901,1901,1901,1901,1901,1901,1901,1901,0,0,0,0,83.84080505371094,0,0,0,0,0,0,0,0,0,22.78374481201172,38.349124908447266,16441667584,16151695360,14562115584,9763241984
1,1776521258107,1160.80322265625,2925,0,0.85,33308.8224029541,1901,1901,1901,1901,1901,1901,1901,1901,1901,1901,1901,1901,1901,1901,1901,1901,17.03692626953125,15.222404479980469,13.483123779296875,15.947967529296875,35.61835479736328,26.892906188964844,17.41144561767578,18.187530517578125,16.592552185058594,11.272865295410156,21.21155548095703,17.9537353515625,36.177589416503906,37.607879638671875,32.045074462890625,25.377357482910156,16441667584,16151695360,14545551360,9746382848
