Delta,Time,CORE0_ENERGY (J),CORE0_FREQ (MHZ),CORE0_PSTATE,CORE0_VOLT (V),CPU_ENERGY (J),CPU_FREQUENCY_0,CPU_FREQUENCY_1,CPU_FREQUENCY_10,CPU_FREQUENCY_11,CPU_FREQUENCY_12,CPU_FREQUENCY_13,CPU_FREQUENCY_14,CPU_FREQUENCY_15,CPU_FREQUENCY_2,CPU_FREQUENCY_3,CPU_FREQUENCY_4,CPU_FREQUENCY_5,CPU_FREQUENCY_6,CPU_FREQUENCY_7,CPU_FREQUENCY_8,CPU_FREQUENCY_9,CPU_USAGE_0,CPU_USAGE_1,CPU_USAGE_10,CPU_USAGE_11,CPU_USAGE_12,CPU_USAGE_13,CPU_USAGE_14,CPU_USAGE_15,CPU_USAGE_2,CPU_USAGE_3,CPU_USAGE_4,CPU_USAGE_5,CPU_USAGE_6,CPU_USAGE_7,CPU_USAGE_8,CPU_USAGE_9,TOTAL_MEMORY,TOTAL_SWAP,USED_MEMORY,USED_SWAP
0,1776521297491,3471.6607360839844,2975,0,0.8625,33896.484619140625,1901,1901,1901,1901,1901,1901,1901,1901,1901,1901,1901,1901,1901,1901,1901,1901,33.627525329589844,37.9664306640625,57.306514739990234,69.78843688964844,16.723281860351563,39.76321029663086,36.96343994140625,38.69900131225586,48.355587005615234,41.46715545654297,13.487602233886719,21.617164611816406,60.771583557128906,65.11520385742188,47.528167724609375,39.800880432128906,16441667584,16151695360,14565380096,9728884736
199,1776521297491,3714.334762573242,2975,0,0.8625,33896.515228271484,1901,1901,1901,1901,1901,1901,1901,1901,1901,1901,1901,1901,1901,1901,1901,1901,0,12.131103515625,24.472702026367188,0.09450531005859375,3.5826263427734375,79.29034423828125,0,1.099700927734375,37.892520904541016,0,0,31.0709228515625,5.2622528076171875,0,66.21418762207031,0,16441667584,16151695360,14565425152,9728884736
1,1776521297692,3714.4806060791016,3675,0,1.0375,33898.61749267578,1901,1901,1901,1901,1901,1901,1901,1901,1901,1901,1901,1901,1901,1901,1901,1901,10.708549499511719,7.940940856933594,6.2789154052734375,6.057044982910156,5.9637603759765625,11.772674560546875,7.645668029785156,8.046554565429688,8.613471984863281,6.239387512207031,3.3061370849609375,3.3779449462890625,23.43231964111328,24.51165771484375,12.797515869140625,17.458465576171875,16441667584,16151695360,14572998656,9728004096
