Delta,Time,CORE0_ENERGY (J),CORE0_FREQ (MHZ),CORE0_PSTATE,CORE0_VOLT (V),CPU_ENERGY (J),CPU_FREQUENCY_0,CPU_FREQUENCY_1,CPU_FREQUENCY_10,CPU_FREQUENCY_11,CPU_FREQUENCY_12,CPU_FREQUENCY_13,CPU_FREQUENCY_14,CPU_FREQUENCY_15,CPU_FREQUENCY_2,CPU_FREQUENCY_3,CPU_FREQUENCY_4,CPU_FREQUENCY_5,CPU_FREQUENCY_6,CPU_FREQUENCY_7,CPU_FREQUENCY_8,CPU_FREQUENCY_9,CPU_USAGE_0,CPU_USAGE_1,CPU_USAGE_10,CPU_USAGE_11,CPU_USAGE_12,CPU_USAGE_13,CPU_USAGE_14,CPU_USAGE_15,CPU_USAGE_2,CPU_USAGE_3,CPU_USAGE_4,CPU_USAGE_5,CPU_USAGE_6,CPU_USAGE_7,CPU_USAGE_8,CPU_USAGE_9,TOTAL_MEMORY,TOTAL_SWAP,USED_MEMORY,USED_SWAP
0,1776521349938,3552.0415954589844,3750,0,1.0625,34680.66094970703,1901,1901,1901,1901,1901,1901,1901,1901,1901,1901,1901,1901,1901,1901,1901,1901,0,6.48388671875,0,10.787002563476563,62.75929260253906,5.7808074951171875,0,12.987838745117188,13.595840454101563,3.5441970825195313,18.648269653320313,25.46886444091797,11.488334655761719,53.9620361328125,55.984928131103516,7.911865234375,16441667584,16151695360,14333321216,9302839296
199,1776521349939,3552.0523223876953,3725,0,1.05625,34680.72627258301,1901,1901,1901,1901,1901,1901,1901,1901,1901,1901,1901,1901,1901,1901,1901,1901,0,7.5897674560546875,0,0,89.70162963867188,0,0,1.7215957641601563,0,0,0,20.34148406982422,0,0,23.177719116210938,24.797210693359375,16441667584,16151695360,14333648896,9302839296
0,1776521350139,3552.395538330078,4275,0,1.2875,34683.44242858887,1901,1901,1901,1901,1901,1901,1901,1901,1901,1901,1901,1901,1901,1901,1901,1901,5.59722900390625,9.190757751464844,1.8810501098632813,2.8852615356445313,28.587142944335938,9.776123046875,5.6261749267578125,7.0509796142578125,5.9294281005859375,7.122947692871094,3.6095046997070313,10.201324462890625,14.840019226074219,24.356712341308594,17.803359985351563,19.183883666992188,16441667584,16151695360,14320123904,9283272704
