Delta,Time,CORE0_ENERGY (J),CORE0_FREQ (MHZ),CORE0_PSTATE,CORE0_VOLT (V),CPU_ENERGY (J),CPU_FREQUENCY_0,CPU_FREQUENCY_1,CPU_FREQUENCY_10,CPU_FREQUENCY_11,CPU_FREQUENCY_12,CPU_FREQUENCY_13,CPU_FREQUENCY_14,CPU_FREQUENCY_15,CPU_FREQUENCY_2,CPU_FREQUENCY_3,CPU_FREQUENCY_4,CPU_FREQUENCY_5,CPU_FREQUENCY_6,CPU_FREQUENCY_7,CPU_FREQUENCY_8,CPU_FREQUENCY_9,CPU_USAGE_0,CPU_USAGE_1,CPU_USAGE_10,CPU_USAGE_11,CPU_USAGE_12,CPU_USAGE_13,CPU_USAGE_14,CPU_USAGE_15,CPU_USAGE_2,CPU_USAGE_3,CPU_USAGE_4,CPU_USAGE_5,CPU_USAGE_6,CPU_USAGE_7,CPU_USAGE_8,CPU_USAGE_9,TOTAL_MEMORY,TOTAL_SWAP,USED_MEMORY,USED_SWAP
0,1776521300716,3718.6222534179688,3400,0,0.9625,33944.62257385254,1901,1901,1901,1901,1901,1901,1901,1901,1901,1901,1901,1901,1901,1901,1901,1901,5.620750427246094,32.145599365234375,17.5606689453125,18.898765563964844,44.82891082763672,23.889266967773438,23.243064880371094,21.215240478515625,9.962142944335938,5.191398620605469,18.48682403564453,28.60271453857422,41.59861373901367,44.41624069213867,31.582077026367188,26.048362731933594,16441667584,16151695360,14573617152,9728892928
199,1776521300717,3718.6311645507813,3425,0,0.96875,33944.677978515625,1901,1901,1901,1901,1901,1901,1901,1901,1901,1901,1901,1901,1901,1901,1901,1901,4.168426513671875,14.394149780273438,0.27623748779296875,0.27375030517578125,47.243858337402344,14.61065673828125,0.27375030517578125,5.957740783691406,0.2936553955078125,0.291168212890625,2.5508270263671875,30.871261596679688,6.666999816894531,2.5284347534179688,70.91805267333984,0.27623748779296875,16441667584,16151695360,14573678592,9728892928
0,1776521300917,3718.875961303711,3675,0,1.0375,33947.51914978027,1901,1901,1901,1901,1901,1901,1901,1901,1901,1901,1901,1901,1901,1901,1901,1901,9.6519775390625,11.102859497070313,13.353614807128906,10.81866455078125,21.320327758789063,11.390640258789063,20.753143310546875,17.25556182861328,13.697494506835938,15.845069885253906,7.7608642578125,9.776100158691406,49.90006637573242,50.42018127441406,4.442756652832031,22.16522979736328,16441667584,16151695360,14568960000,9729994752
