Delta,Time,CORE0_ENERGY (J),CORE0_FREQ (MHZ),CORE0_PSTATE,CORE0_VOLT (V),CPU_ENERGY (J),CPU_FREQUENCY_0,CPU_FREQUENCY_1,CPU_FREQUENCY_10,CPU_FREQUENCY_11,CPU_FREQUENCY_12,CPU_FREQUENCY_13,CPU_FREQUENCY_14,CPU_FREQUENCY_15,CPU_FREQUENCY_2,CPU_FREQUENCY_3,CPU_FREQUENCY_4,CPU_FREQUENCY_5,CPU_FREQUENCY_6,CPU_FREQUENCY_7,CPU_FREQUENCY_8,CPU_FREQUENCY_9,CPU_USAGE_0,CPU_USAGE_1,CPU_USAGE_10,CPU_USAGE_11,CPU_USAGE_12,CPU_USAGE_13,CPU_USAGE_14,CPU_USAGE_15,CPU_USAGE_2,CPU_USAGE_3,CPU_USAGE_4,CPU_USAGE_5,CPU_USAGE_6,CPU_USAGE_7,CPU_USAGE_8,CPU_USAGE_9,TOTAL_MEMORY,TOTAL_SWAP,USED_MEMORY,USED_SWAP
0,1776521313778,3494.719680786133,2475,0,0.75625,34140.15451049805,1901,1901,1901,1901,1901,1901,1901,1901,1901,1901,1901,1901,1901,1901,1901,1901,70.53302001953125,56.978736877441406,76.24749755859375,86.67791748046875,80.0072021484375,42.17527389526367,46.603668212890625,59.968502044677734,48.49634552001953,47.679603576660156,68.71369171142578,57.9453239440918,55.06941223144531,73.51782989501953,82.09877014160156,76.1876449584961,16441667584,16151695360,14469869568,9648041984
199,1776521313779,3494.7267150878906,2475,0,0.75625,34140.23107910156,1901,1901,1901,1901,1901,1901,1901,1901,1901,1901,1901,1901,1901,1901,1901,1901,52.620426177978516,47.571224212646484,97.89923858642578,89.9458236694336,78.47639465332031,78.45059204101563,98.3525619506836,88.5453109741211,53.14561462402344,39.367191314697266,52.99635314941406,50.661556243896484,58.607601165771484,70.19680786132813,78.46533966064453,59.39815139770508,16441667584,16151695360,14470766592,9648041984
0,1776521313979,3494.9708099365234,2400,0,0.74375,34143.04588317871,1901,1901,1901,1901,1901,1901,1901,1901,1901,1901,1901,1901,1901,1901,1901,1901,27.62316131591797,33.606056213378906,30.21953582763672,30.880897521972656,40.13241195678711,42.168434143066406,45.0805549621582,41.850433349609375,30.18083953857422,34.57678985595703,39.41425704956055,48.76371765136719,67.73988342285156,61.58916473388672,44.14520263671875,44.005001068115234,16441667584,16151695360,14481928192,9648156672
