Delta,Time,CORE0_ENERGY (J),CORE0_FREQ (MHZ),CORE0_PSTATE,CORE0_VOLT (V),CPU_ENERGY (J),CPU_FREQUENCY_0,CPU_FREQUENCY_1,CPU_FREQUENCY_10,CPU_FREQUENCY_11,CPU_FREQUENCY_12,CPU_FREQUENCY_13,CPU_FREQUENCY_14,CPU_FREQUENCY_15,CPU_FREQUENCY_2,CPU_FREQUENCY_3,CPU_FREQUENCY_4,CPU_FREQUENCY_5,CPU_FREQUENCY_6,CPU_FREQUENCY_7,CPU_FREQUENCY_8,CPU_FREQUENCY_9,CPU_USAGE_0,CPU_USAGE_1,CPU_USAGE_10,CPU_USAGE_11,CPU_USAGE_12,CPU_USAGE_13,CPU_USAGE_14,CPU_USAGE_15,CPU_USAGE_2,CPU_USAGE_3,CPU_USAGE_4,CPU_USAGE_5,CPU_USAGE_6,CPU_USAGE_7,CPU_USAGE_8,CPU_USAGE_9,TOTAL_MEMORY,TOTAL_SWAP,USED_MEMORY,USED_SWAP
0,1776521307252,3727.0389251708984,4075,0,1.19375,34042.27877807617,1901,1901,1901,1901,1901,1901,1901,1901,1901,1901,1901,1901,1901,1901,1901,1901,0.0702667236328125,0,12.458724975585938,23.732200622558594,63.390846252441406,3.6776809692382813,0,10.552162170410156,23.324981689453125,17.694168090820313,0.40721893310546875,7.1089935302734375,66.34382629394531,49.872161865234375,11.241302490234375,19.324745178222656,16441667584,16151695360,14576939008,9732599808
200,1776521307252,3484.6640625,4025,0,1.175,34042.34341430664,1901,1901,1901,1901,1901,1901,1901,1901,1901,1901,1901,1901,1901,1901,1901,1901,26.618011474609375,33.2266845703125,36.77931213378906,23.64527130126953,82.28353881835938,23.93854522705078,21.06578826904297,25.378257751464844,29.214157104492188,54.07585144042969,23.332000732421875,48.613609313964844,76.93461608886719,72.13890838623047,22.84876251220703,94.38778686523438,16441667584,16151695360,14576873472,9732468736
0,1776521307453,3727.2705993652344,2400,0,0.74375,34045.52217102051,1901,1901,1901,1901,1901,1901,1901,1901,1901,1901,1901,1901,1901,1901,1901,1901,9.1324462890625,9.120651245117188,8.94342041015625,8.4599609375,5.678260803222656,9.821998596191406,13.717231750488281,9.649696350097656,11.215682983398438,10.757156372070313,2.3849411010742188,3.7800674438476563,30.376113891601563,32.02387237548828,23.227821350097656,6.360603332519531,16441667584,16151695360,14576959488,9732931584
