Delta,Time,CORE0_ENERGY (J),CORE0_FREQ (MHZ),CORE0_PSTATE,CORE0_VOLT (V),CPU_ENERGY (J),CPU_FREQUENCY_0,CPU_FREQUENCY_1,CPU_FREQUENCY_10,CPU_FREQUENCY_11,CPU_FREQUENCY_12,CPU_FREQUENCY_13,CPU_FREQUENCY_14,CPU_FREQUENCY_15,CPU_FREQUENCY_2,CPU_FREQUENCY_3,CPU_FREQUENCY_4,CPU_FREQUENCY_5,CPU_FREQUENCY_6,CPU_FREQUENCY_7,CPU_FREQUENCY_8,CPU_FREQUENCY_9,CPU_USAGE_0,CPU_USAGE_1,CPU_USAGE_10,CPU_USAGE_11,CPU_USAGE_12,CPU_USAGE_13,CPU_USAGE_14,CPU_USAGE_15,CPU_USAGE_2,CPU_USAGE_3,CPU_USAGE_4,CPU_USAGE_5,CPU_USAGE_6,CPU_USAGE_7,CPU_USAGE_8,CPU_USAGE_9,TOTAL_MEMORY,TOTAL_SWAP,USED_MEMORY,USED_SWAP
0,1776521333497,3524.6174926757813,3400,0,0.95625,34434.41766357422,1901,1901,1901,1901,1901,1901,1901,1901,1901,1901,1901,1901,1901,1901,1901,1901,4.292793273925781,13.278495788574219,20.7999267578125,25.7152099609375,49.498313903808594,10.793922424316406,21.46319580078125,27.21564483642578,18.173004150390625,13.556266784667969,19.493392944335938,11.915023803710938,61.19019317626953,34.18537902832031,28.480636596679688,39.99707794189453,16441667584,16151695360,14201688064,9335197696
199,1776521333497,3524.6232147216797,3375,0,0.95,34434.448989868164,1901,1901,1901,1901,1901,1901,1901,1901,1901,1901,1901,1901,1901,1901,1901,1901,0,40.51225662231445,0,0,0,86.53079223632813,8.496116638183594,0,0,0,0,47.61311721801758,0.44847869873046875,0,79.52960205078125,0,16441667584,16151695360,14201978880,9335197696
0,1776521333698,3764.4300079345703,3525,0,1,34437.36837768555,1901,1901,1901,1901,1901,1901,1901,1901,1901,1901,1901,1901,1901,1901,1901,1901,14.176597595214844,16.805892944335938,14.124641418457031,13.96563720703125,26.846824645996094,24.5628662109375,13.823440551757813,13.627174377441406,19.65758514404297,14.052360534667969,19.015670776367188,17.73370361328125,50.18525695800781,54.654319763183594,51.30516815185547,16.323532104492188,16441667584,16151695360,14210592768,9333006336
