Delta,Time,CORE0_ENERGY (J),CORE0_FREQ (MHZ),CORE0_PSTATE,CORE0_VOLT (V),CPU_ENERGY (J),CPU_FREQUENCY_0,CPU_FREQUENCY_1,CPU_FREQUENCY_10,CPU_FREQUENCY_11,CPU_FREQUENCY_12,CPU_FREQUENCY_13,CPU_FREQUENCY_14,CPU_FREQUENCY_15,CPU_FREQUENCY_2,CPU_FREQUENCY_3,CPU_FREQUENCY_4,CPU_FREQUENCY_5,CPU_FREQUENCY_6,CPU_FREQUENCY_7,CPU_FREQUENCY_8,CPU_FREQUENCY_9,CPU_USAGE_0,CPU_USAGE_1,CPU_USAGE_10,CPU_USAGE_11,CPU_USAGE_12,CPU_USAGE_13,CPU_USAGE_14,CPU_USAGE_15,CPU_USAGE_2,CPU_USAGE_3,CPU_USAGE_4,CPU_USAGE_5,CPU_USAGE_6,CPU_USAGE_7,CPU_USAGE_8,CPU_USAGE_9,TOTAL_MEMORY,TOTAL_SWAP,USED_MEMORY,USED_SWAP
0,1776521330185,1108.045913696289,2540,0,0.76875,34384.71893310547,1901,1901,1901,1901,1901,1901,1901,1901,1901,1901,1901,1901,1901,1901,1901,1901,25.48845672607422,15.688552856445313,1.686859130859375,18.362686157226563,12.8837890625,47.902313232421875,15.950546264648438,22.150436401367188,6.133506774902344,10.405258178710938,66.03585052490234,72.28713989257813,37.84256362915039,45.8920783996582,43.759056091308594,29.581031799316406,16441667584,16151695360,14198890496,9336975360
199,1776521330185,3519.581039428711,3075,0,0.88125,34384.780838012695,1901,1901,1901,1901,1901,1901,1901,1901,1901,1901,1901,1901,1901,1901,1901,1901,33.54862976074219,38.9166374206543,23.82879638671875,58.60029983520508,41.58054733276367,49.74164581298828,42.31829071044922,41.39970016479492,40.31748580932617,25.028709411621094,81.71431732177734,21.01274871826172,50.4679069519043,48.007808685302734,28.384429931640625,71.09025573730469,16441667584,16151695360,14198947840,9336975360
0,1776521330386,3519.904525756836,3025,0,0.86875,34387.73406982422,1901,1901,1901,1901,1901,1901,1901,1901,1901,1901,1901,1901,1901,1901,1901,1901,39.13697814941406,41.67150115966797,39.130653381347656,47.084373474121094,49.47024154663086,58.51057052612305,31.194908142089844,36.539405822753906,28.298431396484375,29.75043487548828,33.59900665283203,42.75312805175781,54.64884948730469,50.25047302246094,60.48891830444336,63.46841049194336,16441667584,16151695360,14192951296,9340260352
