Delta,Time,CORE0_ENERGY (J),CORE0_FREQ (MHZ),CORE0_PSTATE,CORE0_VOLT (V),CPU_ENERGY (J),CPU_FREQUENCY_0,CPU_FREQUENCY_1,CPU_FREQUENCY_10,CPU_FREQUENCY_11,CPU_FREQUENCY_12,CPU_FREQUENCY_13,CPU_FREQUENCY_14,CPU_FREQUENCY_15,CPU_FREQUENCY_2,CPU_FREQUENCY_3,CPU_FREQUENCY_4,CPU_FREQUENCY_5,CPU_FREQUENCY_6,CPU_FREQUENCY_7,CPU_FREQUENCY_8,CPU_FREQUENCY_9,CPU_USAGE_0,CPU_USAGE_1,CPU_USAGE_10,CPU_USAGE_11,CPU_USAGE_12,CPU_USAGE_13,CPU_USAGE_14,CPU_USAGE_15,CPU_USAGE_2,CPU_USAGE_3,CPU_USAGE_4,CPU_USAGE_5,CPU_USAGE_6,CPU_USAGE_7,CPU_USAGE_8,CPU_USAGE_9,TOTAL_MEMORY,TOTAL_SWAP,USED_MEMORY,USED_SWAP
0,1776521284446,3697.5970611572266,3675,0,1.0375,33700.743423461914,1901,1901,1901,1901,1901,1901,1901,1901,1901,1901,1901,1901,1901,1901,1901,1901,6.344154357910156,21.7186279296875,7.630889892578125,8.868873596191406,15.907546997070313,38.217594146728516,33.51262664794922,28.194656372070313,15.5838623046875,23.579200744628906,25.239166259765625,25.219985961914063,56.65145492553711,40.3962516784668,10.03253173828125,48.28208923339844,16441667584,16151695360,14597681152,9763700736
199,1776521284447,3697.615264892578,4350,0,1.3,33700.859466552734,1901,1901,1901,1901,1901,1901,1901,1901,1901,1901,1901,1901,1901,1901,1901,1901,8.780525207519531,3.2442703247070313,0,0,52.71063995361328,16.113876342773438,21.67761993408203,0,0,0,12.402206420898438,1.3846893310546875,6.533531188964844,0,66.64250183105469,1.0797576904296875,16441667584,16151695360,14597718016,9764487168
0,1776521284647,3698.076690673828,2900,0,0.84375,33704.43444824219,1901,1901,1901,1901,1901,1901,1901,1901,1901,1901,1901,1901,1901,1901,1901,1901,12.831565856933594,16.391616821289063,13.466598510742188,12.751335144042969,33.71556854248047,11.840919494628906,10.240478515625,9.270606994628906,8.043281555175781,6.546638488769531,4.0995941162109375,10.987922668457031,50.526649475097656,47.32845687866211,14.374153137207031,18.002975463867188,16441667584,16151695360,14596911104,9765928960
