Delta,Time,CORE0_ENERGY (J),CORE0_FREQ (MHZ),CORE0_PSTATE,CORE0_VOLT (V),CPU_ENERGY (J),CPU_FREQUENCY_0,CPU_FREQUENCY_1,CPU_FREQUENCY_10,CPU_FREQUENCY_11,CPU_FREQUENCY_12,CPU_FREQUENCY_13,CPU_FREQUENCY_14,CPU_FREQUENCY_15,CPU_FREQUENCY_2,CPU_FREQUENCY_3,CPU_FREQUENCY_4,CPU_FREQUENCY_5,CPU_FREQUENCY_6,CPU_FREQUENCY_7,CPU_FREQUENCY_8,CPU_FREQUENCY_9,CPU_USAGE_0,CPU_USAGE_1,CPU_USAGE_10,CPU_USAGE_11,CPU_USAGE_12,CPU_USAGE_13,CPU_USAGE_14,CPU_USAGE_15,CPU_USAGE_2,CPU_USAGE_3,CPU_USAGE_4,CPU_USAGE_5,CPU_USAGE_6,CPU_USAGE_7,CPU_USAGE_8,CPU_USAGE_9,TOTAL_MEMORY,TOTAL_SWAP,USED_MEMORY,USED_SWAP
0,1776521343335,3540.9990997314453,3800,0,1.08125,34581.81889343262,1901,1901,1901,1901,1901,1901,1901,1901,1901,1901,1901,1901,1901,1901,1901,1901,47.9891471862793,40.70195770263672,7.2685394287109375,15.72503662109375,27.44701385498047,27.764053344726563,11.651107788085938,5.580780029296875,0,0,2.0765914916992188,13.031150817871094,58.999656677246094,53.38064193725586,17.81188201904297,38.87992858886719,16441667584,16151695360,14218391552,9324302336
200,1776521343336,3781.4249877929688,3625,0,1.025,34581.91102600098,1901,1901,1901,1901,1901,1901,1901,1901,1901,1901,1901,1901,1901,1901,1901,1901,18.781959533691406,4.271697998046875,21.83800506591797,8.555343627929688,70.68900299072266,7.146697998046875,5.7440185546875,37.9518928527832,8.346427917480469,6.915901184082031,15.592605590820313,23.863433837890625,5.419708251953125,10.200752258300781,10.268402099609375,39.63510513305664,16441667584,16151695360,14218272768,9324335104
0,1776521343536,3541.391159057617,3675,0,1.0375,34584.62893676758,1901,1901,1901,1901,1901,1901,1901,1901,1901,1901,1901,1901,1901,1901,1901,1901,5.3053131103515625,8.298660278320313,3.3894500732421875,3.9901504516601563,26.00719451904297,13.030364990234375,3.4637527465820313,5.4044647216796875,3.8906478881835938,2.9107589721679688,6.987335205078125,10.781829833984375,22.670433044433594,17.692970275878906,26.767868041992188,20.919044494628906,16441667584,16151695360,14213369856,9321115648
