Delta,Time,CORE0_ENERGY (J),CORE0_FREQ (MHZ),CORE0_PSTATE,CORE0_VOLT (V),CPU_ENERGY (J),CPU_FREQUENCY_0,CPU_FREQUENCY_1,CPU_FREQUENCY_10,CPU_FREQUENCY_11,CPU_FREQUENCY_12,CPU_FREQUENCY_13,CPU_FREQUENCY_14,CPU_FREQUENCY_15,CPU_FREQUENCY_2,CPU_FREQUENCY_3,CPU_FREQUENCY_4,CPU_FREQUENCY_5,CPU_FREQUENCY_6,CPU_FREQUENCY_7,CPU_FREQUENCY_8,CPU_FREQUENCY_9,CPU_USAGE_0,CPU_USAGE_1,CPU_USAGE_10,CPU_USAGE_11,CPU_USAGE_12,CPU_USAGE_13,CPU_USAGE_14,CPU_USAGE_15,CPU_USAGE_2,CPU_USAGE_3,CPU_USAGE_4,CPU_USAGE_5,CPU_USAGE_6,CPU_USAGE_7,CPU_USAGE_8,CPU_USAGE_9,TOTAL_MEMORY,TOTAL_SWAP,USED_MEMORY,USED_SWAP
0,1776521261368,3418.6183471679688,3225,0,0.9125,33357.16744995117,1901,1901,1901,1901,1901,1901,1901,1901,1901,1901,1901,1901,1901,1901,1901,1901,9.737358093261719,4.216461181640625,34.05403137207031,36.035804748535156,25.18230438232422,22.978729248046875,19.112510681152344,16.691131591796875,18.936187744140625,13.933082580566406,18.38170623779297,12.004753112792969,100,45.38143539428711,20.69298553466797,55.83603286743164,16441667584,16151695360,14585069568,9786372096
199,1776521261369,3666.406036376953,3350,0,0.94375,33357.55436706543,1901,1901,1901,1901,1901,1901,1901,1901,1901,1901,1901,1901,1901,1901,1901,1901,1.8233718872070313,0.7622451782226563,0,0,13.901382446289063,12.802543640136719,5.413963317871094,8.698440551757813,4.055152893066406,0,2.795440673828125,4.8775787353515625,100,11.994964599609375,75.29837799072266,7.7047119140625,16441667584,16151695360,14587609088,9794461696
0,1776521261569,3418.875930786133,2820,0,0.825,33360.51736450195,1901,1901,1901,1901,1901,1901,1901,1901,1901,1901,1901,1901,1901,1901,1901,1901,13.522102355957031,11.908355712890625,13.305816650390625,11.509773254394531,10.921241760253906,11.244270324707031,21.74645233154297,17.01605987548828,16.834014892578125,16.076309204101563,9.804252624511719,12.005081176757813,97.9925765991211,41.703826904296875,10.145004272460938,13.771438598632813,16441667584,16151695360,14581919744,9782571008
