Delta,Time,CORE0_ENERGY (J),CORE0_FREQ (MHZ),CORE0_PSTATE,CORE0_VOLT (V),CPU_ENERGY (J),CPU_FREQUENCY_0,CPU_FREQUENCY_1,CPU_FREQUENCY_10,CPU_FREQUENCY_11,CPU_FREQUENCY_12,CPU_FREQUENCY_13,CPU_FREQUENCY_14,CPU_FREQUENCY_15,CPU_FREQUENCY_2,CPU_FREQUENCY_3,CPU_FREQUENCY_4,CPU_FREQUENCY_5,CPU_FREQUENCY_6,CPU_FREQUENCY_7,CPU_FREQUENCY_8,CPU_FREQUENCY_9,CPU_USAGE_0,CPU_USAGE_1,CPU_USAGE_10,CPU_USAGE_11,CPU_USAGE_12,CPU_USAGE_13,CPU_USAGE_14,CPU_USAGE_15,CPU_USAGE_2,CPU_USAGE_3,CPU_USAGE_4,CPU_USAGE_5,CPU_USAGE_6,CPU_USAGE_7,CPU_USAGE_8,CPU_USAGE_9,TOTAL_MEMORY,TOTAL_SWAP,USED_MEMORY,USED_SWAP
0,1776521317047,3499.247039794922,2980,0,0.8625,34188.39404296875,1901,1901,1901,1901,1901,1901,1901,1901,1901,1901,1901,1901,1901,1901,1901,1901,1.645599365234375,4.902862548828125,33.95995330810547,53.760128021240234,27.59442901611328,20.339881896972656,0.9982833862304688,1.8931045532226563,6.676765441894531,1.6902999877929688,2.4766769409179688,8.1932373046875,51.57896423339844,80.84630584716797,28.25829315185547,28.756614685058594,16441667584,16151695360,14300344320,9483005952
200,1776521317047,3499.255905151367,3725,0,1.05,34188.45362854004,1901,1901,1901,1901,1901,1901,1901,1901,1901,1901,1901,1901,1901,1901,1901,1901,15.822959899902344,28.113067626953125,13.016143798828125,13.742172241210938,72.99967956542969,14.742645263671875,21.129714965820313,13.115943908691406,13.288093566894531,14.483169555664063,26.23188018798828,22.98595428466797,20.48601531982422,100,82.82228088378906,13.018638610839844,16441667584,16151695360,14300327936,9483005952
0,1776521317248,3739.893264770508,2840,0,0.83125,34191.1915435791,1901,1901,1901,1901,1901,1901,1901,1901,1901,1901,1901,1901,1901,1901,1901,1901,4.444099426269531,2.280975341796875,0.8042373657226563,0.8016433715820313,4.983207702636719,11.9041748046875,1.7654037475585938,3.4911346435546875,2.6317901611328125,0.6601104736328125,2.5957717895507813,3.151763916015625,64.36705017089844,31.748138427734375,3.6097869873046875,12.428749084472656,16441667584,16151695360,14300381184,9485389824
