Delta,Time,CORE0_ENERGY (J),CORE0_FREQ (MHZ),CORE0_PSTATE,CORE0_VOLT (V),CPU_ENERGY (J),CPU_FREQUENCY_0,CPU_FREQUENCY_1,CPU_FREQUENCY_10,CPU_FREQUENCY_11,CPU_FREQUENCY_12,CPU_FREQUENCY_13,CPU_FREQUENCY_14,CPU_FREQUENCY_15,CPU_FREQUENCY_2,CPU_FREQUENCY_3,CPU_FREQUENCY_4,CPU_FREQUENCY_5,CPU_FREQUENCY_6,CPU_FREQUENCY_7,CPU_FREQUENCY_8,CPU_FREQUENCY_9,CPU_USAGE_0,CPU_USAGE_1,CPU_USAGE_10,CPU_USAGE_11,CPU_USAGE_12,CPU_USAGE_13,CPU_USAGE_14,CPU_USAGE_15,CPU_USAGE_2,CPU_USAGE_3,CPU_USAGE_4,CPU_USAGE_5,CPU_USAGE_6,CPU_USAGE_7,CPU_USAGE_8,CPU_USAGE_9,TOTAL_MEMORY,TOTAL_SWAP,USED_MEMORY,USED_SWAP
0,1776521274604,1220.621566772461,2825,0,0.825,33553.99348449707,1901,1901,1901,1901,1901,1901,1901,1901,1901,1901,1901,1901,1901,1901,1901,1901,38.14170837402344,32.879425048828125,72.1607666015625,53.112831115722656,71.74397277832031,89.86305236816406,3.1747512817382813,16.984817504882813,9.381362915039063,14.326286315917969,28.008934020996094,19.047927856445313,31.08306121826172,67.5474853515625,64.68531799316406,34.89788818359375,16441667584,16151695360,14591647744,9771081728
200,1776521274605,3684.6356353759766,2775,0,0.81875,33554.05793762207,1901,1901,1901,1901,1901,1901,1901,1901,1901,1901,1901,1901,1901,1901,1901,1901,25.25653076171875,36.946128845214844,100,53.72551345825195,8.759910583496094,70.71186828613281,9.019355773925781,19.82276153564453,41.43248748779297,8.660797119140625,37.2580451965332,36.87616729736328,85.20872497558594,100,82.76585388183594,99.26538848876953,16441667584,16151695360,14591651840,9771081728
0,1776521274806,3439.5152130126953,3775,0,1.06875,33556.88243103027,1901,1901,1901,1901,1901,1901,1901,1901,1901,1901,1901,1901,1901,1901,1901,1901,14.284500122070313,11.447647094726563,14.093818664550781,12.435585021972656,32.11768341064453,30.428298950195313,10.736030578613281,12.75067138671875,13.756645202636719,11.709457397460938,12.49444580078125,12.241500854492188,28.663406372070313,29.170082092285156,36.61949920654297,11.257804870605469,16441667584,16151695360,14598840320,9772421120
