Delta,Time,CORE0_ENERGY (J),CORE0_FREQ (MHZ),CORE0_PSTATE,CORE0_VOLT (V),CPU_ENERGY (J),CPU_FREQUENCY_0,CPU_FREQUENCY_1,CPU_FREQUENCY_10,CPU_FREQUENCY_11,CPU_FREQUENCY_12,CPU_FREQUENCY_13,CPU_FREQUENCY_14,CPU_FREQUENCY_15,CPU_FREQUENCY_2,CPU_FREQUENCY_3,CPU_FREQUENCY_4,CPU_FREQUENCY_5,CPU_FREQUENCY_6,CPU_FREQUENCY_7,CPU_FREQUENCY_8,CPU_FREQUENCY_9,CPU_USAGE_0,CPU_USAGE_1,CPU_USAGE_10,CPU_USAGE_11,CPU_USAGE_12,CPU_USAGE_13,CPU_USAGE_14,CPU_USAGE_15,CPU_USAGE_2,CPU_USAGE_3,CPU_USAGE_4,CPU_USAGE_5,CPU_USAGE_6,CPU_USAGE_7,CPU_USAGE_8,CPU_USAGE_9,TOTAL_MEMORY,TOTAL_SWAP,USED_MEMORY,USED_SWAP
0,1776521447683,3704.485137939453,3750,0,1.0625,36140.97602844238,1901,1901,1901,1901,1901,1901,1901,1901,1901,1901,1901,1901,1901,1901,1901,1901,0.9164047241210938,9.199821472167969,6.252708435058594,6.197906494140625,40.68182373046875,19.717926025390625,8.979095458984375,18.84490203857422,11.22747802734375,30.12109375,34.99082946777344,41.143070220947266,56.94724655151367,71.3410415649414,41.7283821105957,34.40703582763672,16441667584,16151695360,14179262464,9682935808
199,1776521447684,3948.997543334961,3700,0,1.0437500000000002,36141.075927734375,1901,1901,1901,1901,1901,1901,1901,1901,1901,1901,1901,1901,1901,1901,1901,1901,8.532981872558594,24.266685485839844,6.358283996582031,10.429412841796875,52.13372039794922,39.718299865722656,9.039970397949219,13.410331726074219,6.914825439453125,7.753448486328125,28.103378295898438,19.789581298828125,34.576019287109375,22.2425537109375,37.34918975830078,57.415138244628906,16441667584,16151695360,14186303488,9683251200
1,1776521447884,1304.457504272461,3050,0,0.86875,36144.12222290039,1901,1901,1901,1901,1901,1901,1901,1901,1901,1901,1901,1901,1901,1901,1901,1901,15.991683959960938,25.71843719482422,17.073936462402344,17.134178161621094,67.60348510742188,63.33652877807617,10.991729736328125,18.551528930664063,18.002357482910156,16.691238403320313,36.689517974853516,47.312198638916016,38.14451599121094,48.15692901611328,53.73645782470703,53.94662857055664,16441667584,16151695360,14185558016,9682481152
