Delta,Time,CORE0_ENERGY (J),CORE0_FREQ (MHZ),CORE0_PSTATE,CORE0_VOLT (V),CPU_ENERGY (J),CPU_FREQUENCY_0,CPU_FREQUENCY_1,CPU_FREQUENCY_10,CPU_FREQUENCY_11,CPU_FREQUENCY_12,CPU_FREQUENCY_13,CPU_FREQUENCY_14,CPU_FREQUENCY_15,CPU_FREQUENCY_2,CPU_FREQUENCY_3,CPU_FREQUENCY_4,CPU_FREQUENCY_5,CPU_FREQUENCY_6,CPU_FREQUENCY_7,CPU_FREQUENCY_8,CPU_FREQUENCY_9,CPU_USAGE_0,CPU_USAGE_1,CPU_USAGE_10,CPU_USAGE_11,CPU_USAGE_12,CPU_USAGE_13,CPU_USAGE_14,CPU_USAGE_15,CPU_USAGE_2,CPU_USAGE_3,CPU_USAGE_4,CPU_USAGE_5,CPU_USAGE_6,CPU_USAGE_7,CPU_USAGE_8,CPU_USAGE_9,TOTAL_MEMORY,TOTAL_SWAP,USED_MEMORY,USED_SWAP
0,1776521402378,3636.0874633789063,4125,0,1.21875,35462.231689453125,1901,1901,1901,1901,1901,1901,1901,1901,1901,1901,1901,1901,1901,1901,1901,1901,38.26609802246094,16.970291137695313,6.924346923828125,9.171157836914063,23.2020263671875,37.97743606567383,0,7.6662445068359375,0,2.7229232788085938,2.4703445434570313,12.921989440917969,51.423065185546875,34.09107208251953,0.9267044067382813,41.157108306884766,16441667584,16151695360,14158012416,9695096832
199,1776521402378,3883.421417236328,4350,0,1.3,35462.3307800293,1901,1901,1901,1901,1901,1901,1901,1901,1901,1901,1901,1901,1901,1901,1901,1901,2.24127197265625,5.5054168701171875,0,0,1.1582412719726563,27.883071899414063,0,0,0,0,90.38307189941406,0,0,0,0,63.87384796142578,16441667584,16151695360,14158049280,9695096832
0,1776521402579,3636.4815521240234,3675,0,1.0375,35465.66307067871,1901,1901,1901,1901,1901,1901,1901,1901,1901,1901,1901,1901,1901,1901,1901,1901,8.820381164550781,3.2798004150390625,1.5778732299804688,1.1305160522460938,22.251861572265625,4.109153747558594,3.4695205688476563,3.7057723999023438,4.6699066162109375,4.22314453125,8.144386291503906,8.346176147460938,30.394790649414063,31.21898651123047,6.574226379394531,20.542320251464844,16441667584,16151695360,14159462400,9694703616
