Delta,Time,CORE0_ENERGY (J),CORE0_FREQ (MHZ),CORE0_PSTATE,CORE0_VOLT (V),CPU_ENERGY (J),CPU_FREQUENCY_0,CPU_FREQUENCY_1,CPU_FREQUENCY_10,CPU_FREQUENCY_11,CPU_FREQUENCY_12,CPU_FREQUENCY_13,CPU_FREQUENCY_14,CPU_FREQUENCY_15,CPU_FREQUENCY_2,CPU_FREQUENCY_3,CPU_FREQUENCY_4,CPU_FREQUENCY_5,CPU_FREQUENCY_6,CPU_FREQUENCY_7,CPU_FREQUENCY_8,CPU_FREQUENCY_9,CPU_USAGE_0,CPU_USAGE_1,CPU_USAGE_10,CPU_USAGE_11,CPU_USAGE_12,CPU_USAGE_13,CPU_USAGE_14,CPU_USAGE_15,CPU_USAGE_2,CPU_USAGE_3,CPU_USAGE_4,CPU_USAGE_5,CPU_USAGE_6,CPU_USAGE_7,CPU_USAGE_8,CPU_USAGE_9,TOTAL_MEMORY,TOTAL_SWAP,USED_MEMORY,USED_SWAP
0,1776521421761,3666.840621948242,2625,0,0.7875,35752.80741882324,1901,1901,1901,1901,1901,1901,1901,1901,1901,1901,1901,1901,1901,1901,1901,1901,13.148269653320313,20.096595764160156,67.00442504882813,60.70348358154297,94.24652862548828,97.34648895263672,37.74277114868164,37.54936218261719,55.5974006652832,49.95245361328125,38.308502197265625,32.350868225097656,68.27771759033203,63.525150299072266,67.14410400390625,22.6297607421875,16441667584,16151695360,14232420352,9718923264
199,1776521421762,1952.5609436035156,2650,0,0.7875,35752.87731933594,1901,1901,1901,1901,1901,1901,1901,1901,1901,1901,1901,1901,1901,1901,1901,1901,45.186134338378906,8.334281921386719,0,3.2930374145507813,100,91.47603607177734,48.24150466918945,13.265846252441406,3.1993408203125,2.1549835205078125,70.52949523925781,0.0297088623046875,6.4101104736328125,6.133598327636719,58.049774169921875,5.5508575439453125,16441667584,16151695360,14232428544,9718923264
0,1776521421962,3667.168258666992,2720,0,0.80625,35755.716247558594,1901,1901,1901,1901,1901,1901,1901,1901,1901,1901,1901,1901,1901,1901,1901,1901,13.76885986328125,14.904594421386719,20.89655303955078,17.282730102539063,60.38747787475586,62.613311767578125,15.426368713378906,18.309402465820313,14.00958251953125,14.111953735351563,17.877777099609375,21.264816284179688,39.442508697509766,37.95722579956055,39.66008377075195,39.31285858154297,16441667584,16151695360,14231990272,9720348672
