Delta,Time,CORE0_ENERGY (J),CORE0_FREQ (MHZ),CORE0_PSTATE,CORE0_VOLT (V),CPU_ENERGY (J),CPU_FREQUENCY_0,CPU_FREQUENCY_1,CPU_FREQUENCY_10,CPU_FREQUENCY_11,CPU_FREQUENCY_12,CPU_FREQUENCY_13,CPU_FREQUENCY_14,CPU_FREQUENCY_15,CPU_FREQUENCY_2,CPU_FREQUENCY_3,CPU_FREQUENCY_4,CPU_FREQUENCY_5,CPU_FREQUENCY_6,CPU_FREQUENCY_7,CPU_FREQUENCY_8,CPU_FREQUENCY_9,CPU_USAGE_0,CPU_USAGE_1,CPU_USAGE_10,CPU_USAGE_11,CPU_USAGE_12,CPU_USAGE_13,CPU_USAGE_14,CPU_USAGE_15,CPU_USAGE_2,CPU_USAGE_3,CPU_USAGE_4,CPU_USAGE_5,CPU_USAGE_6,CPU_USAGE_7,CPU_USAGE_8,CPU_USAGE_9,TOTAL_MEMORY,TOTAL_SWAP,USED_MEMORY,USED_SWAP
0,1776521428191,1327.608871459961,2600,0,0.78125,35849.07208251953,1901,1901,1901,1901,1901,1901,1901,1901,1901,1901,1901,1901,1901,1901,1901,1901,67.3155517578125,63.480377197265625,44.239471435546875,42.14373779296875,57.72157287597656,34.83198547363281,41.405250549316406,28.518882751464844,23.67412567138672,21.83452606201172,37.53554153442383,24.741844177246094,76.45193481445313,79.05073547363281,66.23516845703125,93.93843078613281,16441667584,16151695360,14228287488,9706123264
199,1776521428192,3676.4481658935547,2575,0,0.775,35849.133544921875,1901,1901,1901,1901,1901,1901,1901,1901,1901,1901,1901,1901,1901,1901,1901,1901,63.96187973022461,46.16256332397461,100,80.1165771484375,100,24.625274658203125,85.48529052734375,70.96595001220703,57.35566329956055,29.572998046875,69.80940246582031,34.07892608642578,35.362693786621094,23.700035095214844,54.61232376098633,62.50231170654297,16441667584,16151695360,14229430272,9706917888
1,1776521428392,3922.732391357422,3400,0,0.9625,35851.989822387695,1901,1901,1901,1901,1901,1901,1901,1901,1901,1901,1901,1901,1901,1901,1901,1901,28.819725036621094,19.39781951904297,12.536735534667969,15.440483093261719,71.49630737304688,38.05321502685547,17.020294189453125,21.694679260253906,16.24541473388672,19.31269073486328,39.4896125793457,39.63097381591797,48.04026794433594,40.528507232666016,36.946998596191406,41.89703369140625,16441667584,16151695360,14235275264,9712111616
