Delta,Time,CORE0_ENERGY (J),CORE0_FREQ (MHZ),CORE0_PSTATE,CORE0_VOLT (V),CPU_ENERGY (J),CPU_FREQUENCY_0,CPU_FREQUENCY_1,CPU_FREQUENCY_10,CPU_FREQUENCY_11,CPU_FREQUENCY_12,CPU_FREQUENCY_13,CPU_FREQUENCY_14,CPU_FREQUENCY_15,CPU_FREQUENCY_2,CPU_FREQUENCY_3,CPU_FREQUENCY_4,CPU_FREQUENCY_5,CPU_FREQUENCY_6,CPU_FREQUENCY_7,CPU_FREQUENCY_8,CPU_FREQUENCY_9,CPU_USAGE_0,CPU_USAGE_1,CPU_USAGE_10,CPU_USAGE_11,CPU_USAGE_12,CPU_USAGE_13,CPU_USAGE_14,CPU_USAGE_15,CPU_USAGE_2,CPU_USAGE_3,CPU_USAGE_4,CPU_USAGE_5,CPU_USAGE_6,CPU_USAGE_7,CPU_USAGE_8,CPU_USAGE_9,TOTAL_MEMORY,TOTAL_SWAP,USED_MEMORY,USED_SWAP
0,1776521483691,2002.3331909179688,2420,0,0.74375,36680.56140136719,1901,1901,1901,1901,1901,1901,1901,1901,1901,1901,1901,1901,1901,1901,1901,1901,29.103469848632813,35.218544006347656,42.643394470214844,30.631759643554688,15.732070922851563,36.49563980102539,20.90838623046875,9.8060302734375,21.028213500976563,13.880828857421875,45.29306411743164,32.556053161621094,65.84196472167969,70.30316162109375,67.84379577636719,16.6259765625,16441667584,16151695360,14592393216,9680130048
199,1776521483691,3998.0179595947266,2975,0,0.85625,36680.62576293945,1901,1901,1901,1901,1901,1901,1901,1901,1901,1901,1901,1901,1901,1901,1901,1901,43.444480895996094,27.992660522460938,18.609535217285156,20.203399658203125,26.41547393798828,65.62521362304688,42.35078430175781,22.990997314453125,22.484161376953125,33.14104461669922,67.76258850097656,39.149715423583984,28.186065673828125,24.114707946777344,74.10136413574219,33.14771270751953,16441667584,16151695360,14592499712,9682231296
0,1776521483891,3757.3909301757813,3750,0,1.0625,36683.52015686035,1901,1901,1901,1901,1901,1901,1901,1901,1901,1901,1901,1901,1901,1901,1901,1901,12.4263916015625,10.529632568359375,6.547325134277344,7.211845397949219,13.337120056152344,10.148529052734375,7.239463806152344,7.894439697265625,7.537757873535156,8.568290710449219,8.547615051269531,9.597831726074219,46.260536193847656,54.859493255615234,36.532161712646484,11.301116943359375,16441667584,16151695360,14608019456,9684992000
