Delta,Time,CORE0_ENERGY (J),CORE0_FREQ (MHZ),CORE0_PSTATE,CORE0_VOLT (V),CPU_ENERGY (J),CPU_FREQUENCY_0,CPU_FREQUENCY_1,CPU_FREQUENCY_10,CPU_FREQUENCY_11,CPU_FREQUENCY_12,CPU_FREQUENCY_13,CPU_FREQUENCY_14,CPU_FREQUENCY_15,CPU_FREQUENCY_2,CPU_FREQUENCY_3,CPU_FREQUENCY_4,CPU_FREQUENCY_5,CPU_FREQUENCY_6,CPU_FREQUENCY_7,CPU_FREQUENCY_8,CPU_FREQUENCY_9,CPU_USAGE_0,CPU_USAGE_1,CPU_USAGE_10,CPU_USAGE_11,CPU_USAGE_12,CPU_USAGE_13,CPU_USAGE_14,CPU_USAGE_15,CPU_USAGE_2,CPU_USAGE_3,CPU_USAGE_4,CPU_USAGE_5,CPU_USAGE_6,CPU_USAGE_7,CPU_USAGE_8,CPU_USAGE_9,TOTAL_MEMORY,TOTAL_SWAP,USED_MEMORY,USED_SWAP
0,1776521392652,1145.7008819580078,3575,0,1.0125000000000002,35319.00325012207,1901,1901,1901,1901,1901,1901,1901,1901,1901,1901,1901,1901,1901,1901,1901,1901,44.57656478881836,53.501548767089844,15.758102416992188,26.572486877441406,39.31782150268555,44.014503479003906,6.740196228027344,36.7530403137207,10.084609985351563,16.848228454589844,33.96691131591797,38.317596435546875,98.16952514648438,98.11815643310547,32.977264404296875,39.454559326171875,16441667584,16151695360,14471495680,9556553728
199,1776521392653,3869.9454498291016,3400,0,0.9625,35319.091857910156,1901,1901,1901,1901,1901,1901,1901,1901,1901,1901,1901,1901,1901,1901,1901,1901,32.811424255371094,16.05841064453125,18.90789031982422,21.10173797607422,39.1774787902832,38.210079193115234,21.165924072265625,25.886024475097656,15.884185791015625,28.71257781982422,58.626380920410156,21.45935821533203,98.06060791015625,64.15341186523438,44.55779266357422,29.441566467285156,16441667584,16151695360,14471495680,9549082624
1,1776521392853,3621.873825073242,2825,0,0.825,35322.12854003906,1901,1901,1901,1901,1901,1901,1901,1901,1901,1901,1901,1901,1901,1901,1901,1901,45.353843688964844,51.08595657348633,34.530235290527344,32.94419860839844,58.98672866821289,44.585140228271484,22.89544677734375,23.381179809570313,23.33666229248047,28.42790985107422,42.2512321472168,46.23301696777344,50.02821731567383,51.795223236083984,60.73976135253906,57.64936828613281,16441667584,16151695360,14479757312,9561378816
