Delta,Time,CORE0_ENERGY (J),CORE0_FREQ (MHZ),CORE0_PSTATE,CORE0_VOLT (V),CPU_ENERGY (J),CPU_FREQUENCY_0,CPU_FREQUENCY_1,CPU_FREQUENCY_10,CPU_FREQUENCY_11,CPU_FREQUENCY_12,CPU_FREQUENCY_13,CPU_FREQUENCY_14,CPU_FREQUENCY_15,CPU_FREQUENCY_2,CPU_FREQUENCY_3,CPU_FREQUENCY_4,CPU_FREQUENCY_5,CPU_FREQUENCY_6,CPU_FREQUENCY_7,CPU_FREQUENCY_8,CPU_FREQUENCY_9,CPU_USAGE_0,CPU_USAGE_1,CPU_USAGE_10,CPU_USAGE_11,CPU_USAGE_12,CPU_USAGE_13,CPU_USAGE_14,CPU_USAGE_15,CPU_USAGE_2,CPU_USAGE_3,CPU_USAGE_4,CPU_USAGE_5,CPU_USAGE_6,CPU_USAGE_7,CPU_USAGE_8,CPU_USAGE_9,TOTAL_MEMORY,TOTAL_SWAP,USED_MEMORY,USED_SWAP
0,1776521457444,3718.8358154296875,3100,0,0.88125,36287.55422973633,1901,1901,1901,1901,1901,1901,1901,1901,1901,1901,1901,1901,1901,1901,1901,1901,16.481842041015625,14.083580017089844,13.850563049316406,12.970420837402344,51.3370475769043,25.7288818359375,13.029380798339844,26.667274475097656,39.801231384277344,24.37358856201172,29.820045471191406,20.50702667236328,61.317535400390625,65.75401306152344,85.35282897949219,10.888702392578125,16441667584,16151695360,14207193088,9709424640
199,1776521457445,3718.847946166992,3125,0,0.89375,36287.62582397461,1901,1901,1901,1901,1901,1901,1901,1901,1901,1901,1901,1901,1901,1901,1901,1901,18.1248779296875,12.582427978515625,29.481040954589844,0,77.79713439941406,0,4.7153778076171875,26.510223388671875,0,15.760566711425781,31.900489807128906,4.336029052734375,0.235992431640625,0,89.24813842773438,16.797157287597656,16441667584,16151695360,14207991808,9710559232
0,1776521457645,3719.1300506591797,3925,0,1.125,36290.483795166016,1901,1901,1901,1901,1901,1901,1901,1901,1901,1901,1901,1901,1901,1901,1901,1901,7.879615783691406,4.553398132324219,3.6298141479492188,3.643951416015625,10.0775146484375,24.898818969726563,4.476837158203125,6.0419158935546875,5.077667236328125,7.465705871582031,8.384674072265625,3.9524154663085938,50.0274772644043,45.42684555053711,14.554351806640625,21.193946838378906,16441667584,16151695360,14202810368,9694748672
