Delta,Time,CORE0_ENERGY (J),CORE0_FREQ (MHZ),CORE0_PSTATE,CORE0_VOLT (V),CPU_ENERGY (J),CPU_FREQUENCY_0,CPU_FREQUENCY_1,CPU_FREQUENCY_10,CPU_FREQUENCY_11,CPU_FREQUENCY_12,CPU_FREQUENCY_13,CPU_FREQUENCY_14,CPU_FREQUENCY_15,CPU_FREQUENCY_2,CPU_FREQUENCY_3,CPU_FREQUENCY_4,CPU_FREQUENCY_5,CPU_FREQUENCY_6,CPU_FREQUENCY_7,CPU_FREQUENCY_8,CPU_FREQUENCY_9,CPU_USAGE_0,CPU_USAGE_1,CPU_USAGE_10,CPU_USAGE_11,CPU_USAGE_12,CPU_USAGE_13,CPU_USAGE_14,CPU_USAGE_15,CPU_USAGE_2,CPU_USAGE_3,CPU_USAGE_4,CPU_USAGE_5,CPU_USAGE_6,CPU_USAGE_7,CPU_USAGE_8,CPU_USAGE_9,TOTAL_MEMORY,TOTAL_SWAP,USED_MEMORY,USED_SWAP
0,1776521441202,3694.7783813476563,3450,0,0.975,36043.99867248535,1901,1901,1901,1901,1901,1901,1901,1901,1901,1901,1901,1901,1901,1901,1901,1901,73.16019439697266,62.09709167480469,2.7881088256835938,5.074821472167969,22.870216369628906,13.437614440917969,15.041938781738281,17.8431396484375,0,1.73602294921875,2.464630126953125,12.045875549316406,40.125694274902344,43.38208770751953,29.68183135986328,45.078060150146484,16441667584,16151695360,14244831232,9714135040
199,1776521441203,3940.709671020508,3400,0,0.9625,36044.07809448242,1901,1901,1901,1901,1901,1901,1901,1901,1901,1901,1901,1901,1901,1901,1901,1901,0,2.1728973388671875,0,0,62.63931655883789,0,0,0,0,0,17.06940460205078,9.141143798828125,20.91411590576172,0,17.090476989746094,50.674346923828125,16441667584,16151695360,14244868096,9715474432
0,1776521441403,3940.9339599609375,3800,0,1.075,36047.00001525879,1901,1901,1901,1901,1901,1901,1901,1901,1901,1901,1901,1901,1901,1901,1901,1901,8.724578857421875,2.7751083374023438,5.1492156982421875,3.1742630004882813,14.389595031738281,4.638725280761719,4.9129638671875,6.61187744140625,3.2335357666015625,4.6096649169921875,1.8781967163085938,2.6520004272460938,35.558570861816406,51.88644027709961,4.384437561035156,20.595306396484375,16441667584,16151695360,14241554432,9714352128
