Delta,Time,CORE0_ENERGY (J),CORE0_FREQ (MHZ),CORE0_PSTATE,CORE0_VOLT (V),CPU_ENERGY (J),CPU_FREQUENCY_0,CPU_FREQUENCY_1,CPU_FREQUENCY_10,CPU_FREQUENCY_11,CPU_FREQUENCY_12,CPU_FREQUENCY_13,CPU_FREQUENCY_14,CPU_FREQUENCY_15,CPU_FREQUENCY_2,CPU_FREQUENCY_3,CPU_FREQUENCY_4,CPU_FREQUENCY_5,CPU_FREQUENCY_6,CPU_FREQUENCY_7,CPU_FREQUENCY_8,CPU_FREQUENCY_9,CPU_USAGE_0,CPU_USAGE_1,CPU_USAGE_10,CPU_USAGE_11,CPU_USAGE_12,CPU_USAGE_13,CPU_USAGE_14,CPU_USAGE_15,CPU_USAGE_2,CPU_USAGE_3,CPU_USAGE_4,CPU_USAGE_5,CPU_USAGE_6,CPU_USAGE_7,CPU_USAGE_8,CPU_USAGE_9,TOTAL_MEMORY,TOTAL_SWAP,USED_MEMORY,USED_SWAP
0,1776521431473,3681.148452758789,3500,0,0.99375,35898.06019592285,1901,1901,1901,1901,1901,1901,1901,1901,1901,1901,1901,1901,1901,1901,1901,1901,27.614524841308594,34.93920135498047,10.951057434082031,18.481056213378906,14.645347595214844,17.287445068359375,5.237846374511719,1.5539398193359375,12.223770141601563,0,1.8559341430664063,11.566238403320313,76.19880676269531,58.23306655883789,44.5384521484375,25.374305725097656,16441667584,16151695360,14236626944,9704837120
199,1776521431474,3926.722915649414,2760,0,0.8125,35898.12628173828,1901,1901,1901,1901,1901,1901,1901,1901,1901,1901,1901,1901,1901,1901,1901,1901,0,0,0,0,3.4819488525390625,2.009735107421875,0,0,0,0,53.71039581298828,0,2.35614013671875,0,0,55.77985382080078,16441667584,16151695360,14236659712,9705943040
0,1776521431674,3681.4403381347656,3850,0,1.1,35901.108947753906,1901,1901,1901,1901,1901,1901,1901,1901,1901,1901,1901,1901,1901,1901,1901,1901,3.077911376953125,1.5623245239257813,2.1843719482421875,2.1806259155273438,5.092628479003906,11.39141845703125,4.792350769042969,6.22265625,2.6801071166992188,6.2016143798828125,1.8452606201171875,2.7450408935546875,41.71888732910156,48.58053970336914,22.664710998535156,6.225654602050781,16441667584,16151695360,14239105024,9705201664
