Delta,Time,CORE0_ENERGY (J),CORE0_FREQ (MHZ),CORE0_PSTATE,CORE0_VOLT (V),CPU_ENERGY (J),CPU_FREQUENCY_0,CPU_FREQUENCY_1,CPU_FREQUENCY_10,CPU_FREQUENCY_11,CPU_FREQUENCY_12,CPU_FREQUENCY_13,CPU_FREQUENCY_14,CPU_FREQUENCY_15,CPU_FREQUENCY_2,CPU_FREQUENCY_3,CPU_FREQUENCY_4,CPU_FREQUENCY_5,CPU_FREQUENCY_6,CPU_FREQUENCY_7,CPU_FREQUENCY_8,CPU_FREQUENCY_9,CPU_USAGE_0,CPU_USAGE_1,CPU_USAGE_10,CPU_USAGE_11,CPU_USAGE_12,CPU_USAGE_13,CPU_USAGE_14,CPU_USAGE_15,CPU_USAGE_2,CPU_USAGE_3,CPU_USAGE_4,CPU_USAGE_5,CPU_USAGE_6,CPU_USAGE_7,CPU_USAGE_8,CPU_USAGE_9,TOTAL_MEMORY,TOTAL_SWAP,USED_MEMORY,USED_SWAP
0,1776521460717,3967.6498260498047,3800,0,1.08125,36336.60173034668,1901,1901,1901,1901,1901,1901,1901,1901,1901,1901,1901,1901,1901,1901,1901,1901,15.851097106933594,9.915260314941406,19.644775390625,13.445808410644531,54.535465240478516,13.920211791992188,32.456756591796875,61.78075408935547,26.349105834960938,35.056304931640625,7.321128845214844,12.582130432128906,60.757652282714844,63.93684768676758,30.81995391845703,28.266067504882813,16441667584,16151695360,14210404352,9678241792
199,1776521460718,1983.4799194335938,3825,0,1.08125,36336.653564453125,1901,1901,1901,1901,1901,1901,1901,1901,1901,1901,1901,1901,1901,1901,1901,1901,0,15.784202575683594,1.9167251586914063,0,60.67961120605469,0,0,1.5263748168945313,0,0,41.13702392578125,0,45.05054473876953,8.88299560546875,90.38134002685547,0,16441667584,16151695360,14210519040,9679167488
0,1776521460918,3723.934783935547,3800,0,1.08125,36339.6358795166,1901,1901,1901,1901,1901,1901,1901,1901,1901,1901,1901,1901,1901,1901,1901,1901,6.19940185546875,7.140678405761719,1.9468536376953125,1.5621337890625,7.955718994140625,16.473876953125,3.58892822265625,6.1505584716796875,3.6050796508789063,5.1597900390625,3.6402664184570313,5.976165771484375,43.31154251098633,43.07684326171875,16.67797088623047,12.671333312988281,16441667584,16151695360,14203670528,9682501632
