Delta,Time,CORE0_ENERGY (J),CORE0_FREQ (MHZ),CORE0_PSTATE,CORE0_VOLT (V),CPU_ENERGY (J),CPU_FREQUENCY_0,CPU_FREQUENCY_1,CPU_FREQUENCY_10,CPU_FREQUENCY_11,CPU_FREQUENCY_12,CPU_FREQUENCY_13,CPU_FREQUENCY_14,CPU_FREQUENCY_15,CPU_FREQUENCY_2,CPU_FREQUENCY_3,CPU_FREQUENCY_4,CPU_FREQUENCY_5,CPU_FREQUENCY_6,CPU_FREQUENCY_7,CPU_FREQUENCY_8,CPU_FREQUENCY_9,CPU_USAGE_0,CPU_USAGE_1,CPU_USAGE_10,CPU_USAGE_11,CPU_USAGE_12,CPU_USAGE_13,CPU_USAGE_14,CPU_USAGE_15,CPU_USAGE_2,CPU_USAGE_3,CPU_USAGE_4,CPU_USAGE_5,CPU_USAGE_6,CPU_USAGE_7,CPU_USAGE_8,CPU_USAGE_9,TOTAL_MEMORY,TOTAL_SWAP,USED_MEMORY,USED_SWAP
0,1776521450979,3709.5855255126953,2860,0,1.00625,36190.61747741699,1901,1901,1901,1901,1901,1901,1901,1901,1901,1901,1901,1901,1901,1901,1901,1901,13.134056091308594,12.621978759765625,0,2.9766845703125,10.907577514648438,24.363861083984375,14.616989135742188,23.111572265625,35.29975128173828,36.32722854614258,0,7.105743408203125,39.65279006958008,44.821815490722656,19.01665496826172,46.14487838745117,16441667584,16151695360,14205710336,9693474816
199,1776521450980,3709.5935974121094,3550,0,1.00625,36190.672592163086,1901,1901,1901,1901,1901,1901,1901,1901,1901,1901,1901,1901,1901,1901,1901,1901,0,2.26922607421875,0,0,0,84.55236053466797,0,0,0,0,4.468940734863281,15.323501586914063,9.5089111328125,0,39.24226760864258,4.5483856201171875,16441667584,16151695360,14205702144,9693474816
0,1776521451180,3709.8762817382813,3800,0,1.075,36193.55554199219,1901,1901,1901,1901,1901,1901,1901,1901,1901,1901,1901,1901,1901,1901,1901,1901,5.125579833984375,3.4697799682617188,1.4752120971679688,1.1415939331054688,3.9002532958984375,8.455757141113281,1.9296340942382813,4.268943786621094,4.6810760498046875,5.734382629394531,3.3656539916992188,5.386085510253906,55.6156005859375,55.071537017822266,24.51599884033203,7.594963073730469,16441667584,16151695360,14203318272,9693716480
