Delta,Time,CORE0_ENERGY (J),CORE0_FREQ (MHZ),CORE0_PSTATE,CORE0_VOLT (V),CPU_ENERGY (J),CPU_FREQUENCY_0,CPU_FREQUENCY_1,CPU_FREQUENCY_10,CPU_FREQUENCY_11,CPU_FREQUENCY_12,CPU_FREQUENCY_13,CPU_FREQUENCY_14,CPU_FREQUENCY_15,CPU_FREQUENCY_2,CPU_FREQUENCY_3,CPU_FREQUENCY_4,CPU_FREQUENCY_5,CPU_FREQUENCY_6,CPU_FREQUENCY_7,CPU_FREQUENCY_8,CPU_FREQUENCY_9,CPU_USAGE_0,CPU_USAGE_1,CPU_USAGE_10,CPU_USAGE_11,CPU_USAGE_12,CPU_USAGE_13,CPU_USAGE_14,CPU_USAGE_15,CPU_USAGE_2,CPU_USAGE_3,CPU_USAGE_4,CPU_USAGE_5,CPU_USAGE_6,CPU_USAGE_7,CPU_USAGE_8,CPU_USAGE_9,TOTAL_MEMORY,TOTAL_SWAP,USED_MEMORY,USED_SWAP
0,1776521470470,3737.807815551758,3400,0,0.9625,36482.70829772949,1901,1901,1901,1901,1901,1901,1901,1901,1901,1901,1901,1901,1901,1901,1901,1901,7.4478302001953125,10.350959777832031,9.138778686523438,5.351783752441406,51.36772155761719,19.036834716796875,26.018447875976563,15.328201293945313,16.824813842773438,14.585372924804688,27.991477966308594,34.705101013183594,70.47899627685547,71.54073333740234,27.574615478515625,26.776161193847656,16441667584,16151695360,14273171456,9689444352
199,1776521470470,1991.0040893554688,3425,0,0.9625,36482.76112365723,1901,1901,1901,1901,1901,1901,1901,1901,1901,1901,1901,1901,1901,1901,1901,1901,9.997085571289063,6.5363311767578125,0,0,76.29705047607422,0,0.18091583251953125,7.192878723144531,3.9918289184570313,0,36.83980178833008,0,35.53545379638672,17.831924438476563,54.53749465942383,0.47271728515625,16441667584,16151695360,14273204224,9689313280
0,1776521470670,3980.7936401367188,3650,0,1.03125,36485.71675109863,1901,1901,1901,1901,1901,1901,1901,1901,1901,1901,1901,1901,1901,1901,1901,1901,7.7019195556640625,7.9737701416015625,3.3102874755859375,3.6463088989257813,15.246780395507813,8.857681274414063,9.235420227050781,8.496223449707031,4.7437286376953125,4.390037536621094,5.83831787109375,5.635063171386719,65.20287322998047,71.28955078125,14.221786499023438,7.286994934082031,16441667584,16151695360,14279983104,9684942848
