Delta,Time,CORE0_ENERGY (J),CORE0_FREQ (MHZ),CORE0_PSTATE,CORE0_VOLT (V),CPU_ENERGY (J),CPU_FREQUENCY_0,CPU_FREQUENCY_1,CPU_FREQUENCY_10,CPU_FREQUENCY_11,CPU_FREQUENCY_12,CPU_FREQUENCY_13,CPU_FREQUENCY_14,CPU_FREQUENCY_15,CPU_FREQUENCY_2,CPU_FREQUENCY_3,CPU_FREQUENCY_4,CPU_FREQUENCY_5,CPU_FREQUENCY_6,CPU_FREQUENCY_7,CPU_FREQUENCY_8,CPU_FREQUENCY_9,CPU_USAGE_0,CPU_USAGE_1,CPU_USAGE_10,CPU_USAGE_11,CPU_USAGE_12,CPU_USAGE_13,CPU_USAGE_14,CPU_USAGE_15,CPU_USAGE_2,CPU_USAGE_3,CPU_USAGE_4,CPU_USAGE_5,CPU_USAGE_6,CPU_USAGE_7,CPU_USAGE_8,CPU_USAGE_9,TOTAL_MEMORY,TOTAL_SWAP,USED_MEMORY,USED_SWAP
0,1776521437913,3690.360397338867,2850,0,0.83125,35994.635009765625,1901,1901,1901,1901,1901,1901,1901,1901,1901,1901,1901,1901,1901,1901,1901,1901,18.98668670654297,22.54077911376953,27.60303497314453,15.270355224609375,68.53251647949219,53.90378189086914,52.61993408203125,52.16023254394531,41.5999870300293,29.985740661621094,43.74177932739258,33.19935607910156,75.4673843383789,77.00259399414063,50.57217025756836,48.53485107421875,16441667584,16151695360,14230437888,9701490688
199,1776521437913,3690.3702850341797,2825,0,0.825,35994.72914123535,1901,1901,1901,1901,1901,1901,1901,1901,1901,1901,1901,1901,1901,1901,1901,1901,23.574508666992188,14.65545654296875,17.35418701171875,11.335052490234375,75.41414642333984,2.1296234130859375,31.145103454589844,18.713523864746094,17.372314453125,16.25403594970703,100,82.51350402832031,28.053070068359375,31.697898864746094,37.39080047607422,61.87697219848633,16441667584,16151695360,14230474752,9702277120
0,1776521438113,3690.5989685058594,3700,0,1.0437500000000002,35997.68258666992,1901,1901,1901,1901,1901,1901,1901,1901,1901,1901,1901,1901,1901,1901,1901,1901,12.401893615722656,10.288002014160156,2.5730972290039063,2.2537078857421875,29.24701690673828,8.627037048339844,2.745880126953125,6.027961730957031,13.170127868652344,15.610191345214844,14.115676879882813,12.945426940917969,42.42955780029297,46.96762466430664,8.826957702636719,18.792861938476563,16441667584,16151695360,14224842752,9698086912
