Delta,Time,CORE0_ENERGY (J),CORE0_FREQ (MHZ),CORE0_PSTATE,CORE0_VOLT (V),CPU_ENERGY (J),CPU_FREQUENCY_0,CPU_FREQUENCY_1,CPU_FREQUENCY_10,CPU_FREQUENCY_11,CPU_FREQUENCY_12,CPU_FREQUENCY_13,CPU_FREQUENCY_14,CPU_FREQUENCY_15,CPU_FREQUENCY_2,CPU_FREQUENCY_3,CPU_FREQUENCY_4,CPU_FREQUENCY_5,CPU_FREQUENCY_6,CPU_FREQUENCY_7,CPU_FREQUENCY_8,CPU_FREQUENCY_9,CPU_USAGE_0,CPU_USAGE_1,CPU_USAGE_10,CPU_USAGE_11,CPU_USAGE_12,CPU_USAGE_13,CPU_USAGE_14,CPU_USAGE_15,CPU_USAGE_2,CPU_USAGE_3,CPU_USAGE_4,CPU_USAGE_5,CPU_USAGE_6,CPU_USAGE_7,CPU_USAGE_8,CPU_USAGE_9,TOTAL_MEMORY,TOTAL_SWAP,USED_MEMORY,USED_SWAP
0,1776521444469,1971.5042724609375,2820,0,0.825,36092.90182495117,1901,1901,1901,1901,1901,1901,1901,1901,1901,1901,1901,1901,1901,1901,1901,1901,14.365516662597656,8.89422607421875,17.57288360595703,22.3719482421875,13.932823181152344,22.969223022460938,22.690292358398438,20.776382446289063,0,1.5932464599609375,3.733551025390625,12.746772766113281,43.527713775634766,56.22426223754883,35.689727783203125,38.723236083984375,16441667584,16151695360,14230171648,9701068800
199,1776521444470,3944.9945068359375,3500,0,0.9875,36092.94787597656,1901,1901,1901,1901,1901,1901,1901,1901,1901,1901,1901,1901,1901,1901,1901,1901,0,0,0,0,18.146224975585938,39.42111587524414,0,22.603309631347656,0,0,48.030784606933594,0,8.756904602050781,0,21.693153381347656,24.18939208984375,16441667584,16151695360,14230171648,9701068800
0,1776521444670,3700.1407318115234,3700,0,1.0437500000000002,36095.94030761719,1901,1901,1901,1901,1901,1901,1901,1901,1901,1901,1901,1901,1901,1901,1901,1901,3.6545333862304688,2.0556488037109375,3.0092849731445313,3.005584716796875,5.919105529785156,7.4033203125,3.6678848266601563,6.121940612792969,2.5268173217773438,4.988922119140625,4.684532165527344,4.9642181396484375,34.04368591308594,50.760711669921875,23.519912719726563,8.133880615234375,16441667584,16151695360,14238670848,9701314560
