Delta,Time,CORE0_ENERGY (J),CORE0_FREQ (MHZ),CORE0_PSTATE,CORE0_VOLT (V),CPU_ENERGY (J),CPU_FREQUENCY_0,CPU_FREQUENCY_1,CPU_FREQUENCY_10,CPU_FREQUENCY_11,CPU_FREQUENCY_12,CPU_FREQUENCY_13,CPU_FREQUENCY_14,CPU_FREQUENCY_15,CPU_FREQUENCY_2,CPU_FREQUENCY_3,CPU_FREQUENCY_4,CPU_FREQUENCY_5,CPU_FREQUENCY_6,CPU_FREQUENCY_7,CPU_FREQUENCY_8,CPU_FREQUENCY_9,CPU_USAGE_0,CPU_USAGE_1,CPU_USAGE_10,CPU_USAGE_11,CPU_USAGE_12,CPU_USAGE_13,CPU_USAGE_14,CPU_USAGE_15,CPU_USAGE_2,CPU_USAGE_3,CPU_USAGE_4,CPU_USAGE_5,CPU_USAGE_6,CPU_USAGE_7,CPU_USAGE_8,CPU_USAGE_9,TOTAL_MEMORY,TOTAL_SWAP,USED_MEMORY,USED_SWAP
0,1776521477108,3747.082794189453,3500,0,0.99375,36582.067443847656,1901,1901,1901,1901,1901,1901,1901,1901,1901,1901,1901,1901,1901,1901,1901,1901,4.0608978271484375,3.5141754150390625,1.797760009765625,3.0037460327148438,6.820045471191406,13.708236694335938,2.6925506591796875,1.9977188110351563,11.391220092773438,6.040718078613281,2.1057968139648438,2.260955810546875,13.799385070800781,48.08540725708008,19.467002868652344,10.694686889648438,16441667584,16151695360,14282457088,9687834624
199,1776521477109,3989.4580688476563,3525,0,0.99375,36582.109451293945,1901,1901,1901,1901,1901,1901,1901,1901,1901,1901,1901,1901,1901,1901,1901,1901,11.546630859375,22.323326110839844,7.086967468261719,7.086967468261719,32.752540588378906,50.49371337890625,7.554435729980469,8.061897277832031,10.059242248535156,8.104393005371094,38.212135314941406,14.498908996582031,7.54193115234375,8.254379272460938,48.66135025024414,21.65837860107422,16441667584,16151695360,14282489856,9687834624
0,1776521477309,3747.3145294189453,3750,0,1.05625,36584.92121887207,1901,1901,1901,1901,1901,1901,1901,1901,1901,1901,1901,1901,1901,1901,1901,1901,4.545738220214844,2.6706924438476563,2.5564498901367188,2.5350494384765625,17.066162109375,5.740264892578125,3.7016372680664063,6.0997467041015625,3.3004074096679688,5.179298400878906,2.40380859375,3.9705734252929688,39.15422821044922,56.78195571899414,14.739448547363281,6.46722412109375,16441667584,16151695360,14281191424,9688125440
