Delta,Time,CORE0_ENERGY (J),CORE0_FREQ (MHZ),CORE0_PSTATE,CORE0_VOLT (V),CPU_ENERGY (J),CPU_FREQUENCY_0,CPU_FREQUENCY_1,CPU_FREQUENCY_10,CPU_FREQUENCY_11,CPU_FREQUENCY_12,CPU_FREQUENCY_13,CPU_FREQUENCY_14,CPU_FREQUENCY_15,CPU_FREQUENCY_2,CPU_FREQUENCY_3,CPU_FREQUENCY_4,CPU_FREQUENCY_5,CPU_FREQUENCY_6,CPU_FREQUENCY_7,CPU_FREQUENCY_8,CPU_FREQUENCY_9,CPU_USAGE_0,CPU_USAGE_1,CPU_USAGE_10,CPU_USAGE_11,CPU_USAGE_12,CPU_USAGE_13,CPU_USAGE_14,CPU_USAGE_15,CPU_USAGE_2,CPU_USAGE_3,CPU_USAGE_4,CPU_USAGE_5,CPU_USAGE_6,CPU_USAGE_7,CPU_USAGE_8,CPU_USAGE_9,TOTAL_MEMORY,TOTAL_SWAP,USED_MEMORY,USED_SWAP
0,1776521405653,3641.1109008789063,4025,0,1.16875,35511.566650390625,1901,1901,1901,1901,1901,1901,1901,1901,1901,1901,1901,1901,1901,1901,1901,1901,34.79707336425781,78.37812805175781,10.155754089355469,14.325462341308594,34.75354766845703,27.175010681152344,3.373077392578125,9.257301330566406,11.044097900390625,13.826499938964844,4.430854797363281,24.428367614746094,34.994483947753906,35.613914489746094,16.739463806152344,44.01240539550781,16441667584,16151695360,14197645312,9738293248
199,1776521405653,3888.5733184814453,4350,0,1.30625,35511.6953125,1901,1901,1901,1901,1901,1901,1901,1901,1901,1901,1901,1901,1901,1901,1901,1901,100,13.634201049804688,0,0,44.25053024291992,28.153518676757813,0,10.218780517578125,0,0,0,32.32404327392578,0,0.7225875854492188,18.867355346679688,25.840728759765625,16441667584,16151695360,14197706752,9740070912
0,1776521405854,3889.0023498535156,2400,0,0.74375,35514.89149475098,1901,1901,1901,1901,1901,1901,1901,1901,1901,1901,1901,1901,1901,1901,1901,1901,6.607353210449219,7.116722106933594,3.20538330078125,6.160362243652344,22.462814331054688,23.717330932617188,7.6535491943359375,10.160140991210938,5.549125671386719,3.574676513671875,7.899223327636719,13.102188110351563,29.080909729003906,28.250648498535156,41.083282470703125,13.683784484863281,16441667584,16151695360,14219849728,9759301632
