Delta,Time,CORE0_ENERGY (J),CORE0_FREQ (MHZ),CORE0_PSTATE,CORE0_VOLT (V),CPU_ENERGY (J),CPU_FREQUENCY_0,CPU_FREQUENCY_1,CPU_FREQUENCY_10,CPU_FREQUENCY_11,CPU_FREQUENCY_12,CPU_FREQUENCY_13,CPU_FREQUENCY_14,CPU_FREQUENCY_15,CPU_FREQUENCY_2,CPU_FREQUENCY_3,CPU_FREQUENCY_4,CPU_FREQUENCY_5,CPU_FREQUENCY_6,CPU_FREQUENCY_7,CPU_FREQUENCY_8,CPU_FREQUENCY_9,CPU_USAGE_0,CPU_USAGE_1,CPU_USAGE_10,CPU_USAGE_11,CPU_USAGE_12,CPU_USAGE_13,CPU_USAGE_14,CPU_USAGE_15,CPU_USAGE_2,CPU_USAGE_3,CPU_USAGE_4,CPU_USAGE_5,CPU_USAGE_6,CPU_USAGE_7,CPU_USAGE_8,CPU_USAGE_9,TOTAL_MEMORY,TOTAL_SWAP,USED_MEMORY,USED_SWAP
0,1776521408858,3893.9124298095703,3950,0,1.14375,35559.32601928711,1901,1901,1901,1901,1901,1901,1901,1901,1901,1901,1901,1901,1901,1901,1901,1901,7.000946044921875,14.228912353515625,5.208854675292969,10.588294982910156,45.42687225341797,53.72464370727539,23.40624237060547,22.281265258789063,48.44920349121094,41.51103591918945,16.093292236328125,39.432315826416016,51.78923416137695,63.05796813964844,36.456912994384766,20.354103088378906,16441667584,16151695360,14215573504,9736466432
199,1776521408859,3893.926254272461,4000,0,1.1625,35559.391189575195,1901,1901,1901,1901,1901,1901,1901,1901,1901,1901,1901,1901,1901,1901,1901,1901,23.689613342285156,0.8710861206054688,0,2.117645263671875,81.67709350585938,0,1.6821060180664063,0,0.1602020263671875,0.1602020263671875,1.2565689086914063,16.090110778808594,0,1.0863571166992188,89.53691864013672,0.765960693359375,16441667584,16151695360,14215688192,9736466432
1,1776521409059,3894.379165649414,2775,0,0.81875,35562.76118469238,1901,1901,1901,1901,1901,1901,1901,1901,1901,1901,1901,1901,1901,1901,1901,1901,32.73914337158203,29.831085205078125,11.800888061523438,14.328392028808594,58.834014892578125,48.22010803222656,22.968772888183594,22.32830810546875,12.184898376464844,14.566314697265625,23.168190002441406,23.060317993164063,37.99526596069336,44.061519622802734,37.97047805786133,32.54277801513672,16441667584,16151695360,14212718592,9734139904
