Delta,Time,CORE0_ENERGY (J),CORE0_FREQ (MHZ),CORE0_PSTATE,CORE0_VOLT (V),CPU_ENERGY (J),CPU_FREQUENCY_0,CPU_FREQUENCY_1,CPU_FREQUENCY_10,CPU_FREQUENCY_11,CPU_FREQUENCY_12,CPU_FREQUENCY_13,CPU_FREQUENCY_14,CPU_FREQUENCY_15,CPU_FREQUENCY_2,CPU_FREQUENCY_3,CPU_FREQUENCY_4,CPU_FREQUENCY_5,CPU_FREQUENCY_6,CPU_FREQUENCY_7,CPU_FREQUENCY_8,CPU_FREQUENCY_9,CPU_USAGE_0,CPU_USAGE_1,CPU_USAGE_10,CPU_USAGE_11,CPU_USAGE_12,CPU_USAGE_13,CPU_USAGE_14,CPU_USAGE_15,CPU_USAGE_2,CPU_USAGE_3,CPU_USAGE_4,CPU_USAGE_5,CPU_USAGE_6,CPU_USAGE_7,CPU_USAGE_8,CPU_USAGE_9,TOTAL_MEMORY,TOTAL_SWAP,USED_MEMORY,USED_SWAP
0,1776521434680,3931.3387451171875,3325,0,0.9375,35946.176361083984,1901,1901,1901,1901,1901,1901,1901,1901,1901,1901,1901,1901,1901,1901,1901,1901,15.527000427246094,29.930709838867188,12.361854553222656,18.643409729003906,22.177650451660156,63.53076171875,7.6082000732421875,20.295974731445313,54.77210235595703,44.603919982910156,5.3177337646484375,46.45147705078125,41.66092300415039,61.85660934448242,17.7742919921875,49.448795318603516,16441667584,16151695360,14230257664,9698824192
199,1776521434680,3931.3463134765625,3275,0,0.925,35946.244720458984,1901,1901,1901,1901,1901,1901,1901,1901,1901,1901,1901,1901,1901,1901,1901,1901,26.058860778808594,0,0,0,24.980072021484375,0,9.72332763671875,0,0,0,30.189002990722656,19.83092498779297,0,0,34.41022491455078,21.464759826660156,16441667584,16151695360,14230315008,9698824192
1,1776521434881,3686.265609741211,2800,0,0.81875,35949.31034851074,1901,1901,1901,1901,1901,1901,1901,1901,1901,1901,1901,1901,1901,1901,1901,1901,24.883758544921875,22.929153442382813,10.829727172851563,12.130767822265625,34.46794891357422,33.913002014160156,25.274276733398438,27.19659423828125,14.250411987304688,16.871192932128906,16.470115661621094,24.465438842773438,33.70451354980469,41.497432708740234,25.50921630859375,36.37173080444336,16441667584,16151695360,14221631488,9700843520
