Delta,Time,CORE0_ENERGY (J),CORE0_FREQ (MHZ),CORE0_PSTATE,CORE0_VOLT (V),CPU_ENERGY (J),CPU_FREQUENCY_0,CPU_FREQUENCY_1,CPU_FREQUENCY_10,CPU_FREQUENCY_11,CPU_FREQUENCY_12,CPU_FREQUENCY_13,CPU_FREQUENCY_14,CPU_FREQUENCY_15,CPU_FREQUENCY_2,CPU_FREQUENCY_3,CPU_FREQUENCY_4,CPU_FREQUENCY_5,CPU_FREQUENCY_6,CPU_FREQUENCY_7,CPU_FREQUENCY_8,CPU_FREQUENCY_9,CPU_USAGE_0,CPU_USAGE_1,CPU_USAGE_10,CPU_USAGE_11,CPU_USAGE_12,CPU_USAGE_13,CPU_USAGE_14,CPU_USAGE_15,CPU_USAGE_2,CPU_USAGE_3,CPU_USAGE_4,CPU_USAGE_5,CPU_USAGE_6,CPU_USAGE_7,CPU_USAGE_8,CPU_USAGE_9,TOTAL_MEMORY,TOTAL_SWAP,USED_MEMORY,USED_SWAP
0,1776521418521,3661.4915313720703,3925,0,1.13125,35703.82893371582,1901,1901,1901,1901,1901,1901,1901,1901,1901,1901,1901,1901,1901,1901,1901,1901,24.21605682373047,20.954010009765625,1.9458999633789063,5.1577606201171875,11.798416137695313,39.05311584472656,15.18511962890625,11.417976379394531,33.56834411621094,29.946090698242188,8.46270751953125,21.36358642578125,47.2187614440918,44.101600646972656,6.649559020996094,70.83744812011719,16441667584,16151695360,14212239360,9720745984
199,1776521418521,3908.2967376708984,3279.9999999999995,0,0.925,35703.90223693848,1901,1901,1901,1901,1901,1901,1901,1901,1901,1901,1901,1901,1901,1901,1901,1901,12.111442565917969,35.873817443847656,5.065620422363281,16.584983825683594,6.0787506103515625,76.73760986328125,36.40998840332031,14.094932556152344,7.641197204589844,10.884513854980469,9.0950927734375,40.9394416809082,5.276145935058594,34.160057067871094,50.77135467529297,31.179893493652344,16441667584,16151695360,14212272128,9720614912
0,1776521418722,3661.8087158203125,3825,0,1.0875,35707.20474243164,1901,1901,1901,1901,1901,1901,1901,1901,1901,1901,1901,1901,1901,1901,1901,1901,2.3268203735351563,3.495147705078125,2.207794189453125,1.6956024169921875,18.151939392089844,10.039024353027344,3.3451614379882813,3.5472412109375,2.6798858642578125,4.4276275634765625,2.206695556640625,8.159515380859375,36.69200897216797,36.012451171875,3.1755447387695313,14.627029418945313,16441667584,16151695360,14225567744,9719840768
