Delta,Time,CORE0_ENERGY (J),CORE0_FREQ (MHZ),CORE0_PSTATE,CORE0_VOLT (V),CPU_ENERGY (J),CPU_FREQUENCY_0,CPU_FREQUENCY_1,CPU_FREQUENCY_10,CPU_FREQUENCY_11,CPU_FREQUENCY_12,CPU_FREQUENCY_13,CPU_FREQUENCY_14,CPU_FREQUENCY_15,CPU_FREQUENCY_2,CPU_FREQUENCY_3,CPU_FREQUENCY_4,CPU_FREQUENCY_5,CPU_FREQUENCY_6,CPU_FREQUENCY_7,CPU_FREQUENCY_8,CPU_FREQUENCY_9,CPU_USAGE_0,CPU_USAGE_1,CPU_USAGE_10,CPU_USAGE_11,CPU_USAGE_12,CPU_USAGE_13,CPU_USAGE_14,CPU_USAGE_15,CPU_USAGE_2,CPU_USAGE_3,CPU_USAGE_4,CPU_USAGE_5,CPU_USAGE_6,CPU_USAGE_7,CPU_USAGE_8,CPU_USAGE_9,TOTAL_MEMORY,TOTAL_SWAP,USED_MEMORY,USED_SWAP
0,1776521395924,3626.475296020508,3750,0,1.0625,35367.538970947266,1901,1901,1901,1901,1901,1901,1901,1901,1901,1901,1901,1901,1901,1901,1901,1901,23.304832458496094,20.621009826660156,34.901451110839844,26.656661987304688,29.087425231933594,73.3425521850586,7.174407958984375,15.713905334472656,30.410079956054688,29.276039123535156,25.30413818359375,23.058059692382813,41.035335540771484,41.630252838134766,57.27028274536133,7.90606689453125,16441667584,16151695360,14446215168,9696014336
199,1776521395925,3874.372528076172,3600,0,1.01875,35367.60366821289,1901,1901,1901,1901,1901,1901,1901,1901,1901,1901,1901,1901,1901,1901,1901,1901,31.469627380371094,35.88384246826172,24.288192749023438,26.67200469970703,93.6787338256836,24.51490020751953,49.57324981689453,29.02246856689453,31.129562377929688,23.65473175048828,24.474891662597656,53.410682678222656,29.85930633544922,49.92665100097656,84.01679992675781,32.6531982421875,16441667584,16151695360,14446854144,9697087488
1,1776521396125,1930.0080261230469,2950,0,0.85,35370.7131652832,1901,1901,1901,1901,1901,1901,1901,1901,1901,1901,1901,1901,1901,1901,1901,1901,16.25287628173828,19.820556640625,17.18859100341797,19.694549560546875,41.11977005004883,45.56635665893555,30.741958618164063,30.503761291503906,26.174598693847656,26.54723358154297,29.53008270263672,29.039573669433594,40.4179573059082,40.37730026245117,65.13395690917969,47.733455657958984,16441667584,16151695360,14465957888,9715187712
