Delta,Time,CORE0_ENERGY (J),CORE0_FREQ (MHZ),CORE0_PSTATE,CORE0_VOLT (V),CPU_ENERGY (J),CPU_FREQUENCY_0,CPU_FREQUENCY_1,CPU_FREQUENCY_10,CPU_FREQUENCY_11,CPU_FREQUENCY_12,CPU_FREQUENCY_13,CPU_FREQUENCY_14,CPU_FREQUENCY_15,CPU_FREQUENCY_2,CPU_FREQUENCY_3,CPU_FREQUENCY_4,CPU_FREQUENCY_5,CPU_FREQUENCY_6,CPU_FREQUENCY_7,CPU_FREQUENCY_8,CPU_FREQUENCY_9,CPU_USAGE_0,CPU_USAGE_1,CPU_USAGE_10,CPU_USAGE_11,CPU_USAGE_12,CPU_USAGE_13,CPU_USAGE_14,CPU_USAGE_15,CPU_USAGE_2,CPU_USAGE_3,CPU_USAGE_4,CPU_USAGE_5,CPU_USAGE_6,CPU_USAGE_7,CPU_USAGE_8,CPU_USAGE_9,TOTAL_MEMORY,TOTAL_SWAP,USED_MEMORY,USED_SWAP
0,1776521424984,3918.0326080322266,2600,0,0.78125,35801.0625,1901,1901,1901,1901,1901,1901,1901,1901,1901,1901,1901,1901,1901,1901,1901,1901,49.581138610839844,31.443405151367188,52.84603500366211,46.5400505065918,51.82957458496094,53.729347229003906,61.5118408203125,79.68221282958984,6.985694885253906,29.422401428222656,26.8978271484375,46.718265533447266,65.37252044677734,66.57237243652344,95.86577606201172,94.67317199707031,16441667584,16151695360,14220300288,9706749952
199,1776521424984,3918.0401000976563,2625,0,0.7875,35801.14529418945,1901,1901,1901,1901,1901,1901,1901,1901,1901,1901,1901,1901,1901,1901,1901,1901,75.0854263305664,95.18644714355469,0,14.141654968261719,5.5675201416015625,56.09864807128906,22.877357482910156,34.79423522949219,0,9.404251098632813,13.437828063964844,53.0567512512207,0,0,82.3243179321289,88.4842529296875,16441667584,16151695360,14220337152,9707532288
0,1776521425184,3671.7046813964844,3375,0,0.95,35803.94534301758,1901,1901,1901,1901,1901,1901,1901,1901,1901,1901,1901,1901,1901,1901,1901,1901,37.60789108276367,32.346839904785156,6.992500305175781,8.844230651855469,51.68768310546875,25.552597045898438,22.709197998046875,22.64239501953125,14.135025024414063,12.891777038574219,29.404335021972656,25.38428497314453,45.569271087646484,39.64575958251953,50.38353729248047,49.280147552490234,16441667584,16151695360,14217121792,9707765760
