Delta,Time,CORE0_ENERGY (J),CORE0_FREQ (MHZ),CORE0_PSTATE,CORE0_VOLT (V),CPU_ENERGY (J),CPU_FREQUENCY_0,CPU_FREQUENCY_1,CPU_FREQUENCY_10,CPU_FREQUENCY_11,CPU_FREQUENCY_12,CPU_FREQUENCY_13,CPU_FREQUENCY_14,CPU_FREQUENCY_15,CPU_FREQUENCY_2,CPU_FREQUENCY_3,CPU_FREQUENCY_4,CPU_FREQUENCY_5,CPU_FREQUENCY_6,CPU_FREQUENCY_7,CPU_FREQUENCY_8,CPU_FREQUENCY_9,CPU_USAGE_0,CPU_USAGE_1,CPU_USAGE_10,CPU_USAGE_11,CPU_USAGE_12,CPU_USAGE_13,CPU_USAGE_14,CPU_USAGE_15,CPU_USAGE_2,CPU_USAGE_3,CPU_USAGE_4,CPU_USAGE_5,CPU_USAGE_6,CPU_USAGE_7,CPU_USAGE_8,CPU_USAGE_9,TOTAL_MEMORY,TOTAL_SWAP,USED_MEMORY,USED_SWAP
0,1776521454186,3958.097671508789,2800,0,0.81875,36238.67207336426,1901,1901,1901,1901,1901,1901,1901,1901,1901,1901,1901,1901,1901,1901,1901,1901,57.69103240966797,56.34539031982422,19.889854431152344,16.60169219970703,41.94105529785156,45.02106857299805,34.900062561035156,38.481876373291016,38.90492248535156,72.69336700439453,18.754043579101563,58.470176696777344,59.073238372802734,46.903953552246094,89.20391845703125,72.45652770996094,16441667584,16151695360,14186946560,9690787840
199,1776521454187,1978.148208618164,2800,0,0.81875,36238.714782714844,1901,1901,1901,1901,1901,1901,1901,1901,1901,1901,1901,1901,1901,1901,1901,1901,57.65414047241211,58.22007751464844,22.848831176757813,0,69.13235473632813,4.2724456787109375,0,22.0836181640625,27.918380737304688,52.65633010864258,44.127376556396484,5.782951354980469,0,0,98.90399169921875,23.506439208984375,16441667584,16151695360,14186979328,9690787840
0,1776521454387,3714.596221923828,3800,0,1.08125,36241.5940246582,1901,1901,1901,1901,1901,1901,1901,1901,1901,1901,1901,1901,1901,1901,1901,1901,11.673667907714844,10.912582397460938,15.274665832519531,11.553359985351563,17.284774780273438,17.087692260742188,10.738578796386719,9.519180297851563,5.184623718261719,7.7341156005859375,12.862289428710938,18.323760986328125,40.82868576049805,44.94905090332031,29.69025421142578,22.8675537109375,16441667584,16151695360,14183657472,9686519808
