Delta,Time,CORE0_ENERGY (J),CORE0_FREQ (MHZ),CORE0_PSTATE,CORE0_VOLT (V),CPU_ENERGY (J),CPU_FREQUENCY_0,CPU_FREQUENCY_1,CPU_FREQUENCY_10,CPU_FREQUENCY_11,CPU_FREQUENCY_12,CPU_FREQUENCY_13,CPU_FREQUENCY_14,CPU_FREQUENCY_15,CPU_FREQUENCY_2,CPU_FREQUENCY_3,CPU_FREQUENCY_4,CPU_FREQUENCY_5,CPU_FREQUENCY_6,CPU_FREQUENCY_7,CPU_FREQUENCY_8,CPU_FREQUENCY_9,CPU_USAGE_0,CPU_USAGE_1,CPU_USAGE_10,CPU_USAGE_11,CPU_USAGE_12,CPU_USAGE_13,CPU_USAGE_14,CPU_USAGE_15,CPU_USAGE_2,CPU_USAGE_3,CPU_USAGE_4,CPU_USAGE_5,CPU_USAGE_6,CPU_USAGE_7,CPU_USAGE_8,CPU_USAGE_9,TOTAL_MEMORY,TOTAL_SWAP,USED_MEMORY,USED_SWAP
0,1776521467195,3976.2279663085938,2800,0,0.825,36433.653549194336,1901,1901,1901,1901,1901,1901,1901,1901,1901,1901,1901,1901,1901,1901,1901,1901,46.360382080078125,41.75248718261719,15.156517028808594,30.479286193847656,64.78118133544922,67.66416931152344,83.70299530029297,89.09107208251953,21.088165283203125,13.588211059570313,49.062931060791016,15.462348937988281,78.21903228759766,83.14070129394531,34.578216552734375,27.755172729492188,16441667584,16151695360,14245187584,9682423808
199,1776521467196,3733.1717376708984,2240,0,0.7125,36433.74411010742,1901,1901,1901,1901,1901,1901,1901,1901,1901,1901,1901,1901,1901,1901,1901,1901,12.931777954101563,25.23230743408203,4.747611999511719,58.48102951049805,73.45443725585938,9.495223999023438,83.62063598632813,43.26042175292969,17.021652221679688,27.1370849609375,31.58452606201172,36.92586135864258,10.280975341796875,11.768600463867188,30.73035430908203,60.18275451660156,16441667584,16151695360,14245441536,9682423808
0,1776521467396,3976.498992919922,3140,0,0.9,36436.57327270508,1901,1901,1901,1901,1901,1901,1901,1901,1901,1901,1901,1901,1901,1901,1901,1901,11.783836364746094,13.561698913574219,9.689155578613281,11.287750244140625,35.49385070800781,24.073768615722656,11.373512268066406,11.167022705078125,9.790695190429688,8.966972351074219,14.744293212890625,11.333366394042969,49.49818420410156,43.13735580444336,38.39783477783203,40.94253921508789,16441667584,16151695360,14248599552,9682042880
