Delta,Time,CORE0_ENERGY (J),CORE0_FREQ (MHZ),CORE0_PSTATE,CORE0_VOLT (V),CPU_ENERGY (J),CPU_FREQUENCY_0,CPU_FREQUENCY_1,CPU_FREQUENCY_10,CPU_FREQUENCY_11,CPU_FREQUENCY_12,CPU_FREQUENCY_13,CPU_FREQUENCY_14,CPU_FREQUENCY_15,CPU_FREQUENCY_2,CPU_FREQUENCY_3,CPU_FREQUENCY_4,CPU_FREQUENCY_5,CPU_FREQUENCY_6,CPU_FREQUENCY_7,CPU_FREQUENCY_8,CPU_FREQUENCY_9,CPU_USAGE_0,CPU_USAGE_1,CPU_USAGE_10,CPU_USAGE_11,CPU_USAGE_12,CPU_USAGE_13,CPU_USAGE_14,CPU_USAGE_15,CPU_USAGE_2,CPU_USAGE_3,CPU_USAGE_4,CPU_USAGE_5,CPU_USAGE_6,CPU_USAGE_7,CPU_USAGE_8,CPU_USAGE_9,TOTAL_MEMORY,TOTAL_SWAP,USED_MEMORY,USED_SWAP
0,1776521399150,3631.6214599609375,3550,0,1.00625,35415.29667663574,1901,1901,1901,1901,1901,1901,1901,1901,1901,1901,1901,1901,1901,1901,1901,1901,0,12.456123352050781,3.6401290893554688,5.057395935058594,24.246170043945313,15.352958679199219,19.87854766845703,25.412452697753906,21.463424682617188,15.709243774414063,15.724166870117188,3.836700439453125,89.68600463867188,26.114501953125,14.103309631347656,73.83985900878906,16441667584,16151695360,14444695552,9698652160
199,1776521399151,3878.787887573242,3475,0,0.9812500000000001,35415.36795043945,1901,1901,1901,1901,1901,1901,1901,1901,1901,1901,1901,1901,1901,1901,1901,1901,14.447792053222656,19.599327087402344,9.234939575195313,9.237495422363281,32.851226806640625,50.58772277832031,9.848213195800781,17.992027282714844,10.382278442382813,9.403587341308594,50.33985900878906,9.403587341308594,100,9.922317504882813,37.39970397949219,41.95840072631836,16441667584,16151695360,14444814336,9698652160
1,1776521399351,3631.7765350341797,2940,0,0.85,35417.70684814453,1901,1901,1901,1901,1901,1901,1901,1901,1901,1901,1901,1901,1901,1901,1901,1901,4.913276672363281,4.072319030761719,2.782501220703125,3.1391143798828125,29.814414978027344,6.148857116699219,4.50665283203125,4.9820404052734375,7.1152496337890625,9.233787536621094,2.8646469116210938,7.3947906494140625,54.56131362915039,26.52269744873047,6.612998962402344,8.934791564941406,16441667584,16151695360,14437376000,9678139392
