Delta,Time,CORE0_ENERGY (J),CORE0_FREQ (MHZ),CORE0_PSTATE,CORE0_VOLT (V),CPU_ENERGY (J),CPU_FREQUENCY_0,CPU_FREQUENCY_1,CPU_FREQUENCY_10,CPU_FREQUENCY_11,CPU_FREQUENCY_12,CPU_FREQUENCY_13,CPU_FREQUENCY_14,CPU_FREQUENCY_15,CPU_FREQUENCY_2,CPU_FREQUENCY_3,CPU_FREQUENCY_4,CPU_FREQUENCY_5,CPU_FREQUENCY_6,CPU_FREQUENCY_7,CPU_FREQUENCY_8,CPU_FREQUENCY_9,CPU_USAGE_0,CPU_USAGE_1,CPU_USAGE_10,CPU_USAGE_11,CPU_USAGE_12,CPU_USAGE_13,CPU_USAGE_14,CPU_USAGE_15,CPU_USAGE_2,CPU_USAGE_3,CPU_USAGE_4,CPU_USAGE_5,CPU_USAGE_6,CPU_USAGE_7,CPU_USAGE_8,CPU_USAGE_9,TOTAL_MEMORY,TOTAL_SWAP,USED_MEMORY,USED_SWAP
0,1776521480396,3993.444549560547,3775,0,1.06875,36631.17140197754,1901,1901,1901,1901,1901,1901,1901,1901,1901,1901,1901,1901,1901,1901,1901,1901,8.31854248046875,7.169708251953125,6.0486297607421875,14.844871520996094,36.394371032714844,26.06914520263672,47.54884338378906,51.74806213378906,1.52056884765625,4.432182312011719,8.124267578125,9.454765319824219,63.03457260131836,72.02257537841797,51.140846252441406,15.138389587402344,16441667584,16151695360,14291406848,9690583040
199,1776521480397,3993.459259033203,3825,0,1.0875,36631.25469970703,1901,1901,1901,1901,1901,1901,1901,1901,1901,1901,1901,1901,1901,1901,1901,1901,7.8205718994140625,9.886833190917969,1.8548355102539063,0,83.84229278564453,0,12.070831298828125,1.04754638671875,0,0,37.60601806640625,3.4766082763671875,0,21.496360778808594,47.90850830078125,6.563995361328125,16441667584,16151695360,14291435520,9691099136
0,1776521480597,3752.3358764648438,3425,0,0.96875,36634.33834838867,1901,1901,1901,1901,1901,1901,1901,1901,1901,1901,1901,1901,1901,1901,1901,1901,6.306632995605469,6.406707763671875,3.8183059692382813,4.756980895996094,7.96710205078125,9.249359130859375,11.477737426757813,12.879905700683594,8.125679016113281,8.69903564453125,3.6593780517578125,4.261909484863281,43.10597229003906,49.76448059082031,27.91619873046875,6.2855987548828125,16441667584,16151695360,14302978048,9693638656
