Delta,Time,CORE0_ENERGY (J),CORE0_FREQ (MHZ),CORE0_PSTATE,CORE0_VOLT (V),CPU_ENERGY (J),CPU_FREQUENCY_0,CPU_FREQUENCY_1,CPU_FREQUENCY_10,CPU_FREQUENCY_11,CPU_FREQUENCY_12,CPU_FREQUENCY_13,CPU_FREQUENCY_14,CPU_FREQUENCY_15,CPU_FREQUENCY_2,CPU_FREQUENCY_3,CPU_FREQUENCY_4,CPU_FREQUENCY_5,CPU_FREQUENCY_6,CPU_FREQUENCY_7,CPU_FREQUENCY_8,CPU_FREQUENCY_9,CPU_USAGE_0,CPU_USAGE_1,CPU_USAGE_10,CPU_USAGE_11,CPU_USAGE_12,CPU_USAGE_13,CPU_USAGE_14,CPU_USAGE_15,CPU_USAGE_2,CPU_USAGE_3,CPU_USAGE_4,CPU_USAGE_5,CPU_USAGE_6,CPU_USAGE_7,CPU_USAGE_8,CPU_USAGE_9,TOTAL_MEMORY,TOTAL_SWAP,USED_MEMORY,USED_SWAP
0,1776521412063,3650.940948486328,3675,0,1.0375,35607.26725769043,1901,1901,1901,1901,1901,1901,1901,1901,1901,1901,1901,1901,1901,1901,1901,1901,24.70086669921875,35.40570068359375,10.775924682617188,18.99968719482422,41.57493209838867,14.42889404296875,11.762718200683594,5.897544860839844,5.422447204589844,6.936431884765625,36.3059196472168,14.942001342773438,54.72352981567383,68.85118103027344,45.49466323852539,29.15129852294922,16441667584,16151695360,14231326720,9747079168
199,1776521412063,3650.951416015625,3625,0,1.025,35607.32872009277,1901,1901,1901,1901,1901,1901,1901,1901,1901,1901,1901,1901,1901,1901,1901,1901,13.372711181640625,2.5295333862304688,0,1.9434814453125,85.69145202636719,0,0,2.6036605834960938,0,0.12972259521484375,8.536018371582031,13.25457763671875,0.05559539794921875,10.081077575683594,33.38661193847656,25.404212951660156,16441667584,16151695360,14231359488,9747865600
1,1776521412264,3651.2752075195313,3550,0,1.00625,35610.38529968262,1901,1901,1901,1901,1901,1901,1901,1901,1901,1901,1901,1901,1901,1901,1901,1901,4.287193298339844,4.4048004150390625,2.1803665161132813,1.8539047241210938,11.979316711425781,24.21668243408203,1.9575576782226563,2.7453384399414063,8.237350463867188,2.8928604125976563,4.2797088623046875,6.713142395019531,39.53845977783203,22.11634063720703,22.5518798828125,6.134666442871094,16441667584,16151695360,14229352448,9747243008
