Delta,Time,CORE0_ENERGY (J),CORE0_FREQ (MHZ),CORE0_PSTATE,CORE0_VOLT (V),CPU_ENERGY (J),CPU_FREQUENCY_0,CPU_FREQUENCY_1,CPU_FREQUENCY_10,CPU_FREQUENCY_11,CPU_FREQUENCY_12,CPU_FREQUENCY_13,CPU_FREQUENCY_14,CPU_FREQUENCY_15,CPU_FREQUENCY_2,CPU_FREQUENCY_3,CPU_FREQUENCY_4,CPU_FREQUENCY_5,CPU_FREQUENCY_6,CPU_FREQUENCY_7,CPU_FREQUENCY_8,CPU_FREQUENCY_9,CPU_USAGE_0,CPU_USAGE_1,CPU_USAGE_10,CPU_USAGE_11,CPU_USAGE_12,CPU_USAGE_13,CPU_USAGE_14,CPU_USAGE_15,CPU_USAGE_2,CPU_USAGE_3,CPU_USAGE_4,CPU_USAGE_5,CPU_USAGE_6,CPU_USAGE_7,CPU_USAGE_8,CPU_USAGE_9,TOTAL_MEMORY,TOTAL_SWAP,USED_MEMORY,USED_SWAP
0,1776521415314,3903.9765014648438,3625,0,1.025,35655.98942565918,1901,1901,1901,1901,1901,1901,1901,1901,1901,1901,1901,1901,1901,1901,1901,1901,0.9700698852539063,1.293731689453125,8.205467224121094,8.695968627929688,17.33997344970703,15.460922241210938,22.02802276611328,49.847286224365234,26.44438934326172,30.324661254882813,2.3677291870117188,10.957939147949219,79.15447235107422,73.0550765991211,36.97929382324219,29.196868896484375,16441667584,16151695360,14246912000,9756798976
199,1776521415315,3903.9854888916016,3500,0,0.9875,35656.06350708008,1901,1901,1901,1901,1901,1901,1901,1901,1901,1901,1901,1901,1901,1901,1901,1901,0,12.929649353027344,0,2.9607315063476563,12.882003784179688,49.97617721557617,7.759147644042969,17.523880004882813,0,9.263336181640625,17.197174072265625,0,30.283370971679688,0,17.857383728027344,47.80497741699219,16441667584,16151695360,14246957056,9757818880
0,1776521415515,3656.3428955078125,2400,0,0.74375,35659.1008605957,1901,1901,1901,1901,1901,1901,1901,1901,1901,1901,1901,1901,1901,1901,1901,1901,22.127220153808594,23.562210083007813,15.377098083496094,18.954757690429688,36.03666305541992,62.09746170043945,31.168373107910156,32.734703063964844,10.060859680175781,8.1700439453125,28.331130981445313,31.0648193359375,34.57843017578125,35.730979919433594,36.71811294555664,37.58488082885742,16441667584,16151695360,14241943552,9749692416
