Delta,Time,CORE0_ENERGY (J),CORE0_FREQ (MHZ),CORE0_PSTATE,CORE0_VOLT (V),CPU_ENERGY (J),CPU_FREQUENCY_0,CPU_FREQUENCY_1,CPU_FREQUENCY_10,CPU_FREQUENCY_11,CPU_FREQUENCY_12,CPU_FREQUENCY_13,CPU_FREQUENCY_14,CPU_FREQUENCY_15,CPU_FREQUENCY_2,CPU_FREQUENCY_3,CPU_FREQUENCY_4,CPU_FREQUENCY_5,CPU_FREQUENCY_6,CPU_FREQUENCY_7,CPU_FREQUENCY_8,CPU_FREQUENCY_9,CPU_USAGE_0,CPU_USAGE_1,CPU_USAGE_10,CPU_USAGE_11,CPU_USAGE_12,CPU_USAGE_13,CPU_USAGE_14,CPU_USAGE_15,CPU_USAGE_2,CPU_USAGE_3,CPU_USAGE_4,CPU_USAGE_5,CPU_USAGE_6,CPU_USAGE_7,CPU_USAGE_8,CPU_USAGE_9,TOTAL_MEMORY,TOTAL_SWAP,USED_MEMORY,USED_SWAP
0,1776521473724,3742.3679962158203,2775,0,0.8125,36531.11447143555,1901,1901,1901,1901,1901,1901,1901,1901,1901,1901,1901,1901,1901,1901,1901,1901,50.49995040893555,50.31525421142578,16.37476348876953,17.10601806640625,47.01448059082031,35.263465881347656,19.74559783935547,33.733795166015625,12.926345825195313,14.571235656738281,66.06587219238281,73.23772430419922,55.32576370239258,62.591407775878906,81.96587371826172,93.79737091064453,16441667584,16151695360,14279987200,9685782528
199,1776521473725,3985.0452423095703,2875,0,0.8375,36531.47267150879,1901,1901,1901,1901,1901,1901,1901,1901,1901,1901,1901,1901,1901,1901,1901,1901,29.294105529785156,27.693771362304688,24.261940002441406,27.234420776367188,39.1045036315918,42.096805572509766,7.672676086425781,9.454391479492188,27.186752319335938,16.53948974609375,43.00326919555664,49.29832458496094,12.505325317382813,5.787200927734375,79.95065307617188,12.518402099609375,16441667584,16151695360,14287306752,9692753920
0,1776521473925,3742.6958923339844,2900,0,0.84375,36534.380432128906,1901,1901,1901,1901,1901,1901,1901,1901,1901,1901,1901,1901,1901,1901,1901,1901,19.715377807617188,19.97296905517578,5.320487976074219,5.357292175292969,22.613807678222656,19.496047973632813,7.252906799316406,11.9569091796875,11.640335083007813,8.789779663085938,15.10101318359375,18.359283447265625,41.902244567871094,53.65329360961914,26.211044311523438,29.337966918945313,16441667584,16151695360,14283726848,9687363584
