Delta,Time,CORE0_ENERGY (J),CORE0_FREQ (MHZ),CORE0_PSTATE,CORE0_VOLT (V),CPU_ENERGY (J),CPU_FREQUENCY_0,CPU_FREQUENCY_1,CPU_FREQUENCY_10,CPU_FREQUENCY_11,CPU_FREQUENCY_12,CPU_FREQUENCY_13,CPU_FREQUENCY_14,CPU_FREQUENCY_15,CPU_FREQUENCY_2,CPU_FREQUENCY_3,CPU_FREQUENCY_4,CPU_FREQUENCY_5,CPU_FREQUENCY_6,CPU_FREQUENCY_7,CPU_FREQUENCY_8,CPU_FREQUENCY_9,CPU_USAGE_0,CPU_USAGE_1,CPU_USAGE_10,CPU_USAGE_11,CPU_USAGE_12,CPU_USAGE_13,CPU_USAGE_14,CPU_USAGE_15,CPU_USAGE_2,CPU_USAGE_3,CPU_USAGE_4,CPU_USAGE_5,CPU_USAGE_6,CPU_USAGE_7,CPU_USAGE_8,CPU_USAGE_9,TOTAL_MEMORY,TOTAL_SWAP,USED_MEMORY,USED_SWAP
0,1776521463978,3971.915557861328,3775,0,1.06875,36385.42121887207,1901,1901,1901,1901,1901,1901,1901,1901,1901,1901,1901,1901,1901,1901,1901,1901,0,2.6090774536132813,3.786956787109375,0.26850128173828125,43.94358444213867,2.991851806640625,15.0775146484375,15.247718811035156,20.505836486816406,17.28064727783203,9.210487365722656,23.58238983154297,55.93495178222656,67.83042907714844,44.34153747558594,11.825157165527344,16441667584,16151695360,14207385600,9680932864
199,1776521463979,3728.2884521484375,3575,0,1.0125000000000002,36385.46977233887,1901,1901,1901,1901,1901,1901,1901,1901,1901,1901,1901,1901,1901,1901,1901,1901,0,0,0,0,59.831504821777344,0,25.07396697998047,1.745147705078125,10.28533935546875,18.920814514160156,27.300537109375,0,27.0548095703125,40.51451873779297,95.66722106933594,0,16441667584,16151695360,14207422464,9680932864
0,1776521464179,3728.5675659179688,3600,0,1.01875,36388.45294189453,1901,1901,1901,1901,1901,1901,1901,1901,1901,1901,1901,1901,1901,1901,1901,1901,6.755805969238281,7.9214324951171875,3.49322509765625,3.4130859375,36.82624053955078,19.42803955078125,3.1719207763671875,3.951263427734375,3.8636474609375,5.293220520019531,9.698585510253906,9.426406860351563,36.2710075378418,33.387725830078125,12.469017028808594,18.790023803710938,16441667584,16151695360,14207156224,9695223808
