Delta,Time,CORE0_ENERGY (J),CORE0_FREQ (MHZ),CORE0_PSTATE,CORE0_VOLT (V),CPU_ENERGY (J),CPU_FREQUENCY_0,CPU_FREQUENCY_1,CPU_FREQUENCY_10,CPU_FREQUENCY_11,CPU_FREQUENCY_12,CPU_FREQUENCY_13,CPU_FREQUENCY_14,CPU_FREQUENCY_15,CPU_FREQUENCY_2,CPU_FREQUENCY_3,CPU_FREQUENCY_4,CPU_FREQUENCY_5,CPU_FREQUENCY_6,CPU_FREQUENCY_7,CPU_FREQUENCY_8,CPU_FREQUENCY_9,CPU_USAGE_0,CPU_USAGE_1,CPU_USAGE_10,CPU_USAGE_11,CPU_USAGE_12,CPU_USAGE_13,CPU_USAGE_14,CPU_USAGE_15,CPU_USAGE_2,CPU_USAGE_3,CPU_USAGE_4,CPU_USAGE_5,CPU_USAGE_6,CPU_USAGE_7,CPU_USAGE_8,CPU_USAGE_9,TOTAL_MEMORY,TOTAL_SWAP,USED_MEMORY,USED_SWAP
0,1776521389411,3616.6629638671875,3350,0,0.95,35270.51747131348,1901,1901,1901,1901,1901,1901,1901,1901,1901,1901,1901,1901,1901,1901,1901,1901,35.10968780517578,47.6191291809082,2.9129409790039063,21.359039306640625,62.58413314819336,13.063323974609375,24.85942840576172,8.04730224609375,10.519645690917969,10.442436218261719,27.097633361816406,10.733650207519531,55.56739807128906,68.9991455078125,75.39149475097656,0,16441667584,16151695360,14372712448,9442291712
199,1776521389411,3616.6756591796875,3200,0,0.90625,35270.617736816406,1901,1901,1901,1901,1901,1901,1901,1901,1901,1901,1901,1901,1901,1901,1901,1901,37.45150375366211,1.897430419921875,6.58038330078125,34.529579162597656,43.47417449951172,44.79874038696289,19.122817993164063,11.442169189453125,16.95562744140625,0,88.79728698730469,8.117118835449219,21.744667053222656,9.317413330078125,67.37390899658203,59.687198638916016,16441667584,16151695360,14372716544,9441771520
0,1776521389612,1923.961441040039,2800,0,0.81875,35273.571060180664,1901,1901,1901,1901,1901,1901,1901,1901,1901,1901,1901,1901,1901,1901,1901,1901,22.075302124023438,12.103866577148438,5.861846923828125,3.680450439453125,58.87800979614258,22.73143768310547,9.270393371582031,11.387771606445313,4.022972106933594,3.5390701293945313,18.08258819580078,11.47698974609375,11.264045715332031,9.733085632324219,26.54381561279297,30.893150329589844,16441667584,16151695360,14370459648,9435938816
