Delta,Time,CORE0_ENERGY (J),CORE0_FREQ (MHZ),CORE0_PSTATE,CORE0_VOLT (V),CPU_ENERGY (J),CPU_FREQUENCY_0,CPU_FREQUENCY_1,CPU_FREQUENCY_10,CPU_FREQUENCY_11,CPU_FREQUENCY_12,CPU_FREQUENCY_13,CPU_FREQUENCY_14,CPU_FREQUENCY_15,CPU_FREQUENCY_2,CPU_FREQUENCY_3,CPU_FREQUENCY_4,CPU_FREQUENCY_5,CPU_FREQUENCY_6,CPU_FREQUENCY_7,CPU_FREQUENCY_8,CPU_FREQUENCY_9,CPU_USAGE_0,CPU_USAGE_1,CPU_USAGE_10,CPU_USAGE_11,CPU_USAGE_12,CPU_USAGE_13,CPU_USAGE_14,CPU_USAGE_15,CPU_USAGE_2,CPU_USAGE_3,CPU_USAGE_4,CPU_USAGE_5,CPU_USAGE_6,CPU_USAGE_7,CPU_USAGE_8,CPU_USAGE_9,TOTAL_MEMORY,TOTAL_SWAP,USED_MEMORY,USED_SWAP
0,1776523385643,1904.6280975341797,1550,2,0.63125,55490.141372680664,1819,1819,1819,1819,1901,1819,1819,1819,1819,1819,1901,1819,1819,1819,1901,1819,13.840072631835938,39.90336990356445,33.246856689453125,19.44134521484375,69.73554992675781,65.56314086914063,28.070083618164063,32.57611083984375,46.395599365234375,23.779991149902344,11.440635681152344,17.88897705078125,0,0,25.385955810546875,54.7198371887207,16441667584,16151695360,12857868288,7973892096
199,1776523385644,1834.9317321777344,1550,2,0.63125,55490.17590332031,1819,1819,1819,1819,1901,1819,1819,1819,1819,1819,1901,1819,1819,1819,1901,1819,17.802413940429688,51.926204681396484,90.90189361572266,47.27976989746094,45.66817855834961,0,58.28268051147461,0,81.71175384521484,0,10.863792419433594,7.1633453369140625,0,0,18.091346740722656,12.137229919433594,16441667584,16151695360,12857896960,7974944768
0,1776523385844,5610.852279663086,1860.0000000000002,1,0.675,55491.04641723633,1819,1819,1819,1819,1901,1819,1819,1819,1819,1819,1901,1819,1819,1819,1901,1819,2.8029708862304688,4.5701141357421875,4.728599548339844,2.0620803833007813,32.25267028808594,6.594505310058594,4.751434326171875,3.6605682373046875,8.545860290527344,3.6329498291015625,14.814613342285156,9.037872314453125,0.43154144287109375,0.43158721923828125,27.201812744140625,13.307014465332031,16441667584,16151695360,12863250432,7974354944
