Delta,Time,CORE0_ENERGY (J),CORE0_FREQ (MHZ),CORE0_PSTATE,CORE0_VOLT (V),CPU_ENERGY (J),CPU_FREQUENCY_0,CPU_FREQUENCY_1,CPU_FREQUENCY_10,CPU_FREQUENCY_11,CPU_FREQUENCY_12,CPU_FREQUENCY_13,CPU_FREQUENCY_14,CPU_FREQUENCY_15,CPU_FREQUENCY_2,CPU_FREQUENCY_3,CPU_FREQUENCY_4,CPU_FREQUENCY_5,CPU_FREQUENCY_6,CPU_FREQUENCY_7,CPU_FREQUENCY_8,CPU_FREQUENCY_9,CPU_USAGE_0,CPU_USAGE_1,CPU_USAGE_10,CPU_USAGE_11,CPU_USAGE_12,CPU_USAGE_13,CPU_USAGE_14,CPU_USAGE_15,CPU_USAGE_2,CPU_USAGE_3,CPU_USAGE_4,CPU_USAGE_5,CPU_USAGE_6,CPU_USAGE_7,CPU_USAGE_8,CPU_USAGE_9,TOTAL_MEMORY,TOTAL_SWAP,USED_MEMORY,USED_SWAP
0,1776523322081,1829.4128875732422,1860.0000000000002,1,0.66875,55170.268615722656,1819,1819,1819,1819,1901,1901,1819,1819,1819,1819,1819,1901,1819,1819,1901,1901,71.0208740234375,62.141380310058594,0,0,59.71638107299805,38.167015075683594,45.88484191894531,70.86045837402344,0,0,38.739376068115234,47.5936393737793,0,0,82.06214904785156,94.4255142211914,16441667584,16151695360,12995211264,8090402816
199,1776523322082,3035.2423706054688,1860.0000000000002,1,0.66875,55170.33924865723,1819,1819,1819,1819,1901,1901,1819,1819,1819,1819,1819,1901,1819,1819,1901,1901,62.092899322509766,27.93670654296875,3.348876953125,3.348876953125,61.075958251953125,54.79606628417969,22.686630249023438,68.76293182373047,2.8646697998046875,3.359771728515625,31.925262451171875,61.00862503051758,2.8676376342773438,2.8676376342773438,60.37687301635742,100,16441667584,16151695360,12995194880,8091844608
2,1776523322283,1829.5057830810547,1860.0000000000002,1,0.66875,55171.58512878418,1819,1819,1819,1819,1901,1901,1819,1819,1819,1819,1819,1901,1819,1819,1901,1901,45.15007400512695,45.2891845703125,0.34564208984375,0.3455352783203125,30.389389038085938,43.327117919921875,36.8800048828125,31.585800170898438,0.42145538330078125,0.32033538818359375,37.945411682128906,38.3287353515625,0.32928466796875,0.3293304443359375,56.2769775390625,57.88400650024414,16441667584,16151695360,12991893504,8092037120
