Delta,Time,CORE0_ENERGY (J),CORE0_FREQ (MHZ),CORE0_PSTATE,CORE0_VOLT (V),CPU_ENERGY (J),CPU_FREQUENCY_0,CPU_FREQUENCY_1,CPU_FREQUENCY_10,CPU_FREQUENCY_11,CPU_FREQUENCY_12,CPU_FREQUENCY_13,CPU_FREQUENCY_14,CPU_FREQUENCY_15,CPU_FREQUENCY_2,CPU_FREQUENCY_3,CPU_FREQUENCY_4,CPU_FREQUENCY_5,CPU_FREQUENCY_6,CPU_FREQUENCY_7,CPU_FREQUENCY_8,CPU_FREQUENCY_9,CPU_USAGE_0,CPU_USAGE_1,CPU_USAGE_10,CPU_USAGE_11,CPU_USAGE_12,CPU_USAGE_13,CPU_USAGE_14,CPU_USAGE_15,CPU_USAGE_2,CPU_USAGE_3,CPU_USAGE_4,CPU_USAGE_5,CPU_USAGE_6,CPU_USAGE_7,CPU_USAGE_8,CPU_USAGE_9,TOTAL_MEMORY,TOTAL_SWAP,USED_MEMORY,USED_SWAP
0,1776523365768,3050.931854248047,1860.0000000000002,1,0.66875,55389.48352050781,1819,1819,1819,1819,1901,1819,1819,1819,1819,1819,1901,1819,1819,1819,1819,1901,69.2767333984375,73.43733215332031,0.817596435546875,0.8179702758789063,66.9341812133789,46.91943359375,0.70660400390625,0.7069778442382813,0.8123321533203125,0.81195068359375,60.15110397338867,73.635986328125,0.5357818603515625,0.5346527099609375,68.30073547363281,61.31635665893555,16441667584,16151695360,12864798720,7975936000
199,1776523365769,3050.939743041992,1860.0000000000002,1,0.66875,55389.563873291016,1819,1819,1819,1819,1901,1819,1819,1819,1819,1819,1901,1819,1819,1819,1819,1901,49.23468017578125,74.06533813476563,0,0,75.15802764892578,96.23870086669922,0,0,0,0,68.00372314453125,48.605186462402344,0,0,79.89360046386719,46.225643157958984,16441667584,16151695360,12864798720,7976521728
1,1776523365969,3051.048141479492,1860.0000000000002,1,0.66875,55390.77600097656,1819,1819,1819,1819,1901,1819,1819,1819,1819,1819,1901,1819,1819,1819,1819,1901,48.345645904541016,50.263309478759766,0,0,53.1573486328125,57.069034576416016,0,0,0,0,44.207550048828125,43.664642333984375,0,0,63.54353332519531,60.60420227050781,16441667584,16151695360,12862095360,7975956480
