Delta,Time,CORE0_ENERGY (J),CORE0_FREQ (MHZ),CORE0_PSTATE,CORE0_VOLT (V),CPU_ENERGY (J),CPU_FREQUENCY_0,CPU_FREQUENCY_1,CPU_FREQUENCY_10,CPU_FREQUENCY_11,CPU_FREQUENCY_12,CPU_FREQUENCY_13,CPU_FREQUENCY_14,CPU_FREQUENCY_15,CPU_FREQUENCY_2,CPU_FREQUENCY_3,CPU_FREQUENCY_4,CPU_FREQUENCY_5,CPU_FREQUENCY_6,CPU_FREQUENCY_7,CPU_FREQUENCY_8,CPU_FREQUENCY_9,CPU_USAGE_0,CPU_USAGE_1,CPU_USAGE_10,CPU_USAGE_11,CPU_USAGE_12,CPU_USAGE_13,CPU_USAGE_14,CPU_USAGE_15,CPU_USAGE_2,CPU_USAGE_3,CPU_USAGE_4,CPU_USAGE_5,CPU_USAGE_6,CPU_USAGE_7,CPU_USAGE_8,CPU_USAGE_9,TOTAL_MEMORY,TOTAL_SWAP,USED_MEMORY,USED_SWAP
0,1776523409487,1904.9739227294922,1550,2,0.63125,55611.56217956543,1901,1901,1819,1819,1901,1901,1819,1819,1819,1819,1901,1901,1819,1819,1901,1901,35.35931396484375,16.875770568847656,6.406044006347656,13.926498413085938,22.49712371826172,14.269554138183594,53.95195770263672,81.77869415283203,65.36436462402344,12.025375366210938,16.77758026123047,14.604118347167969,1.6384811401367188,1.6340408325195313,28.53142547607422,7.274787902832031,16441667584,16151695360,12829532160,7941623808
199,1776523409489,1836.847152709961,1860.0000000000002,1,0.66875,55611.62641906738,1901,1901,1819,1819,1901,1901,1819,1819,1819,1819,1901,1901,1819,1819,1901,1901,22.765602111816406,3.041839599609375,6.696998596191406,13.76885986328125,0,14.8944091796875,5.263359069824219,53.64753341674805,19.158126831054688,42.7650260925293,20.997154235839844,0,0,0,3.1086044311523438,14.083633422851563,16441667584,16151695360,12829257728,7941103616
0,1776523409689,5425.579772949219,1860.0000000000002,1,0.675,55612.467529296875,1901,1901,1819,1819,1901,1901,1819,1819,1819,1819,1901,1901,1819,1819,1901,1901,7.0826873779296875,6.110649108886719,5.1410675048828125,3.0293960571289063,18.00409698486328,14.062240600585938,6.805397033691406,4.1441497802734375,2.9504928588867188,4.557807922363281,10.727630615234375,6.4715423583984375,0.00505828857421875,0.0055084228515625,22.664230346679688,30.95598602294922,16441667584,16151695360,12830502912,7940194304
