Delta,Time,CORE0_ENERGY (J),CORE0_FREQ (MHZ),CORE0_PSTATE,CORE0_VOLT (V),CPU_ENERGY (J),CPU_FREQUENCY_0,CPU_FREQUENCY_1,CPU_FREQUENCY_10,CPU_FREQUENCY_11,CPU_FREQUENCY_12,CPU_FREQUENCY_13,CPU_FREQUENCY_14,CPU_FREQUENCY_15,CPU_FREQUENCY_2,CPU_FREQUENCY_3,CPU_FREQUENCY_4,CPU_FREQUENCY_5,CPU_FREQUENCY_6,CPU_FREQUENCY_7,CPU_FREQUENCY_8,CPU_FREQUENCY_9,CPU_USAGE_0,CPU_USAGE_1,CPU_USAGE_10,CPU_USAGE_11,CPU_USAGE_12,CPU_USAGE_13,CPU_USAGE_14,CPU_USAGE_15,CPU_USAGE_2,CPU_USAGE_3,CPU_USAGE_4,CPU_USAGE_5,CPU_USAGE_6,CPU_USAGE_7,CPU_USAGE_8,CPU_USAGE_9,TOTAL_MEMORY,TOTAL_SWAP,USED_MEMORY,USED_SWAP
0,1776523393619,1835.5348358154297,1860.0000000000002,1,0.66875,55530.52816772461,1819,1819,1819,1819,1901,1819,1819,1819,1819,1819,1901,1819,1819,1819,1901,1819,32.60337829589844,46.33487319946289,37.81779861450195,73.70503997802734,48.09368133544922,55.22513198852539,51.04006576538086,59.84989929199219,0,0,43.75190353393555,39.811866760253906,0,0,49.97914123535156,71.63542938232422,16441667584,16151695360,12861059072,7970594816
198,1776523393621,3060.7967224121094,1860.0000000000002,1,0.66875,55530.606689453125,1819,1819,1819,1819,1901,1819,1819,1819,1819,1819,1901,1819,1819,1819,1901,1819,30.591339111328125,33.413818359375,27.504302978515625,26.7808837890625,35.184844970703125,26.21331024169922,33.5350341796875,42.87500762939453,0.26262664794921875,0,61.159584045410156,41.324275970458984,0,0,66.1907958984375,90.76583862304688,16441667584,16151695360,12861030400,7971049472
0,1776523393821,3060.837875366211,1400,2,0.63125,55531.55195617676,1819,1819,1819,1819,1901,1819,1819,1819,1819,1819,1901,1819,1819,1819,1901,1819,20.924232482910156,18.35820770263672,8.685676574707031,8.113021850585938,25.23120880126953,11.289443969726563,15.470237731933594,6.002227783203125,0.286407470703125,0.2866058349609375,15.364326477050781,14.65472412109375,0.310028076171875,0.31008148193359375,39.32683563232422,5.711822509765625,16441667584,16151695360,12857196544,7970193408
