Delta,Time,CORE0_ENERGY (J),CORE0_FREQ (MHZ),CORE0_PSTATE,CORE0_VOLT (V),CPU_ENERGY (J),CPU_FREQUENCY_0,CPU_FREQUENCY_1,CPU_FREQUENCY_10,CPU_FREQUENCY_11,CPU_FREQUENCY_12,CPU_FREQUENCY_13,CPU_FREQUENCY_14,CPU_FREQUENCY_15,CPU_FREQUENCY_2,CPU_FREQUENCY_3,CPU_FREQUENCY_4,CPU_FREQUENCY_5,CPU_FREQUENCY_6,CPU_FREQUENCY_7,CPU_FREQUENCY_8,CPU_FREQUENCY_9,CPU_USAGE_0,CPU_USAGE_1,CPU_USAGE_10,CPU_USAGE_11,CPU_USAGE_12,CPU_USAGE_13,CPU_USAGE_14,CPU_USAGE_15,CPU_USAGE_2,CPU_USAGE_3,CPU_USAGE_4,CPU_USAGE_5,CPU_USAGE_6,CPU_USAGE_7,CPU_USAGE_8,CPU_USAGE_9,TOTAL_MEMORY,TOTAL_SWAP,USED_MEMORY,USED_SWAP
0,1776523306230,3029.4369506835938,1860.0000000000002,1,0.66875,55092.08055114746,1819,1819,1819,1819,1819,1901,1819,1819,1819,1819,1819,1901,1819,1819,1819,1901,53.83279800415039,42.28761672973633,45.11259078979492,48.13605880737305,37.76575469970703,11.904884338378906,28.667205810546875,28.78564453125,0,0,48.2486457824707,28.767364501953125,0,0,55.218963623046875,55.421478271484375,16441667584,16151695360,13002186752,8092835840
200,1776523306231,5376.183502197266,1860.0000000000002,1,0.675,55092.15092468262,1819,1819,1819,1819,1819,1901,1819,1819,1819,1819,1819,1901,1819,1819,1819,1901,8.636238098144531,25.185951232910156,21.6942138671875,19.958335876464844,15.002159118652344,48.79277801513672,43.517826080322266,13.628189086914063,0,0,44.82972717285156,0.8500518798828125,0,0,55.19867706298828,5.451698303222656,16441667584,16151695360,13002182656,8093069312
0,1776523306432,5571.352584838867,1860.0000000000002,1,0.6625,55093.03988647461,1819,1819,1819,1819,1819,1901,1819,1819,1819,1819,1819,1901,1819,1819,1819,1901,9.173652648925781,8.355453491210938,9.364418029785156,5.8876800537109375,41.76454162597656,12.742988586425781,6.115242004394531,6.931297302246094,0.2403411865234375,0.2403411865234375,19.905433654785156,17.107650756835938,0.24039459228515625,0.2403411865234375,18.412307739257813,15.066848754882813,16441667584,16151695360,12999286784,8092590080
