Delta,Time,CORE0_ENERGY (J),CORE0_FREQ (MHZ),CORE0_PSTATE,CORE0_VOLT (V),CPU_ENERGY (J),CPU_FREQUENCY_0,CPU_FREQUENCY_1,CPU_FREQUENCY_10,CPU_FREQUENCY_11,CPU_FREQUENCY_12,CPU_FREQUENCY_13,CPU_FREQUENCY_14,CPU_FREQUENCY_15,CPU_FREQUENCY_2,CPU_FREQUENCY_3,CPU_FREQUENCY_4,CPU_FREQUENCY_5,CPU_FREQUENCY_6,CPU_FREQUENCY_7,CPU_FREQUENCY_8,CPU_FREQUENCY_9,CPU_USAGE_0,CPU_USAGE_1,CPU_USAGE_10,CPU_USAGE_11,CPU_USAGE_12,CPU_USAGE_13,CPU_USAGE_14,CPU_USAGE_15,CPU_USAGE_2,CPU_USAGE_3,CPU_USAGE_4,CPU_USAGE_5,CPU_USAGE_6,CPU_USAGE_7,CPU_USAGE_8,CPU_USAGE_9,TOTAL_MEMORY,TOTAL_SWAP,USED_MEMORY,USED_SWAP
0,1776523397577,1835.6834411621094,1860.0000000000002,1,0.66875,55550.350524902344,1819,1819,1819,1819,1901,1901,1819,1819,1819,1819,1901,1901,1819,1819,1901,1901,59.73834228515625,60.362083435058594,45.824459075927734,29.266082763671875,27.770408630371094,25.064727783203125,61.29788589477539,44.53223419189453,0,0,23.756820678710938,41.251380920410156,0,0,57.38985061645508,60.194580078125,16441667584,16151695360,12858101760,7969746944
199,1776523397578,5616.785217285156,1860.0000000000002,1,0.675,55550.423736572266,1819,1819,1819,1819,1901,1901,1819,1819,1819,1819,1901,1901,1819,1819,1901,1901,72.2946548461914,84.47150421142578,21.963134765625,14.344367980957031,34.954071044921875,13.685394287109375,39.781829833984375,32.50065612792969,0,0.02433013916015625,21.33153533935547,43.03615188598633,0,0,30.664649963378906,32.20867919921875,16441667584,16151695360,12858134528,7969746944
1,1776523397778,2920.1387786865234,1860.0000000000002,1,0.66875,55551.623138427734,1819,1819,1819,1819,1901,1901,1819,1819,1819,1819,1901,1901,1819,1819,1901,1901,35.19580841064453,43.06486511230469,18.261581420898438,15.462760925292969,33.38298797607422,44.77278137207031,21.64111328125,31.419898986816406,0.10903167724609375,0,30.71192169189453,25.735671997070313,0,0,37.241851806640625,54.8048210144043,16441667584,16151695360,12856229888,7971934208
