Delta,Time,CORE0_ENERGY (J),CORE0_FREQ (MHZ),CORE0_PSTATE,CORE0_VOLT (V),CPU_ENERGY (J),CPU_FREQUENCY_0,CPU_FREQUENCY_1,CPU_FREQUENCY_10,CPU_FREQUENCY_11,CPU_FREQUENCY_12,CPU_FREQUENCY_13,CPU_FREQUENCY_14,CPU_FREQUENCY_15,CPU_FREQUENCY_2,CPU_FREQUENCY_3,CPU_FREQUENCY_4,CPU_FREQUENCY_5,CPU_FREQUENCY_6,CPU_FREQUENCY_7,CPU_FREQUENCY_8,CPU_FREQUENCY_9,CPU_USAGE_0,CPU_USAGE_1,CPU_USAGE_10,CPU_USAGE_11,CPU_USAGE_12,CPU_USAGE_13,CPU_USAGE_14,CPU_USAGE_15,CPU_USAGE_2,CPU_USAGE_3,CPU_USAGE_4,CPU_USAGE_5,CPU_USAGE_6,CPU_USAGE_7,CPU_USAGE_8,CPU_USAGE_9,TOTAL_MEMORY,TOTAL_SWAP,USED_MEMORY,USED_SWAP
0,1776523326090,5385.696258544922,1860.0000000000002,1,0.675,55191.6796875,1819,1819,1819,1819,1901,1819,1819,1819,1819,1819,1819,1819,1819,1819,1901,1819,45.07160186767578,71.53752899169922,0,0,52.744041442871094,59.18943405151367,83.47493743896484,62.60262680053711,0,0,46.57518005371094,34.954010009765625,0,0,61.752994537353516,52.56266784667969,16441667584,16151695360,12989456384,8091308032
198,1776523326091,3036.5064239501953,1860.0000000000002,1,0.66875,55191.76156616211,1819,1819,1819,1819,1901,1819,1819,1819,1819,1819,1819,1819,1819,1819,1901,1819,58.88822937011719,44.651275634765625,0,0,76.5680160522461,41.647430419921875,82.91900634765625,63.14787292480469,0,0,59.60737991333008,36.93104553222656,0,0,65.15142822265625,68.59524536132813,16441667584,16151695360,12989480960,8091176960
1,1776523326291,2905.6303100585938,1860.0000000000002,1,0.66875,55193.145767211914,1819,1819,1819,1819,1901,1819,1819,1819,1819,1819,1819,1819,1819,1819,1901,1819,50.98891067504883,45.576805114746094,0.20383453369140625,0.2036895751953125,70.35211181640625,54.12239456176758,53.331661224365234,47.78614807128906,0.21405792236328125,0.38527679443359375,58.34162902832031,56.65584945678711,0.198150634765625,0.19824981689453125,58.74925231933594,61.36325454711914,16441667584,16151695360,12997251072,8109547520
