Delta,Time,CORE0_ENERGY (J),CORE0_FREQ (MHZ),CORE0_PSTATE,CORE0_VOLT (V),CPU_ENERGY (J),CPU_FREQUENCY_0,CPU_FREQUENCY_1,CPU_FREQUENCY_10,CPU_FREQUENCY_11,CPU_FREQUENCY_12,CPU_FREQUENCY_13,CPU_FREQUENCY_14,CPU_FREQUENCY_15,CPU_FREQUENCY_2,CPU_FREQUENCY_3,CPU_FREQUENCY_4,CPU_FREQUENCY_5,CPU_FREQUENCY_6,CPU_FREQUENCY_7,CPU_FREQUENCY_8,CPU_FREQUENCY_9,CPU_USAGE_0,CPU_USAGE_1,CPU_USAGE_10,CPU_USAGE_11,CPU_USAGE_12,CPU_USAGE_13,CPU_USAGE_14,CPU_USAGE_15,CPU_USAGE_2,CPU_USAGE_3,CPU_USAGE_4,CPU_USAGE_5,CPU_USAGE_6,CPU_USAGE_7,CPU_USAGE_8,CPU_USAGE_9,TOTAL_MEMORY,TOTAL_SWAP,USED_MEMORY,USED_SWAP
0,1776523381696,5608.929748535156,1550,2,0.63125,55469.70133972168,1819,1819,1819,1819,1819,1901,1819,1819,1819,1819,1819,1819,1819,1819,1901,1819,31.73204803466797,24.011871337890625,47.7132453918457,38.918087005615234,35.89032745361328,46.29832458496094,42.16166305541992,56.744346618652344,0.46741485595703125,0,37.52031326293945,39.88124465942383,0,0,11.386070251464844,47.81649398803711,16441667584,16151695360,12865654784,7974080512
199,1776523381697,1615.5678100585938,1860.0000000000002,1,0.675,55469.772369384766,1819,1819,1819,1819,1819,1901,1819,1819,1819,1819,1819,1819,1819,1819,1901,1819,9.230278015136719,20.296539306640625,4.728614807128906,56.34300231933594,16.77550506591797,44.351783752441406,24.768226623535156,42.19997787475586,0,0,3.4728622436523438,35.75312805175781,0,0,29.596405029296875,14.4952392578125,16441667584,16151695360,12865646592,7975002112
1,1776523381898,2917.238052368164,1550,2,0.63125,55470.73179626465,1819,1819,1819,1819,1819,1901,1819,1819,1819,1819,1819,1819,1819,1819,1901,1819,15.070274353027344,16.741058349609375,5.6550140380859375,7.358451843261719,21.590911865234375,22.305931091308594,8.438018798828125,9.059150695800781,0,0,17.75910186767578,18.868179321289063,0,0,48.92882537841797,6.7226409912109375,16441667584,16151695360,12858904576,7970000896
