Delta,Time,CORE0_ENERGY (J),CORE0_FREQ (MHZ),CORE0_PSTATE,CORE0_VOLT (V),CPU_ENERGY (J),CPU_FREQUENCY_0,CPU_FREQUENCY_1,CPU_FREQUENCY_10,CPU_FREQUENCY_11,CPU_FREQUENCY_12,CPU_FREQUENCY_13,CPU_FREQUENCY_14,CPU_FREQUENCY_15,CPU_FREQUENCY_2,CPU_FREQUENCY_3,CPU_FREQUENCY_4,CPU_FREQUENCY_5,CPU_FREQUENCY_6,CPU_FREQUENCY_7,CPU_FREQUENCY_8,CPU_FREQUENCY_9,CPU_USAGE_0,CPU_USAGE_1,CPU_USAGE_10,CPU_USAGE_11,CPU_USAGE_12,CPU_USAGE_13,CPU_USAGE_14,CPU_USAGE_15,CPU_USAGE_2,CPU_USAGE_3,CPU_USAGE_4,CPU_USAGE_5,CPU_USAGE_6,CPU_USAGE_7,CPU_USAGE_8,CPU_USAGE_9,TOTAL_MEMORY,TOTAL_SWAP,USED_MEMORY,USED_SWAP
0,1776523401561,2920.886260986328,1860.0000000000002,1,0.66875,55570.69303894043,1819,1819,1819,1819,1819,1819,1819,1819,1819,1819,1819,1819,1819,1819,1901,1819,61.355838775634766,67.06352233886719,33.97508239746094,51.94002914428711,97.9793701171875,90.75575256347656,55.977962493896484,52.76713562011719,43.590179443359375,47.48095703125,25.88848876953125,42.10456085205078,0,0,72.81852722167969,57.531982421875,16441667584,16151695360,12843401216,7947587584
199,1776523401562,1904.8453521728516,1860.0000000000002,1,0.675,55570.78300476074,1819,1819,1819,1819,1819,1819,1819,1819,1819,1819,1819,1819,1819,1819,1901,1819,57.9915885925293,51.96738052368164,26.088829040527344,29.23479461669922,66.35244750976563,60.144630432128906,21.4688720703125,29.61944580078125,37.40793991088867,51.85044479370117,16.58837127685547,13.975791931152344,0,0,71.13960266113281,76.02420806884766,16441667584,16151695360,12843343872,7947587584
1,1776523401763,5421.763961791992,1860.0000000000002,1,0.675,55572.13200378418,1819,1819,1819,1819,1819,1819,1819,1819,1819,1819,1819,1819,1819,1819,1901,1819,50.79704666137695,52.196659088134766,35.2742919921875,36.00520324707031,53.13679885864258,24.69544219970703,15.183998107910156,17.895858764648438,41.55709457397461,41.65156173706055,56.579872131347656,47.58435821533203,0.1971282958984375,0.19698333740234375,33.656097412109375,36.19423294067383,16441667584,16151695360,12844163072,7948652544
