Delta,Time,CORE0_ENERGY (J),CORE0_FREQ (MHZ),CORE0_PSTATE,CORE0_VOLT (V),CPU_ENERGY (J),CPU_FREQUENCY_0,CPU_FREQUENCY_1,CPU_FREQUENCY_10,CPU_FREQUENCY_11,CPU_FREQUENCY_12,CPU_FREQUENCY_13,CPU_FREQUENCY_14,CPU_FREQUENCY_15,CPU_FREQUENCY_2,CPU_FREQUENCY_3,CPU_FREQUENCY_4,CPU_FREQUENCY_5,CPU_FREQUENCY_6,CPU_FREQUENCY_7,CPU_FREQUENCY_8,CPU_FREQUENCY_9,CPU_USAGE_0,CPU_USAGE_1,CPU_USAGE_10,CPU_USAGE_11,CPU_USAGE_12,CPU_USAGE_13,CPU_USAGE_14,CPU_USAGE_15,CPU_USAGE_2,CPU_USAGE_3,CPU_USAGE_4,CPU_USAGE_5,CPU_USAGE_6,CPU_USAGE_7,CPU_USAGE_8,CPU_USAGE_9,TOTAL_MEMORY,TOTAL_SWAP,USED_MEMORY,USED_SWAP
0,1776523361815,8548.96597290039,1860.0000000000002,1,0.675,55369.5295715332,1819,1901,1819,1819,1901,1901,1901,1819,1819,1819,1901,1819,1819,1819,1901,1901,12.856613159179688,7.324623107910156,37.74329376220703,5.1666107177734375,33.34331512451172,46.99810028076172,18.492271423339844,8.688011169433594,67.10484313964844,23.982879638671875,15.744209289550781,11.597679138183594,52.885623931884766,81.91844177246094,12.511726379394531,10.946922302246094,16441667584,16151695360,12880584704,7997489152
199,1776523361816,1832.7811737060547,1550,2,0.63125,55369.597396850586,1819,1901,1819,1819,1901,1901,1901,1819,1819,1819,1901,1819,1819,1819,1901,1901,5.904014587402344,3.818023681640625,32.26704406738281,0,23.058090209960938,0,0,6.03662109375,13.43499755859375,41.887081146240234,5.5602569580078125,0,58.16188049316406,34.68761444091797,65.14509582519531,0,16441667584,16151695360,12880846848,7998128128
1,1776523362016,2913.4083709716797,1860.0000000000002,1,0.66875,55370.672134399414,1819,1901,1819,1819,1901,1901,1901,1819,1819,1819,1901,1819,1819,1819,1901,1901,12.357574462890625,19.70641326904297,4.1635284423828125,2.936492919921875,26.29730224609375,16.937660217285156,5.319648742675781,2.5508499145507813,20.655303955078125,8.189933776855469,56.43598175048828,18.100547790527344,28.901718139648438,7.056312561035156,12.0904541015625,13.322502136230469,16441667584,16151695360,12865335296,7973273600
