Delta,Time,CORE0_ENERGY (J),CORE0_FREQ (MHZ),CORE0_PSTATE,CORE0_VOLT (V),CPU_ENERGY (J),CPU_FREQUENCY_0,CPU_FREQUENCY_1,CPU_FREQUENCY_10,CPU_FREQUENCY_11,CPU_FREQUENCY_12,CPU_FREQUENCY_13,CPU_FREQUENCY_14,CPU_FREQUENCY_15,CPU_FREQUENCY_2,CPU_FREQUENCY_3,CPU_FREQUENCY_4,CPU_FREQUENCY_5,CPU_FREQUENCY_6,CPU_FREQUENCY_7,CPU_FREQUENCY_8,CPU_FREQUENCY_9,CPU_USAGE_0,CPU_USAGE_1,CPU_USAGE_10,CPU_USAGE_11,CPU_USAGE_12,CPU_USAGE_13,CPU_USAGE_14,CPU_USAGE_15,CPU_USAGE_2,CPU_USAGE_3,CPU_USAGE_4,CPU_USAGE_5,CPU_USAGE_6,CPU_USAGE_7,CPU_USAGE_8,CPU_USAGE_9,TOTAL_MEMORY,TOTAL_SWAP,USED_MEMORY,USED_SWAP
0,1776523357823,1904.3180847167969,1860.0000000000002,1,0.675,55348.35632324219,1901,1819,1819,1819,1901,1901,1819,1819,1819,1819,1901,1901,1819,1819,1901,1901,33.96629333496094,19.65203094482422,16.068649291992188,19.068939208984375,19.260391235351563,8.489479064941406,12.428115844726563,24.696075439453125,37.476524353027344,15.174346923828125,24.101333618164063,6.1876678466796875,0,0,46.74456024169922,28.29656982421875,16441667584,16151695360,12867538944,7967043584
199,1776523357824,1904.322769165039,1860.0000000000002,1,0.675,55348.41786193848,1901,1819,1819,1819,1901,1901,1819,1819,1819,1819,1901,1901,1819,1819,1901,1901,17.50536346435547,1.5100326538085938,2.8378372192382813,3.40350341796875,47.940433502197266,14.307815551757813,6.998725891113281,20.130599975585938,37.216453552246094,26.334922790527344,3.20513916015625,7.323326110839844,0,0,17.31743621826172,16.440460205078125,16441667584,16151695360,12867538944,7967633408
0,1776523358025,5400.727798461914,1860.0000000000002,1,0.6625,55349.25987243652,1901,1819,1819,1819,1901,1901,1819,1819,1819,1819,1901,1901,1819,1819,1901,1901,6.538734436035156,3.84161376953125,4.908775329589844,2.7713165283203125,19.92516326904297,8.300621032714844,4.218315124511719,3.0863113403320313,7.6147918701171875,6.543006896972656,8.221107482910156,10.684837341308594,0.419921875,0.41997528076171875,32.67644500732422,7.613151550292969,16441667584,16151695360,12864528384,7967821824
