Delta,Time,CORE0_ENERGY (J),CORE0_FREQ (MHZ),CORE0_PSTATE,CORE0_VOLT (V),CPU_ENERGY (J),CPU_FREQUENCY_0,CPU_FREQUENCY_1,CPU_FREQUENCY_10,CPU_FREQUENCY_11,CPU_FREQUENCY_12,CPU_FREQUENCY_13,CPU_FREQUENCY_14,CPU_FREQUENCY_15,CPU_FREQUENCY_2,CPU_FREQUENCY_3,CPU_FREQUENCY_4,CPU_FREQUENCY_5,CPU_FREQUENCY_6,CPU_FREQUENCY_7,CPU_FREQUENCY_8,CPU_FREQUENCY_9,CPU_USAGE_0,CPU_USAGE_1,CPU_USAGE_10,CPU_USAGE_11,CPU_USAGE_12,CPU_USAGE_13,CPU_USAGE_14,CPU_USAGE_15,CPU_USAGE_2,CPU_USAGE_3,CPU_USAGE_4,CPU_USAGE_5,CPU_USAGE_6,CPU_USAGE_7,CPU_USAGE_8,CPU_USAGE_9,TOTAL_MEMORY,TOTAL_SWAP,USED_MEMORY,USED_SWAP
0,1776523334009,3039.090621948242,1550,2,0.63125,55229.28700256348,1819,1819,1819,1819,1901,1819,1819,1819,1819,1819,1901,1901,1819,1819,1901,1901,44.76376724243164,41.43368911743164,0,0,47.789146423339844,17.617942810058594,34.75807189941406,11.592353820800781,0,0,26.55585479736328,8.531646728515625,0,0,43.59221267700195,36.54477310180664,16441667584,16151695360,12987441152,8086364160
199,1776523334010,5585.152862548828,1550,2,0.63125,55229.32632446289,1819,1819,1819,1819,1901,1819,1819,1819,1819,1819,1901,1901,1819,1819,1901,1901,8.062019348144531,14.686790466308594,0,0,13.321319580078125,0,65.41817474365234,0,0,0,33.615150451660156,24.974075317382813,0,0,28.34149169921875,8.247062683105469,16441667584,16151695360,12987465728,8086233088
1,1776523334211,5585.266845703125,1860.0000000000002,1,0.675,55230.51496887207,1819,1819,1819,1819,1901,1819,1819,1819,1819,1819,1901,1901,1819,1819,1901,1901,43.26316452026367,42.079856872558594,0,0,57.38179016113281,44.75930404663086,3.4292449951171875,0.42699432373046875,0,0,52.3521614074707,47.15091323852539,0,0,45.709877014160156,65.33998107910156,16441667584,16151695360,12984516608,8088715264
