Delta,Time,CORE0_ENERGY (J),CORE0_FREQ (MHZ),CORE0_PSTATE,CORE0_VOLT (V),CPU_ENERGY (J),CPU_FREQUENCY_0,CPU_FREQUENCY_1,CPU_FREQUENCY_10,CPU_FREQUENCY_11,CPU_FREQUENCY_12,CPU_FREQUENCY_13,CPU_FREQUENCY_14,CPU_FREQUENCY_15,CPU_FREQUENCY_2,CPU_FREQUENCY_3,CPU_FREQUENCY_4,CPU_FREQUENCY_5,CPU_FREQUENCY_6,CPU_FREQUENCY_7,CPU_FREQUENCY_8,CPU_FREQUENCY_9,CPU_USAGE_0,CPU_USAGE_1,CPU_USAGE_10,CPU_USAGE_11,CPU_USAGE_12,CPU_USAGE_13,CPU_USAGE_14,CPU_USAGE_15,CPU_USAGE_2,CPU_USAGE_3,CPU_USAGE_4,CPU_USAGE_5,CPU_USAGE_6,CPU_USAGE_7,CPU_USAGE_8,CPU_USAGE_9,TOTAL_MEMORY,TOTAL_SWAP,USED_MEMORY,USED_SWAP
0,1776523330043,5583.296600341797,1860.0000000000002,1,0.675,55210.412017822266,1819,1901,1819,1819,1901,1819,1819,1819,1819,1819,1901,1819,1819,1819,1901,1819,63.763160705566406,42.58254623413086,60.303367614746094,28.86125946044922,89.95101928710938,62.73398208618164,34.679527282714844,34.191505432128906,0,0,32.23625183105469,34.6278076171875,0,0,44.68523025512695,29.45061492919922,16441667584,16151695360,12985249792,8092598272
198,1776523330045,1830.4232025146484,1860.0000000000002,1,0.66875,55210.49058532715,1819,1901,1819,1819,1901,1819,1819,1819,1819,1819,1901,1819,1819,1819,1901,1819,65.68060302734375,46.14391326904297,56.86039352416992,60.34132766723633,68.92681884765625,89.79397583007813,27.81877899169922,19.539772033691406,0,0,20.192703247070313,11.299713134765625,0,0,42.32984924316406,9.367568969726563,16441667584,16151695360,12985270272,8094097408
1,1776523330244,5387.624008178711,1860.0000000000002,1,0.675,55211.706787109375,1819,1901,1819,1819,1901,1819,1819,1819,1819,1819,1901,1819,1819,1819,1901,1819,41.02016830444336,38.034950256347656,15.167648315429688,17.109169006347656,42.20750045776367,49.7618522644043,11.160316467285156,8.183212280273438,0.7841415405273438,0.48738861083984375,47.0327033996582,31.860519409179688,0.4766998291015625,0.47634124755859375,55.539947509765625,50.012325286865234,16441667584,16151695360,12985843712,8089759744
