Delta,Time,CORE0_ENERGY (J),CORE0_FREQ (MHZ),CORE0_PSTATE,CORE0_VOLT (V),CPU_ENERGY (J),CPU_FREQUENCY_0,CPU_FREQUENCY_1,CPU_FREQUENCY_10,CPU_FREQUENCY_11,CPU_FREQUENCY_12,CPU_FREQUENCY_13,CPU_FREQUENCY_14,CPU_FREQUENCY_15,CPU_FREQUENCY_2,CPU_FREQUENCY_3,CPU_FREQUENCY_4,CPU_FREQUENCY_5,CPU_FREQUENCY_6,CPU_FREQUENCY_7,CPU_FREQUENCY_8,CPU_FREQUENCY_9,CPU_USAGE_0,CPU_USAGE_1,CPU_USAGE_10,CPU_USAGE_11,CPU_USAGE_12,CPU_USAGE_13,CPU_USAGE_14,CPU_USAGE_15,CPU_USAGE_2,CPU_USAGE_3,CPU_USAGE_4,CPU_USAGE_5,CPU_USAGE_6,CPU_USAGE_7,CPU_USAGE_8,CPU_USAGE_9,TOTAL_MEMORY,TOTAL_SWAP,USED_MEMORY,USED_SWAP
0,1776523345839,5394.769470214844,1550,2,0.63125,55286.617599487305,1901,1819,1819,1819,1901,1819,1819,1819,1819,1819,1819,1901,1819,1819,1819,1901,20.817291259765625,24.327377319335938,9.160163879394531,7.865394592285156,24.48480987548828,33.558937072753906,14.828025817871094,9.670387268066406,1.2649612426757813,0.9540176391601563,30.349594116210938,4.1209869384765625,0.32924652099609375,0.32898712158203125,22.046165466308594,10.98529052734375,16441667584,16151695360,12901412864,8003469312
199,1776523345840,2909.5729370117188,1550,2,0.63125,55286.63980102539,1901,1819,1819,1819,1901,1819,1819,1819,1819,1819,1819,1901,1819,1819,1819,1901,14.377159118652344,24.35143280029297,10.339187622070313,69.31743621826172,55.692039489746094,12.381103515625,30.385452270507813,11.292350769042969,10.271392822265625,11.711097717285156,26.66254425048828,10.799819946289063,10.303298950195313,10.311271667480469,69.52680969238281,10.315261840820313,16441667584,16151695360,12901445632,8003469312
1,1776523346040,3043.257110595703,1860.0000000000002,1,0.675,55287.676666259766,1901,1819,1819,1819,1901,1819,1819,1819,1819,1819,1819,1901,1819,1819,1819,1901,5.710357666015625,4.04791259765625,5.498115539550781,3.821014404296875,20.68859100341797,38.64400100708008,6.276588439941406,3.990325927734375,0.5411529541015625,0.1259918212890625,33.69416809082031,24.72907257080078,0.12010955810546875,0.12005615234375,39.26412582397461,47.49237823486328,16441667584,16151695360,12894371840,8006524928
