Delta,Time,CORE0_ENERGY (J),CORE0_FREQ (MHZ),CORE0_PSTATE,CORE0_VOLT (V),CPU_ENERGY (J),CPU_FREQUENCY_0,CPU_FREQUENCY_1,CPU_FREQUENCY_10,CPU_FREQUENCY_11,CPU_FREQUENCY_12,CPU_FREQUENCY_13,CPU_FREQUENCY_14,CPU_FREQUENCY_15,CPU_FREQUENCY_2,CPU_FREQUENCY_3,CPU_FREQUENCY_4,CPU_FREQUENCY_5,CPU_FREQUENCY_6,CPU_FREQUENCY_7,CPU_FREQUENCY_8,CPU_FREQUENCY_9,CPU_USAGE_0,CPU_USAGE_1,CPU_USAGE_10,CPU_USAGE_11,CPU_USAGE_12,CPU_USAGE_13,CPU_USAGE_14,CPU_USAGE_15,CPU_USAGE_2,CPU_USAGE_3,CPU_USAGE_4,CPU_USAGE_5,CPU_USAGE_6,CPU_USAGE_7,CPU_USAGE_8,CPU_USAGE_9,TOTAL_MEMORY,TOTAL_SWAP,USED_MEMORY,USED_SWAP
0,1776523314140,5575.190368652344,1860.0000000000002,1,0.675,55132.12245178223,1819,1819,1819,1819,1819,1901,1819,1819,1819,1819,1901,1901,1819,1819,1819,1819,64.22976684570313,73.24139404296875,2.518798828125,2.518798828125,66.46720123291016,55.918453216552734,85.61408233642578,75.08717346191406,2.1933975219726563,2.193756103515625,72.60404968261719,64.28691101074219,2.443817138671875,2.4459991455078125,56.41857147216797,53.753448486328125,16441667584,16151695360,12991213568,8087388160
198,1776523314142,2903.118850708008,1860.0000000000002,1,0.66875,55132.212814331055,1819,1819,1819,1819,1819,1901,1819,1819,1819,1819,1901,1901,1819,1819,1819,1819,69.8534164428711,56.22410583496094,0,0,65.49299621582031,78.90110778808594,62.27405548095703,62.990474700927734,0,0,65.56974792480469,36.67194747924805,0,0,54.699649810791016,52.15256118774414,16441667584,16151695360,12990791680,8082329600
1,1776523314342,5380.065963745117,1860.0000000000002,1,0.675,55133.515045166016,1819,1819,1819,1819,1819,1901,1819,1819,1819,1819,1901,1901,1819,1819,1819,1819,48.09836196899414,40.837982177734375,0.02787017822265625,0.02787017822265625,63.31019973754883,50.91029739379883,47.95691680908203,41.11188888549805,0.080291748046875,0.08510589599609375,43.32699966430664,35.26397705078125,0.027618408203125,0.02741241455078125,54.548824310302734,68.86919403076172,16441667584,16151695360,12985081856,8085766144
