Delta,Time,CORE0_ENERGY (J),CORE0_FREQ (MHZ),CORE0_PSTATE,CORE0_VOLT (V),CPU_ENERGY (J),CPU_FREQUENCY_0,CPU_FREQUENCY_1,CPU_FREQUENCY_10,CPU_FREQUENCY_11,CPU_FREQUENCY_12,CPU_FREQUENCY_13,CPU_FREQUENCY_14,CPU_FREQUENCY_15,CPU_FREQUENCY_2,CPU_FREQUENCY_3,CPU_FREQUENCY_4,CPU_FREQUENCY_5,CPU_FREQUENCY_6,CPU_FREQUENCY_7,CPU_FREQUENCY_8,CPU_FREQUENCY_9,CPU_USAGE_0,CPU_USAGE_1,CPU_USAGE_10,CPU_USAGE_11,CPU_USAGE_12,CPU_USAGE_13,CPU_USAGE_14,CPU_USAGE_15,CPU_USAGE_2,CPU_USAGE_3,CPU_USAGE_4,CPU_USAGE_5,CPU_USAGE_6,CPU_USAGE_7,CPU_USAGE_8,CPU_USAGE_9,TOTAL_MEMORY,TOTAL_SWAP,USED_MEMORY,USED_SWAP
0,1776523369843,1615.4554901123047,1550,2,0.63125,55410.05693054199,1819,1819,1819,1819,1901,1819,1819,1819,1819,1819,1901,1819,1819,1819,1819,1901,16.053634643554688,17.976104736328125,39.92223358154297,22.756973266601563,18.37004852294922,11.164710998535156,24.744110107421875,6.043937683105469,0.81085205078125,1.0822677612304688,64.25624084472656,4.471160888671875,0.7912826538085938,0.7908554077148438,45.720279693603516,56.3379020690918,16441667584,16151695360,12866514944,7976775680
199,1776523369844,5406.6363525390625,1550,2,0.63125,55410.12190246582,1819,1819,1819,1819,1901,1819,1819,1819,1819,1819,1901,1819,1819,1819,1819,1901,5.7088623046875,20.07062530517578,59.23320007324219,5.6786956787109375,3.198699951171875,19.42645263671875,11.305923461914063,13.352027893066406,2.5971145629882813,2.0469894409179688,41.421627044677734,6.784263610839844,1.5004196166992188,1.5004196166992188,52.8854866027832,1.8810653686523438,16441667584,16151695360,12866539520,7977504768
1,1776523370045,5406.688095092773,1860.0000000000002,1,0.675,55410.98301696777,1819,1819,1819,1819,1901,1819,1819,1819,1819,1819,1901,1819,1819,1819,1819,1901,2.1624526977539063,2.2797012329101563,6.004814147949219,5.637481689453125,13.8096923828125,28.957290649414063,4.88836669921875,5.035942077636719,0.17455291748046875,0.17455291748046875,10.928604125976563,13.428565979003906,0.1746978759765625,0.1746978759765625,22.273605346679688,9.616081237792969,16441667584,16151695360,12864294912,7977447424
