Delta,Time,CORE0_ENERGY (J),CORE0_FREQ (MHZ),CORE0_PSTATE,CORE0_VOLT (V),CPU_ENERGY (J),CPU_FREQUENCY_0,CPU_FREQUENCY_1,CPU_FREQUENCY_10,CPU_FREQUENCY_11,CPU_FREQUENCY_12,CPU_FREQUENCY_13,CPU_FREQUENCY_14,CPU_FREQUENCY_15,CPU_FREQUENCY_2,CPU_FREQUENCY_3,CPU_FREQUENCY_4,CPU_FREQUENCY_5,CPU_FREQUENCY_6,CPU_FREQUENCY_7,CPU_FREQUENCY_8,CPU_FREQUENCY_9,CPU_USAGE_0,CPU_USAGE_1,CPU_USAGE_10,CPU_USAGE_11,CPU_USAGE_12,CPU_USAGE_13,CPU_USAGE_14,CPU_USAGE_15,CPU_USAGE_2,CPU_USAGE_3,CPU_USAGE_4,CPU_USAGE_5,CPU_USAGE_6,CPU_USAGE_7,CPU_USAGE_8,CPU_USAGE_9,TOTAL_MEMORY,TOTAL_SWAP,USED_MEMORY,USED_SWAP
0,1776523341856,5589.233596801758,1860.0000000000002,1,0.675,55268.88919067383,1819,1819,1819,1819,1819,1901,1819,1819,1819,1819,1901,1901,1819,1819,1901,1819,65.05198669433594,71.52098083496094,0,0,74.95832061767578,61.933902740478516,0,0,1.0184173583984375,0.029052734375,64.87947082519531,89.4794921875,0,0,82.49512481689453,80.74267578125,16441667584,16151695360,12986916864,8090275840
198,1776523341857,5589.241271972656,1860.0000000000002,1,0.675,55268.95408630371,1819,1819,1819,1819,1819,1901,1819,1819,1819,1819,1901,1901,1819,1819,1901,1819,56.1014404296875,47.746395111083984,2.2605667114257813,2.2555923461914063,61.69865798950195,52.07956314086914,2.2536087036132813,2.2526092529296875,4.522125244140625,3.0223770141601563,46.94878005981445,76.92292785644531,2.54400634765625,2.5400314331054688,75.54151916503906,95.38438415527344,16441667584,16151695360,12986925056,8090275840
1,1776523342057,2908.9883880615234,1860.0000000000002,1,0.66875,55270.17137145996,1819,1819,1819,1819,1819,1901,1819,1819,1819,1819,1901,1901,1819,1819,1901,1819,57.35030746459961,44.6721305847168,0.17765045166015625,0.17669677734375,63.074031829833984,73.41934967041016,0.1565399169921875,0.156494140625,0.1851348876953125,0.093017578125,47.02503967285156,45.578468322753906,0.16086578369140625,0.16106414794921875,49.99763870239258,41.30583953857422,16441667584,16151695360,12980015104,8082210816
