Delta,Time,CORE0_ENERGY (J),CORE0_FREQ (MHZ),CORE0_PSTATE,CORE0_VOLT (V),CPU_ENERGY (J),CPU_FREQUENCY_0,CPU_FREQUENCY_1,CPU_FREQUENCY_10,CPU_FREQUENCY_11,CPU_FREQUENCY_12,CPU_FREQUENCY_13,CPU_FREQUENCY_14,CPU_FREQUENCY_15,CPU_FREQUENCY_2,CPU_FREQUENCY_3,CPU_FREQUENCY_4,CPU_FREQUENCY_5,CPU_FREQUENCY_6,CPU_FREQUENCY_7,CPU_FREQUENCY_8,CPU_FREQUENCY_9,CPU_USAGE_0,CPU_USAGE_1,CPU_USAGE_10,CPU_USAGE_11,CPU_USAGE_12,CPU_USAGE_13,CPU_USAGE_14,CPU_USAGE_15,CPU_USAGE_2,CPU_USAGE_3,CPU_USAGE_4,CPU_USAGE_5,CPU_USAGE_6,CPU_USAGE_7,CPU_USAGE_8,CPU_USAGE_9,TOTAL_MEMORY,TOTAL_SWAP,USED_MEMORY,USED_SWAP
0,1776523389593,3059.196548461914,1550,2,0.63125,55509.83445739746,1819,1901,1819,1819,1819,1901,1819,1819,1819,1819,1819,1819,1819,1819,1819,1819,50.84312057495117,30.901107788085938,49.4786491394043,51.83657455444336,64.9088363647461,48.6447868347168,48.385223388671875,72.24995422363281,0,0,47.20033645629883,47.80277633666992,0,0,60.60881042480469,42.15123748779297,16441667584,16151695360,12857565184,7972384768
199,1776523389595,5612.770111083984,1860.0000000000002,1,0.675,55509.91604614258,1819,1901,1819,1819,1819,1901,1819,1819,1819,1819,1819,1819,1819,1819,1819,1819,43.59023666381836,11.257339477539063,16.295745849609375,51.123329162597656,12.622451782226563,30.57459259033203,69.34272766113281,75.41265869140625,0,0,59.3389778137207,15.853530883789063,0,0,36.94253921508789,34.90448760986328,16441667584,16151695360,12857774080,7972384768
0,1776523389795,3059.3059692382813,1860.0000000000002,1,0.6625,55511.07888793945,1819,1901,1819,1819,1819,1901,1819,1819,1819,1819,1819,1819,1819,1819,1819,1819,43.27613067626953,42.88745880126953,1.7134475708007813,1.570037841796875,34.746246337890625,45.91294479370117,1.8770675659179688,4.964439392089844,0.0958251953125,0.022064208984375,51.165916442871094,40.145790100097656,0.06282806396484375,0.06293487548828125,55.46613693237305,40.93256378173828,16441667584,16151695360,12856303616,7972368384
