Delta,Time,CORE0_ENERGY (J),CORE0_FREQ (MHZ),CORE0_PSTATE,CORE0_VOLT (V),CPU_ENERGY (J),CPU_FREQUENCY_0,CPU_FREQUENCY_1,CPU_FREQUENCY_10,CPU_FREQUENCY_11,CPU_FREQUENCY_12,CPU_FREQUENCY_13,CPU_FREQUENCY_14,CPU_FREQUENCY_15,CPU_FREQUENCY_2,CPU_FREQUENCY_3,CPU_FREQUENCY_4,CPU_FREQUENCY_5,CPU_FREQUENCY_6,CPU_FREQUENCY_7,CPU_FREQUENCY_8,CPU_FREQUENCY_9,CPU_USAGE_0,CPU_USAGE_1,CPU_USAGE_10,CPU_USAGE_11,CPU_USAGE_12,CPU_USAGE_13,CPU_USAGE_14,CPU_USAGE_15,CPU_USAGE_2,CPU_USAGE_3,CPU_USAGE_4,CPU_USAGE_5,CPU_USAGE_6,CPU_USAGE_7,CPU_USAGE_8,CPU_USAGE_9,TOTAL_MEMORY,TOTAL_SWAP,USED_MEMORY,USED_SWAP
0,1776523373776,5408.449813842773,1860.0000000000002,1,0.675,55430.08612060547,1819,1819,1819,1819,1819,1901,1819,1819,1819,1819,1819,1901,1819,1819,1901,1819,53.851871490478516,50.25796127319336,0,0,63.645469665527344,58.429443359375,55.49773406982422,54.09073257446289,0,0,76.52531433105469,64.75888061523438,0,0,41.930908203125,52.554664611816406,16441667584,16151695360,12855451648,7970525184
199,1776523373777,2915.4298248291016,1860.0000000000002,1,0.66875,55430.128173828125,1819,1819,1819,1819,1819,1901,1819,1819,1819,1819,1819,1901,1819,1819,1901,1819,49.84980392456055,31.965370178222656,0,0,81.9543228149414,43.455406188964844,93.56363677978516,14.365859985351563,0,0,85.01347351074219,14.323898315429688,0,0,13.290191650390625,72.01484680175781,16441667584,16151695360,12855484416,7970394112
1,1776523373977,3053.780227661133,1860.0000000000002,1,0.66875,55431.34255981445,1819,1819,1819,1819,1819,1901,1819,1819,1819,1819,1819,1901,1819,1819,1901,1819,34.58446502685547,39.10411834716797,0,0,47.219730377197266,53.740882873535156,29.521385192871094,28.328041076660156,0,0,25.00122833251953,39.098087310791016,0,0,52.878326416015625,56.26265335083008,16441667584,16151695360,12866482176,7970537472
