Delta,Time,CORE0_ENERGY (J),CORE0_FREQ (MHZ),CORE0_PSTATE,CORE0_VOLT (V),CPU_ENERGY (J),CPU_FREQUENCY_0,CPU_FREQUENCY_1,CPU_FREQUENCY_10,CPU_FREQUENCY_11,CPU_FREQUENCY_12,CPU_FREQUENCY_13,CPU_FREQUENCY_14,CPU_FREQUENCY_15,CPU_FREQUENCY_2,CPU_FREQUENCY_3,CPU_FREQUENCY_4,CPU_FREQUENCY_5,CPU_FREQUENCY_6,CPU_FREQUENCY_7,CPU_FREQUENCY_8,CPU_FREQUENCY_9,CPU_USAGE_0,CPU_USAGE_1,CPU_USAGE_10,CPU_USAGE_11,CPU_USAGE_12,CPU_USAGE_13,CPU_USAGE_14,CPU_USAGE_15,CPU_USAGE_2,CPU_USAGE_3,CPU_USAGE_4,CPU_USAGE_5,CPU_USAGE_6,CPU_USAGE_7,CPU_USAGE_8,CPU_USAGE_9,TOTAL_MEMORY,TOTAL_SWAP,USED_MEMORY,USED_SWAP
0,1776523298187,1614.0668334960938,1550,2,0.63125,55049.20408630371,1819,1819,1819,1819,1819,1819,1819,1819,1819,1819,1901,1901,1819,1819,1819,1901,19.58624267578125,29.05699920654297,36.32723617553711,36.71847152709961,10.611724853515625,15.071441650390625,19.067657470703125,34.90400695800781,1.5769271850585938,0,26.947906494140625,9.020828247070313,0,0,34.83454132080078,26.720352172851563,16441667584,16151695360,12947619840,8041713664
199,1776523298188,8548.437194824219,1860.0000000000002,1,0.675,55049.26321411133,1819,1819,1819,1819,1819,1819,1819,1819,1819,1819,1901,1901,1819,1819,1819,1901,55.75196075439453,57.735435485839844,45.782474517822266,81.7343978881836,58.975887298583984,47.92348861694336,48.3427619934082,56.49250793457031,62.52976989746094,51.12384796142578,45.874267578125,72.61833953857422,50.9898796081543,60.1220588684082,69.6102523803711,44.370845794677734,16441667584,16151695360,12947734528,8041713664
1,1776523298388,8548.551773071289,1860.0000000000002,1,0.675,55050.324768066406,1819,1819,1819,1819,1819,1819,1819,1819,1819,1819,1901,1901,1819,1819,1819,1901,11.598915100097656,4.537559509277344,4.66436767578125,4.634269714355469,19.153152465820313,1.5301971435546875,9.554611206054688,11.665679931640625,12.258514404296875,6.388938903808594,21.504867553710938,23.540855407714844,19.421600341796875,69.43484497070313,9.199119567871094,21.3758544921875,16441667584,16151695360,12957876224,8045543424
