Delta,Time,CORE0_ENERGY (J),CORE0_FREQ (MHZ),CORE0_PSTATE,CORE0_VOLT (V),CPU_ENERGY (J),CPU_FREQUENCY_0,CPU_FREQUENCY_1,CPU_FREQUENCY_10,CPU_FREQUENCY_11,CPU_FREQUENCY_12,CPU_FREQUENCY_13,CPU_FREQUENCY_14,CPU_FREQUENCY_15,CPU_FREQUENCY_2,CPU_FREQUENCY_3,CPU_FREQUENCY_4,CPU_FREQUENCY_5,CPU_FREQUENCY_6,CPU_FREQUENCY_7,CPU_FREQUENCY_8,CPU_FREQUENCY_9,CPU_USAGE_0,CPU_USAGE_1,CPU_USAGE_10,CPU_USAGE_11,CPU_USAGE_12,CPU_USAGE_13,CPU_USAGE_14,CPU_USAGE_15,CPU_USAGE_2,CPU_USAGE_3,CPU_USAGE_4,CPU_USAGE_5,CPU_USAGE_6,CPU_USAGE_7,CPU_USAGE_8,CPU_USAGE_9,TOTAL_MEMORY,TOTAL_SWAP,USED_MEMORY,USED_SWAP
0,1776523413410,2922.759017944336,1860.0000000000002,1,0.66875,55629.40563964844,1819,1819,1819,1819,1819,1901,1819,1819,1819,1819,1901,1819,1819,1819,1819,1901,73.99003601074219,84.36795043945313,2.2582244873046875,2.2558059692382813,59.636810302734375,50.17937469482422,60.93016815185547,77.24420166015625,3.4506988525390625,2.3123016357421875,74.67161560058594,71.45255279541016,2.4474868774414063,2.4474868774414063,62.83932876586914,82.30907440185547,16441667584,16151695360,12828651520,7942770688
199,1776523413411,5427.315872192383,1860.0000000000002,1,0.675,55629.49897766113,1819,1819,1819,1819,1819,1901,1819,1819,1819,1819,1901,1819,1819,1819,1819,1901,51.80768966674805,85.99890899658203,0,0,57.243526458740234,93.4926528930664,44.89438247680664,43.90117263793945,0,0,66.66156005859375,68.86585235595703,0,0,63.56108093261719,49.53701400756836,16441667584,16151695360,12828184576,7944351744
1,1776523413611,3068.0855712890625,1860.0000000000002,1,0.66875,55630.85850524902,1819,1819,1819,1819,1819,1901,1819,1819,1819,1819,1901,1819,1819,1819,1819,1901,54.28007125854492,43.97343444824219,0.27685546875,0.27680206298828125,62.84571838378906,72.47029876708984,39.328643798828125,45.94529724121094,0.2229156494140625,0.29306793212890625,54.42017364501953,53.13727569580078,0.27050018310546875,0.27044677734375,54.9866943359375,58.1534423828125,16441667584,16151695360,12828168192,7955222528
