Delta,Time,CORE0_ENERGY (J),CORE0_FREQ (MHZ),CORE0_PSTATE,CORE0_VOLT (V),CPU_ENERGY (J),CPU_FREQUENCY_0,CPU_FREQUENCY_1,CPU_FREQUENCY_10,CPU_FREQUENCY_11,CPU_FREQUENCY_12,CPU_FREQUENCY_13,CPU_FREQUENCY_14,CPU_FREQUENCY_15,CPU_FREQUENCY_2,CPU_FREQUENCY_3,CPU_FREQUENCY_4,CPU_FREQUENCY_5,CPU_FREQUENCY_6,CPU_FREQUENCY_7,CPU_FREQUENCY_8,CPU_FREQUENCY_9,CPU_USAGE_0,CPU_USAGE_1,CPU_USAGE_10,CPU_USAGE_11,CPU_USAGE_12,CPU_USAGE_13,CPU_USAGE_14,CPU_USAGE_15,CPU_USAGE_2,CPU_USAGE_3,CPU_USAGE_4,CPU_USAGE_5,CPU_USAGE_6,CPU_USAGE_7,CPU_USAGE_8,CPU_USAGE_9,TOTAL_MEMORY,TOTAL_SWAP,USED_MEMORY,USED_SWAP
0,1776523337946,5587.278945922852,1860.0000000000002,1,0.675,55249.24572753906,1819,1819,1819,1819,1901,1901,1819,1819,1819,1819,1819,1819,1819,1819,1819,1819,75.63722229003906,75.12701416015625,2.7039871215820313,2.7027664184570313,76.70098876953125,89.79286193847656,74.49224090576172,76.2158203125,4.099037170410156,3.2691497802734375,81.40975952148438,79.84587097167969,3.0642776489257813,3.0624465942382813,81.67509460449219,84.24626159667969,16441667584,16151695360,12987011072,8087322624
198,1776523337948,2908.1273651123047,1860.0000000000002,1,0.66875,55249.30923461914,1819,1819,1819,1819,1901,1901,1819,1819,1819,1819,1819,1819,1819,1819,1819,1819,87.85797119140625,70.4025650024414,0,0,83.40966033935547,90.07152557373047,84.61962890625,85.09880065917969,0,0,86.12077331542969,63.51171875,0,0,80.89220428466797,93.98552703857422,16441667584,16151695360,12987047936,8087322624
1,1776523338148,5587.402236938477,1860.0000000000002,1,0.675,55250.66632080078,1819,1819,1819,1819,1901,1901,1819,1819,1819,1819,1819,1819,1819,1819,1819,1819,57.975135803222656,53.350704193115234,0.282379150390625,0.30104827880859375,52.95466232299805,55.611446380615234,51.16252136230469,47.26803970336914,0.247406005859375,0.222198486328125,56.03738021850586,47.12056350708008,0.24423980712890625,0.2443389892578125,59.06379318237305,59.05735397338867,16441667584,16151695360,13000024064,8109146112
