Delta,Time,CORE0_ENERGY (J),CORE0_FREQ (MHZ),CORE0_PSTATE,CORE0_VOLT (V),CPU_ENERGY (J),CPU_FREQUENCY_0,CPU_FREQUENCY_1,CPU_FREQUENCY_10,CPU_FREQUENCY_11,CPU_FREQUENCY_12,CPU_FREQUENCY_13,CPU_FREQUENCY_14,CPU_FREQUENCY_15,CPU_FREQUENCY_2,CPU_FREQUENCY_3,CPU_FREQUENCY_4,CPU_FREQUENCY_5,CPU_FREQUENCY_6,CPU_FREQUENCY_7,CPU_FREQUENCY_8,CPU_FREQUENCY_9,CPU_USAGE_0,CPU_USAGE_1,CPU_USAGE_10,CPU_USAGE_11,CPU_USAGE_12,CPU_USAGE_13,CPU_USAGE_14,CPU_USAGE_15,CPU_USAGE_2,CPU_USAGE_3,CPU_USAGE_4,CPU_USAGE_5,CPU_USAGE_6,CPU_USAGE_7,CPU_USAGE_8,CPU_USAGE_9,TOTAL_MEMORY,TOTAL_SWAP,USED_MEMORY,USED_SWAP
0,1776523302241,1827.5083770751953,1860.0000000000002,1,0.66875,55072.60272216797,1819,1819,1819,1819,1901,1901,1819,1819,1819,1819,1819,1819,1819,1819,1901,1819,67.0472183227539,33.673194885253906,0,0,58.576175689697266,57.52448272705078,62.887725830078125,73.99664306640625,0,0,55.87056350708008,53.591487884521484,0,0,79.55392456054688,66.63444519042969,16441667584,16151695360,13001699328,8095645696
199,1776523302242,5374.148086547852,1860.0000000000002,1,0.675,55072.63592529297,1819,1819,1819,1819,1901,1901,1819,1819,1819,1819,1819,1819,1819,1819,1901,1819,87.88970947265625,43.23201370239258,11.632698059082031,11.636245727539063,45.54896545410156,34.420494079589844,46.94623947143555,64.31716918945313,9.695686340332031,9.692138671875,51.77544021606445,51.31915283203125,9.850151062011719,9.855476379394531,31.75733184814453,73.23698425292969,16441667584,16151695360,13001986048,8095645696
1,1776523302442,5569.503173828125,1550,2,0.63125,55073.8561706543,1819,1819,1819,1819,1901,1901,1819,1819,1819,1819,1819,1819,1819,1819,1901,1819,45.48755645751953,36.1037483215332,0.15044403076171875,0.15029144287109375,63.50579833984375,27.268524169921875,29.537307739257813,30.746246337890625,0.14804840087890625,0.15508270263671875,49.00889205932617,32.71953582763672,0.15064239501953125,0.15059661865234375,46.53956604003906,34.75115203857422,16441667584,16151695360,12997582848,8094674944
