Delta,Time,CORE0_ENERGY (J),CORE0_FREQ (MHZ),CORE0_PSTATE,CORE0_VOLT (V),CPU_ENERGY (J),CPU_FREQUENCY_0,CPU_FREQUENCY_1,CPU_FREQUENCY_10,CPU_FREQUENCY_11,CPU_FREQUENCY_12,CPU_FREQUENCY_13,CPU_FREQUENCY_14,CPU_FREQUENCY_15,CPU_FREQUENCY_2,CPU_FREQUENCY_3,CPU_FREQUENCY_4,CPU_FREQUENCY_5,CPU_FREQUENCY_6,CPU_FREQUENCY_7,CPU_FREQUENCY_8,CPU_FREQUENCY_9,CPU_USAGE_0,CPU_USAGE_1,CPU_USAGE_10,CPU_USAGE_11,CPU_USAGE_12,CPU_USAGE_13,CPU_USAGE_14,CPU_USAGE_15,CPU_USAGE_2,CPU_USAGE_3,CPU_USAGE_4,CPU_USAGE_5,CPU_USAGE_6,CPU_USAGE_7,CPU_USAGE_8,CPU_USAGE_9,TOTAL_MEMORY,TOTAL_SWAP,USED_MEMORY,USED_SWAP
0,1776523310203,1828.3262481689453,1550,2,0.63125,55112.5565032959,1819,1819,1819,1819,1819,1901,1819,1819,1819,1819,1901,1819,1819,1819,1901,1819,28.958389282226563,35.733558654785156,0,0,34.405853271484375,15.564544677734375,19.817108154296875,56.98834991455078,2.3910598754882813,0.7000198364257813,31.554595947265625,36.350677490234375,0,0,44.642208099365234,6.540000915527344,16441667584,16151695360,12995682304,8092102656
199,1776523310204,5378.168380737305,1860.0000000000002,1,0.675,55112.624099731445,1819,1819,1819,1819,1819,1901,1819,1819,1819,1819,1901,1819,1819,1819,1901,1819,46.28270721435547,18.02703857421875,0,0,17.309982299804688,15.599472045898438,38.87107849121094,15.669235229492188,0,0,28.43316650390625,23.536529541015625,0,0,32.146484375,22.407958984375,16441667584,16151695360,12995686400,8092446720
1,1776523310404,2902.3453216552734,1860.0000000000002,1,0.66875,55113.90010070801,1819,1819,1819,1819,1819,1901,1819,1819,1819,1819,1901,1819,1819,1819,1901,1819,51.12164306640625,42.695716857910156,0,0,63.409202575683594,57.45530700683594,20.678085327148438,17.932571411132813,0,0,57.7387809753418,57.07613754272461,0,0,69.33578491210938,66.37788391113281,16441667584,16151695360,12991635456,8090173440
