Delta,Time,CORE0_ENERGY (J),CORE0_FREQ (MHZ),CORE0_PSTATE,CORE0_VOLT (V),CPU_ENERGY (J),CPU_FREQUENCY_0,CPU_FREQUENCY_1,CPU_FREQUENCY_10,CPU_FREQUENCY_11,CPU_FREQUENCY_12,CPU_FREQUENCY_13,CPU_FREQUENCY_14,CPU_FREQUENCY_15,CPU_FREQUENCY_2,CPU_FREQUENCY_3,CPU_FREQUENCY_4,CPU_FREQUENCY_5,CPU_FREQUENCY_6,CPU_FREQUENCY_7,CPU_FREQUENCY_8,CPU_FREQUENCY_9,CPU_USAGE_0,CPU_USAGE_1,CPU_USAGE_10,CPU_USAGE_11,CPU_USAGE_12,CPU_USAGE_13,CPU_USAGE_14,CPU_USAGE_15,CPU_USAGE_2,CPU_USAGE_3,CPU_USAGE_4,CPU_USAGE_5,CPU_USAGE_6,CPU_USAGE_7,CPU_USAGE_8,CPU_USAGE_9,TOTAL_MEMORY,TOTAL_SWAP,USED_MEMORY,USED_SWAP
0,1776523353803,5595.338302612305,1860.0000000000002,1,0.675,55327.84294128418,1819,1819,1819,1819,1901,1901,1819,1819,1819,1819,1819,1819,1819,1819,1819,1901,64.88151550292969,47.89639663696289,0,0,39.48273468017578,48.75775909423828,51.97452926635742,25.378639221191406,0,0,68.43888092041016,35.11885070800781,0,0,85.84368133544922,96.8537368774414,16441667584,16151695360,12861919232,7968325632
198,1776523353804,2911.2820892333984,1860.0000000000002,1,0.66875,55327.90213012695,1819,1819,1819,1819,1901,1901,1819,1819,1819,1819,1819,1819,1819,1819,1819,1901,52.03229522705078,27.228790283203125,9.238090515136719,9.235954284667969,42.695823669433594,95.89691162109375,54.489654541015625,23.66144561767578,10.114952087402344,11.804519653320313,48.93118667602539,45.74132537841797,9.965248107910156,9.967384338378906,66.30059814453125,68.27781677246094,16441667584,16151695360,12862177280,7968325632
1,1776523354004,5398.733749389648,1860.0000000000002,1,0.675,55329.12348937988,1819,1819,1819,1819,1901,1901,1819,1819,1819,1819,1819,1819,1819,1819,1819,1901,46.160186767578125,45.29656219482422,0.39874267578125,0.3986968994140625,41.212005615234375,52.21806335449219,34.77764129638672,25.075775146484375,0.35242462158203125,0.3965911865234375,49.84560012817383,35.991188049316406,0.3498687744140625,0.34976959228515625,45.44618606567383,44.969852447509766,16441667584,16151695360,12862763008,7968333824
