Delta,Time,CORE0_ENERGY (J),CORE0_FREQ (MHZ),CORE0_PSTATE,CORE0_VOLT (V),CPU_ENERGY (J),CPU_FREQUENCY_0,CPU_FREQUENCY_1,CPU_FREQUENCY_10,CPU_FREQUENCY_11,CPU_FREQUENCY_12,CPU_FREQUENCY_13,CPU_FREQUENCY_14,CPU_FREQUENCY_15,CPU_FREQUENCY_2,CPU_FREQUENCY_3,CPU_FREQUENCY_4,CPU_FREQUENCY_5,CPU_FREQUENCY_6,CPU_FREQUENCY_7,CPU_FREQUENCY_8,CPU_FREQUENCY_9,CPU_USAGE_0,CPU_USAGE_1,CPU_USAGE_10,CPU_USAGE_11,CPU_USAGE_12,CPU_USAGE_13,CPU_USAGE_14,CPU_USAGE_15,CPU_USAGE_2,CPU_USAGE_3,CPU_USAGE_4,CPU_USAGE_5,CPU_USAGE_6,CPU_USAGE_7,CPU_USAGE_8,CPU_USAGE_9,TOTAL_MEMORY,TOTAL_SWAP,USED_MEMORY,USED_SWAP
0,1776523405491,3065.136474609375,1860.0000000000002,1,0.66875,55590.850189208984,1819,1819,1819,1819,1819,1901,1819,1819,1819,1819,1819,1819,1819,1819,1819,1901,60.6885871887207,57.27800369262695,1.6289291381835938,1.6285934448242188,82.37654113769531,79.52049255371094,37.720497131347656,53.64033508300781,1.3448257446289063,1.3428268432617188,76.19894409179688,85.45066833496094,1.4535293579101563,1.4532012939453125,47.73516845703125,57.40171432495117,16441667584,16151695360,12827385856,7937564672
199,1776523405492,1836.515853881836,1860.0000000000002,1,0.66875,55590.93064880371,1819,1819,1819,1819,1819,1901,1819,1819,1819,1819,1819,1819,1819,1819,1819,1901,66.10328674316406,38.867183685302734,0,0,21.956565856933594,51.2642936706543,45.405399322509766,51.27143096923828,0,0,66.87134552001953,43.74687576293945,0,0,61.58161544799805,93.90446472167969,16441667584,16151695360,12827414528,7938351104
1,1776523405693,3065.2371978759766,1860.0000000000002,1,0.66875,55592.16465759277,1819,1819,1819,1819,1819,1901,1819,1819,1819,1819,1819,1819,1819,1819,1819,1901,42.6382942199707,42.68527603149414,0.1616363525390625,0.1616363525390625,60.439334869384766,32.17204284667969,39.53972244262695,42.38099670410156,0.0952606201171875,0.11695098876953125,44.34321975708008,35.68109893798828,0.14304351806640625,0.1432952880859375,44.93743133544922,39.83375549316406,16441667584,16151695360,12828270592,7938326528
