Delta,Time,CORE0_ENERGY (J),CORE0_FREQ (MHZ),CORE0_PSTATE,CORE0_VOLT (V),CPU_ENERGY (J),CPU_FREQUENCY_0,CPU_FREQUENCY_1,CPU_FREQUENCY_10,CPU_FREQUENCY_11,CPU_FREQUENCY_12,CPU_FREQUENCY_13,CPU_FREQUENCY_14,CPU_FREQUENCY_15,CPU_FREQUENCY_2,CPU_FREQUENCY_3,CPU_FREQUENCY_4,CPU_FREQUENCY_5,CPU_FREQUENCY_6,CPU_FREQUENCY_7,CPU_FREQUENCY_8,CPU_FREQUENCY_9,CPU_USAGE_0,CPU_USAGE_1,CPU_USAGE_10,CPU_USAGE_11,CPU_USAGE_12,CPU_USAGE_13,CPU_USAGE_14,CPU_USAGE_15,CPU_USAGE_2,CPU_USAGE_3,CPU_USAGE_4,CPU_USAGE_5,CPU_USAGE_6,CPU_USAGE_7,CPU_USAGE_8,CPU_USAGE_9,TOTAL_MEMORY,TOTAL_SWAP,USED_MEMORY,USED_SWAP
0,1776523377698,2916.2364654541016,1860.0000000000002,1,0.66875,55449.73046875,1819,1819,1819,1819,1901,1819,1819,1819,1819,1819,1819,1819,1819,1819,1819,1901,44.06471633911133,50.102420806884766,0,0,77.79910278320313,56.654579162597656,53.61571502685547,54.893028259277344,1.004974365234375,0,85.45708465576172,60.43824768066406,0,0,82.46492004394531,90.39602661132813,16441667584,16151695360,12861136896,7970508800
199,1776523377699,5607.022598266602,1860.0000000000002,1,0.675,55449.81344604492,1819,1819,1819,1819,1901,1819,1819,1819,1819,1819,1819,1819,1819,1819,1819,1901,75.28314971923828,11.839469909667969,0,0,81.42801666259766,57.617252349853516,52.808311462402344,29.017974853515625,0.240447998046875,0.26180267333984375,40.07575607299805,50.920013427734375,0,0,61.639869689941406,62.44104766845703,16441667584,16151695360,12861149184,7971164160
1,1776523377899,5607.120941162109,1860.0000000000002,1,0.675,55451.040451049805,1819,1819,1819,1819,1901,1819,1819,1819,1819,1819,1819,1819,1819,1819,1819,1901,39.38614273071289,38.18398666381836,0,0,35.95203399658203,48.608306884765625,34.412689208984375,35.749298095703125,0,0,31.7835693359375,30.701278686523438,0,0,68.72848510742188,63.08238220214844,16441667584,16151695360,12856070144,7969353728
