Delta,Time,CORE0_ENERGY (J),CORE0_FREQ (MHZ),CORE0_PSTATE,CORE0_VOLT (V),CPU_ENERGY (J),CPU_FREQUENCY_0,CPU_FREQUENCY_1,CPU_FREQUENCY_10,CPU_FREQUENCY_11,CPU_FREQUENCY_12,CPU_FREQUENCY_13,CPU_FREQUENCY_14,CPU_FREQUENCY_15,CPU_FREQUENCY_2,CPU_FREQUENCY_3,CPU_FREQUENCY_4,CPU_FREQUENCY_5,CPU_FREQUENCY_6,CPU_FREQUENCY_7,CPU_FREQUENCY_8,CPU_FREQUENCY_9,CPU_USAGE_0,CPU_USAGE_1,CPU_USAGE_10,CPU_USAGE_11,CPU_USAGE_12,CPU_USAGE_13,CPU_USAGE_14,CPU_USAGE_15,CPU_USAGE_2,CPU_USAGE_3,CPU_USAGE_4,CPU_USAGE_5,CPU_USAGE_6,CPU_USAGE_7,CPU_USAGE_8,CPU_USAGE_9,TOTAL_MEMORY,TOTAL_SWAP,USED_MEMORY,USED_SWAP
0,1776523349858,5396.641677856445,1860.0000000000002,1,0.675,55307.351638793945,1901,1901,1901,1819,1901,1819,1819,1819,1819,1819,1819,1819,1819,1819,1901,1819,0.1096343994140625,0.38623046875,0,0,78.64566040039063,75.22942352294922,0,0,0.809326171875,0.10553741455078125,67.865478515625,75.48365783691406,0,0,84.3900146484375,84.56926727294922,16441667584,16151695360,12897931264,8005496832
199,1776523349860,5593.288024902344,1860.0000000000002,1,0.675,55307.39582824707,1901,1901,1901,1819,1901,1819,1819,1819,1819,1819,1819,1819,1819,1819,1901,1819,0,0,0,0,96.85086822509766,57.15904998779297,0,0,0,0,55.57563018798828,89.0896224975586,0,0,95.22139739990234,100,16441667584,16151695360,12898615296,8005496832
1,1776523350061,2910.5281982421875,1860.0000000000002,1,0.66875,55308.44351196289,1901,1901,1901,1819,1901,1819,1819,1819,1819,1819,1819,1819,1819,1819,1901,1819,40.88484573364258,13.549797058105469,0.5892410278320313,0.5893402099609375,47.85512161254883,31.886444091796875,0.624359130859375,0.624359130859375,0.5771865844726563,0.5263824462890625,17.129478454589844,56.718589782714844,0.5632400512695313,0.5633392333984375,21.92772674560547,27.951736450195313,16441667584,16151695360,12876865536,7985332224
