Delta,Time,CORE0_ENERGY (J),CORE0_FREQ (MHZ),CORE0_PSTATE,CORE0_VOLT (V),CPU_ENERGY (J),CPU_FREQUENCY_0,CPU_FREQUENCY_1,CPU_FREQUENCY_10,CPU_FREQUENCY_11,CPU_FREQUENCY_12,CPU_FREQUENCY_13,CPU_FREQUENCY_14,CPU_FREQUENCY_15,CPU_FREQUENCY_2,CPU_FREQUENCY_3,CPU_FREQUENCY_4,CPU_FREQUENCY_5,CPU_FREQUENCY_6,CPU_FREQUENCY_7,CPU_FREQUENCY_8,CPU_FREQUENCY_9,CPU_USAGE_0,CPU_USAGE_1,CPU_USAGE_10,CPU_USAGE_11,CPU_USAGE_12,CPU_USAGE_13,CPU_USAGE_14,CPU_USAGE_15,CPU_USAGE_2,CPU_USAGE_3,CPU_USAGE_4,CPU_USAGE_5,CPU_USAGE_6,CPU_USAGE_7,CPU_USAGE_8,CPU_USAGE_9,TOTAL_MEMORY,TOTAL_SWAP,USED_MEMORY,USED_SWAP
0,1776523516767,1847.8256072998047,1550,2,0.63125,56153.770568847656,1819,1819,1819,1819,1901,1819,1819,1819,1819,1819,1819,1819,1819,1819,1901,1819,75.03028869628906,52.4349250793457,0.4539031982421875,0.453125,54.02145004272461,57.33583450317383,61.99523162841797,40.520843505859375,0.7994766235351563,1.854827880859375,46.767154693603516,33.272369384765625,0.4593353271484375,0.4566192626953125,58.95419692993164,90.5557861328125,16441667584,16151695360,12595011584,7916630016
199,1776523516768,5675.135665893555,1860.0000000000002,1,0.675,56153.85220336914,1819,1819,1819,1819,1901,1819,1819,1819,1819,1819,1819,1819,1819,1819,1901,1819,82.8157730102539,66.37957000732422,9.227287292480469,9.228912353515625,76.95623779296875,33.942291259765625,62.20838928222656,34.60639190673828,8.531410217285156,8.225028991699219,21.016433715820313,57.90438461303711,9.224838256835938,9.227287292480469,56.26655197143555,28.00615692138672,16441667584,16151695360,12595015680,7916969984
1,1776523516968,2948.051300048828,1550,2,0.63125,56155.051666259766,1819,1819,1819,1819,1901,1819,1819,1819,1819,1819,1819,1819,1819,1819,1901,1819,29.002235412597656,30.926063537597656,0.3333892822265625,0.33329010009765625,42.71666717529297,57.031063079833984,33.364524841308594,37.5108528137207,0.2958831787109375,0.3272857666015625,32.787620544433594,36.71898651123047,0.311187744140625,0.31113433837890625,35.45574188232422,57.312740325927734,16441667584,16151695360,12589051904,7913775104
