Delta,Time,CORE0_ENERGY (J),CORE0_FREQ (MHZ),CORE0_PSTATE,CORE0_VOLT (V),CPU_ENERGY (J),CPU_FREQUENCY_0,CPU_FREQUENCY_1,CPU_FREQUENCY_10,CPU_FREQUENCY_11,CPU_FREQUENCY_12,CPU_FREQUENCY_13,CPU_FREQUENCY_14,CPU_FREQUENCY_15,CPU_FREQUENCY_2,CPU_FREQUENCY_3,CPU_FREQUENCY_4,CPU_FREQUENCY_5,CPU_FREQUENCY_6,CPU_FREQUENCY_7,CPU_FREQUENCY_8,CPU_FREQUENCY_9,CPU_USAGE_0,CPU_USAGE_1,CPU_USAGE_10,CPU_USAGE_11,CPU_USAGE_12,CPU_USAGE_13,CPU_USAGE_14,CPU_USAGE_15,CPU_USAGE_2,CPU_USAGE_3,CPU_USAGE_4,CPU_USAGE_5,CPU_USAGE_6,CPU_USAGE_7,CPU_USAGE_8,CPU_USAGE_9,TOTAL_MEMORY,TOTAL_SWAP,USED_MEMORY,USED_SWAP
0,1776523524735,5678.929122924805,1860.0000000000002,1,0.675,56189.04194641113,1819,1819,1819,1819,1901,1819,1819,1819,1819,1819,1819,1819,1819,1819,1819,1901,51.14482116699219,41.86851501464844,1.0940704345703125,1.095123291015625,36.93428421020508,76.5223159790039,58.16391372680664,45.28535842895508,1.2445755004882813,1.2449264526367188,68.43489074707031,59.02076721191406,1.0926589965820313,1.0923080444335938,49.88368606567383,59.80571746826172,16441667584,16151695360,12584075264,7906656256
199,1776523524737,5678.93620300293,1550,2,0.63125,56189.11618041992,1819,1819,1819,1819,1901,1819,1819,1819,1819,1819,1819,1819,1819,1819,1819,1901,46.876502990722656,66.98191833496094,8.127998352050781,8.127128601074219,35.32825469970703,77.5914077758789,46.28388214111328,43.945735931396484,7.531883239746094,8.316795349121094,33.4586181640625,36.80107116699219,7.843925476074219,7.843925476074219,42.43184280395508,70.34097290039063,16441667584,16151695360,12584136704,7907397632
1,1776523524937,1848.6223754882813,1860.0000000000002,1,0.66875,56190.36875915527,1819,1819,1819,1819,1901,1819,1819,1819,1819,1819,1819,1819,1819,1819,1819,1901,29.8905029296875,34.77532196044922,0,0,39.84116744995117,64.11447143554688,26.728775024414063,35.060028076171875,0,0,45.080135345458984,53.04907989501953,0,0,62.524593353271484,52.69768524169922,16441667584,16151695360,12580737024,7902523392
