Delta,Time,CORE0_ENERGY (J),CORE0_FREQ (MHZ),CORE0_PSTATE,CORE0_VOLT (V),CPU_ENERGY (J),CPU_FREQUENCY_0,CPU_FREQUENCY_1,CPU_FREQUENCY_10,CPU_FREQUENCY_11,CPU_FREQUENCY_12,CPU_FREQUENCY_13,CPU_FREQUENCY_14,CPU_FREQUENCY_15,CPU_FREQUENCY_2,CPU_FREQUENCY_3,CPU_FREQUENCY_4,CPU_FREQUENCY_5,CPU_FREQUENCY_6,CPU_FREQUENCY_7,CPU_FREQUENCY_8,CPU_FREQUENCY_9,CPU_USAGE_0,CPU_USAGE_1,CPU_USAGE_10,CPU_USAGE_11,CPU_USAGE_12,CPU_USAGE_13,CPU_USAGE_14,CPU_USAGE_15,CPU_USAGE_2,CPU_USAGE_3,CPU_USAGE_4,CPU_USAGE_5,CPU_USAGE_6,CPU_USAGE_7,CPU_USAGE_8,CPU_USAGE_9,TOTAL_MEMORY,TOTAL_SWAP,USED_MEMORY,USED_SWAP
0,1776523512781,2947.227554321289,1860.0000000000002,1,0.66875,56134.66244506836,1819,1819,1819,1819,1819,1901,1819,1819,1819,1819,1819,1901,1819,1819,1819,1901,67.760009765625,80.68988037109375,0,0,76.61790466308594,83.31240844726563,78.2423095703125,56.73090362548828,0,0,45.4677848815918,45.92616653442383,0,0,74.81965637207031,72.26770782470703,16441667584,16151695360,12588654592,7915278336
199,1776523512782,1847.7082061767578,1860.0000000000002,1,0.66875,56134.73661804199,1819,1819,1819,1819,1819,1901,1819,1819,1819,1819,1819,1901,1819,1819,1819,1901,51.90944290161133,66.61624145507813,0,0,73.58140563964844,44.14360046386719,21.26758575439453,83.6212387084961,0.41648101806640625,0,77.4335708618164,40.87127685546875,0,0,39.951595306396484,92.84626770019531,16441667584,16151695360,12588662784,7915933696
1,1776523512982,3106.9969787597656,1860.0000000000002,1,0.66875,56135.92922973633,1819,1819,1819,1819,1819,1901,1819,1819,1819,1819,1819,1901,1819,1819,1819,1901,36.42579650878906,40.6092414855957,0,0,30.899864196777344,51.06888198852539,10.830955505371094,9.151931762695313,0,0,33.651588439941406,42.653011322021484,0,0,75.14889526367188,70.03668212890625,16441667584,16151695360,12586164224,7915683840
