Delta,Time,CORE0_ENERGY (J),CORE0_FREQ (MHZ),CORE0_PSTATE,CORE0_VOLT (V),CPU_ENERGY (J),CPU_FREQUENCY_0,CPU_FREQUENCY_1,CPU_FREQUENCY_10,CPU_FREQUENCY_11,CPU_FREQUENCY_12,CPU_FREQUENCY_13,CPU_FREQUENCY_14,CPU_FREQUENCY_15,CPU_FREQUENCY_2,CPU_FREQUENCY_3,CPU_FREQUENCY_4,CPU_FREQUENCY_5,CPU_FREQUENCY_6,CPU_FREQUENCY_7,CPU_FREQUENCY_8,CPU_FREQUENCY_9,CPU_USAGE_0,CPU_USAGE_1,CPU_USAGE_10,CPU_USAGE_11,CPU_USAGE_12,CPU_USAGE_13,CPU_USAGE_14,CPU_USAGE_15,CPU_USAGE_2,CPU_USAGE_3,CPU_USAGE_4,CPU_USAGE_5,CPU_USAGE_6,CPU_USAGE_7,CPU_USAGE_8,CPU_USAGE_9,TOTAL_MEMORY,TOTAL_SWAP,USED_MEMORY,USED_SWAP
0,1776523540589,5489.908477783203,1860.0000000000002,1,0.675,56271.01176452637,1819,1819,1819,1819,1901,1901,1819,1819,1819,1819,1819,1819,1819,1819,1819,1901,56.041534423828125,52.83849334716797,64.87458801269531,75.88676452636719,70.45909118652344,88.02938842773438,50.95787811279297,63.96534729003906,2.4628524780273438,2.4610061645507813,69.1562728881836,67.47615051269531,2.2542266845703125,2.2542266845703125,48.62708282470703,55.90836715698242,16441667584,16151695360,12583395328,7922085888
199,1776523540590,1850.4287719726563,1860.0000000000002,1,0.66875,56271.07974243164,1819,1819,1819,1819,1901,1901,1819,1819,1819,1819,1819,1819,1819,1819,1819,1901,55.00130844116211,61.196510314941406,38.31048583984375,17.234909057617188,52.82734298706055,18.641448974609375,26.307350158691406,33.331748962402344,0,0,37.735511779785156,39.250160217285156,0,0,73.72472381591797,29.434059143066406,16441667584,16151695360,12583428096,7922085888
1,1776523540790,3116.4362182617188,1860.0000000000002,1,0.675,56272.250396728516,1819,1819,1819,1819,1901,1901,1819,1819,1819,1819,1819,1819,1819,1819,1819,1901,26.6944580078125,28.65185546875,15.888801574707031,19.84966278076172,49.66182327270508,29.609695434570313,28.20276641845703,27.951087951660156,0.296539306640625,0.2979888916015625,27.8310546875,35.01439666748047,0.25392913818359375,0.2536773681640625,37.92753601074219,34.42826843261719,16441667584,16151695360,12584673280,7917813760
