Delta,Time,CORE0_ENERGY (J),CORE0_FREQ (MHZ),CORE0_PSTATE,CORE0_VOLT (V),CPU_ENERGY (J),CPU_FREQUENCY_0,CPU_FREQUENCY_1,CPU_FREQUENCY_10,CPU_FREQUENCY_11,CPU_FREQUENCY_12,CPU_FREQUENCY_13,CPU_FREQUENCY_14,CPU_FREQUENCY_15,CPU_FREQUENCY_2,CPU_FREQUENCY_3,CPU_FREQUENCY_4,CPU_FREQUENCY_5,CPU_FREQUENCY_6,CPU_FREQUENCY_7,CPU_FREQUENCY_8,CPU_FREQUENCY_9,CPU_USAGE_0,CPU_USAGE_1,CPU_USAGE_10,CPU_USAGE_11,CPU_USAGE_12,CPU_USAGE_13,CPU_USAGE_14,CPU_USAGE_15,CPU_USAGE_2,CPU_USAGE_3,CPU_USAGE_4,CPU_USAGE_5,CPU_USAGE_6,CPU_USAGE_7,CPU_USAGE_8,CPU_USAGE_9,TOTAL_MEMORY,TOTAL_SWAP,USED_MEMORY,USED_SWAP
0,1776523461371,1843.2202911376953,1860.0000000000002,1,0.66875,55873.354721069336,1819,1819,1819,1819,1901,1901,1819,1819,1819,1819,1819,1819,1819,1819,1901,1901,41.04158401489258,41.683414459228516,0.15027618408203125,0.14879608154296875,85.00472259521484,84.4017562866211,59.454036712646484,57.6910400390625,0.2872314453125,0.3375701904296875,63.31908416748047,72.8106918334961,0.04552459716796875,0.0447845458984375,58.724853515625,58.45353698730469,16441667584,16151695360,12840771584,7962267648
199,1776523461372,3087.8098907470703,1860.0000000000002,1,0.66875,55873.38845825195,1819,1819,1819,1819,1901,1901,1819,1819,1819,1819,1819,1819,1819,1819,1901,1901,21.304885864257813,13.292938232421875,0.5638656616210938,0.5659713745117188,98.79652404785156,96.19600677490234,31.746932983398438,58.541099548339844,0,0,12.752212524414063,54.27212905883789,0.885772705078125,0.8962936401367188,59.237518310546875,54.81705856323242,16441667584,16151695360,12840951808,7962267648
1,1776523461573,5648.228378295898,1860.0000000000002,1,0.675,55874.603759765625,1819,1819,1819,1819,1901,1901,1819,1819,1819,1819,1819,1819,1819,1819,1901,1901,29.093650817871094,34.238250732421875,0.22243499755859375,0.22248077392578125,48.8920783996582,50.47970199584961,38.3587760925293,34.73731994628906,0.2104034423828125,0.26360321044921875,36.82894515991211,31.251205444335938,0.1580047607421875,0.1573028564453125,60.82120895385742,42.040672302246094,16441667584,16151695360,12840108032,7962177536
