Delta,Time,CORE0_ENERGY (J),CORE0_FREQ (MHZ),CORE0_PSTATE,CORE0_VOLT (V),CPU_ENERGY (J),CPU_FREQUENCY_0,CPU_FREQUENCY_1,CPU_FREQUENCY_10,CPU_FREQUENCY_11,CPU_FREQUENCY_12,CPU_FREQUENCY_13,CPU_FREQUENCY_14,CPU_FREQUENCY_15,CPU_FREQUENCY_2,CPU_FREQUENCY_3,CPU_FREQUENCY_4,CPU_FREQUENCY_5,CPU_FREQUENCY_6,CPU_FREQUENCY_7,CPU_FREQUENCY_8,CPU_FREQUENCY_9,CPU_USAGE_0,CPU_USAGE_1,CPU_USAGE_10,CPU_USAGE_11,CPU_USAGE_12,CPU_USAGE_13,CPU_USAGE_14,CPU_USAGE_15,CPU_USAGE_2,CPU_USAGE_3,CPU_USAGE_4,CPU_USAGE_5,CPU_USAGE_6,CPU_USAGE_7,CPU_USAGE_8,CPU_USAGE_9,TOTAL_MEMORY,TOTAL_SWAP,USED_MEMORY,USED_SWAP
0,1776523473260,3091.9559326171875,1860.0000000000002,1,0.66875,55932.31785583496,1819,1819,1819,1819,1901,1819,1819,1819,1819,1819,1819,1901,1819,1819,1901,1819,11.803596496582031,33.89460754394531,25.864974975585938,31.714553833007813,39.2711181640625,21.360794067382813,24.19843292236328,31.64427947998047,1.3320541381835938,1.6897048950195313,45.27655792236328,16.33525848388672,1.3297042846679688,1.3293075561523438,67.56229400634766,78.57992553710938,16441667584,16151695360,12819021824,7933128704
199,1776523473262,5456.782302856445,1860.0000000000002,1,0.675,55932.38415527344,1819,1819,1819,1819,1901,1819,1819,1819,1819,1819,1819,1901,1819,1819,1901,1819,3.7417144775390625,0,34.032501220703125,0,0,2.7100677490234375,2.4994659423828125,12.2418212890625,0,0,39.65041732788086,2.9238815307617188,0,0,10.969635009765625,27.255722045898438,16441667584,16151695360,12819013632,7933984768
2,1776523473462,3092.0157165527344,1860.0000000000002,1,0.675,55933.2294921875,1819,1819,1819,1819,1901,1819,1819,1819,1819,1819,1819,1901,1819,1819,1901,1819,3.83795166015625,7.389549255371094,12.821273803710938,3.15179443359375,20.98876953125,7.8396453857421875,8.966850280761719,4.045295715332031,0.11286163330078125,0.11071014404296875,7.5886077880859375,9.863540649414063,0.07495880126953125,0.074859619140625,29.846603393554688,8.224021911621094,16441667584,16151695360,12816203776,7933644800
