Delta,Time,CORE0_ENERGY (J),CORE0_FREQ (MHZ),CORE0_PSTATE,CORE0_VOLT (V),CPU_ENERGY (J),CPU_FREQUENCY_0,CPU_FREQUENCY_1,CPU_FREQUENCY_10,CPU_FREQUENCY_11,CPU_FREQUENCY_12,CPU_FREQUENCY_13,CPU_FREQUENCY_14,CPU_FREQUENCY_15,CPU_FREQUENCY_2,CPU_FREQUENCY_3,CPU_FREQUENCY_4,CPU_FREQUENCY_5,CPU_FREQUENCY_6,CPU_FREQUENCY_7,CPU_FREQUENCY_8,CPU_FREQUENCY_9,CPU_USAGE_0,CPU_USAGE_1,CPU_USAGE_10,CPU_USAGE_11,CPU_USAGE_12,CPU_USAGE_13,CPU_USAGE_14,CPU_USAGE_15,CPU_USAGE_2,CPU_USAGE_3,CPU_USAGE_4,CPU_USAGE_5,CPU_USAGE_6,CPU_USAGE_7,CPU_USAGE_8,CPU_USAGE_9,TOTAL_MEMORY,TOTAL_SWAP,USED_MEMORY,USED_SWAP
0,1776523500947,3102.1990509033203,1860.0000000000002,1,0.66875,56073.60215759277,1819,1819,1819,1819,1819,1901,1819,1819,1819,1819,1819,1901,1819,1819,1901,1819,53.08657455444336,51.930511474609375,1.6181106567382813,1.6159286499023438,75.36103820800781,48.67277145385742,41.646297454833984,51.13517379760742,1.5174102783203125,1.8029937744140625,45.46554183959961,52.51539993286133,1.51678466796875,1.51678466796875,58.19843673706055,49.90771484375,16441667584,16151695360,12772569088,7926116352
198,1776523500948,1846.3644409179688,1550,2,0.63125,56073.645278930664,1819,1819,1819,1819,1819,1901,1819,1819,1819,1819,1819,1901,1819,1819,1901,1819,95.37948608398438,68.96858215332031,1.7347793579101563,1.7255096435546875,64.10713195800781,45.53053283691406,46.34046936035156,53.48716354370117,3.6771392822265625,3.6845550537109375,78.74154663085938,38.53767013549805,2.7022552490234375,2.69854736328125,68.60717010498047,73.18876647949219,16441667584,16151695360,12772601856,7926116352
1,1776523501148,5470.577529907227,1860.0000000000002,1,0.675,56074.842376708984,1819,1819,1819,1819,1819,1901,1819,1819,1819,1819,1819,1901,1819,1819,1901,1819,33.112281799316406,28.94080352783203,0.11415863037109375,0.1142578125,64.21435546875,40.9194221496582,35.52906799316406,36.45738983154297,0,0.01854705810546875,38.744178771972656,42.12200927734375,0.03046417236328125,0.0307159423828125,49.05506896972656,43.2675895690918,16441667584,16151695360,12763996160,7921217536
