Delta,Time,CORE0_ENERGY (J),CORE0_FREQ (MHZ),CORE0_PSTATE,CORE0_VOLT (V),CPU_ENERGY (J),CPU_FREQUENCY_0,CPU_FREQUENCY_1,CPU_FREQUENCY_10,CPU_FREQUENCY_11,CPU_FREQUENCY_12,CPU_FREQUENCY_13,CPU_FREQUENCY_14,CPU_FREQUENCY_15,CPU_FREQUENCY_2,CPU_FREQUENCY_3,CPU_FREQUENCY_4,CPU_FREQUENCY_5,CPU_FREQUENCY_6,CPU_FREQUENCY_7,CPU_FREQUENCY_8,CPU_FREQUENCY_9,CPU_USAGE_0,CPU_USAGE_1,CPU_USAGE_10,CPU_USAGE_11,CPU_USAGE_12,CPU_USAGE_13,CPU_USAGE_14,CPU_USAGE_15,CPU_USAGE_2,CPU_USAGE_3,CPU_USAGE_4,CPU_USAGE_5,CPU_USAGE_6,CPU_USAGE_7,CPU_USAGE_8,CPU_USAGE_9,TOTAL_MEMORY,TOTAL_SWAP,USED_MEMORY,USED_SWAP
0,1776523465300,2937.609420776367,1860.0000000000002,1,0.66875,55893.60313415527,1819,1819,1819,1819,1901,1819,1819,1819,1819,1819,1819,1819,1819,1819,1901,1819,68.99222564697266,59.693824768066406,2.187652587890625,2.187652587890625,85.00750732421875,63.07803726196289,75.77944946289063,85.14784240722656,2.3050079345703125,2.3050079345703125,67.4244384765625,68.70214080810547,2.3680419921875,2.3676910400390625,63.571842193603516,80.83766174316406,16441667584,16151695360,12835872768,7945740288
199,1776523465301,2937.6157836914063,1860.0000000000002,1,0.66875,55893.67736816406,1819,1819,1819,1819,1901,1819,1819,1819,1819,1819,1819,1819,1819,1819,1901,1819,61.847049713134766,60.50813293457031,5.063926696777344,5.0598297119140625,70.72196960449219,87.640625,48.35757827758789,45.07170486450195,6.530799865722656,6.3107147216796875,60.10584259033203,81.60014343261719,5.58905029296875,5.58905029296875,89.4063949584961,97.48697662353516,16441667584,16151695360,12835840000,7945609216
1,1776523465502,2937.7146911621094,1860.0000000000002,1,0.66875,55894.88815307617,1819,1819,1819,1819,1901,1819,1819,1819,1819,1819,1819,1819,1819,1819,1901,1819,37.77822494506836,39.95890426635742,0.38034820556640625,0.34107208251953125,65.24879455566406,56.51070022583008,12.895233154296875,7.886665344238281,0.33518218994140625,0.28482818603515625,39.24617004394531,41.18569564819336,0.3579864501953125,0.31327056884765625,65.7455825805664,59.427574157714844,16441667584,16151695360,12834385920,7946657792
