Delta,Time,CORE0_ENERGY (J),CORE0_FREQ (MHZ),CORE0_PSTATE,CORE0_VOLT (V),CPU_ENERGY (J),CPU_FREQUENCY_0,CPU_FREQUENCY_1,CPU_FREQUENCY_10,CPU_FREQUENCY_11,CPU_FREQUENCY_12,CPU_FREQUENCY_13,CPU_FREQUENCY_14,CPU_FREQUENCY_15,CPU_FREQUENCY_2,CPU_FREQUENCY_3,CPU_FREQUENCY_4,CPU_FREQUENCY_5,CPU_FREQUENCY_6,CPU_FREQUENCY_7,CPU_FREQUENCY_8,CPU_FREQUENCY_9,CPU_USAGE_0,CPU_USAGE_1,CPU_USAGE_10,CPU_USAGE_11,CPU_USAGE_12,CPU_USAGE_13,CPU_USAGE_14,CPU_USAGE_15,CPU_USAGE_2,CPU_USAGE_3,CPU_USAGE_4,CPU_USAGE_5,CPU_USAGE_6,CPU_USAGE_7,CPU_USAGE_8,CPU_USAGE_9,TOTAL_MEMORY,TOTAL_SWAP,USED_MEMORY,USED_SWAP
0,1776523504914,5472.435760498047,1860.0000000000002,1,0.675,56092.7785949707,1819,1819,1819,1819,1901,1819,1819,1819,1819,1819,1819,1819,1819,1819,1819,1901,86.33146667480469,76.48241424560547,0,0,81.4105224609375,65.69073486328125,60.31758117675781,71.35845184326172,0,0,50.645668029785156,72.93242645263672,0,0,83.97846984863281,92.77462768554688,16441667584,16151695360,12767379456,7916007424
198,1776523504916,5472.44416809082,1860.0000000000002,1,0.675,56092.86470031738,1819,1819,1819,1819,1901,1819,1819,1819,1819,1819,1819,1819,1819,1819,1819,1901,59.99945068359375,50.70830535888672,0,0,76.33892822265625,84.17050170898438,56.17825698852539,64.52529907226563,0.35369873046875,1.1049575805664063,53.28927993774414,27.549903869628906,0,0,80.59698486328125,63.61866760253906,16441667584,16151695360,12767404032,7916007424
1,1776523505116,5472.550155639648,1860.0000000000002,1,0.675,56094.03016662598,1819,1819,1819,1819,1901,1819,1819,1819,1819,1819,1819,1819,1819,1819,1819,1901,28.294212341308594,27.943260192871094,0,0,50.3781623840332,41.98196029663086,23.457473754882813,17.429962158203125,0,0,38.73793029785156,39.00221633911133,0,0,48.24821090698242,41.399173736572266,16441667584,16151695360,12763811840,7910338560
