Delta,Time,CORE0_ENERGY (J),CORE0_FREQ (MHZ),CORE0_PSTATE,CORE0_VOLT (V),CPU_ENERGY (J),CPU_FREQUENCY_0,CPU_FREQUENCY_1,CPU_FREQUENCY_10,CPU_FREQUENCY_11,CPU_FREQUENCY_12,CPU_FREQUENCY_13,CPU_FREQUENCY_14,CPU_FREQUENCY_15,CPU_FREQUENCY_2,CPU_FREQUENCY_3,CPU_FREQUENCY_4,CPU_FREQUENCY_5,CPU_FREQUENCY_6,CPU_FREQUENCY_7,CPU_FREQUENCY_8,CPU_FREQUENCY_9,CPU_USAGE_0,CPU_USAGE_1,CPU_USAGE_10,CPU_USAGE_11,CPU_USAGE_12,CPU_USAGE_13,CPU_USAGE_14,CPU_USAGE_15,CPU_USAGE_2,CPU_USAGE_3,CPU_USAGE_4,CPU_USAGE_5,CPU_USAGE_6,CPU_USAGE_7,CPU_USAGE_8,CPU_USAGE_9,TOTAL_MEMORY,TOTAL_SWAP,USED_MEMORY,USED_SWAP
0,1776523556623,5497.883529663086,1860.0000000000002,1,0.675,56353.49913024902,1819,1819,1819,1819,1901,1901,1819,1819,1819,1819,1819,1819,1819,1819,1901,1819,57.84526062011719,72.27767944335938,0,0,39.722469329833984,24.0867919921875,29.214881896972656,38.780181884765625,0,0,50.52561950683594,72.66159057617188,0,0,49.72541046142578,50.75603485107422,16441667584,16151695360,12590260224,7913652224
199,1776523556625,2956.559127807617,1860.0000000000002,1,0.66875,56353.579177856445,1819,1819,1819,1819,1901,1901,1819,1819,1819,1819,1819,1819,1819,1819,1901,1819,47.99298095703125,17.133575439453125,1.4218521118164063,1.4209136962890625,39.535057067871094,40.69694137573242,40.44354248046875,60.52688217163086,1.727813720703125,2.3162612915039063,72.88809967041016,26.324485778808594,1.9624404907226563,1.96337890625,35.91331481933594,14.711265563964844,16441667584,16151695360,12590260224,7913652224
0,1776523556825,3122.352310180664,1400,2,0.63125,56354.4923248291,1819,1819,1819,1819,1901,1901,1819,1819,1819,1819,1819,1819,1819,1819,1901,1819,15.257232666015625,18.266395568847656,0.40230560302734375,0.402252197265625,17.76390838623047,16.42552947998047,9.917640686035156,13.47894287109375,0.36434173583984375,0.40149688720703125,11.463470458984375,16.407623291015625,0.3834991455078125,0.383697509765625,26.2525634765625,24.089370727539063,16441667584,16151695360,12586663936,7914360832
