Delta,Time,CORE0_ENERGY (J),CORE0_FREQ (MHZ),CORE0_PSTATE,CORE0_VOLT (V),CPU_ENERGY (J),CPU_FREQUENCY_0,CPU_FREQUENCY_1,CPU_FREQUENCY_10,CPU_FREQUENCY_11,CPU_FREQUENCY_12,CPU_FREQUENCY_13,CPU_FREQUENCY_14,CPU_FREQUENCY_15,CPU_FREQUENCY_2,CPU_FREQUENCY_3,CPU_FREQUENCY_4,CPU_FREQUENCY_5,CPU_FREQUENCY_6,CPU_FREQUENCY_7,CPU_FREQUENCY_8,CPU_FREQUENCY_9,CPU_USAGE_0,CPU_USAGE_1,CPU_USAGE_10,CPU_USAGE_11,CPU_USAGE_12,CPU_USAGE_13,CPU_USAGE_14,CPU_USAGE_15,CPU_USAGE_2,CPU_USAGE_3,CPU_USAGE_4,CPU_USAGE_5,CPU_USAGE_6,CPU_USAGE_7,CPU_USAGE_8,CPU_USAGE_9,TOTAL_MEMORY,TOTAL_SWAP,USED_MEMORY,USED_SWAP
0,1776523453364,3084.340789794922,1860.0000000000002,1,0.66875,55829.2225189209,1901,1901,1819,1819,1901,1901,1901,1901,1819,1819,1901,1901,1819,1819,1901,1901,16.47039794921875,10.572006225585938,2.5020065307617188,7.1093292236328125,50.271541595458984,46.51959991455078,0.30202484130859375,11.638671875,0.9674072265625,13.743644714355469,53.08797836303711,35.356651306152344,0,0,62.739723205566406,58.65917205810547,16441667584,16151695360,12852879360,7974469632
199,1776523453366,5446.77653503418,1860.0000000000002,1,0.675,55829.29428100586,1901,1901,1819,1819,1901,1901,1901,1901,1819,1819,1901,1901,1819,1819,1901,1901,1.1298599243164063,0.0584564208984375,0,4.804069519042969,45.23090744018555,74.10133361816406,0,0,0.05462646484375,1.1308212280273438,64.43185424804688,60.68002700805664,0,0,59.148624420166016,50.04456329345703,16441667584,16151695360,12853100544,7974469632
1,1776523453566,5446.859436035156,1860.0000000000002,1,0.675,55830.275619506836,1901,1901,1819,1819,1901,1901,1901,1901,1819,1819,1901,1901,1819,1819,1901,1901,0.536834716796875,0.5366363525390625,0.6331863403320313,2.9578475952148438,34.84747314453125,36.87628173828125,0.6474838256835938,0.6474838256835938,0.5615234375,0.536590576171875,36.70256423950195,29.25476837158203,0.6038055419921875,0.60400390625,39.38555145263672,33.33836364746094,16441667584,16151695360,12850286592,7965327360
