Delta,Time,CORE0_ENERGY (J),CORE0_FREQ (MHZ),CORE0_PSTATE,CORE0_VOLT (V),CPU_ENERGY (J),CPU_FREQUENCY_0,CPU_FREQUENCY_1,CPU_FREQUENCY_10,CPU_FREQUENCY_11,CPU_FREQUENCY_12,CPU_FREQUENCY_13,CPU_FREQUENCY_14,CPU_FREQUENCY_15,CPU_FREQUENCY_2,CPU_FREQUENCY_3,CPU_FREQUENCY_4,CPU_FREQUENCY_5,CPU_FREQUENCY_6,CPU_FREQUENCY_7,CPU_FREQUENCY_8,CPU_FREQUENCY_9,CPU_USAGE_0,CPU_USAGE_1,CPU_USAGE_10,CPU_USAGE_11,CPU_USAGE_12,CPU_USAGE_13,CPU_USAGE_14,CPU_USAGE_15,CPU_USAGE_2,CPU_USAGE_3,CPU_USAGE_4,CPU_USAGE_5,CPU_USAGE_6,CPU_USAGE_7,CPU_USAGE_8,CPU_USAGE_9,TOTAL_MEMORY,TOTAL_SWAP,USED_MEMORY,USED_SWAP
0,1776523544596,1906.6721954345703,1860.0000000000002,1,0.675,56293.592041015625,1819,1819,1819,1819,1901,1819,1819,1819,1819,1819,1819,1901,1819,1819,1901,1819,30.31751251220703,27.41754913330078,23.480186462402344,36.87665557861328,35.46397399902344,40.35662078857422,7.313468933105469,26.569488525390625,53.36992645263672,15.01385498046875,22.252342224121094,21.721832275390625,0,0,45.229766845703125,100,16441667584,16151695360,12589813760,7921176576
199,1776523544597,2954.2085876464844,1550,2,0.63125,56293.64013671875,1819,1819,1819,1819,1901,1819,1819,1819,1819,1819,1819,1901,1819,1819,1901,1819,33.21504211425781,51.59121322631836,39.93046188354492,15.857528686523438,42.137325286865234,34.940589904785156,25.2999267578125,44.62004852294922,38.42329788208008,15.777069091796875,17.597450256347656,41.22929382324219,13.548652648925781,13.547218322753906,21.472389221191406,100,16441667584,16151695360,12589826048,7922286592
1,1776523544797,1851.3081512451172,1550,2,0.63125,56294.695388793945,1819,1819,1819,1819,1901,1819,1819,1819,1819,1819,1819,1901,1819,1819,1901,1819,19.6988525390625,29.10137176513672,0,0,13.507194519042969,52.09490203857422,29.315719604492188,16.460540771484375,0,0,21.107208251953125,9.524345397949219,0,0,20.63404083251953,41.669578552246094,16441667584,16151695360,12584693760,7921033216
