Delta,Time,CORE0_ENERGY (J),CORE0_FREQ (MHZ),CORE0_PSTATE,CORE0_VOLT (V),CPU_ENERGY (J),CPU_FREQUENCY_0,CPU_FREQUENCY_1,CPU_FREQUENCY_10,CPU_FREQUENCY_11,CPU_FREQUENCY_12,CPU_FREQUENCY_13,CPU_FREQUENCY_14,CPU_FREQUENCY_15,CPU_FREQUENCY_2,CPU_FREQUENCY_3,CPU_FREQUENCY_4,CPU_FREQUENCY_5,CPU_FREQUENCY_6,CPU_FREQUENCY_7,CPU_FREQUENCY_8,CPU_FREQUENCY_9,CPU_USAGE_0,CPU_USAGE_1,CPU_USAGE_10,CPU_USAGE_11,CPU_USAGE_12,CPU_USAGE_13,CPU_USAGE_14,CPU_USAGE_15,CPU_USAGE_2,CPU_USAGE_3,CPU_USAGE_4,CPU_USAGE_5,CPU_USAGE_6,CPU_USAGE_7,CPU_USAGE_8,CPU_USAGE_9,TOTAL_MEMORY,TOTAL_SWAP,USED_MEMORY,USED_SWAP
0,1776523489116,1845.4914855957031,1860.0000000000002,1,0.66875,56014.46208190918,1819,1819,1819,1819,1901,1819,1819,1819,1819,1819,1819,1901,1819,1819,1819,1901,33.07160186767578,40.97678756713867,21.68829345703125,28.930282592773438,64.97482299804688,16.03717041015625,38.825069427490234,62.11037063598633,0,0,54.70094680786133,32.423545837402344,0,0,68.74728393554688,79.05391693115234,16441667584,16151695360,12766810112,7915167744
199,1776523489117,5464.710784912109,1860.0000000000002,1,0.675,56014.526138305664,1819,1819,1819,1819,1901,1819,1819,1819,1819,1819,1819,1901,1819,1819,1819,1901,33.36039733886719,28.065109252929688,25.214515686035156,63.05632400512695,14.60955810546875,8.860069274902344,25.66461181640625,54.610382080078125,0.9156036376953125,0,50.73628234863281,50.89248275756836,0,0,37.56949234008789,26.05406951904297,16441667584,16151695360,12766822400,7917527040
1,1776523489317,3097.9901123046875,1483.3333333333335,2,0.63125,56015.566955566406,1819,1819,1819,1819,1901,1819,1819,1819,1819,1819,1819,1901,1819,1819,1819,1901,24.03778076171875,29.142288208007813,7.406166076660156,7.244132995605469,24.856857299804688,13.158538818359375,21.012802124023438,15.916618347167969,0,0,23.451026916503906,23.714927673339844,0,0,43.531898498535156,19.656600952148438,16441667584,16151695360,12759928832,7914164224
