Delta,Time,CORE0_ENERGY (J),CORE0_FREQ (MHZ),CORE0_PSTATE,CORE0_VOLT (V),CPU_ENERGY (J),CPU_FREQUENCY_0,CPU_FREQUENCY_1,CPU_FREQUENCY_10,CPU_FREQUENCY_11,CPU_FREQUENCY_12,CPU_FREQUENCY_13,CPU_FREQUENCY_14,CPU_FREQUENCY_15,CPU_FREQUENCY_2,CPU_FREQUENCY_3,CPU_FREQUENCY_4,CPU_FREQUENCY_5,CPU_FREQUENCY_6,CPU_FREQUENCY_7,CPU_FREQUENCY_8,CPU_FREQUENCY_9,CPU_USAGE_0,CPU_USAGE_1,CPU_USAGE_10,CPU_USAGE_11,CPU_USAGE_12,CPU_USAGE_13,CPU_USAGE_14,CPU_USAGE_15,CPU_USAGE_2,CPU_USAGE_3,CPU_USAGE_4,CPU_USAGE_5,CPU_USAGE_6,CPU_USAGE_7,CPU_USAGE_8,CPU_USAGE_9,TOTAL_MEMORY,TOTAL_SWAP,USED_MEMORY,USED_SWAP
0,1776523457378,1842.72607421875,1860.0000000000002,1,0.66875,55851.854568481445,1819,1819,1819,1819,1901,1819,1819,1819,1819,1819,1819,1819,1819,1819,1901,1819,79.92120361328125,70.1198959350586,0,0,69.3782730102539,63.064510345458984,72.22561645507813,81.83878326416016,0,0,81.59371185302734,67.63903045654297,0,0,57.36115646362305,64.28684997558594,16441667584,16151695360,12849102848,7970488320
199,1776523457379,2935.6207733154297,1860.0000000000002,1,0.66875,55851.89241027832,1819,1819,1819,1819,1901,1819,1819,1819,1819,1819,1819,1819,1819,1819,1901,1819,73.76689147949219,54.68526840209961,9.773338317871094,9.766014099121094,96.8856430053711,92.54092407226563,52.588890075683594,66.60075378417969,10.575271606445313,11.4010009765625,35.84349822998047,74.95513916015625,10.556961059570313,10.556961059570313,100,59.308284759521484,16441667584,16151695360,12849127424,7970488320
1,1776523457580,5646.393417358398,1550,2,0.63125,55853.16239929199,1819,1819,1819,1819,1901,1819,1819,1819,1819,1819,1819,1819,1819,1819,1901,1819,43.453338623046875,25.22484588623047,0.259552001953125,0.259796142578125,47.23426818847656,47.88401412963867,35.121337890625,34.81104278564453,0.2207489013671875,0.3103485107421875,45.068729400634766,38.3006706237793,0.255401611328125,0.25569915771484375,65.851806640625,61.96177673339844,16441667584,16151695360,12843053056,7962685440
