Delta,Time,CORE0_ENERGY (J),CORE0_FREQ (MHZ),CORE0_PSTATE,CORE0_VOLT (V),CPU_ENERGY (J),CPU_FREQUENCY_0,CPU_FREQUENCY_1,CPU_FREQUENCY_10,CPU_FREQUENCY_11,CPU_FREQUENCY_12,CPU_FREQUENCY_13,CPU_FREQUENCY_14,CPU_FREQUENCY_15,CPU_FREQUENCY_2,CPU_FREQUENCY_3,CPU_FREQUENCY_4,CPU_FREQUENCY_5,CPU_FREQUENCY_6,CPU_FREQUENCY_7,CPU_FREQUENCY_8,CPU_FREQUENCY_9,CPU_USAGE_0,CPU_USAGE_1,CPU_USAGE_10,CPU_USAGE_11,CPU_USAGE_12,CPU_USAGE_13,CPU_USAGE_14,CPU_USAGE_15,CPU_USAGE_2,CPU_USAGE_3,CPU_USAGE_4,CPU_USAGE_5,CPU_USAGE_6,CPU_USAGE_7,CPU_USAGE_8,CPU_USAGE_9,TOTAL_MEMORY,TOTAL_SWAP,USED_MEMORY,USED_SWAP
0,1776523477207,3093.3585510253906,1860.0000000000002,1,0.66875,55952.21011352539,1819,1819,1819,1819,1819,1901,1819,1819,1819,1819,1819,1901,1819,1819,1901,1819,57.657936096191406,56.8288459777832,0,0,75.94926452636719,62.05657196044922,72.08659362792969,59.230533599853516,0,0,80.34183502197266,88.0222396850586,0,0,78.12200927734375,82.50424194335938,16441667584,16151695360,12831629312,7933997056
199,1776523477208,1844.594467163086,1860.0000000000002,1,0.66875,55952.285079956055,1819,1819,1819,1819,1819,1901,1819,1819,1819,1819,1819,1901,1819,1819,1901,1819,45.173187255859375,29.772705078125,0.17578125,0.17679595947265625,46.970603942871094,26.257125854492188,30.89647674560547,52.05905532836914,0.5273361206054688,1.68463134765625,53.635986328125,81.37249755859375,0.0467376708984375,0.041656494140625,6.955970764160156,77.01460266113281,16441667584,16151695360,12831633408,7934783488
1,1776523477409,3093.461868286133,1860.0000000000002,1,0.66875,55953.51818847656,1819,1819,1819,1819,1819,1901,1819,1819,1819,1819,1819,1901,1819,1819,1901,1819,27.672569274902344,39.090091705322266,0.298431396484375,0.298736572265625,73.94556427001953,57.58757400512695,29.215789794921875,30.368118286132813,0.2653656005859375,0.29938507080078125,38.374000549316406,36.289756774902344,0.34128570556640625,0.34159088134765625,43.63833236694336,37.9799690246582,16441667584,16151695360,12828946432,7939121152
