Delta,Time,CORE0_ENERGY (J),CORE0_FREQ (MHZ),CORE0_PSTATE,CORE0_VOLT (V),CPU_ENERGY (J),CPU_FREQUENCY_0,CPU_FREQUENCY_1,CPU_FREQUENCY_10,CPU_FREQUENCY_11,CPU_FREQUENCY_12,CPU_FREQUENCY_13,CPU_FREQUENCY_14,CPU_FREQUENCY_15,CPU_FREQUENCY_2,CPU_FREQUENCY_3,CPU_FREQUENCY_4,CPU_FREQUENCY_5,CPU_FREQUENCY_6,CPU_FREQUENCY_7,CPU_FREQUENCY_8,CPU_FREQUENCY_9,CPU_USAGE_0,CPU_USAGE_1,CPU_USAGE_10,CPU_USAGE_11,CPU_USAGE_12,CPU_USAGE_13,CPU_USAGE_14,CPU_USAGE_15,CPU_USAGE_2,CPU_USAGE_3,CPU_USAGE_4,CPU_USAGE_5,CPU_USAGE_6,CPU_USAGE_7,CPU_USAGE_8,CPU_USAGE_9,TOTAL_MEMORY,TOTAL_SWAP,USED_MEMORY,USED_SWAP
0,1776523548554,1851.5767364501953,1860.0000000000002,1,0.66875,56313.07157897949,1819,1819,1819,1819,1819,1819,1819,1819,1819,1819,1819,1819,1819,1819,1901,1819,71.39263916015625,77.46064758300781,0,0,72.96891784667969,60.59793472290039,69.84590148925781,63.69500732421875,0,0,49.6983642578125,42.132991790771484,0,0,68.30061340332031,72.919189453125,16441667584,16151695360,12589617152,7920558080
198,1776523548555,1851.5856628417969,1860.0000000000002,1,0.66875,56313.156311035156,1819,1819,1819,1819,1819,1819,1819,1819,1819,1819,1819,1819,1819,1819,1901,1819,58.8000602722168,75.6928939819336,3.4603195190429688,3.4583663940429688,76.37383270263672,50.65313720703125,67.06599426269531,65.07585144042969,4.4183197021484375,4.425148010253906,82.17550659179688,56.72698974609375,3.3130111694335938,3.3139877319335938,92.98863220214844,82.98814392089844,16441667584,16151695360,12589629440,7920558080
1,1776523548755,2955.1305541992188,1860.0000000000002,1,0.66875,56314.51330566406,1819,1819,1819,1819,1819,1819,1819,1819,1819,1819,1819,1819,1819,1819,1901,1819,53.91551971435547,56.134952545166016,0,0,53.8907585144043,60.626827239990234,51.96284103393555,41.34052658081055,0,0.0008544921875,60.1661262512207,54.879981994628906,0.00736236572265625,0.00801849365234375,59.1580924987793,60.85319137573242,16441667584,16151695360,12599209984,7938473984
