Delta,Time,CORE0_ENERGY (J),CORE0_FREQ (MHZ),CORE0_PSTATE,CORE0_VOLT (V),CPU_ENERGY (J),CPU_FREQUENCY_0,CPU_FREQUENCY_1,CPU_FREQUENCY_10,CPU_FREQUENCY_11,CPU_FREQUENCY_12,CPU_FREQUENCY_13,CPU_FREQUENCY_14,CPU_FREQUENCY_15,CPU_FREQUENCY_2,CPU_FREQUENCY_3,CPU_FREQUENCY_4,CPU_FREQUENCY_5,CPU_FREQUENCY_6,CPU_FREQUENCY_7,CPU_FREQUENCY_8,CPU_FREQUENCY_9,CPU_USAGE_0,CPU_USAGE_1,CPU_USAGE_10,CPU_USAGE_11,CPU_USAGE_12,CPU_USAGE_13,CPU_USAGE_14,CPU_USAGE_15,CPU_USAGE_2,CPU_USAGE_3,CPU_USAGE_4,CPU_USAGE_5,CPU_USAGE_6,CPU_USAGE_7,CPU_USAGE_8,CPU_USAGE_9,TOTAL_MEMORY,TOTAL_SWAP,USED_MEMORY,USED_SWAP
0,1776523493073,1619.0291137695313,1860.0000000000002,1,0.675,56034.74774169922,1819,1819,1819,1819,1901,1819,1819,1819,1819,1819,1819,1819,1819,1819,1901,1901,52.264747619628906,63.90351486206055,54.87080001831055,16.623336791992188,48.0914306640625,35.23578643798828,42.75957107543945,39.832881927490234,0,0,55.577362060546875,44.64051818847656,0,0,38.60943603515625,65.91310119628906,16441667584,16151695360,12768489472,7917969408
199,1776523493074,2943.0433197021484,1860.0000000000002,1,0.66875,56034.8231048584,1819,1819,1819,1819,1901,1819,1819,1819,1819,1819,1819,1819,1819,1819,1901,1901,31.49108123779297,33.82379150390625,57.51520538330078,44.19719314575195,50.70952606201172,19.30345916748047,23.1719970703125,23.20562744140625,7.697837829589844,7.0242767333984375,30.921218872070313,64.16487121582031,7.2447509765625,7.2447509765625,86.37183380126953,87.66570281982422,16441667584,16151695360,12768481280,7917969408
0,1776523493274,3099.5648040771484,1860.0000000000002,1,0.6625,56035.86184692383,1819,1819,1819,1819,1901,1819,1819,1819,1819,1819,1819,1819,1819,1819,1901,1901,23.876441955566406,18.089996337890625,13.167442321777344,16.53913116455078,26.607810974121094,26.340003967285156,7.007118225097656,14.263336181640625,0,0,21.88518524169922,17.129539489746094,0,0,39.98936080932617,17.973663330078125,16441667584,16151695360,12763975680,7917084672
