Delta,Time,CORE0_ENERGY (J),CORE0_FREQ (MHZ),CORE0_PSTATE,CORE0_VOLT (V),CPU_ENERGY (J),CPU_FREQUENCY_0,CPU_FREQUENCY_1,CPU_FREQUENCY_10,CPU_FREQUENCY_11,CPU_FREQUENCY_12,CPU_FREQUENCY_13,CPU_FREQUENCY_14,CPU_FREQUENCY_15,CPU_FREQUENCY_2,CPU_FREQUENCY_3,CPU_FREQUENCY_4,CPU_FREQUENCY_5,CPU_FREQUENCY_6,CPU_FREQUENCY_7,CPU_FREQUENCY_8,CPU_FREQUENCY_9,CPU_USAGE_0,CPU_USAGE_1,CPU_USAGE_10,CPU_USAGE_11,CPU_USAGE_12,CPU_USAGE_13,CPU_USAGE_14,CPU_USAGE_15,CPU_USAGE_2,CPU_USAGE_3,CPU_USAGE_4,CPU_USAGE_5,CPU_USAGE_6,CPU_USAGE_7,CPU_USAGE_8,CPU_USAGE_9,TOTAL_MEMORY,TOTAL_SWAP,USED_MEMORY,USED_SWAP
0,1776523552563,5495.708023071289,1860.0000000000002,1,0.675,56333.427169799805,1819,1819,1819,1819,1901,1819,1819,1819,1819,1819,1901,1819,1819,1819,1901,1819,62.72014236450195,59.53607177734375,0,0,55.801387786865234,55.95351028442383,0,0,0,0,59.32606506347656,40.11280059814453,0,0,57.877540588378906,70.64683532714844,16441667584,16151695360,12592762880,7923290112
199,1776523552564,2955.826202392578,1550,2,0.63125,56333.47514343262,1819,1819,1819,1819,1901,1819,1819,1819,1819,1819,1901,1819,1819,1819,1901,1819,67.8246841430664,56.18722152709961,0,0,90.82679748535156,61.34958267211914,0,0,0,0,86.67245483398438,60.75965118408203,0,0,67.54122924804688,80.5888671875,16441667584,16151695360,12592783360,7923273728
0,1776523552765,3120.9090728759766,1550,2,0.63125,56334.66506958008,1819,1819,1819,1819,1901,1819,1819,1819,1819,1819,1901,1819,1819,1819,1901,1819,54.51995086669922,48.56137466430664,0.1921539306640625,0.192108154296875,47.41835021972656,55.1679573059082,0.21014404296875,0.21014404296875,0.13570404052734375,0.17772674560546875,39.0927734375,36.067100524902344,0.1356048583984375,0.13550567626953125,59.41365051269531,50.96990203857422,16441667584,16151695360,12591284224,7919558656
