Delta,Time,CORE0_ENERGY (J),CORE0_FREQ (MHZ),CORE0_PSTATE,CORE0_VOLT (V),CPU_ENERGY (J),CPU_FREQUENCY_0,CPU_FREQUENCY_1,CPU_FREQUENCY_10,CPU_FREQUENCY_11,CPU_FREQUENCY_12,CPU_FREQUENCY_13,CPU_FREQUENCY_14,CPU_FREQUENCY_15,CPU_FREQUENCY_2,CPU_FREQUENCY_3,CPU_FREQUENCY_4,CPU_FREQUENCY_5,CPU_FREQUENCY_6,CPU_FREQUENCY_7,CPU_FREQUENCY_8,CPU_FREQUENCY_9,CPU_USAGE_0,CPU_USAGE_1,CPU_USAGE_10,CPU_USAGE_11,CPU_USAGE_12,CPU_USAGE_13,CPU_USAGE_14,CPU_USAGE_15,CPU_USAGE_2,CPU_USAGE_3,CPU_USAGE_4,CPU_USAGE_5,CPU_USAGE_6,CPU_USAGE_7,CPU_USAGE_8,CPU_USAGE_9,TOTAL_MEMORY,TOTAL_SWAP,USED_MEMORY,USED_SWAP
0,1776523445016,1905.3154296875,1550,2,0.63125,55777.02113342285,1901,1819,1819,1819,1901,1901,1819,1901,1819,1819,1901,1901,1819,1819,1819,1901,46.311683654785156,6.034233093261719,23.732742309570313,23.405975341796875,32.72294616699219,1.5222549438476563,31.874473571777344,29.05865478515625,17.39000701904297,25.433670043945313,12.607650756835938,20.799400329589844,0,0,34.7581787109375,13.111892700195313,16441667584,16151695360,12844388352,7961747456
199,1776523445017,1617.433090209961,1860.0000000000002,1,0.675,55777.09245300293,1901,1819,1819,1819,1901,1901,1819,1901,1819,1819,1901,1901,1819,1819,1819,1901,68.93728637695313,34.17389678955078,21.317611694335938,5.91015625,29.098846435546875,4.180992126464844,4.815238952636719,30.967742919921875,62.87102127075195,8.403472900390625,0.8394775390625,24.439712524414063,0,0,35.981658935546875,9.491836547851563,16441667584,16151695360,12844417024,7961616384
1,1776523445217,5639.400451660156,1550,2,0.63125,55777.983489990234,1901,1819,1819,1819,1901,1901,1819,1901,1819,1819,1901,1901,1819,1819,1819,1901,21.097511291503906,8.229499816894531,3.6002578735351563,2.9619522094726563,11.21514892578125,21.07854461669922,9.439498901367188,4.6824188232421875,1.409210205078125,12.093467712402344,9.061439514160156,10.199745178222656,0.00971221923828125,0.0098114013671875,29.75060272216797,5.177192687988281,16441667584,16151695360,12839604224,7960559616
