Delta,Time,CORE0_ENERGY (J),CORE0_FREQ (MHZ),CORE0_PSTATE,CORE0_VOLT (V),CPU_ENERGY (J),CPU_FREQUENCY_0,CPU_FREQUENCY_1,CPU_FREQUENCY_10,CPU_FREQUENCY_11,CPU_FREQUENCY_12,CPU_FREQUENCY_13,CPU_FREQUENCY_14,CPU_FREQUENCY_15,CPU_FREQUENCY_2,CPU_FREQUENCY_3,CPU_FREQUENCY_4,CPU_FREQUENCY_5,CPU_FREQUENCY_6,CPU_FREQUENCY_7,CPU_FREQUENCY_8,CPU_FREQUENCY_9,CPU_USAGE_0,CPU_USAGE_1,CPU_USAGE_10,CPU_USAGE_11,CPU_USAGE_12,CPU_USAGE_13,CPU_USAGE_14,CPU_USAGE_15,CPU_USAGE_2,CPU_USAGE_3,CPU_USAGE_4,CPU_USAGE_5,CPU_USAGE_6,CPU_USAGE_7,CPU_USAGE_8,CPU_USAGE_9,TOTAL_MEMORY,TOTAL_SWAP,USED_MEMORY,USED_SWAP
0,1776523520751,1619.6221466064453,1550,2,0.63125,56171.27868652344,1819,1819,1819,1819,1819,1819,1819,1819,1819,1819,1901,1819,1819,1819,1901,1819,11.627349853515625,17.110733032226563,24.514175415039063,37.3595085144043,12.475631713867188,19.09209442138672,38.386356353759766,51.09347915649414,0.5212326049804688,2.0719757080078125,25.074241638183594,40.822696685791016,0.34647369384765625,0.341522216796875,10.495796203613281,16.656517028808594,16441667584,16151695360,12589940736,7911346176
199,1776523520752,3109.3578033447266,1860.0000000000002,1,0.675,56171.339263916016,1819,1819,1819,1819,1819,1819,1819,1819,1819,1819,1901,1819,1819,1819,1901,1819,5.849052429199219,12.297233581542969,60.51728439331055,0.666107177734375,8.130874633789063,20.9364013671875,7.191352844238281,21.317161560058594,0.8642807006835938,0.6725234985351563,46.46487808227539,4.1975555419921875,0.0770721435546875,0.07614898681640625,11.041175842285156,21.42542266845703,16441667584,16151695360,12589936640,7912202240
1,1776523520953,5677.153091430664,1860.0000000000002,1,0.675,56172.21041870117,1819,1819,1819,1819,1819,1819,1819,1819,1819,1819,1901,1819,1819,1819,1901,1819,10.411308288574219,9.132461547851563,9.428871154785156,3.375152587890625,34.204925537109375,11.284156799316406,2.4804534912109375,6.1449432373046875,0.0892791748046875,0.109832763671875,11.463569641113281,12.086090087890625,0.07205963134765625,0.07186126708984375,27.485626220703125,7.638725280761719,16441667584,16151695360,12584181760,7910174720
