Delta,Time,CORE0_ENERGY (J),CORE0_FREQ (MHZ),CORE0_PSTATE,CORE0_VOLT (V),CPU_ENERGY (J),CPU_FREQUENCY_0,CPU_FREQUENCY_1,CPU_FREQUENCY_10,CPU_FREQUENCY_11,CPU_FREQUENCY_12,CPU_FREQUENCY_13,CPU_FREQUENCY_14,CPU_FREQUENCY_15,CPU_FREQUENCY_2,CPU_FREQUENCY_3,CPU_FREQUENCY_4,CPU_FREQUENCY_5,CPU_FREQUENCY_6,CPU_FREQUENCY_7,CPU_FREQUENCY_8,CPU_FREQUENCY_9,CPU_USAGE_0,CPU_USAGE_1,CPU_USAGE_10,CPU_USAGE_11,CPU_USAGE_12,CPU_USAGE_13,CPU_USAGE_14,CPU_USAGE_15,CPU_USAGE_2,CPU_USAGE_3,CPU_USAGE_4,CPU_USAGE_5,CPU_USAGE_6,CPU_USAGE_7,CPU_USAGE_8,CPU_USAGE_9,TOTAL_MEMORY,TOTAL_SWAP,USED_MEMORY,USED_SWAP
0,1776523469300,5652.019882202148,1860.0000000000002,1,0.6625,55914.544189453125,1819,1819,1819,1819,1819,1819,1901,1901,1819,1819,1819,1901,1819,1819,1901,1901,0,0,0,0,67.6490478515625,69.82879638671875,0,0,0,0,0,0,0,0,70.478759765625,61.85955810546875,16441667584,16151695360,12834471936,7946072064
198,1776523469301,5652.027587890625,1860.0000000000002,1,0.675,55914.600982666016,1819,1819,1819,1819,1819,1819,1901,1901,1819,1819,1819,1901,1819,1819,1901,1901,5.5699615478515625,4.097015380859375,4.023284912109375,4.024147033691406,77.01402282714844,46.00404357910156,3.7691192626953125,3.7691192626953125,5.3105926513671875,4.094413757324219,4.095283508300781,4.82135009765625,4.094413757324219,4.095283508300781,62.76685333251953,84.13587951660156,16441667584,16151695360,12834545664,7946391552
1,1776523469502,5652.096893310547,1860.0000000000002,1,0.675,55915.41410827637,1819,1819,1819,1819,1819,1819,1901,1901,1819,1819,1819,1901,1819,1819,1901,1901,0,0,0,0,34.28474426269531,14.347122192382813,0,0,0,0,9.970222473144531,11.487564086914063,0,0,32.66047668457031,14.776054382324219,16441667584,16151695360,12832088064,7945940992
