Delta,Time,CORE0_ENERGY (J),CORE0_FREQ (MHZ),CORE0_PSTATE,CORE0_VOLT (V),CPU_ENERGY (J),CPU_FREQUENCY_0,CPU_FREQUENCY_1,CPU_FREQUENCY_10,CPU_FREQUENCY_11,CPU_FREQUENCY_12,CPU_FREQUENCY_13,CPU_FREQUENCY_14,CPU_FREQUENCY_15,CPU_FREQUENCY_2,CPU_FREQUENCY_3,CPU_FREQUENCY_4,CPU_FREQUENCY_5,CPU_FREQUENCY_6,CPU_FREQUENCY_7,CPU_FREQUENCY_8,CPU_FREQUENCY_9,CPU_USAGE_0,CPU_USAGE_1,CPU_USAGE_10,CPU_USAGE_11,CPU_USAGE_12,CPU_USAGE_13,CPU_USAGE_14,CPU_USAGE_15,CPU_USAGE_2,CPU_USAGE_3,CPU_USAGE_4,CPU_USAGE_5,CPU_USAGE_6,CPU_USAGE_7,CPU_USAGE_8,CPU_USAGE_9,TOTAL_MEMORY,TOTAL_SWAP,USED_MEMORY,USED_SWAP
0,1776523481188,5460.706481933594,1860.0000000000002,1,0.675,55973.01077270508,1819,1819,1819,1819,1901,1901,1819,1819,1819,1819,1901,1901,1819,1819,1819,1901,57.0615119934082,46.52626419067383,18.89447784423828,16.31952667236328,75.52690124511719,35.012603759765625,18.39502716064453,8.653030395507813,56.34210205078125,11.559661865234375,22.10882568359375,20.694358825683594,3.0198974609375,3.0191268920898438,29.68138885498047,12.066459655761719,16441667584,16151695360,12836249600,7952719872
199,1776523481189,1618.7358093261719,1550,2,0.63125,55973.0393371582,1819,1819,1819,1819,1901,1901,1819,1819,1819,1819,1901,1901,1819,1819,1819,1901,24.72643280029297,13.697418212890625,22.49774169921875,7.8847503662109375,39.592411041259766,27.989158630371094,3.0378494262695313,32.52886199951172,79.283203125,7.694007873535156,9.593414306640625,50.500953674316406,3.2928390502929688,3.252685546875,68.98704528808594,15.365928649902344,16441667584,16151695360,12836257792,7952162816
1,1776523481390,5460.797500610352,1860.0000000000002,1,0.675,55973.99922180176,1819,1819,1819,1819,1901,1901,1819,1819,1819,1819,1901,1901,1819,1819,1819,1901,3.778839111328125,3.5229339599609375,3.4534912109375,1.7357940673828125,19.407867431640625,14.650436401367188,6.512809753417969,2.6340179443359375,7.003334045410156,1.8539276123046875,18.454429626464844,14.021293640136719,0,0,47.242584228515625,18.583633422851563,16441667584,16151695360,12832505856,7945330688
