Delta,Time,CORE0_ENERGY (J),CORE0_FREQ (MHZ),CORE0_PSTATE,CORE0_VOLT (V),CPU_ENERGY (J),CPU_FREQUENCY_0,CPU_FREQUENCY_1,CPU_FREQUENCY_10,CPU_FREQUENCY_11,CPU_FREQUENCY_12,CPU_FREQUENCY_13,CPU_FREQUENCY_14,CPU_FREQUENCY_15,CPU_FREQUENCY_2,CPU_FREQUENCY_3,CPU_FREQUENCY_4,CPU_FREQUENCY_5,CPU_FREQUENCY_6,CPU_FREQUENCY_7,CPU_FREQUENCY_8,CPU_FREQUENCY_9,CPU_USAGE_0,CPU_USAGE_1,CPU_USAGE_10,CPU_USAGE_11,CPU_USAGE_12,CPU_USAGE_13,CPU_USAGE_14,CPU_USAGE_15,CPU_USAGE_2,CPU_USAGE_3,CPU_USAGE_4,CPU_USAGE_5,CPU_USAGE_6,CPU_USAGE_7,CPU_USAGE_8,CPU_USAGE_9,TOTAL_MEMORY,TOTAL_SWAP,USED_MEMORY,USED_SWAP
0,1776523508866,1846.948257446289,1860.0000000000002,1,0.66875,56113.656677246094,1819,1819,1819,1819,1901,1901,1819,1819,1819,1819,1901,1901,1819,1819,1901,1901,74.72595977783203,72.9268569946289,59.93783950805664,49.59029006958008,70.5165786743164,81.23055267333984,76.44023895263672,73.04436492919922,0.9129409790039063,0.6716690063476563,50.49592590332031,60.02440643310547,0.6761856079101563,0.6758346557617188,48.47988510131836,60.136348724365234,16441667584,16151695360,12730732544,7923232768
199,1776523508867,3105.3165740966797,1860.0000000000002,1,0.66875,56113.7137298584,1819,1819,1819,1819,1901,1901,1819,1819,1819,1819,1901,1901,1819,1819,1901,1901,56.01234817504883,59.03396224975586,58.84672927856445,29.77392578125,100,94.04043579101563,87.65859985351563,21.902198791503906,0,0,28.00518035888672,17.82292938232422,0,0,81.70899200439453,90.87939453125,16441667584,16151695360,12729368576,7923232768
2,1776523509067,5671.508575439453,1860.0000000000002,1,0.675,56115.16436767578,1819,1819,1819,1819,1901,1901,1819,1819,1819,1819,1901,1901,1819,1819,1901,1901,44.83964538574219,47.3249626159668,39.199710845947266,50.07334899902344,61.97872543334961,60.511627197265625,49.8317756652832,51.2453498840332,13.78369140625,10.166824340820313,53.03173828125,54.04372024536133,0.7917098999023438,0.7917633056640625,59.08363723754883,50.6939697265625,16441667584,16151695360,12696363008,7927324672
