Delta,Time,CORE0_ENERGY (J),CORE0_FREQ (MHZ),CORE0_PSTATE,CORE0_VOLT (V),CPU_ENERGY (J),CPU_FREQUENCY_0,CPU_FREQUENCY_1,CPU_FREQUENCY_10,CPU_FREQUENCY_11,CPU_FREQUENCY_12,CPU_FREQUENCY_13,CPU_FREQUENCY_14,CPU_FREQUENCY_15,CPU_FREQUENCY_2,CPU_FREQUENCY_3,CPU_FREQUENCY_4,CPU_FREQUENCY_5,CPU_FREQUENCY_6,CPU_FREQUENCY_7,CPU_FREQUENCY_8,CPU_FREQUENCY_9,CPU_USAGE_0,CPU_USAGE_1,CPU_USAGE_10,CPU_USAGE_11,CPU_USAGE_12,CPU_USAGE_13,CPU_USAGE_14,CPU_USAGE_15,CPU_USAGE_2,CPU_USAGE_3,CPU_USAGE_4,CPU_USAGE_5,CPU_USAGE_6,CPU_USAGE_7,CPU_USAGE_8,CPU_USAGE_9,TOTAL_MEMORY,TOTAL_SWAP,USED_MEMORY,USED_SWAP
0,1776523536614,2951.8458404541016,1860.0000000000002,1,0.66875,56249.56385803223,1819,1819,1819,1819,1901,1819,1819,1819,1819,1819,1819,1901,1819,1819,1819,1901,51.916786193847656,42.05101013183594,0.3256988525390625,0.32535552978515625,48.61799621582031,57.618873596191406,54.65869903564453,61.80058288574219,0,0,64.99262237548828,47.733036041259766,0,0,79.19683837890625,78.34757995605469,16441667584,16151695360,12577148928,7901585408
199,1776523536615,5684.558639526367,1860.0000000000002,1,0.675,56249.63917541504,1819,1819,1819,1819,1901,1819,1819,1819,1819,1819,1819,1901,1819,1819,1819,1901,73.43705749511719,27.29882049560547,0,0,57.06596755981445,28.11353302001953,60.56662368774414,34.15190887451172,0,0,55.49960708618164,25.239418029785156,0,0,81.2783203125,58.079368591308594,16441667584,16151695360,12577161216,7901585408
1,1776523536815,1849.8890533447266,1550,2,0.63125,56250.948501586914,1819,1819,1819,1819,1901,1819,1819,1819,1819,1819,1819,1901,1819,1819,1819,1901,58.87643814086914,41.999515533447266,0,0,51.300025939941406,56.381141662597656,37.861793518066406,41.05979537963867,0,0,37.54169845581055,49.46468734741211,0,0,56.38602066040039,55.449867248535156,16441667584,16151695360,12574064640,7900954624
