Delta,Time,CORE0_ENERGY (J),CORE0_FREQ (MHZ),CORE0_PSTATE,CORE0_VOLT (V),CPU_ENERGY (J),CPU_FREQUENCY_0,CPU_FREQUENCY_1,CPU_FREQUENCY_10,CPU_FREQUENCY_11,CPU_FREQUENCY_12,CPU_FREQUENCY_13,CPU_FREQUENCY_14,CPU_FREQUENCY_15,CPU_FREQUENCY_2,CPU_FREQUENCY_3,CPU_FREQUENCY_4,CPU_FREQUENCY_5,CPU_FREQUENCY_6,CPU_FREQUENCY_7,CPU_FREQUENCY_8,CPU_FREQUENCY_9,CPU_USAGE_0,CPU_USAGE_1,CPU_USAGE_10,CPU_USAGE_11,CPU_USAGE_12,CPU_USAGE_13,CPU_USAGE_14,CPU_USAGE_15,CPU_USAGE_2,CPU_USAGE_3,CPU_USAGE_4,CPU_USAGE_5,CPU_USAGE_6,CPU_USAGE_7,CPU_USAGE_8,CPU_USAGE_9,TOTAL_MEMORY,TOTAL_SWAP,USED_MEMORY,USED_SWAP
0,1776523528644,3111.754196166992,1860.0000000000002,1,0.66875,56208.63455200195,1819,1819,1819,1819,1819,1901,1819,1819,1819,1819,1819,1819,1819,1819,1901,1819,36.99736404418945,55.16135025024414,0,0,68.25397491455078,69.70722198486328,60.755672454833984,47.508724212646484,0,0,64.70453643798828,75.05368041992188,0,0,86.99815368652344,80.92467498779297,16441667584,16151695360,12584075264,7907082240
198,1776523528646,3111.7632904052734,1860.0000000000002,1,0.66875,56208.72384643555,1819,1819,1819,1819,1819,1901,1819,1819,1819,1819,1819,1819,1819,1819,1901,1819,33.55381774902344,75.04139709472656,0.7178573608398438,0.71240234375,57.09034729003906,100,60.58229446411133,87.09307861328125,1.42388916015625,2.2527542114257813,26.318809509277344,51.27376937866211,0.8470535278320313,0.8452377319335938,66.06678009033203,54.03057098388672,16441667584,16151695360,12584013824,7908130816
1,1776523528846,1849.1565551757813,1860.0000000000002,1,0.66875,56209.90077209473,1819,1819,1819,1819,1819,1901,1819,1819,1819,1819,1819,1819,1819,1819,1901,1819,25.065689086914063,38.58528518676758,0.17242431640625,0.17221832275390625,40.47032165527344,47.67707824707031,33.79510498046875,39.62860870361328,0.18885040283203125,0.18950653076171875,29.221595764160156,33.15540313720703,0.16518402099609375,0.1650848388671875,33.15886688232422,59.97676086425781,16441667584,16151695360,12579602432,7907344384
