Delta,Time,CORE0_ENERGY (J),CORE0_FREQ (MHZ),CORE0_PSTATE,CORE0_VOLT (V),CPU_ENERGY (J),CPU_FREQUENCY_0,CPU_FREQUENCY_1,CPU_FREQUENCY_10,CPU_FREQUENCY_11,CPU_FREQUENCY_12,CPU_FREQUENCY_13,CPU_FREQUENCY_14,CPU_FREQUENCY_15,CPU_FREQUENCY_2,CPU_FREQUENCY_3,CPU_FREQUENCY_4,CPU_FREQUENCY_5,CPU_FREQUENCY_6,CPU_FREQUENCY_7,CPU_FREQUENCY_8,CPU_FREQUENCY_9,CPU_USAGE_0,CPU_USAGE_1,CPU_USAGE_10,CPU_USAGE_11,CPU_USAGE_12,CPU_USAGE_13,CPU_USAGE_14,CPU_USAGE_15,CPU_USAGE_2,CPU_USAGE_3,CPU_USAGE_4,CPU_USAGE_5,CPU_USAGE_6,CPU_USAGE_7,CPU_USAGE_8,CPU_USAGE_9,TOTAL_MEMORY,TOTAL_SWAP,USED_MEMORY,USED_SWAP
0,1776523449158,5444.237319946289,1860.0000000000002,1,0.675,55801.04008483887,1901,1901,1819,1819,1901,1901,1901,1901,1819,1819,1901,1901,1819,1819,1901,1901,44.413509368896484,46.00372314453125,53.7752799987793,50.08888244628906,59.595909118652344,81.877197265625,68.81796264648438,71.7528305053711,63.751277923583984,36.42095184326172,53.64455032348633,55.91469955444336,59.61838912963867,57.27595901489258,40.83847427368164,37.025840759277344,16441667584,16151695360,12853231616,7973785600
199,1776523449159,1840.926513671875,1860.0000000000002,1,0.66875,55801.098220825195,1901,1901,1819,1819,1901,1901,1901,1901,1819,1819,1901,1901,1819,1819,1901,1901,63.388301849365234,68.09109497070313,71.20719909667969,61.9245719909668,76.52141571044922,36.29166793823242,72.92694854736328,56.24989318847656,71.85063171386719,88.41314697265625,93.67683410644531,80.99008178710938,69.50260162353516,68.70420837402344,72.40479278564453,60.487796783447266,16441667584,16151695360,12854378496,7973654528
2,1776523449360,1617.7610778808594,1860.0000000000002,1,0.675,55802.72311401367,1901,1901,1819,1819,1901,1901,1901,1901,1819,1819,1901,1901,1819,1819,1901,1901,49.05995559692383,38.3909912109375,34.71153259277344,28.881866455078125,59.122764587402344,28.839035034179688,31.510086059570313,34.83506774902344,46.164615631103516,38.49639129638672,40.388370513916016,45.25095748901367,53.36886215209961,48.43950653076172,57.14552688598633,56.875057220458984,16441667584,16151695360,12870000640,7987240960
