Delta,Time,CORE0_ENERGY (J),CORE0_FREQ (MHZ),CORE0_PSTATE,CORE0_VOLT (V),CPU_ENERGY (J),CPU_FREQUENCY_0,CPU_FREQUENCY_1,CPU_FREQUENCY_10,CPU_FREQUENCY_11,CPU_FREQUENCY_12,CPU_FREQUENCY_13,CPU_FREQUENCY_14,CPU_FREQUENCY_15,CPU_FREQUENCY_2,CPU_FREQUENCY_3,CPU_FREQUENCY_4,CPU_FREQUENCY_5,CPU_FREQUENCY_6,CPU_FREQUENCY_7,CPU_FREQUENCY_8,CPU_FREQUENCY_9,CPU_USAGE_0,CPU_USAGE_1,CPU_USAGE_10,CPU_USAGE_11,CPU_USAGE_12,CPU_USAGE_13,CPU_USAGE_14,CPU_USAGE_15,CPU_USAGE_2,CPU_USAGE_3,CPU_USAGE_4,CPU_USAGE_5,CPU_USAGE_6,CPU_USAGE_7,CPU_USAGE_8,CPU_USAGE_9,TOTAL_MEMORY,TOTAL_SWAP,USED_MEMORY,USED_SWAP
0,1776523496994,3100.8509368896484,1860.0000000000002,1,0.66875,56053.70666503906,1819,1819,1819,1819,1819,1819,1819,1819,1819,1819,1901,1819,1819,1819,1819,1901,40.66019821166992,39.71847915649414,33.435630798339844,58.375858306884766,72.72577667236328,46.42774963378906,89.37328338623047,88.59056091308594,1.2551116943359375,1.511810302734375,43.538612365722656,36.01482009887695,1.2509002685546875,1.2486038208007813,60.26772689819336,55.24535369873047,16441667584,16151695360,12762013696,7922823168
199,1776523496995,2943.7496948242188,1860.0000000000002,1,0.66875,56053.75102233887,1819,1819,1819,1819,1819,1819,1819,1819,1819,1819,1901,1819,1819,1819,1819,1901,19.98554229736328,51.83190155029297,34.232261657714844,60.75553512573242,56.22955322265625,22.902847290039063,48.5440559387207,26.729324340820313,5.937644958496094,5.939445495605469,65.97017669677734,44.60009002685547,5.312248229980469,5.312248229980469,97.4441909790039,76.97785949707031,16441667584,16151695360,12762595328,7923744768
1,1776523497195,5665.669845581055,1860.0000000000002,1,0.675,56054.96398925781,1819,1819,1819,1819,1819,1819,1819,1819,1819,1819,1901,1819,1819,1819,1819,1901,34.276817321777344,30.773117065429688,9.08343505859375,10.158767700195313,49.09364318847656,62.294273376464844,15.750572204589844,10.600845336914063,0,0,35.748558044433594,39.31266784667969,0,0,60.80352020263672,41.098724365234375,16441667584,16151695360,12763254784,7922630656
