Delta,Time,CORE0_ENERGY (J),CORE0_FREQ (MHZ),CORE0_PSTATE,CORE0_VOLT (V),CPU_ENERGY (J),CPU_FREQUENCY_0,CPU_FREQUENCY_1,CPU_FREQUENCY_10,CPU_FREQUENCY_11,CPU_FREQUENCY_12,CPU_FREQUENCY_13,CPU_FREQUENCY_14,CPU_FREQUENCY_15,CPU_FREQUENCY_2,CPU_FREQUENCY_3,CPU_FREQUENCY_4,CPU_FREQUENCY_5,CPU_FREQUENCY_6,CPU_FREQUENCY_7,CPU_FREQUENCY_8,CPU_FREQUENCY_9,CPU_USAGE_0,CPU_USAGE_1,CPU_USAGE_10,CPU_USAGE_11,CPU_USAGE_12,CPU_USAGE_13,CPU_USAGE_14,CPU_USAGE_15,CPU_USAGE_2,CPU_USAGE_3,CPU_USAGE_4,CPU_USAGE_5,CPU_USAGE_6,CPU_USAGE_7,CPU_USAGE_8,CPU_USAGE_9,TOTAL_MEMORY,TOTAL_SWAP,USED_MEMORY,USED_SWAP
0,1776523440951,1617.318359375,1860.0000000000002,1,0.675,55754.01988220215,1901,1901,1819,1819,1819,1901,1819,1819,1819,1819,1901,1901,1819,1819,1901,1901,31.802093505859375,30.1484375,37.94357681274414,19.094406127929688,31.53166961669922,24.164810180664063,49.52114486694336,58.82586669921875,4.119384765625,4.11859130859375,43.23362731933594,36.29385757446289,4.117805480957031,4.1170196533203125,94.15413665771484,17.808799743652344,16441667584,16151695360,12833583104,7956840448
198,1776523440952,2929.599411010742,1860.0000000000002,1,0.66875,55754.08206176758,1901,1901,1819,1819,1819,1901,1819,1819,1819,1819,1901,1901,1819,1819,1901,1901,67.31651306152344,27.562271118164063,11.514907836914063,5.464973449707031,100,42.194725036621094,6.9444580078125,6.425025939941406,3.9636459350585938,4.8031005859375,34.30731201171875,30.586761474609375,3.9626998901367188,3.9617462158203125,59.88395690917969,36.60250473022461,16441667584,16151695360,12833660928,7958233088
1,1776523441152,5440.075607299805,1550,2,0.63125,55755.127685546875,1901,1901,1819,1819,1819,1901,1819,1819,1819,1819,1901,1901,1819,1819,1901,1901,22.259780883789063,17.94823455810547,0.17319488525390625,0.17304229736328125,31.371383666992188,16.75115203857422,0.1896820068359375,0.18958282470703125,0.32669830322265625,0.154754638671875,52.634490966796875,33.50355529785156,0.1482391357421875,0.14813995361328125,43.44084548950195,26.349014282226563,16441667584,16151695360,12834054144,7952515072
