Delta,Time,CORE0_ENERGY (J),CORE0_FREQ (MHZ),CORE0_PSTATE,CORE0_VOLT (V),CPU_ENERGY (J),CPU_FREQUENCY_0,CPU_FREQUENCY_1,CPU_FREQUENCY_10,CPU_FREQUENCY_11,CPU_FREQUENCY_12,CPU_FREQUENCY_13,CPU_FREQUENCY_14,CPU_FREQUENCY_15,CPU_FREQUENCY_2,CPU_FREQUENCY_3,CPU_FREQUENCY_4,CPU_FREQUENCY_5,CPU_FREQUENCY_6,CPU_FREQUENCY_7,CPU_FREQUENCY_8,CPU_FREQUENCY_9,CPU_USAGE_0,CPU_USAGE_1,CPU_USAGE_10,CPU_USAGE_11,CPU_USAGE_12,CPU_USAGE_13,CPU_USAGE_14,CPU_USAGE_15,CPU_USAGE_2,CPU_USAGE_3,CPU_USAGE_4,CPU_USAGE_5,CPU_USAGE_6,CPU_USAGE_7,CPU_USAGE_8,CPU_USAGE_9,TOTAL_MEMORY,TOTAL_SWAP,USED_MEMORY,USED_SWAP
0,1776523532659,3113.3604736328125,1860.0000000000002,1,0.675,56229.81898498535,1901,1901,1819,1819,1901,1901,1819,1819,1819,1819,1901,1901,1819,1819,1901,1901,37.82530212402344,15.268264770507813,9.866096496582031,28.121376037597656,27.555999755859375,6.9158935546875,35.17314910888672,37.64493179321289,38.16419982910156,12.863212585449219,7.5459747314453125,42.87199020385742,0,0,19.081497192382813,14.770431518554688,16441667584,16151695360,12585623552,7907651584
199,1776523532660,5486.028549194336,1860.0000000000002,1,0.675,56229.857330322266,1901,1901,1819,1819,1901,1901,1819,1819,1819,1819,1901,1901,1819,1819,1901,1901,26.44806671142578,17.38751220703125,5.283790588378906,5.283790588378906,34.049072265625,28.290504455566406,5.6406402587890625,6.934783935546875,5.9209136962890625,4.793701171875,40.47538757324219,14.022727966308594,4.7891082763671875,4.786041259765625,83.74276733398438,65.12542724609375,16441667584,16151695360,12585656320,7907651584
1,1776523532861,3113.3983612060547,1860.0000000000002,1,0.675,56230.73503112793,1901,1901,1819,1819,1901,1901,1819,1819,1819,1819,1901,1901,1819,1819,1901,1901,21.06208038330078,10.415267944335938,0.2749481201171875,0.27524566650390625,44.618499755859375,4.557289123535156,0.293426513671875,0.2933807373046875,0.27459716796875,0.33509063720703125,8.233840942382813,13.346458435058594,0.2747955322265625,0.27484893798828125,11.96978759765625,12.085723876953125,16441667584,16151695360,12581924864,7906721792
