Delta,Time,CORE0_ENERGY (J),CORE0_FREQ (MHZ),CORE0_PSTATE,CORE0_VOLT (V),CPU_ENERGY (J),CPU_FREQUENCY_0,CPU_FREQUENCY_1,CPU_FREQUENCY_10,CPU_FREQUENCY_11,CPU_FREQUENCY_12,CPU_FREQUENCY_13,CPU_FREQUENCY_14,CPU_FREQUENCY_15,CPU_FREQUENCY_2,CPU_FREQUENCY_3,CPU_FREQUENCY_4,CPU_FREQUENCY_5,CPU_FREQUENCY_6,CPU_FREQUENCY_7,CPU_FREQUENCY_8,CPU_FREQUENCY_9,CPU_USAGE_0,CPU_USAGE_1,CPU_USAGE_10,CPU_USAGE_11,CPU_USAGE_12,CPU_USAGE_13,CPU_USAGE_14,CPU_USAGE_15,CPU_USAGE_2,CPU_USAGE_3,CPU_USAGE_4,CPU_USAGE_5,CPU_USAGE_6,CPU_USAGE_7,CPU_USAGE_8,CPU_USAGE_9,TOTAL_MEMORY,TOTAL_SWAP,USED_MEMORY,USED_SWAP
0,1776523485141,2941.6464233398438,1860.0000000000002,1,0.66875,55993.841705322266,1819,1819,1819,1819,1901,1901,1819,1819,1819,1819,1819,1819,1819,1819,1819,1901,44.43349075317383,50.488304138183594,48.42350769042969,43.43283462524414,66.16922760009766,30.590660095214844,70.78140258789063,43.67097473144531,0,0.6568527221679688,61.192352294921875,78.41053771972656,0,0,45.07851791381836,86.37125396728516,16441667584,16151695360,12781273088,7951822848
199,1776523485142,3096.6200561523438,1860.0000000000002,1,0.66875,55993.88627624512,1819,1819,1819,1819,1901,1901,1819,1819,1819,1819,1819,1819,1819,1819,1819,1901,55.58241653442383,41.80619430541992,100,50.875125885009766,44.101898193359375,46.23976135253906,65.57242584228516,51.99800109863281,4.965034484863281,4.963035583496094,15.596405029296875,59.418582916259766,6.023979187011719,6.021980285644531,59.9080924987793,100,16441667584,16151695360,12781301760,7951818752
2,1776523485343,2941.7494506835938,1860.0000000000002,1,0.66875,55995.15138244629,1819,1819,1819,1819,1901,1901,1819,1819,1819,1819,1819,1819,1819,1819,1819,1901,42.94059753417969,46.06428527832031,19.896041870117188,13.928695678710938,57.31570053100586,41.938777923583984,20.635665893554688,14.269309997558594,0.10305023193359375,0.1444091796875,32.1954345703125,35.02965545654297,0.1327667236328125,0.13282012939453125,79.5000991821289,45.60693359375,16441667584,16151695360,12790968320,7952719872
