Delta,Time,CORE0_ENERGY (J),CORE0_FREQ (MHZ),CORE0_PSTATE,CORE0_VOLT (V),CPU_ENERGY (J),CPU_FREQUENCY_0,CPU_FREQUENCY_1,CPU_FREQUENCY_10,CPU_FREQUENCY_11,CPU_FREQUENCY_12,CPU_FREQUENCY_13,CPU_FREQUENCY_14,CPU_FREQUENCY_15,CPU_FREQUENCY_2,CPU_FREQUENCY_3,CPU_FREQUENCY_4,CPU_FREQUENCY_5,CPU_FREQUENCY_6,CPU_FREQUENCY_7,CPU_FREQUENCY_8,CPU_FREQUENCY_9,CPU_USAGE_0,CPU_USAGE_1,CPU_USAGE_10,CPU_USAGE_11,CPU_USAGE_12,CPU_USAGE_13,CPU_USAGE_14,CPU_USAGE_15,CPU_USAGE_2,CPU_USAGE_3,CPU_USAGE_4,CPU_USAGE_5,CPU_USAGE_6,CPU_USAGE_7,CPU_USAGE_8,CPU_USAGE_9,TOTAL_MEMORY,TOTAL_SWAP,USED_MEMORY,USED_SWAP
0,1776524217781,3394.1116333007813,1860.0000000000002,1,0.66875,59713.80061340332,1819,1819,1819,1819,1819,1819,1819,1819,1819,1819,1901,1819,1819,1819,1901,1819,17.295730590820313,28.290130615234375,51.567623138427734,37.68754196166992,14.968772888183594,19.137710571289063,27.17852783203125,15.814979553222656,0.7257919311523438,0,55.11534881591797,0,0,0,17.959030151367188,11.801856994628906,16441667584,16151695360,12728324096,7970443264
199,1776524217782,5825.28874206543,1860.0000000000002,1,0.675,59713.877029418945,1819,1819,1819,1819,1819,1819,1819,1819,1819,1819,1901,1819,1819,1819,1901,1819,9.782730102539063,61.00783157348633,34.999427795410156,17.86705780029297,20.775360107421875,40.62310028076172,18.01721954345703,62.45248031616211,0,0,51.725975036621094,8.199325561523438,0,0,32.205177307128906,17.93738555908203,16441667584,16151695360,12728397824,7970697216
1,1776524217982,5825.363967895508,1860.0000000000002,1,0.675,59714.75369262695,1819,1819,1819,1819,1819,1819,1819,1819,1819,1819,1901,1819,1819,1819,1901,1819,11.845008850097656,9.56646728515625,2.4833908081054688,0.970184326171875,24.401535034179688,11.772789001464844,2.87603759765625,2.2729568481445313,0.43000030517578125,0.46541595458984375,16.0533447265625,6.826751708984375,0.4131927490234375,0.41313934326171875,24.018714904785156,21.306137084960938,16441667584,16151695360,12724994048,7971106816
