Delta,Time,CORE0_ENERGY (J),CORE0_FREQ (MHZ),CORE0_PSTATE,CORE0_VOLT (V),CPU_ENERGY (J),CPU_FREQUENCY_0,CPU_FREQUENCY_1,CPU_FREQUENCY_10,CPU_FREQUENCY_11,CPU_FREQUENCY_12,CPU_FREQUENCY_13,CPU_FREQUENCY_14,CPU_FREQUENCY_15,CPU_FREQUENCY_2,CPU_FREQUENCY_3,CPU_FREQUENCY_4,CPU_FREQUENCY_5,CPU_FREQUENCY_6,CPU_FREQUENCY_7,CPU_FREQUENCY_8,CPU_FREQUENCY_9,CPU_USAGE_0,CPU_USAGE_1,CPU_USAGE_10,CPU_USAGE_11,CPU_USAGE_12,CPU_USAGE_13,CPU_USAGE_14,CPU_USAGE_15,CPU_USAGE_2,CPU_USAGE_3,CPU_USAGE_4,CPU_USAGE_5,CPU_USAGE_6,CPU_USAGE_7,CPU_USAGE_8,CPU_USAGE_9,TOTAL_MEMORY,TOTAL_SWAP,USED_MEMORY,USED_SWAP
0,1776524277299,1646.4691009521484,1860.0000000000002,1,0.66875,60000.360260009766,1819,1819,1819,1819,1819,1901,1819,1819,1819,1819,1819,1819,1819,1819,1901,1901,35.44068908691406,53.648929595947266,35.94049072265625,48.40205001831055,39.44980239868164,49.07270812988281,55.72372817993164,52.58512496948242,0,0,64.8992919921875,80.03935241699219,0,0,68.90254211425781,76.71781158447266,16441667584,16151695360,12712648704,7955144704
199,1776524277300,3133.311233520508,1860.0000000000002,1,0.66875,60000.42739868164,1819,1819,1819,1819,1819,1901,1819,1819,1819,1819,1819,1819,1819,1819,1901,1901,27.440895080566406,34.57367706298828,46.74882888793945,47.413639068603516,70.7578353881836,55.62126159667969,67.56532287597656,14.8438720703125,0,0,26.645729064941406,27.23114013671875,0,0,84.62641143798828,66.53077697753906,16441667584,16151695360,12712521728,7954976768
1,1776524277501,6044.6929931640625,1860.0000000000002,1,0.675,60001.79528808594,1819,1819,1819,1819,1819,1901,1819,1819,1819,1819,1819,1819,1819,1819,1901,1901,46.917625427246094,44.32524871826172,28.895713806152344,32.0281982421875,52.38683319091797,45.19779586791992,31.718429565429688,33.91545104980469,0.5190353393554688,0.6513519287109375,46.14578628540039,53.76438522338867,0.42201995849609375,0.42206573486328125,48.88321304321289,71.99925231933594,16441667584,16151695360,12709113856,7958945792
