Delta,Time,CORE0_ENERGY (J),CORE0_FREQ (MHZ),CORE0_PSTATE,CORE0_VOLT (V),CPU_ENERGY (J),CPU_FREQUENCY_0,CPU_FREQUENCY_1,CPU_FREQUENCY_10,CPU_FREQUENCY_11,CPU_FREQUENCY_12,CPU_FREQUENCY_13,CPU_FREQUENCY_14,CPU_FREQUENCY_15,CPU_FREQUENCY_2,CPU_FREQUENCY_3,CPU_FREQUENCY_4,CPU_FREQUENCY_5,CPU_FREQUENCY_6,CPU_FREQUENCY_7,CPU_FREQUENCY_8,CPU_FREQUENCY_9,CPU_USAGE_0,CPU_USAGE_1,CPU_USAGE_10,CPU_USAGE_11,CPU_USAGE_12,CPU_USAGE_13,CPU_USAGE_14,CPU_USAGE_15,CPU_USAGE_2,CPU_USAGE_3,CPU_USAGE_4,CPU_USAGE_5,CPU_USAGE_6,CPU_USAGE_7,CPU_USAGE_8,CPU_USAGE_9,TOTAL_MEMORY,TOTAL_SWAP,USED_MEMORY,USED_SWAP
0,1776524221815,1914.65771484375,1550,2,0.63125,59732.75405883789,1901,1819,1819,1819,1819,1901,1819,1819,1819,1819,1901,1901,1819,1819,1901,1819,49.77519226074219,26.97637176513672,28.09954833984375,2.8766708374023438,51.433197021484375,40.77521896362305,16.52350616455078,10.528228759765625,1.58477783203125,0.096343994140625,31.913986206054688,9.709938049316406,0,0,26.389732360839844,23.389312744140625,16441667584,16151695360,12720799744,7961468928
199,1776524221816,5827.255432128906,1860.0000000000002,1,0.675,59732.818420410156,1901,1819,1819,1819,1819,1901,1819,1819,1819,1819,1901,1901,1819,1819,1901,1819,29.496009826660156,12.270973205566406,10.658897399902344,0,4.136604309082031,0,39.95122528076172,0,0,0,32.479042053222656,0.371734619140625,0,0,36.70697784423828,19.517562866210938,16441667584,16151695360,12720803840,7961743360
1,1776524222017,3395.5428314208984,1860.0000000000002,1,0.65625,59733.61763000488,1901,1819,1819,1819,1819,1901,1819,1819,1819,1819,1901,1901,1819,1819,1901,1819,9.474830627441406,10.160415649414063,0.059783935546875,0.05973052978515625,25.118759155273438,22.093711853027344,1.8044967651367188,0.07586669921875,0.06922149658203125,0.0440521240234375,17.447471618652344,6.558418273925781,0.0601348876953125,0.06008148193359375,15.774978637695313,8.319610595703125,16441667584,16151695360,12717948928,7961939968
