Delta,Time,CORE0_ENERGY (J),CORE0_FREQ (MHZ),CORE0_PSTATE,CORE0_VOLT (V),CPU_ENERGY (J),CPU_FREQUENCY_0,CPU_FREQUENCY_1,CPU_FREQUENCY_10,CPU_FREQUENCY_11,CPU_FREQUENCY_12,CPU_FREQUENCY_13,CPU_FREQUENCY_14,CPU_FREQUENCY_15,CPU_FREQUENCY_2,CPU_FREQUENCY_3,CPU_FREQUENCY_4,CPU_FREQUENCY_5,CPU_FREQUENCY_6,CPU_FREQUENCY_7,CPU_FREQUENCY_8,CPU_FREQUENCY_9,CPU_USAGE_0,CPU_USAGE_1,CPU_USAGE_10,CPU_USAGE_11,CPU_USAGE_12,CPU_USAGE_13,CPU_USAGE_14,CPU_USAGE_15,CPU_USAGE_2,CPU_USAGE_3,CPU_USAGE_4,CPU_USAGE_5,CPU_USAGE_6,CPU_USAGE_7,CPU_USAGE_8,CPU_USAGE_9,TOTAL_MEMORY,TOTAL_SWAP,USED_MEMORY,USED_SWAP
0,1776524229759,5830.92138671875,1860.0000000000002,1,0.6625,59770.685287475586,1819,1819,1819,1819,1901,1819,1901,1901,1901,1819,1901,1819,1819,1819,1901,1819,0.2781829833984375,0.27663421630859375,0.4097442626953125,0.4097442626953125,88.9229736328125,67.71186828613281,0.2770233154296875,0.27625274658203125,0.2758636474609375,0.275482177734375,0.5347518920898438,1.2728347778320313,0.27393341064453125,0.273162841796875,70.32852935791016,67.91789245605469,16441667584,16151695360,12722012160,7969964032
198,1776524229761,6021.254409790039,1860.0000000000002,1,0.6625,59770.753845214844,1819,1819,1819,1819,1901,1819,1901,1901,1901,1819,1901,1819,1819,1819,1901,1819,0,0,0,0,78.35822296142578,39.13433074951172,0,0,0,0,0,0,0,0,69.239501953125,63.70424270629883,16441667584,16151695360,12722282496,7970250752
1,1776524229961,5831.005722045898,1860.0000000000002,1,0.675,59771.618591308594,1819,1819,1819,1819,1901,1819,1901,1901,1901,1819,1901,1819,1819,1819,1901,1819,0,0,0,0,30.688247680664063,15.270133972167969,0,0,0,0,17.152320861816406,22.638275146484375,0,0,34.13280487060547,17.497711181640625,16441667584,16151695360,12719603712,7969136640
