Delta,Time,CORE0_ENERGY (J),CORE0_FREQ (MHZ),CORE0_PSTATE,CORE0_VOLT (V),CPU_ENERGY (J),CPU_FREQUENCY_0,CPU_FREQUENCY_1,CPU_FREQUENCY_10,CPU_FREQUENCY_11,CPU_FREQUENCY_12,CPU_FREQUENCY_13,CPU_FREQUENCY_14,CPU_FREQUENCY_15,CPU_FREQUENCY_2,CPU_FREQUENCY_3,CPU_FREQUENCY_4,CPU_FREQUENCY_5,CPU_FREQUENCY_6,CPU_FREQUENCY_7,CPU_FREQUENCY_8,CPU_FREQUENCY_9,CPU_USAGE_0,CPU_USAGE_1,CPU_USAGE_10,CPU_USAGE_11,CPU_USAGE_12,CPU_USAGE_13,CPU_USAGE_14,CPU_USAGE_15,CPU_USAGE_2,CPU_USAGE_3,CPU_USAGE_4,CPU_USAGE_5,CPU_USAGE_6,CPU_USAGE_7,CPU_USAGE_8,CPU_USAGE_9,TOTAL_MEMORY,TOTAL_SWAP,USED_MEMORY,USED_SWAP
0,1776524289263,5860.529479980469,1860.0000000000002,1,0.675,60057.010314941406,1819,1819,1819,1819,1819,1901,1819,1819,1819,1819,1819,1819,1819,1819,1901,1901,65.72626495361328,74.37702941894531,6.645851135253906,4.290252685546875,85.48617553710938,87.46515655517578,84.9309310913086,71.94558715820313,0,0,81.2924575805664,87.5873031616211,0,0,73.88549041748047,81.10923767089844,16441667584,16151695360,12717305856,7954419712
199,1776524289264,5860.534683227539,1860.0000000000002,1,0.675,60057.06774902344,1819,1819,1819,1819,1819,1901,1819,1819,1819,1819,1819,1819,1819,1819,1901,1901,67.62857818603516,38.66331481933594,69.79086303710938,79.32617950439453,67.94599151611328,100,58.760311126708984,47.52996826171875,0.09345245361328125,0.0918426513671875,74.32810974121094,71.05890655517578,0.5929336547851563,0.5913238525390625,61.92478561401367,78.1789779663086,16441667584,16151695360,12717330432,7954419712
0,1776524289465,3417.61767578125,1860.0000000000002,1,0.66875,60058.419372558594,1819,1819,1819,1819,1819,1901,1819,1819,1819,1819,1819,1819,1819,1819,1901,1901,42.478755950927734,42.863162994384766,43.612361907958984,49.15258026123047,61.74796676635742,37.754154205322266,36.25901794433594,29.447647094726563,1.1770477294921875,1.2889175415039063,40.74097442626953,38.29316711425781,1.1367645263671875,1.1580352783203125,35.952667236328125,52.46215057373047,16441667584,16151695360,12724387840,7977033728
