Delta,Time,CORE0_ENERGY (J),CORE0_FREQ (MHZ),CORE0_PSTATE,CORE0_VOLT (V),CPU_ENERGY (J),CPU_FREQUENCY_0,CPU_FREQUENCY_1,CPU_FREQUENCY_10,CPU_FREQUENCY_11,CPU_FREQUENCY_12,CPU_FREQUENCY_13,CPU_FREQUENCY_14,CPU_FREQUENCY_15,CPU_FREQUENCY_2,CPU_FREQUENCY_3,CPU_FREQUENCY_4,CPU_FREQUENCY_5,CPU_FREQUENCY_6,CPU_FREQUENCY_7,CPU_FREQUENCY_8,CPU_FREQUENCY_9,CPU_USAGE_0,CPU_USAGE_1,CPU_USAGE_10,CPU_USAGE_11,CPU_USAGE_12,CPU_USAGE_13,CPU_USAGE_14,CPU_USAGE_15,CPU_USAGE_2,CPU_USAGE_3,CPU_USAGE_4,CPU_USAGE_5,CPU_USAGE_6,CPU_USAGE_7,CPU_USAGE_8,CPU_USAGE_9,TOTAL_MEMORY,TOTAL_SWAP,USED_MEMORY,USED_SWAP
0,1776524265416,1917.886001586914,1860.0000000000002,1,0.66875,59940.37094116211,1819,1819,1819,1819,1901,1819,1819,1819,1819,1819,1901,1819,1819,1819,1901,1819,52.13690185546875,79.81298828125,0,0,55.64677429199219,55.19585418701172,44.44528579711914,43.07881164550781,0,0,75.87855529785156,44.553592681884766,0,0,56.17314529418945,53.70482635498047,16441667584,16151695360,12708892672,7952142336
199,1776524265417,6038.429763793945,1860.0000000000002,1,0.675,59940.44528198242,1819,1819,1819,1819,1901,1819,1819,1819,1819,1819,1901,1819,1819,1819,1901,1819,34.60014343261719,46.98211669921875,0,0,78.809814453125,59.7153434753418,31.419517517089844,42.122562408447266,0,0,82.84762573242188,44.552337646484375,0,0,46.74042510986328,46.202266693115234,16441667584,16151695360,12708904960,7953174528
1,1776524265618,5848.876266479492,1860.0000000000002,1,0.675,59941.714431762695,1819,1819,1819,1819,1901,1819,1819,1819,1819,1819,1901,1819,1819,1819,1901,1819,43.544281005859375,48.45657730102539,0,0,59.81429672241211,59.71595764160156,19.3216552734375,14.895927429199219,0,0.00788116455078125,43.10239028930664,49.57314682006836,0,0,50.63859939575195,59.30967330932617,16441667584,16151695360,12706115584,7953788928
