Delta,Time,CORE0_ENERGY (J),CORE0_FREQ (MHZ),CORE0_PSTATE,CORE0_VOLT (V),CPU_ENERGY (J),CPU_FREQUENCY_0,CPU_FREQUENCY_1,CPU_FREQUENCY_10,CPU_FREQUENCY_11,CPU_FREQUENCY_12,CPU_FREQUENCY_13,CPU_FREQUENCY_14,CPU_FREQUENCY_15,CPU_FREQUENCY_2,CPU_FREQUENCY_3,CPU_FREQUENCY_4,CPU_FREQUENCY_5,CPU_FREQUENCY_6,CPU_FREQUENCY_7,CPU_FREQUENCY_8,CPU_FREQUENCY_9,CPU_USAGE_0,CPU_USAGE_1,CPU_USAGE_10,CPU_USAGE_11,CPU_USAGE_12,CPU_USAGE_13,CPU_USAGE_14,CPU_USAGE_15,CPU_USAGE_2,CPU_USAGE_3,CPU_USAGE_4,CPU_USAGE_5,CPU_USAGE_6,CPU_USAGE_7,CPU_USAGE_8,CPU_USAGE_9,TOTAL_MEMORY,TOTAL_SWAP,USED_MEMORY,USED_SWAP
0,1776524205851,3120.7530975341797,1860.0000000000002,1,0.66875,59657.41178894043,1819,1819,1819,1819,1901,1901,1819,1819,1819,1819,1819,1819,1819,1819,1901,1901,70.54806518554688,64.11692810058594,3.959442138671875,3.9611434936523438,57.16902542114258,61.02524948120117,61.94325256347656,35.11066436767578,3.9020233154296875,3.9037322998046875,76.7874755859375,73.18724060058594,3.5370101928710938,3.537689208984375,67.94102478027344,96.05218505859375,16441667584,16151695360,12708990976,7982305280
199,1776524205852,3389.962844848633,1860.0000000000002,1,0.66875,59657.493881225586,1819,1819,1819,1819,1901,1901,1819,1819,1819,1819,1819,1819,1819,1819,1901,1901,72.09562683105469,69.5685806274414,0,0,73.36983489990234,18.16766357421875,72.1790771484375,95.37437438964844,0,0,40.52535629272461,45.188636779785156,0,0,73.18562316894531,38.63846969604492,16441667584,16151695360,12709691392,7983693824
1,1776524206053,6009.927337646484,1860.0000000000002,1,0.675,59658.787200927734,1819,1819,1819,1819,1901,1901,1819,1819,1819,1819,1819,1819,1819,1819,1901,1901,45.9659538269043,44.472984313964844,0.23321533203125,0.23331451416015625,67.42686462402344,52.76509475708008,36.085838317871094,34.485389709472656,0.2241668701171875,0.22406768798828125,52.39360427856445,46.47227478027344,0.25251007080078125,0.252960205078125,48.008785247802734,49.65812683105469,16441667584,16151695360,12707573760,7973122048
