Delta,Time,CORE0_ENERGY (J),CORE0_FREQ (MHZ),CORE0_PSTATE,CORE0_VOLT (V),CPU_ENERGY (J),CPU_FREQUENCY_0,CPU_FREQUENCY_1,CPU_FREQUENCY_10,CPU_FREQUENCY_11,CPU_FREQUENCY_12,CPU_FREQUENCY_13,CPU_FREQUENCY_14,CPU_FREQUENCY_15,CPU_FREQUENCY_2,CPU_FREQUENCY_3,CPU_FREQUENCY_4,CPU_FREQUENCY_5,CPU_FREQUENCY_6,CPU_FREQUENCY_7,CPU_FREQUENCY_8,CPU_FREQUENCY_9,CPU_USAGE_0,CPU_USAGE_1,CPU_USAGE_10,CPU_USAGE_11,CPU_USAGE_12,CPU_USAGE_13,CPU_USAGE_14,CPU_USAGE_15,CPU_USAGE_2,CPU_USAGE_3,CPU_USAGE_4,CPU_USAGE_5,CPU_USAGE_6,CPU_USAGE_7,CPU_USAGE_8,CPU_USAGE_9,TOTAL_MEMORY,TOTAL_SWAP,USED_MEMORY,USED_SWAP
0,1776524281318,6046.504791259766,1860.0000000000002,1,0.675,60019.672439575195,1819,1819,1819,1819,1819,1901,1819,1819,1819,1819,1819,1819,1819,1819,1901,1819,22.27692413330078,50.55556106567383,57.402462005615234,25.02074432373047,75.86752319335938,55.81441116333008,47.52487564086914,24.455703735351563,0,0,46.452083587646484,36.083736419677734,0,0,59.01816940307617,50.79738235473633,16441667584,16151695360,12716511232,7954288640
199,1776524281319,1919.677719116211,1860.0000000000002,1,0.66875,60019.75556945801,1819,1819,1819,1819,1819,1901,1819,1819,1819,1819,1819,1819,1819,1819,1901,1819,46.964927673339844,58.3477668762207,51.38371276855469,7.4424896240234375,40.68748474121094,25.233970642089844,32.264495849609375,25.266334533691406,0,0.50555419921875,56.55295944213867,28.613662719726563,0,0,54.866615295410156,92.79891204833984,16441667584,16151695360,12717027328,7954546688
1,1776524281519,3415.261016845703,1860.0000000000002,1,0.66875,60020.689025878906,1819,1819,1819,1819,1819,1901,1819,1819,1819,1819,1819,1819,1819,1819,1901,1819,18.405738830566406,19.204421997070313,10.951942443847656,10.969497680664063,26.176971435546875,9.864883422851563,6.110557556152344,12.75457763671875,0.26497650146484375,0.2652740478515625,13.811927795410156,15.087455749511719,0.323333740234375,0.32363128662109375,14.146766662597656,32.86393737792969,16441667584,16151695360,12715266048,7957196800
