Delta,Time,CORE0_ENERGY (J),CORE0_FREQ (MHZ),CORE0_PSTATE,CORE0_VOLT (V),CPU_ENERGY (J),CPU_FREQUENCY_0,CPU_FREQUENCY_1,CPU_FREQUENCY_10,CPU_FREQUENCY_11,CPU_FREQUENCY_12,CPU_FREQUENCY_13,CPU_FREQUENCY_14,CPU_FREQUENCY_15,CPU_FREQUENCY_2,CPU_FREQUENCY_3,CPU_FREQUENCY_4,CPU_FREQUENCY_5,CPU_FREQUENCY_6,CPU_FREQUENCY_7,CPU_FREQUENCY_8,CPU_FREQUENCY_9,CPU_USAGE_0,CPU_USAGE_1,CPU_USAGE_10,CPU_USAGE_11,CPU_USAGE_12,CPU_USAGE_13,CPU_USAGE_14,CPU_USAGE_15,CPU_USAGE_2,CPU_USAGE_3,CPU_USAGE_4,CPU_USAGE_5,CPU_USAGE_6,CPU_USAGE_7,CPU_USAGE_8,CPU_USAGE_9,TOTAL_MEMORY,TOTAL_SWAP,USED_MEMORY,USED_SWAP
0,1776524253593,3128.9612579345703,1550,2,0.63125,59883.60711669922,1819,1819,1819,1819,1819,1901,1819,1819,1819,1819,1819,1819,1819,1819,1901,1819,82.17564392089844,41.70320129394531,0,0,99.82422637939453,80.86737823486328,67.94252014160156,65.00212860107422,0,0,71.05314636230469,65.28827667236328,0,0,48.10161590576172,56.38578796386719,16441667584,16151695360,12702478336,7947792384
199,1776524253594,5842.820999145508,1860.0000000000002,1,0.675,59883.68817138672,1819,1819,1819,1819,1819,1901,1819,1819,1819,1819,1819,1819,1819,1819,1901,1819,58.94123840332031,57.741363525390625,0,0,84.5316162109375,98.86322021484375,49.35464859008789,65.04197692871094,0.058319091796875,0,39.88469696044922,51.692256927490234,0,0,70.4753646850586,25.09990692138672,16441667584,16151695360,12702494720,7947792384
1,1776524253795,5842.9288330078125,1860.0000000000002,1,0.675,59884.945220947266,1819,1819,1819,1819,1819,1901,1819,1819,1819,1819,1819,1819,1819,1819,1901,1819,35.57032012939453,31.607315063476563,0,0,55.097434997558594,57.949222564697266,41.521339416503906,38.97616195678711,0,0,41.69267654418945,35.729705810546875,0,0,52.92030334472656,32.944374084472656,16441667584,16151695360,12697145344,7945498624
