Delta,Time,CORE0_ENERGY (J),CORE0_FREQ (MHZ),CORE0_PSTATE,CORE0_VOLT (V),CPU_ENERGY (J),CPU_FREQUENCY_0,CPU_FREQUENCY_1,CPU_FREQUENCY_10,CPU_FREQUENCY_11,CPU_FREQUENCY_12,CPU_FREQUENCY_13,CPU_FREQUENCY_14,CPU_FREQUENCY_15,CPU_FREQUENCY_2,CPU_FREQUENCY_3,CPU_FREQUENCY_4,CPU_FREQUENCY_5,CPU_FREQUENCY_6,CPU_FREQUENCY_7,CPU_FREQUENCY_8,CPU_FREQUENCY_9,CPU_USAGE_0,CPU_USAGE_1,CPU_USAGE_10,CPU_USAGE_11,CPU_USAGE_12,CPU_USAGE_13,CPU_USAGE_14,CPU_USAGE_15,CPU_USAGE_2,CPU_USAGE_3,CPU_USAGE_4,CPU_USAGE_5,CPU_USAGE_6,CPU_USAGE_7,CPU_USAGE_8,CPU_USAGE_9,TOTAL_MEMORY,TOTAL_SWAP,USED_MEMORY,USED_SWAP
0,1776524269363,3410.906463623047,1860.0000000000002,1,0.66875,59958.91767883301,1819,1819,1819,1819,1819,1901,1819,1819,1819,1819,1819,1819,1819,1819,1901,1819,46.7785758972168,41.05707931518555,0.6657180786132813,0.66534423828125,83.83352661132813,66.33374786376953,77.87456512451172,65.87338256835938,0.6616058349609375,0.6608657836914063,56.073211669921875,35.50023651123047,0.6959609985351563,0.7049179077148438,75.36515808105469,66.95913696289063,16441667584,16151695360,12708540416,7952539648
198,1776524269364,1918.2593078613281,1860.0000000000002,1,0.66875,59958.99021911621,1819,1819,1819,1819,1819,1901,1819,1819,1819,1819,1819,1819,1819,1819,1901,1819,45.80531311035156,73.71368408203125,6.1993408203125,6.2072296142578125,37.9701042175293,57.75435256958008,71.81651306152344,51.06296920776367,6.64306640625,9.740272521972656,82.97572326660156,52.99169921875,5.678703308105469,5.6796875,85.0178451538086,100,16441667584,16151695360,12707758080,7953309696
1,1776524269564,6040.4486083984375,1550,2,0.63125,59960.23439025879,1819,1819,1819,1819,1819,1901,1819,1819,1819,1819,1819,1819,1819,1819,1901,1819,36.788482666015625,34.895721435546875,0.1661529541015625,0.16574859619140625,52.51150894165039,45.35354232788086,42.64937210083008,38.888999938964844,0.1521148681640625,0.2483978271484375,28.845375061035156,35.045433044433594,0.15903472900390625,0.1589813232421875,58.55543518066406,43.27392578125,16441667584,16151695360,12705177600,7953485824
