Delta,Time,CORE0_ENERGY (J),CORE0_FREQ (MHZ),CORE0_PSTATE,CORE0_VOLT (V),CPU_ENERGY (J),CPU_FREQUENCY_0,CPU_FREQUENCY_1,CPU_FREQUENCY_10,CPU_FREQUENCY_11,CPU_FREQUENCY_12,CPU_FREQUENCY_13,CPU_FREQUENCY_14,CPU_FREQUENCY_15,CPU_FREQUENCY_2,CPU_FREQUENCY_3,CPU_FREQUENCY_4,CPU_FREQUENCY_5,CPU_FREQUENCY_6,CPU_FREQUENCY_7,CPU_FREQUENCY_8,CPU_FREQUENCY_9,CPU_USAGE_0,CPU_USAGE_1,CPU_USAGE_10,CPU_USAGE_11,CPU_USAGE_12,CPU_USAGE_13,CPU_USAGE_14,CPU_USAGE_15,CPU_USAGE_2,CPU_USAGE_3,CPU_USAGE_4,CPU_USAGE_5,CPU_USAGE_6,CPU_USAGE_7,CPU_USAGE_8,CPU_USAGE_9,TOTAL_MEMORY,TOTAL_SWAP,USED_MEMORY,USED_SWAP
0,1776524233791,3399.1810760498047,1860.0000000000002,1,0.66875,59788.94107055664,1819,1819,1819,1819,1901,1901,1819,1819,1819,1819,1901,1819,1819,1819,1901,1901,16.230125427246094,15.947280883789063,20.417922973632813,29.189743041992188,11.506111145019531,8.412025451660156,39.656578063964844,34.116371154785156,0,0,41.967620849609375,48.640018463134766,0,0,23.867706298828125,5.028961181640625,16441667584,16151695360,12706811904,7949590528
198,1776524233792,3399.1880493164063,1860.0000000000002,1,0.66875,59789.007064819336,1819,1819,1819,1819,1901,1901,1819,1819,1819,1819,1901,1819,1819,1819,1901,1901,0.5847930908203125,3.7456130981445313,0,1.8427963256835938,51.165130615234375,32.300819396972656,6.222679138183594,0.7591781616210938,0,0,73.18133544921875,28.240501403808594,0,0,61.01742935180664,21.55388641357422,16441667584,16151695360,12706828288,7949897728
0,1776524233992,5833.108352661133,1860.0000000000002,1,0.675,59789.820388793945,1819,1819,1819,1819,1901,1901,1819,1819,1819,1819,1901,1819,1819,1819,1901,1901,0.04042816162109375,0.04007720947265625,0.039276123046875,0.0392303466796875,47.0311393737793,12.461189270019531,1.8667831420898438,0.05678558349609375,0.06634521484375,0.0396270751953125,13.827476501464844,14.466415405273438,0.03952789306640625,0.0394287109375,20.65496063232422,12.815681457519531,16441667584,16151695360,12703408128,7944171520
