Delta,Time,CORE0_ENERGY (J),CORE0_FREQ (MHZ),CORE0_PSTATE,CORE0_VOLT (V),CPU_ENERGY (J),CPU_FREQUENCY_0,CPU_FREQUENCY_1,CPU_FREQUENCY_10,CPU_FREQUENCY_11,CPU_FREQUENCY_12,CPU_FREQUENCY_13,CPU_FREQUENCY_14,CPU_FREQUENCY_15,CPU_FREQUENCY_2,CPU_FREQUENCY_3,CPU_FREQUENCY_4,CPU_FREQUENCY_5,CPU_FREQUENCY_6,CPU_FREQUENCY_7,CPU_FREQUENCY_8,CPU_FREQUENCY_9,CPU_USAGE_0,CPU_USAGE_1,CPU_USAGE_10,CPU_USAGE_11,CPU_USAGE_12,CPU_USAGE_13,CPU_USAGE_14,CPU_USAGE_15,CPU_USAGE_2,CPU_USAGE_3,CPU_USAGE_4,CPU_USAGE_5,CPU_USAGE_6,CPU_USAGE_7,CPU_USAGE_8,CPU_USAGE_9,TOTAL_MEMORY,TOTAL_SWAP,USED_MEMORY,USED_SWAP
0,1776524213778,1913.699951171875,1860.0000000000002,1,0.66875,59694.56903076172,1819,1819,1819,1819,1901,1901,1819,1819,1819,1819,1819,1819,1819,1819,1819,1819,82.15826416015625,76.22813415527344,0,0,69.65899658203125,74.19187927246094,93.7375259399414,69.1256332397461,0,0,57.43301773071289,73.51214599609375,0,0,83.59659576416016,68.26652526855469,16441667584,16151695360,12734496768,7990059008
199,1776524213780,1913.7041931152344,1860.0000000000002,1,0.6625,59694.61717224121,1819,1819,1819,1819,1901,1901,1819,1819,1819,1819,1819,1819,1819,1819,1819,1819,75.72468566894531,77.30267333984375,11.792572021484375,11.789436340332031,93.83548736572266,77.11758422851563,61.26239013671875,71.0613021850586,12.554901123046875,13.590164184570313,84.78165435791016,79.9708251953125,11.668655395507813,11.663948059082031,77.87049865722656,96.63853454589844,16441667584,16151695360,12735627264,7990833152
2,1776524213981,3122.2696838378906,1860.0000000000002,1,0.66875,59695.91047668457,1819,1819,1819,1819,1901,1901,1819,1819,1819,1819,1819,1819,1819,1819,1819,1819,43.55501937866211,36.85649490356445,0,0,62.35934066772461,47.383705139160156,20.225738525390625,15.636795043945313,0,0,61.9285888671875,54.294429779052734,0,0,58.91058349609375,36.90871810913086,16441667584,16151695360,12717244416,7966588928
