Delta,Time,CORE0_ENERGY (J),CORE0_FREQ (MHZ),CORE0_PSTATE,CORE0_VOLT (V),CPU_ENERGY (J),CPU_FREQUENCY_0,CPU_FREQUENCY_1,CPU_FREQUENCY_10,CPU_FREQUENCY_11,CPU_FREQUENCY_12,CPU_FREQUENCY_13,CPU_FREQUENCY_14,CPU_FREQUENCY_15,CPU_FREQUENCY_2,CPU_FREQUENCY_3,CPU_FREQUENCY_4,CPU_FREQUENCY_5,CPU_FREQUENCY_6,CPU_FREQUENCY_7,CPU_FREQUENCY_8,CPU_FREQUENCY_9,CPU_USAGE_0,CPU_USAGE_1,CPU_USAGE_10,CPU_USAGE_11,CPU_USAGE_12,CPU_USAGE_13,CPU_USAGE_14,CPU_USAGE_15,CPU_USAGE_2,CPU_USAGE_3,CPU_USAGE_4,CPU_USAGE_5,CPU_USAGE_6,CPU_USAGE_7,CPU_USAGE_8,CPU_USAGE_9,TOTAL_MEMORY,TOTAL_SWAP,USED_MEMORY,USED_SWAP
0,1776524285301,8554.77507019043,1860.0000000000002,1,0.675,60038.76916503906,1901,1819,1819,1819,1901,1901,1901,1819,1819,1819,1819,1819,1819,1819,1901,1819,29.334823608398438,22.224464416503906,6.345123291015625,6.146461486816406,11.385444641113281,4.925872802734375,11.264152526855469,49.518253326416016,24.624534606933594,17.67656707763672,6.816192626953125,8.117378234863281,48.08368682861328,33.605064392089844,11.636085510253906,7.7752532958984375,16441667584,16151695360,12717596672,7959465984
199,1776524285303,1646.775650024414,1550,1,0.66875,60038.80039978027,1901,1819,1819,1819,1901,1901,1901,1819,1819,1819,1819,1819,1819,1819,1901,1819,5.6248626708984375,4.7437896728515625,11.506034851074219,24.567970275878906,19.313560485839844,4.7277679443359375,20.51903533935547,3.8426895141601563,1.8682785034179688,64.30445098876953,1.778167724609375,41.843048095703125,92.7331314086914,8.037803649902344,62.121788024902344,1.7601470947265625,16441667584,16151695360,12717621248,7959334912
0,1776524285503,3416.616180419922,1860.0000000000002,1,0.66875,60039.69563293457,1901,1819,1819,1819,1901,1901,1901,1819,1819,1819,1819,1819,1819,1819,1901,1819,3.0949859619140625,3.3208465576171875,4.078498840332031,2.4036178588867188,31.797653198242188,13.872734069824219,4.321891784667969,5.429740905761719,3.5236740112304688,4.116119384765625,10.526222229003906,6.410400390625,16.076560974121094,5.752967834472656,22.830535888671875,13.382553100585938,16441667584,16151695360,12710137856,7950233600
