Delta,Time,CORE0_ENERGY (J),CORE0_FREQ (MHZ),CORE0_PSTATE,CORE0_VOLT (V),CPU_ENERGY (J),CPU_FREQUENCY_0,CPU_FREQUENCY_1,CPU_FREQUENCY_10,CPU_FREQUENCY_11,CPU_FREQUENCY_12,CPU_FREQUENCY_13,CPU_FREQUENCY_14,CPU_FREQUENCY_15,CPU_FREQUENCY_2,CPU_FREQUENCY_3,CPU_FREQUENCY_4,CPU_FREQUENCY_5,CPU_FREQUENCY_6,CPU_FREQUENCY_7,CPU_FREQUENCY_8,CPU_FREQUENCY_9,CPU_USAGE_0,CPU_USAGE_1,CPU_USAGE_10,CPU_USAGE_11,CPU_USAGE_12,CPU_USAGE_13,CPU_USAGE_14,CPU_USAGE_15,CPU_USAGE_2,CPU_USAGE_3,CPU_USAGE_4,CPU_USAGE_5,CPU_USAGE_6,CPU_USAGE_7,CPU_USAGE_8,CPU_USAGE_9,TOTAL_MEMORY,TOTAL_SWAP,USED_MEMORY,USED_SWAP
0,1776524193998,3118.524200439453,1860.0000000000002,1,0.66875,59598.322998046875,1819,1819,1819,1819,1901,1819,1819,1819,1819,1819,1901,1819,1819,1819,1901,1901,58.77812957763672,44.494606018066406,3.247283935546875,3.247283935546875,78.69898986816406,53.90911865234375,60.416236877441406,78.08857727050781,3.5237350463867188,3.1643142700195313,56.28070068359375,32.47877502441406,3.0356826782226563,3.0349807739257813,34.66803741455078,70.62557983398438,16441667584,16151695360,12741939200,8012722176
198,1776524194000,5813.766632080078,1860.0000000000002,1,0.675,59598.382568359375,1819,1819,1819,1819,1901,1819,1819,1819,1819,1819,1901,1819,1819,1819,1901,1901,70.35547637939453,38.70020294189453,6.531883239746094,6.527008056640625,33.289459228515625,57.135719299316406,52.39035415649414,73.2972640991211,5.8531036376953125,7.73468017578125,61.28517150878906,42.74485397338867,6.043212890625,6.0359039306640625,86.09902954101563,60.11162567138672,16441667584,16151695360,12741971968,8012591104
1,1776524194200,5813.86784362793,1860.0000000000002,1,0.66875,59599.6169128418,1819,1819,1819,1819,1901,1819,1819,1819,1819,1819,1901,1819,1819,1819,1901,1901,30.62560272216797,32.833030700683594,0.2267608642578125,0.22686004638671875,40.11713790893555,78.33235931396484,36.257877349853516,29.756423950195313,0.17354583740234375,0.1734466552734375,47.452857971191406,34.229408264160156,0.2099609375,0.21006011962890625,41.016910552978516,45.7075309753418,16441667584,16151695360,12742365184,8012353536
