Delta,Time,CORE0_ENERGY (J),CORE0_FREQ (MHZ),CORE0_PSTATE,CORE0_VOLT (V),CPU_ENERGY (J),CPU_FREQUENCY_0,CPU_FREQUENCY_1,CPU_FREQUENCY_10,CPU_FREQUENCY_11,CPU_FREQUENCY_12,CPU_FREQUENCY_13,CPU_FREQUENCY_14,CPU_FREQUENCY_15,CPU_FREQUENCY_2,CPU_FREQUENCY_3,CPU_FREQUENCY_4,CPU_FREQUENCY_5,CPU_FREQUENCY_6,CPU_FREQUENCY_7,CPU_FREQUENCY_8,CPU_FREQUENCY_9,CPU_USAGE_0,CPU_USAGE_1,CPU_USAGE_10,CPU_USAGE_11,CPU_USAGE_12,CPU_USAGE_13,CPU_USAGE_14,CPU_USAGE_15,CPU_USAGE_2,CPU_USAGE_3,CPU_USAGE_4,CPU_USAGE_5,CPU_USAGE_6,CPU_USAGE_7,CPU_USAGE_8,CPU_USAGE_9,TOTAL_MEMORY,TOTAL_SWAP,USED_MEMORY,USED_SWAP
0,1776524201886,5817.726623535156,1860.0000000000002,1,0.66875,59639.137603759766,1819,1819,1819,1819,1901,1819,1819,1819,1819,1819,1819,1901,1819,1819,1819,1819,76.12333679199219,83.67066192626953,0.418914794921875,0.4172210693359375,80.21272277832031,72.96583557128906,74.95620727539063,82.60774993896484,0.374786376953125,1.5303802490234375,87.75698852539063,90.14183807373047,0.191802978515625,0.18976593017578125,81.72000885009766,84.2803726196289,16441667584,16151695360,12732211200,7985340416
198,1776524201888,3119.9937744140625,1860.0000000000002,1,0.66875,59639.217376708984,1819,1819,1819,1819,1901,1819,1819,1819,1819,1819,1819,1901,1819,1819,1819,1819,91.77347564697266,78.84825134277344,2.9584808349609375,2.9584808349609375,84.27449035644531,80.83333587646484,71.700927734375,70.10882568359375,3.45928955078125,3.4643325805664063,86.60317993164063,91.4721908569336,3.2164459228515625,3.2103958129882813,87.03849029541016,79.07597351074219,16441667584,16151695360,12732243968,7985340416
0,1776524202088,3388.606964111328,1860.0000000000002,1,0.66875,59640.45422363281,1819,1819,1819,1819,1901,1819,1819,1819,1819,1819,1819,1901,1819,1819,1819,1819,43.52186584472656,42.910797119140625,0.292694091796875,0.2931976318359375,59.90623474121094,42.6286506652832,31.927841186523438,29.662490844726563,0.14698028564453125,0.194305419921875,44.73920440673828,38.735958099365234,0.2196807861328125,0.21988677978515625,54.086692810058594,45.42050552368164,16441667584,16151695360,12737900544,8004829184
