Delta,Time,CORE0_ENERGY (J),CORE0_FREQ (MHZ),CORE0_PSTATE,CORE0_VOLT (V),CPU_ENERGY (J),CPU_FREQUENCY_0,CPU_FREQUENCY_1,CPU_FREQUENCY_10,CPU_FREQUENCY_11,CPU_FREQUENCY_12,CPU_FREQUENCY_13,CPU_FREQUENCY_14,CPU_FREQUENCY_15,CPU_FREQUENCY_2,CPU_FREQUENCY_3,CPU_FREQUENCY_4,CPU_FREQUENCY_5,CPU_FREQUENCY_6,CPU_FREQUENCY_7,CPU_FREQUENCY_8,CPU_FREQUENCY_9,CPU_USAGE_0,CPU_USAGE_1,CPU_USAGE_10,CPU_USAGE_11,CPU_USAGE_12,CPU_USAGE_13,CPU_USAGE_14,CPU_USAGE_15,CPU_USAGE_2,CPU_USAGE_3,CPU_USAGE_4,CPU_USAGE_5,CPU_USAGE_6,CPU_USAGE_7,CPU_USAGE_8,CPU_USAGE_9,TOTAL_MEMORY,TOTAL_SWAP,USED_MEMORY,USED_SWAP
0,1776524249668,1917.7840423583984,1550,2,0.63125,59865.646881103516,1819,1819,1819,1819,1901,1819,1819,1819,1819,1819,1819,1819,1819,1819,1901,1819,33.607139587402344,27.220306396484375,26.219032287597656,56.59514236450195,24.463943481445313,40.246002197265625,21.596458435058594,20.517288208007813,23.448928833007813,14.9171142578125,10.415596008300781,8.604751586914063,0.06529998779296875,0.06529998779296875,56.26100158691406,18.396743774414063,16441667584,16151695360,12708466688,7950254080
199,1776524249669,1917.7891693115234,1860.0000000000002,1,0.675,59865.71463012695,1819,1819,1819,1819,1901,1819,1819,1819,1819,1819,1819,1819,1819,1819,1901,1819,15.19476318359375,16.24358367919922,10.087486267089844,43.416255950927734,21.623573303222656,48.416988372802734,3.7652130126953125,38.09393310546875,63.98416519165039,0,31.763839721679688,12.518447875976563,0,0,27.776748657226563,21.56786346435547,16441667584,16151695360,12709597184,7951065088
0,1776524249869,3404.438491821289,1860.0000000000002,1,0.66875,59866.54586791992,1819,1819,1819,1819,1901,1819,1819,1819,1819,1819,1819,1819,1819,1819,1901,1819,3.7392501831054688,3.3388214111328125,3.7164535522460938,1.4435653686523438,21.82561492919922,9.445663452148438,5.269203186035156,1.7554473876953125,9.427024841308594,3.0237274169921875,11.462188720703125,5.626487731933594,0,0,33.79621887207031,8.689903259277344,16441667584,16151695360,12702138368,7947456512
