Delta,Time,CORE0_ENERGY (J),CORE0_FREQ (MHZ),CORE0_PSTATE,CORE0_VOLT (V),CPU_ENERGY (J),CPU_FREQUENCY_0,CPU_FREQUENCY_1,CPU_FREQUENCY_10,CPU_FREQUENCY_11,CPU_FREQUENCY_12,CPU_FREQUENCY_13,CPU_FREQUENCY_14,CPU_FREQUENCY_15,CPU_FREQUENCY_2,CPU_FREQUENCY_3,CPU_FREQUENCY_4,CPU_FREQUENCY_5,CPU_FREQUENCY_6,CPU_FREQUENCY_7,CPU_FREQUENCY_8,CPU_FREQUENCY_9,CPU_USAGE_0,CPU_USAGE_1,CPU_USAGE_10,CPU_USAGE_11,CPU_USAGE_12,CPU_USAGE_13,CPU_USAGE_14,CPU_USAGE_15,CPU_USAGE_2,CPU_USAGE_3,CPU_USAGE_4,CPU_USAGE_5,CPU_USAGE_6,CPU_USAGE_7,CPU_USAGE_8,CPU_USAGE_9,TOTAL_MEMORY,TOTAL_SWAP,USED_MEMORY,USED_SWAP
0,1776524209851,1913.599624633789,1550,2,0.63125,59677.430755615234,1819,1819,1819,1819,1901,1819,1901,1819,1819,1819,1819,1819,1819,1819,1901,1819,16.30712890625,39.23290252685547,20.04210662841797,4.4404754638671875,47.323455810546875,24.363037109375,26.621917724609375,10.088630676269531,40.88984680175781,3.6976699829101563,12.786117553710938,14.004081726074219,1.8724365234375,1.8720550537109375,30.609703063964844,24.701507568359375,16441667584,16151695360,12722778112,7979388928
199,1776524209853,3391.475143432617,1550,2,0.63125,59677.488021850586,1819,1819,1819,1819,1901,1819,1901,1819,1819,1819,1819,1819,1819,1819,1901,1819,40.29680252075195,36.58579635620117,4.0029296875,3.631927490234375,54.11178970336914,8.437393188476563,7.984375,1.2145462036132813,14.587257385253906,3.125213623046875,60.842567443847656,10.370513916015625,1.2838668823242188,1.2838668823242188,42.31486511230469,27.410301208496094,16441667584,16151695360,12722774016,7980703744
1,1776524210053,3121.6500549316406,1550,2,0.63125,59678.25900268555,1819,1819,1819,1819,1901,1819,1901,1819,1819,1819,1819,1819,1819,1819,1901,1819,13.872627258300781,10.248458862304688,0,0,24.346359252929688,5.117790222167969,0,0,1.7783660888671875,0,21.571014404296875,7.1006317138671875,0,0,29.875343322753906,10.150337219238281,16441667584,16151695360,12719693824,7980322816
