Delta,Time,CORE0_ENERGY (J),CORE0_FREQ (MHZ),CORE0_PSTATE,CORE0_VOLT (V),CPU_ENERGY (J),CPU_FREQUENCY_0,CPU_FREQUENCY_1,CPU_FREQUENCY_10,CPU_FREQUENCY_11,CPU_FREQUENCY_12,CPU_FREQUENCY_13,CPU_FREQUENCY_14,CPU_FREQUENCY_15,CPU_FREQUENCY_2,CPU_FREQUENCY_3,CPU_FREQUENCY_4,CPU_FREQUENCY_5,CPU_FREQUENCY_6,CPU_FREQUENCY_7,CPU_FREQUENCY_8,CPU_FREQUENCY_9,CPU_USAGE_0,CPU_USAGE_1,CPU_USAGE_10,CPU_USAGE_11,CPU_USAGE_12,CPU_USAGE_13,CPU_USAGE_14,CPU_USAGE_15,CPU_USAGE_2,CPU_USAGE_3,CPU_USAGE_4,CPU_USAGE_5,CPU_USAGE_6,CPU_USAGE_7,CPU_USAGE_8,CPU_USAGE_9,TOTAL_MEMORY,TOTAL_SWAP,USED_MEMORY,USED_SWAP
0,1776524181658,1644.8220520019531,1860.0000000000002,1,0.66875,59524.47381591797,1819,1819,1819,1819,1901,1901,1819,1819,1819,1819,1901,1819,1819,1819,1901,1901,47.39670944213867,37.77271270751953,28.244102478027344,45.373992919921875,54.393089294433594,64.97059631347656,41.52316665649414,27.235427856445313,0,0,42.822608947753906,17.819068908691406,0,0,44.35841751098633,17.626754760742188,16441667584,16151695360,12743868416,8016498688
199,1776524181659,5996.651428222656,1860.0000000000002,1,0.675,59524.51513671875,1819,1819,1819,1819,1901,1901,1819,1819,1819,1819,1901,1819,1819,1819,1901,1901,40.570594787597656,14.533012390136719,87.30061340332031,0,34.612274169921875,0,27.2481689453125,25.355392456054688,0,0,70.64807891845703,4.8029327392578125,0,0,36.97825241088867,11.299514770507813,16441667584,16151695360,12743909376,8016498688
1,1776524181859,5996.755859375,1860.0000000000002,1,0.675,59525.679916381836,1819,1819,1819,1819,1901,1901,1819,1819,1819,1819,1901,1819,1819,1819,1901,1901,41.002525329589844,24.13233184814453,15.963546752929688,8.990005493164063,39.39626693725586,34.25115966796875,7.546272277832031,10.729957580566406,0.14752960205078125,0.16326904296875,40.70435333251953,25.82280731201172,0.1462249755859375,0.14522552490234375,35.37345886230469,27.32202911376953,16441667584,16151695360,12759961600,8019464192
