Delta,Time,CORE0_ENERGY (J),CORE0_FREQ (MHZ),CORE0_PSTATE,CORE0_VOLT (V),CPU_ENERGY (J),CPU_FREQUENCY_0,CPU_FREQUENCY_1,CPU_FREQUENCY_10,CPU_FREQUENCY_11,CPU_FREQUENCY_12,CPU_FREQUENCY_13,CPU_FREQUENCY_14,CPU_FREQUENCY_15,CPU_FREQUENCY_2,CPU_FREQUENCY_3,CPU_FREQUENCY_4,CPU_FREQUENCY_5,CPU_FREQUENCY_6,CPU_FREQUENCY_7,CPU_FREQUENCY_8,CPU_FREQUENCY_9,CPU_USAGE_0,CPU_USAGE_1,CPU_USAGE_10,CPU_USAGE_11,CPU_USAGE_12,CPU_USAGE_13,CPU_USAGE_14,CPU_USAGE_15,CPU_USAGE_2,CPU_USAGE_3,CPU_USAGE_4,CPU_USAGE_5,CPU_USAGE_6,CPU_USAGE_7,CPU_USAGE_8,CPU_USAGE_9,TOTAL_MEMORY,TOTAL_SWAP,USED_MEMORY,USED_SWAP
0,1776524185866,5808.905563354492,1860.0000000000002,1,0.675,59550.9460144043,1901,1901,1819,1819,1901,1901,1901,1819,1819,1819,1819,1901,1819,1819,1901,1901,53.685848236083984,39.79324722290039,9.568832397460938,5.717796325683594,46.53977584838867,51.98561477661133,18.218719482421875,19.143707275390625,15.0673828125,5.01507568359375,47.6927375793457,54.45672607421875,21.109176635742188,14.054092407226563,36.451541900634766,42.20492935180664,16441667584,16151695360,12774178816,8028295168
199,1776524185867,5808.9091796875,1860.0000000000002,1,0.66875,59550.9776763916,1901,1901,1819,1819,1901,1901,1901,1819,1819,1819,1819,1901,1819,1819,1901,1901,30.62677764892578,56.14375305175781,2.305908203125,0,38.35446548461914,70.94515991210938,0,0,0,0,62.28350830078125,31.992721557617188,0,0,96.23615264892578,23.271072387695313,16441667584,16151695360,12774211584,8028164096
1,1776524186068,5999.307846069336,1860.0000000000002,1,0.675,59552.078857421875,1901,1901,1819,1819,1901,1901,1901,1819,1819,1819,1819,1901,1819,1819,1901,1901,38.34123611450195,31.700645446777344,4.7595672607421875,0.0524749755859375,35.313392639160156,45.45001220703125,0.05197906494140625,0.0518798828125,0.1703338623046875,0.0858154296875,33.99439239501953,34.876502990722656,0.09079742431640625,0.0907440185546875,31.61553192138672,41.062801361083984,16441667584,16151695360,12769927168,8026988544
