Delta,Time,CORE0_ENERGY (J),CORE0_FREQ (MHZ),CORE0_PSTATE,CORE0_VOLT (V),CPU_ENERGY (J),CPU_FREQUENCY_0,CPU_FREQUENCY_1,CPU_FREQUENCY_10,CPU_FREQUENCY_11,CPU_FREQUENCY_12,CPU_FREQUENCY_13,CPU_FREQUENCY_14,CPU_FREQUENCY_15,CPU_FREQUENCY_2,CPU_FREQUENCY_3,CPU_FREQUENCY_4,CPU_FREQUENCY_5,CPU_FREQUENCY_6,CPU_FREQUENCY_7,CPU_FREQUENCY_8,CPU_FREQUENCY_9,CPU_USAGE_0,CPU_USAGE_1,CPU_USAGE_10,CPU_USAGE_11,CPU_USAGE_12,CPU_USAGE_13,CPU_USAGE_14,CPU_USAGE_15,CPU_USAGE_2,CPU_USAGE_3,CPU_USAGE_4,CPU_USAGE_5,CPU_USAGE_6,CPU_USAGE_7,CPU_USAGE_8,CPU_USAGE_9,TOTAL_MEMORY,TOTAL_SWAP,USED_MEMORY,USED_SWAP
0,1776524237749,6024.88298034668,1860.0000000000002,1,0.675,59806.93348693848,1819,1819,1819,1819,1901,1819,1819,1819,1819,1819,1901,1901,1819,1819,1901,1901,53.55586624145508,63.72230911254883,0,0,76.04190826416016,59.61077117919922,32.34551239013672,59.95646286010742,0,0,48.726871490478516,25.03308868408203,0,0,57.031333923339844,41.184906005859375,16441667584,16151695360,12709990400,7952662528
199,1776524237749,3126.7029418945313,1860.0000000000002,1,0.66875,59807.00834655762,1819,1819,1819,1819,1901,1819,1819,1819,1819,1819,1901,1901,1819,1819,1901,1901,36.23142623901367,43.090599060058594,0.252593994140625,0.255462646484375,53.664955139160156,23.222061157226563,60.85134506225586,69.18013000488281,0.157867431640625,0.600860595703125,61.33451843261719,21.558212280273438,0.5051803588867188,0.506134033203125,73.41963195800781,66.68101501464844,16441667584,16151695360,12710006784,7952662528
1,1776524237950,5835.2581787109375,1860.0000000000002,1,0.675,59808.21469116211,1819,1819,1819,1819,1901,1819,1819,1819,1819,1819,1901,1901,1819,1819,1901,1901,44.99077606201172,39.94169235229492,0.202850341796875,0.20279693603515625,46.512718200683594,43.45686721801758,27.62286376953125,22.034835815429688,0.2197265625,0.16524505615234375,35.7637939453125,43.0301399230957,0.165191650390625,0.165191650390625,59.97733688354492,45.589759826660156,16441667584,16151695360,12707131392,7951478784
