Delta,Time,CORE0_ENERGY (J),CORE0_FREQ (MHZ),CORE0_PSTATE,CORE0_VOLT (V),CPU_ENERGY (J),CPU_FREQUENCY_0,CPU_FREQUENCY_1,CPU_FREQUENCY_10,CPU_FREQUENCY_11,CPU_FREQUENCY_12,CPU_FREQUENCY_13,CPU_FREQUENCY_14,CPU_FREQUENCY_15,CPU_FREQUENCY_2,CPU_FREQUENCY_3,CPU_FREQUENCY_4,CPU_FREQUENCY_5,CPU_FREQUENCY_6,CPU_FREQUENCY_7,CPU_FREQUENCY_8,CPU_FREQUENCY_9,CPU_USAGE_0,CPU_USAGE_1,CPU_USAGE_10,CPU_USAGE_11,CPU_USAGE_12,CPU_USAGE_13,CPU_USAGE_14,CPU_USAGE_15,CPU_USAGE_2,CPU_USAGE_3,CPU_USAGE_4,CPU_USAGE_5,CPU_USAGE_6,CPU_USAGE_7,CPU_USAGE_8,CPU_USAGE_9,TOTAL_MEMORY,TOTAL_SWAP,USED_MEMORY,USED_SWAP
0,1776524273304,5852.750869750977,1860.0000000000002,1,0.66875,59978.5299987793,1819,1819,1819,1819,1901,1901,1819,1819,1819,1819,1819,1819,1819,1819,1819,1901,41.470436096191406,41.008148193359375,62.1909065246582,53.73415756225586,87.23627471923828,89.16683197021484,69.81829833984375,73.36276245117188,0,0,56.48735427856445,45.84687042236328,0,0,88.31059265136719,80.62606811523438,16441667584,16151695360,12710125568,7950114816
198,1776524273306,1918.6653900146484,1550,2,0.63125,59978.620849609375,1819,1819,1819,1819,1901,1901,1819,1819,1819,1819,1819,1819,1819,1819,1819,1901,91.04483032226563,79.98713684082031,58.087669372558594,26.625595092773438,100,99.43958282470703,41.03043746948242,75.0748519897461,0,0,67.89305877685547,31.459197998046875,0,0,60.32358169555664,18.247161865234375,16441667584,16151695360,12710158336,7950835712
1,1776524273506,1918.7483825683594,1860.0000000000002,1,0.66875,59979.85177612305,1819,1819,1819,1819,1901,1901,1819,1819,1819,1819,1819,1819,1819,1819,1819,1901,29.128448486328125,23.627113342285156,16.92754364013672,15.412986755371094,50.91347885131836,63.39653396606445,34.319541931152344,32.27680969238281,0.2235565185546875,0.2223052978515625,34.22120666503906,31.941650390625,0.24466705322265625,0.244110107421875,43.1381721496582,45.74992370605469,16441667584,16151695360,12707627008,7950237696
