Delta,Time,CORE0_ENERGY (J),CORE0_FREQ (MHZ),CORE0_PSTATE,CORE0_VOLT (V),CPU_ENERGY (J),CPU_FREQUENCY_0,CPU_FREQUENCY_1,CPU_FREQUENCY_10,CPU_FREQUENCY_11,CPU_FREQUENCY_12,CPU_FREQUENCY_13,CPU_FREQUENCY_14,CPU_FREQUENCY_15,CPU_FREQUENCY_2,CPU_FREQUENCY_3,CPU_FREQUENCY_4,CPU_FREQUENCY_5,CPU_FREQUENCY_6,CPU_FREQUENCY_7,CPU_FREQUENCY_8,CPU_FREQUENCY_9,CPU_USAGE_0,CPU_USAGE_1,CPU_USAGE_10,CPU_USAGE_11,CPU_USAGE_12,CPU_USAGE_13,CPU_USAGE_14,CPU_USAGE_15,CPU_USAGE_2,CPU_USAGE_3,CPU_USAGE_4,CPU_USAGE_5,CPU_USAGE_6,CPU_USAGE_7,CPU_USAGE_8,CPU_USAGE_9,TOTAL_MEMORY,TOTAL_SWAP,USED_MEMORY,USED_SWAP
0,1776524293186,1920.5272827148438,1860.0000000000002,1,0.66875,60076.6982421875,1819,1819,1819,1819,1901,1819,1819,1819,1819,1819,1901,1819,1819,1819,1901,1819,82.25625610351563,66.10547637939453,0,0,70.2823486328125,76.01359558105469,82.48981475830078,69.87261962890625,0.49329376220703125,0,50.35403060913086,61.967864990234375,0,0,56.2265510559082,60.185302734375,16441667584,16151695360,12706537472,7952515072
199,1776524293187,3136.027389526367,1860.0000000000002,1,0.66875,60076.76852416992,1819,1819,1819,1819,1901,1819,1819,1819,1819,1819,1901,1819,1819,1819,1901,1819,70.79615783691406,47.75201416015625,0,0,52.49074935913086,29.676422119140625,44.64356994628906,45.03091049194336,0,0,46.285728454589844,53.97969436645508,0,0,53.71319580078125,73.22702026367188,16441667584,16151695360,12706607104,7953305600
1,1776524293387,1920.6086883544922,1860.0000000000002,1,0.66875,60077.99555969238,1819,1819,1819,1819,1901,1819,1819,1819,1819,1819,1901,1819,1819,1819,1901,1819,35.321311950683594,48.271942138671875,0,0,41.71908187866211,37.83584976196289,28.56658172607422,27.153472900390625,0,0,40.885318756103516,47.33559036254883,0,0,53.79294204711914,42.29075241088867,16441667584,16151695360,12706881536,7952924672
