Delta,Time,CORE0_ENERGY (J),CORE0_FREQ (MHZ),CORE0_PSTATE,CORE0_VOLT (V),CPU_ENERGY (J),CPU_FREQUENCY_0,CPU_FREQUENCY_1,CPU_FREQUENCY_10,CPU_FREQUENCY_11,CPU_FREQUENCY_12,CPU_FREQUENCY_13,CPU_FREQUENCY_14,CPU_FREQUENCY_15,CPU_FREQUENCY_2,CPU_FREQUENCY_3,CPU_FREQUENCY_4,CPU_FREQUENCY_5,CPU_FREQUENCY_6,CPU_FREQUENCY_7,CPU_FREQUENCY_8,CPU_FREQUENCY_9,CPU_USAGE_0,CPU_USAGE_1,CPU_USAGE_10,CPU_USAGE_11,CPU_USAGE_12,CPU_USAGE_13,CPU_USAGE_14,CPU_USAGE_15,CPU_USAGE_2,CPU_USAGE_3,CPU_USAGE_4,CPU_USAGE_5,CPU_USAGE_6,CPU_USAGE_7,CPU_USAGE_8,CPU_USAGE_9,TOTAL_MEMORY,TOTAL_SWAP,USED_MEMORY,USED_SWAP
0,1776524261506,3408.330123901367,1860.0000000000002,1,0.66875,59921.44598388672,1819,1819,1819,1819,1819,1901,1819,1819,1819,1819,1819,1901,1819,1819,1901,1819,49.815921783447266,67.50968170166016,0,0,48.466880798339844,55.86736297607422,52.372833251953125,81.32168579101563,0,0,69.71640014648438,52.31782913208008,0,0,52.36183166503906,35.639793395996094,16441667584,16151695360,12709781504,7954481152
198,1776524261508,1917.5116119384766,1550,2,0.63125,59921.535705566406,1819,1819,1819,1819,1819,1901,1819,1819,1819,1819,1819,1901,1819,1819,1901,1819,42.03763961791992,22.45208740234375,0,0,79.46524810791016,68.67120361328125,36.494754791259766,17.576995849609375,0,0,72.51017761230469,49.047786712646484,0,0,52.91687774658203,98.6712875366211,16441667584,16151695360,12709793792,7956017152
2,1776524261707,1917.6085052490234,1860.0000000000002,1,0.66875,59922.76545715332,1819,1819,1819,1819,1819,1901,1819,1819,1819,1819,1819,1901,1819,1819,1901,1819,33.70313262939453,22.60456085205078,0,0,62.34738540649414,39.8933219909668,46.88670349121094,34.50299835205078,0,0,38.29304122924805,28.32512664794922,0,0,56.88895034790039,49.107872009277344,16441667584,16151695360,12710326272,7954395136
