Delta,Time,CORE0_ENERGY (J),CORE0_FREQ (MHZ),CORE0_PSTATE,CORE0_VOLT (V),CPU_ENERGY (J),CPU_FREQUENCY_0,CPU_FREQUENCY_1,CPU_FREQUENCY_10,CPU_FREQUENCY_11,CPU_FREQUENCY_12,CPU_FREQUENCY_13,CPU_FREQUENCY_14,CPU_FREQUENCY_15,CPU_FREQUENCY_2,CPU_FREQUENCY_3,CPU_FREQUENCY_4,CPU_FREQUENCY_5,CPU_FREQUENCY_6,CPU_FREQUENCY_7,CPU_FREQUENCY_8,CPU_FREQUENCY_9,CPU_USAGE_0,CPU_USAGE_1,CPU_USAGE_10,CPU_USAGE_11,CPU_USAGE_12,CPU_USAGE_13,CPU_USAGE_14,CPU_USAGE_15,CPU_USAGE_2,CPU_USAGE_3,CPU_USAGE_4,CPU_USAGE_5,CPU_USAGE_6,CPU_USAGE_7,CPU_USAGE_8,CPU_USAGE_9,TOTAL_MEMORY,TOTAL_SWAP,USED_MEMORY,USED_SWAP
0,1776524245676,1916.5059967041016,1860.0000000000002,1,0.66875,59845.42832946777,1819,1819,1819,1819,1901,1901,1819,1819,1819,1819,1819,1901,1819,1819,1819,1901,75.83177947998047,75.36913299560547,65.10050964355469,69.11648559570313,50.002471923828125,39.26660919189453,32.18852996826172,51.24184799194336,0.28372955322265625,0.2844390869140625,48.53759002685547,40.65032196044922,0.46865081787109375,0.468292236328125,54.235836029052734,28.348648071289063,16441667584,16151695360,12706598912,7949066240
199,1776524245677,3403.0349731445313,1550,2,0.63125,59845.50749206543,1819,1819,1819,1819,1901,1901,1819,1819,1819,1819,1819,1901,1819,1819,1819,1901,35.797088623046875,24.128334045410156,53.04666519165039,49.31050491333008,55.073272705078125,72.62368774414063,68.19307708740234,45.35546875,6.878753662109375,8.827003479003906,76.37966918945313,16.42182159423828,7.27777099609375,7.27777099609375,86.66312408447266,34.482948303222656,16441667584,16151695360,12707172352,7949713408
0,1776524245878,6028.956069946289,1550,2,0.63125,59846.47520446777,1819,1819,1819,1819,1901,1901,1819,1819,1819,1819,1819,1901,1819,1819,1819,1901,12.728385925292969,11.435050964355469,9.604255676269531,8.476249694824219,24.73973846435547,16.51508331298828,9.001113891601563,10.225234985351563,0.1346893310546875,0.16742706298828125,17.27080535888672,14.662994384765625,0.13584136962890625,0.13584136962890625,45.269866943359375,9.838150024414063,16441667584,16151695360,12703232000,7947833344
