Delta,Time,CORE0_ENERGY (J),CORE0_FREQ (MHZ),CORE0_PSTATE,CORE0_VOLT (V),CPU_ENERGY (J),CPU_FREQUENCY_0,CPU_FREQUENCY_1,CPU_FREQUENCY_10,CPU_FREQUENCY_11,CPU_FREQUENCY_12,CPU_FREQUENCY_13,CPU_FREQUENCY_14,CPU_FREQUENCY_15,CPU_FREQUENCY_2,CPU_FREQUENCY_3,CPU_FREQUENCY_4,CPU_FREQUENCY_5,CPU_FREQUENCY_6,CPU_FREQUENCY_7,CPU_FREQUENCY_8,CPU_FREQUENCY_9,CPU_USAGE_0,CPU_USAGE_1,CPU_USAGE_10,CPU_USAGE_11,CPU_USAGE_12,CPU_USAGE_13,CPU_USAGE_14,CPU_USAGE_15,CPU_USAGE_2,CPU_USAGE_3,CPU_USAGE_4,CPU_USAGE_5,CPU_USAGE_6,CPU_USAGE_7,CPU_USAGE_8,CPU_USAGE_9,TOTAL_MEMORY,TOTAL_SWAP,USED_MEMORY,USED_SWAP
0,1776524257542,6034.756057739258,1860.0000000000002,1,0.675,59902.27198791504,1819,1819,1819,1819,1901,1819,1819,1819,1819,1819,1819,1819,1819,1819,1901,1819,59.439598083496094,64.74169921875,0,0,81.20496368408203,94.00956726074219,59.70344161987305,32.46508026123047,0,0,63.091312408447266,69.83558654785156,0,0,53.93915939331055,51.028106689453125,16441667584,16151695360,12684599296,7942848512
199,1776524257543,6034.763946533203,1860.0000000000002,1,0.675,59902.35372924805,1819,1819,1819,1819,1901,1819,1819,1819,1819,1819,1819,1819,1819,1819,1901,1819,73.6065673828125,47.0982551574707,13.041130065917969,13.040275573730469,72.8144760131836,85.16124725341797,47.070823669433594,62.233612060546875,14.1495361328125,13.617195129394531,72.38414001464844,97.04425048828125,12.760810852050781,12.762527465820313,57.70140838623047,55.518028259277344,16441667584,16151695360,12684165120,7943651328
0,1776524257744,3407.0201568603516,1860.0000000000002,1,0.65625,59903.60775756836,1819,1819,1819,1819,1901,1819,1819,1819,1819,1819,1819,1819,1819,1819,1901,1819,47.96296691894531,40.011871337890625,0.183135986328125,0.183135986328125,39.172542572021484,50.03400802612305,47.38429260253906,43.524322509765625,0.15818023681640625,0.111572265625,48.650413513183594,46.708797454833984,0.14278411865234375,0.14278411865234375,54.062015533447266,43.10308074951172,16441667584,16151695360,12680994816,7939604480
