Delta,Time,CORE0_ENERGY (J),CORE0_FREQ (MHZ),CORE0_PSTATE,CORE0_VOLT (V),CPU_ENERGY (J),CPU_FREQUENCY_0,CPU_FREQUENCY_1,CPU_FREQUENCY_10,CPU_FREQUENCY_11,CPU_FREQUENCY_12,CPU_FREQUENCY_13,CPU_FREQUENCY_14,CPU_FREQUENCY_15,CPU_FREQUENCY_2,CPU_FREQUENCY_3,CPU_FREQUENCY_4,CPU_FREQUENCY_5,CPU_FREQUENCY_6,CPU_FREQUENCY_7,CPU_FREQUENCY_8,CPU_FREQUENCY_9,CPU_USAGE_0,CPU_USAGE_1,CPU_USAGE_10,CPU_USAGE_11,CPU_USAGE_12,CPU_USAGE_13,CPU_USAGE_14,CPU_USAGE_15,CPU_USAGE_2,CPU_USAGE_3,CPU_USAGE_4,CPU_USAGE_5,CPU_USAGE_6,CPU_USAGE_7,CPU_USAGE_8,CPU_USAGE_9,TOTAL_MEMORY,TOTAL_SWAP,USED_MEMORY,USED_SWAP
0,1776524197945,5815.741470336914,1860.0000000000002,1,0.675,59618.29621887207,1819,1819,1819,1819,1819,1901,1819,1819,1819,1819,1901,1819,1819,1819,1819,1901,49.846275329589844,45.634552001953125,48.36529541015625,30.06029510498047,95.08226776123047,77.88038635253906,73.96013641357422,66.77192687988281,0,0,31.771408081054688,27.336807250976563,0,0,53.067047119140625,50.67461013793945,16441667584,16151695360,12754092032,8010321920
199,1776524197946,5815.746398925781,1860.0000000000002,1,0.675,59618.373306274414,1819,1819,1819,1819,1819,1901,1819,1819,1819,1819,1901,1819,1819,1819,1819,1901,45.25693130493164,34.758644104003906,73.47819519042969,35.19983673095703,97.02171325683594,84.27986145019531,63.39335250854492,13.541015625,5.6505126953125,6.637611389160156,63.19289016723633,18.69843292236328,5.959266662597656,5.959266662597656,47.03245162963867,27.642250061035156,16441667584,16151695360,12754124800,8011358208
1,1776524198147,6006.041107177734,1550,2,0.63125,59619.6240234375,1819,1819,1819,1819,1819,1901,1819,1819,1819,1819,1901,1819,1819,1819,1819,1901,40.577049255371094,29.161399841308594,16.06041717529297,8.674896240234375,54.2147216796875,46.99040222167969,15.144783020019531,12.9700927734375,0,0,34.95085144042969,38.4276237487793,0,0,62.625850677490234,43.28708267211914,16441667584,16151695360,12751794176,8010321920
