Delta,Time,CORE0_ENERGY (J),CORE0_FREQ (MHZ),CORE0_PSTATE,CORE0_VOLT (V),CPU_ENERGY (J),CPU_FREQUENCY_0,CPU_FREQUENCY_1,CPU_FREQUENCY_10,CPU_FREQUENCY_11,CPU_FREQUENCY_12,CPU_FREQUENCY_13,CPU_FREQUENCY_14,CPU_FREQUENCY_15,CPU_FREQUENCY_2,CPU_FREQUENCY_3,CPU_FREQUENCY_4,CPU_FREQUENCY_5,CPU_FREQUENCY_6,CPU_FREQUENCY_7,CPU_FREQUENCY_8,CPU_FREQUENCY_9,CPU_USAGE_0,CPU_USAGE_1,CPU_USAGE_10,CPU_USAGE_11,CPU_USAGE_12,CPU_USAGE_13,CPU_USAGE_14,CPU_USAGE_15,CPU_USAGE_2,CPU_USAGE_3,CPU_USAGE_4,CPU_USAGE_5,CPU_USAGE_6,CPU_USAGE_7,CPU_USAGE_8,CPU_USAGE_9,TOTAL_MEMORY,TOTAL_SWAP,USED_MEMORY,USED_SWAP
0,1776524225786,6019.180770874023,1860.0000000000002,1,0.675,59750.38429260254,1819,1819,1819,1819,1901,1819,1819,1819,1819,1819,1819,1819,1819,1819,1901,1819,78.98500061035156,74.35511779785156,0,0,85.916015625,55.836326599121094,57.877071380615234,64.04423522949219,0,0,83.1640396118164,65.3031005859375,0,0,61.79534912109375,78.11248016357422,16441667584,16151695360,12713594880,7964860416
199,1776524225787,1914.7766571044922,1860.0000000000002,1,0.66875,59750.428131103516,1819,1819,1819,1819,1901,1819,1819,1819,1819,1819,1819,1819,1819,1819,1901,1819,20.07152557373047,74.11840057373047,0,0,66.81584930419922,37.981258392333984,32.35699462890625,51.7352294921875,0,0,92.64949798583984,71.20736694335938,0,0,73.70681762695313,22.694854736328125,16441667584,16151695360,12713607168,7964860416
1,1776524225988,6019.299270629883,1860.0000000000002,1,0.675,59751.65653991699,1819,1819,1819,1819,1901,1819,1819,1819,1819,1819,1819,1819,1819,1819,1901,1819,33.34917449951172,28.7169189453125,0,0,58.1490478515625,45.6688117980957,38.949188232421875,28.56793975830078,0,0,40.18765640258789,32.446006774902344,0,0,63.524574279785156,48.9786491394043,16441667584,16151695360,12711981056,7964573696
