Delta,Time,CORE0_ENERGY (J),CORE0_FREQ (MHZ),CORE0_PSTATE,CORE0_VOLT (V),CPU_ENERGY (J),CPU_FREQUENCY_0,CPU_FREQUENCY_1,CPU_FREQUENCY_10,CPU_FREQUENCY_11,CPU_FREQUENCY_12,CPU_FREQUENCY_13,CPU_FREQUENCY_14,CPU_FREQUENCY_15,CPU_FREQUENCY_2,CPU_FREQUENCY_3,CPU_FREQUENCY_4,CPU_FREQUENCY_5,CPU_FREQUENCY_6,CPU_FREQUENCY_7,CPU_FREQUENCY_8,CPU_FREQUENCY_9,CPU_USAGE_0,CPU_USAGE_1,CPU_USAGE_10,CPU_USAGE_11,CPU_USAGE_12,CPU_USAGE_13,CPU_USAGE_14,CPU_USAGE_15,CPU_USAGE_2,CPU_USAGE_3,CPU_USAGE_4,CPU_USAGE_5,CPU_USAGE_6,CPU_USAGE_7,CPU_USAGE_8,CPU_USAGE_9,TOTAL_MEMORY,TOTAL_SWAP,USED_MEMORY,USED_SWAP
0,1776524297174,5864.43896484375,1860.0000000000002,1,0.675,60096.209533691406,1819,1819,1819,1819,1819,1901,1819,1819,1819,1819,1819,1819,1819,1819,1819,1819,45.21715545654297,42.280643463134766,34.590248107910156,41.75435256958008,74.82723999023438,74.30238342285156,23.172279357910156,43.280704498291016,1.2166213989257813,0,47.74608612060547,43.53107833862305,0,0,51.01031494140625,28.361083984375,16441667584,16151695360,12715737088,7952785408
199,1776524297175,5864.44580078125,1860.0000000000002,1,0.675,60096.28201293945,1819,1819,1819,1819,1819,1901,1819,1819,1819,1819,1819,1819,1819,1819,1819,1819,34.738975524902344,43.19734191894531,15.23406982421875,31.274681091308594,66.03129577636719,32.06358337402344,15.985733032226563,43.708900451660156,0,0,40.8394660949707,32.62316131591797,0,0,45.69633865356445,41.57838439941406,16441667584,16151695360,12715732992,7953567744
0,1776524297375,5864.51383972168,1860.0000000000002,1,0.6625,60097.20146179199,1819,1819,1819,1819,1819,1901,1819,1819,1819,1819,1819,1819,1819,1819,1819,1819,6.71539306640625,6.781517028808594,5.246101379394531,6.82073974609375,10.337028503417969,34.332122802734375,6.0443267822265625,2.8658905029296875,0.0585784912109375,0.02916717529296875,25.09351348876953,16.470558166503906,0.03076934814453125,0.03076934814453125,15.9124755859375,19.306625366210938,16441667584,16151695360,12713029632,7954300928
