Delta,Time,CORE0_ENERGY (J),CORE0_FREQ (MHZ),CORE0_PSTATE,CORE0_VOLT (V),CPU_ENERGY (J),CPU_FREQUENCY_0,CPU_FREQUENCY_1,CPU_FREQUENCY_10,CPU_FREQUENCY_11,CPU_FREQUENCY_12,CPU_FREQUENCY_13,CPU_FREQUENCY_14,CPU_FREQUENCY_15,CPU_FREQUENCY_2,CPU_FREQUENCY_3,CPU_FREQUENCY_4,CPU_FREQUENCY_5,CPU_FREQUENCY_6,CPU_FREQUENCY_7,CPU_FREQUENCY_8,CPU_FREQUENCY_9,CPU_USAGE_0,CPU_USAGE_1,CPU_USAGE_10,CPU_USAGE_11,CPU_USAGE_12,CPU_USAGE_13,CPU_USAGE_14,CPU_USAGE_15,CPU_USAGE_2,CPU_USAGE_3,CPU_USAGE_4,CPU_USAGE_5,CPU_USAGE_6,CPU_USAGE_7,CPU_USAGE_8,CPU_USAGE_9,TOTAL_MEMORY,TOTAL_SWAP,USED_MEMORY,USED_SWAP
0,1776524190032,1917.3031768798828,1860.0000000000002,1,0.675,59576.079162597656,1819,1901,1819,1819,1901,1901,1901,1819,1819,1819,1901,1901,1819,1819,1901,1901,52.35462951660156,53.16916275024414,55.466915130615234,46.59311294555664,35.6552734375,44.25853729248047,30.234657287597656,47.97241973876953,42.94923400878906,41.36246109008789,65.81809997558594,25.06818389892578,0.6194686889648438,0.6191024780273438,65.49797821044922,75.75582885742188,16441667584,16151695360,12744638464,8014073856
199,1776524190033,6001.735610961914,1860.0000000000002,1,0.675,59576.16987609863,1819,1901,1819,1819,1901,1901,1901,1819,1819,1819,1901,1901,1819,1819,1901,1901,32.20899963378906,20.763267517089844,33.67491149902344,0,34.86144256591797,14.415306091308594,22.302520751953125,53.842750549316406,86.7690658569336,26.55462646484375,25.619422912597656,16.788375854492188,0,0,37.55703353881836,49.331764221191406,16441667584,16151695360,12744572928,8014176256
1,1776524190234,1911.8283996582031,1860.0000000000002,1,0.66875,59577.45553588867,1819,1901,1819,1819,1901,1901,1901,1819,1819,1819,1901,1901,1819,1819,1901,1901,46.43573760986328,24.389549255371094,16.881607055664063,11.835205078125,47.13992691040039,30.07221221923828,25.255157470703125,33.37855529785156,14.3895263671875,9.044395446777344,52.06575393676758,25.750144958496094,0.2679901123046875,0.26824188232421875,67.44705200195313,16.212013244628906,16441667584,16151695360,12754804736,8035725312
