Delta,Time,CORE0_ENERGY (J),CORE0_FREQ (MHZ),CORE0_PSTATE,CORE0_VOLT (V),CPU_ENERGY (J),CPU_FREQUENCY_0,CPU_FREQUENCY_1,CPU_FREQUENCY_10,CPU_FREQUENCY_11,CPU_FREQUENCY_12,CPU_FREQUENCY_13,CPU_FREQUENCY_14,CPU_FREQUENCY_15,CPU_FREQUENCY_2,CPU_FREQUENCY_3,CPU_FREQUENCY_4,CPU_FREQUENCY_5,CPU_FREQUENCY_6,CPU_FREQUENCY_7,CPU_FREQUENCY_8,CPU_FREQUENCY_9,CPU_USAGE_0,CPU_USAGE_1,CPU_USAGE_10,CPU_USAGE_11,CPU_USAGE_12,CPU_USAGE_13,CPU_USAGE_14,CPU_USAGE_15,CPU_USAGE_2,CPU_USAGE_3,CPU_USAGE_4,CPU_USAGE_5,CPU_USAGE_6,CPU_USAGE_7,CPU_USAGE_8,CPU_USAGE_9,TOTAL_MEMORY,TOTAL_SWAP,USED_MEMORY,USED_SWAP
0,1776524241678,6026.907852172852,1860.0000000000002,1,0.675,59826.124084472656,1819,1819,1819,1819,1901,1901,1819,1819,1819,1819,1819,1819,1819,1819,1901,1819,77.3489761352539,75.44839477539063,1.2459793090820313,1.2456588745117188,86.55813598632813,89.39669036865234,1.4194412231445313,1.4194412231445313,1.559173583984375,1.1130523681640625,79.39189147949219,88.43213653564453,1.0446395874023438,1.0433425903320313,93.66635131835938,75.50740051269531,16441667584,16151695360,12695425024,7946661888
198,1776524241680,5836.897384643555,1860.0000000000002,1,0.66875,59826.190841674805,1819,1819,1819,1819,1901,1901,1819,1819,1819,1819,1819,1819,1819,1819,1901,1819,60.92692184448242,64.07532501220703,0.4534454345703125,0.4547271728515625,72.99258422851563,66.4966812133789,71.06063842773438,68.30787658691406,0.22736358642578125,0.7887039184570313,86.17451477050781,92.44563293457031,0,0,52.23573684692383,39.59074783325195,16441667584,16151695360,12695334912,7946633216
2,1776524241880,3401.8137817382813,1550,2,0.63125,59827.4580078125,1819,1819,1819,1819,1901,1901,1819,1819,1819,1819,1819,1819,1819,1819,1901,1819,37.404685974121094,24.057998657226563,0.38268280029296875,0.38268280029296875,51.3812255859375,43.3995475769043,33.841758728027344,27.02692413330078,0.39180755615234375,0.41135406494140625,45.49962615966797,38.747684478759766,0.3995361328125,0.4002838134765625,74.26360321044922,50.09648132324219,16441667584,16151695360,12696399872,7946371072
