Delta,Time,CORE0_ENERGY (J),CORE0_FREQ (MHZ),CORE0_PSTATE,CORE0_VOLT (V),CPU_ENERGY (J),CPU_FREQUENCY_0,CPU_FREQUENCY_1,CPU_FREQUENCY_10,CPU_FREQUENCY_11,CPU_FREQUENCY_12,CPU_FREQUENCY_13,CPU_FREQUENCY_14,CPU_FREQUENCY_15,CPU_FREQUENCY_2,CPU_FREQUENCY_3,CPU_FREQUENCY_4,CPU_FREQUENCY_5,CPU_FREQUENCY_6,CPU_FREQUENCY_7,CPU_FREQUENCY_8,CPU_FREQUENCY_9,CPU_USAGE_0,CPU_USAGE_1,CPU_USAGE_10,CPU_USAGE_11,CPU_USAGE_12,CPU_USAGE_13,CPU_USAGE_14,CPU_USAGE_15,CPU_USAGE_2,CPU_USAGE_3,CPU_USAGE_4,CPU_USAGE_5,CPU_USAGE_6,CPU_USAGE_7,CPU_USAGE_8,CPU_USAGE_9,TOTAL_MEMORY,TOTAL_SWAP,USED_MEMORY,USED_SWAP
0,1776524417541,6109.900619506836,1550,2,0.63125,60645.01647949219,1819,1819,1819,1819,1901,1819,1819,1819,1819,1819,1819,1819,1819,1819,1819,1901,64.34872436523438,32.26564025878906,63.84830856323242,44.457393646240234,57.46308135986328,44.89033889770508,79.44337463378906,68.46026611328125,1.6441116333007813,1.8714065551757813,49.44023895263672,14.106452941894531,1.3323898315429688,1.3309478759765625,52.67109298706055,52.79340362548828,16441667584,16151695360,12553687040,7917027328
199,1776524417543,6109.904479980469,1860.0000000000002,1,0.675,60645.06610107422,1819,1819,1819,1819,1901,1819,1819,1819,1819,1819,1819,1819,1819,1819,1819,1901,34.92713928222656,13.658088684082031,55.02872848510742,10.227333068847656,21.28070831298828,58.04313278198242,64.20184326171875,40.1815299987793,7.9007415771484375,7.904075622558594,54.014488220214844,39.58697509765625,7.587638854980469,7.59930419921875,100,27.241233825683594,16441667584,16151695360,12553719808,7917023232
1,1776524417743,3459.32421875,1550,2,0.63125,60646.2938079834,1819,1819,1819,1819,1901,1819,1819,1819,1819,1819,1819,1819,1819,1819,1819,1901,25.774459838867188,23.256935119628906,13.81695556640625,13.988006591796875,70.35604858398438,67.0224838256836,42.450653076171875,27.914474487304688,0.20902252197265625,0.165985107421875,38.53586196899414,23.002967834472656,0.1752166748046875,0.17516326904296875,56.706878662109375,35.02678680419922,16441667584,16151695360,12552380416,7920697344
