Delta,Time,CORE0_ENERGY (J),CORE0_FREQ (MHZ),CORE0_PSTATE,CORE0_VOLT (V),CPU_ENERGY (J),CPU_FREQUENCY_0,CPU_FREQUENCY_1,CPU_FREQUENCY_10,CPU_FREQUENCY_11,CPU_FREQUENCY_12,CPU_FREQUENCY_13,CPU_FREQUENCY_14,CPU_FREQUENCY_15,CPU_FREQUENCY_2,CPU_FREQUENCY_3,CPU_FREQUENCY_4,CPU_FREQUENCY_5,CPU_FREQUENCY_6,CPU_FREQUENCY_7,CPU_FREQUENCY_8,CPU_FREQUENCY_9,CPU_USAGE_0,CPU_USAGE_1,CPU_USAGE_10,CPU_USAGE_11,CPU_USAGE_12,CPU_USAGE_13,CPU_USAGE_14,CPU_USAGE_15,CPU_USAGE_2,CPU_USAGE_3,CPU_USAGE_4,CPU_USAGE_5,CPU_USAGE_6,CPU_USAGE_7,CPU_USAGE_8,CPU_USAGE_9,TOTAL_MEMORY,TOTAL_SWAP,USED_MEMORY,USED_SWAP
0,1776524425497,5924.042694091797,1860.0000000000002,1,0.675,60681.69256591797,1819,1819,1819,1819,1901,1819,1819,1819,1819,1819,1819,1819,1819,1819,1901,1819,44.872581481933594,50.800113677978516,40.978492736816406,47.21249771118164,74.97047424316406,56.98667907714844,56.58324432373047,66.1257553100586,0,0,52.08591079711914,39.2078857421875,0,0,81.86521911621094,47.1865234375,16441667584,16151695360,12548005888,7918690304
199,1776524425498,5924.04899597168,1860.0000000000002,1,0.675,60681.77404785156,1819,1819,1819,1819,1901,1819,1819,1819,1819,1819,1819,1819,1819,1819,1901,1819,55.00876998901367,73.31190490722656,23.01226043701172,44.716426849365234,89.3608627319336,68.2103500366211,16.483970642089844,14.535018920898438,0,0,81.51840209960938,8.861557006835938,0,0,74.90290832519531,16.893638610839844,16441667584,16151695360,12548026368,7920152576
1,1776524425698,3462.0479583740234,1860.0000000000002,1,0.66875,60683.02444458008,1819,1819,1819,1819,1901,1819,1819,1819,1819,1819,1819,1819,1819,1819,1901,1819,45.285911560058594,27.2142333984375,13.853401184082031,11.023933410644531,55.440834045410156,45.95033264160156,27.162033081054688,25.129661560058594,0.42498016357421875,0.39905548095703125,41.7326545715332,39.932003021240234,0.36490631103515625,0.364654541015625,50.241371154785156,47.597389221191406,16441667584,16151695360,12552790016,7917805568
