Delta,Time,CORE0_ENERGY (J),CORE0_FREQ (MHZ),CORE0_PSTATE,CORE0_VOLT (V),CPU_ENERGY (J),CPU_FREQUENCY_0,CPU_FREQUENCY_1,CPU_FREQUENCY_10,CPU_FREQUENCY_11,CPU_FREQUENCY_12,CPU_FREQUENCY_13,CPU_FREQUENCY_14,CPU_FREQUENCY_15,CPU_FREQUENCY_2,CPU_FREQUENCY_3,CPU_FREQUENCY_4,CPU_FREQUENCY_5,CPU_FREQUENCY_6,CPU_FREQUENCY_7,CPU_FREQUENCY_8,CPU_FREQUENCY_9,CPU_USAGE_0,CPU_USAGE_1,CPU_USAGE_10,CPU_USAGE_11,CPU_USAGE_12,CPU_USAGE_13,CPU_USAGE_14,CPU_USAGE_15,CPU_USAGE_2,CPU_USAGE_3,CPU_USAGE_4,CPU_USAGE_5,CPU_USAGE_6,CPU_USAGE_7,CPU_USAGE_8,CPU_USAGE_9,TOTAL_MEMORY,TOTAL_SWAP,USED_MEMORY,USED_SWAP
0,1776524449618,1931.2997741699219,1860.0000000000002,1,0.66875,60795.96243286133,1819,1819,1819,1819,1901,1819,1819,1819,1819,1819,1901,1901,1819,1819,1819,1901,50.0138053894043,54.973533630371094,49.473812103271484,32.21179962158203,70.32012939453125,55.83696746826172,37.447242736816406,38.628204345703125,0,0,31.169677734375,26.459243774414063,0,0,74.83177185058594,67.74954223632813,16441667584,16151695360,12552200192,7926550528
199,1776524449619,3164.0823364257813,1550,2,0.63125,60796.04034423828,1819,1819,1819,1819,1901,1819,1819,1819,1819,1819,1901,1901,1819,1819,1819,1901,45.037620544433594,39.60055923461914,66.49512481689453,33.37110900878906,57.488155364990234,22.97724151611328,59.86716079711914,14.412445068359375,6.627960205078125,7.976776123046875,90.72921752929688,46.067813873291016,6.264747619628906,6.2610321044921875,100,81.36739349365234,16441667584,16151695360,12552237056,7928008704
0,1776524449820,6125.863677978516,1860.0000000000002,1,0.675,60797.11949157715,1819,1819,1819,1819,1901,1819,1819,1819,1819,1819,1901,1901,1819,1819,1819,1901,34.81122589111328,26.732696533203125,11.208198547363281,9.941078186035156,42.964027404785156,22.524642944335938,26.70830535888672,13.232437133789063,0,0,23.715187072753906,12.903083801269531,0,0,39.46023941040039,26.38347625732422,16441667584,16151695360,12558049280,7926710272
