Delta,Time,CORE0_ENERGY (J),CORE0_FREQ (MHZ),CORE0_PSTATE,CORE0_VOLT (V),CPU_ENERGY (J),CPU_FREQUENCY_0,CPU_FREQUENCY_1,CPU_FREQUENCY_10,CPU_FREQUENCY_11,CPU_FREQUENCY_12,CPU_FREQUENCY_13,CPU_FREQUENCY_14,CPU_FREQUENCY_15,CPU_FREQUENCY_2,CPU_FREQUENCY_3,CPU_FREQUENCY_4,CPU_FREQUENCY_5,CPU_FREQUENCY_6,CPU_FREQUENCY_7,CPU_FREQUENCY_8,CPU_FREQUENCY_9,CPU_USAGE_0,CPU_USAGE_1,CPU_USAGE_10,CPU_USAGE_11,CPU_USAGE_12,CPU_USAGE_13,CPU_USAGE_14,CPU_USAGE_15,CPU_USAGE_2,CPU_USAGE_3,CPU_USAGE_4,CPU_USAGE_5,CPU_USAGE_6,CPU_USAGE_7,CPU_USAGE_8,CPU_USAGE_9,TOTAL_MEMORY,TOTAL_SWAP,USED_MEMORY,USED_SWAP
0,1776524353702,1924.5991973876953,1860.0000000000002,1,0.66875,60332.440658569336,1901,1819,1819,1819,1901,1819,1819,1819,1819,1819,1819,1819,1819,1819,1901,1819,35.28520965576172,20.555831909179688,16.124542236328125,46.21634292602539,29.636199951171875,1.4998703002929688,12.9229736328125,4.437675476074219,52.2462158203125,5.8951873779296875,24.79888153076172,37.98921585083008,0,0,30.51702117919922,6.306022644042969,16441667584,16151695360,12905644032,7976771584
199,1776524353703,3437.1978302001953,1550,2,0.63125,60332.4620513916,1901,1819,1819,1819,1901,1819,1819,1819,1819,1819,1819,1819,1819,1819,1901,1819,0,0,0,47.3284912109375,1.332000732421875,0,0,54.59689712524414,18.875816345214844,0,0.42563629150390625,0,0,0,77.77666473388672,0,16441667584,16151695360,12905668608,7976640512
1,1776524353904,3437.221420288086,1860.0000000000002,1,0.6625,60333.406188964844,1901,1819,1819,1819,1901,1819,1819,1819,1819,1819,1819,1819,1819,1819,1901,1819,13.896278381347656,9.360794067382813,8.934974670410156,7.7027435302734375,23.88318634033203,7.0826416015625,15.062667846679688,9.525611877441406,16.794692993164063,4.604835510253906,9.899238586425781,7.3345184326171875,0.37502288818359375,0.37502288818359375,30.012863159179688,15.27679443359375,16441667584,16151695360,12903628800,7976988672
