Delta,Time,CORE0_ENERGY (J),CORE0_FREQ (MHZ),CORE0_PSTATE,CORE0_VOLT (V),CPU_ENERGY (J),CPU_FREQUENCY_0,CPU_FREQUENCY_1,CPU_FREQUENCY_10,CPU_FREQUENCY_11,CPU_FREQUENCY_12,CPU_FREQUENCY_13,CPU_FREQUENCY_14,CPU_FREQUENCY_15,CPU_FREQUENCY_2,CPU_FREQUENCY_3,CPU_FREQUENCY_4,CPU_FREQUENCY_5,CPU_FREQUENCY_6,CPU_FREQUENCY_7,CPU_FREQUENCY_8,CPU_FREQUENCY_9,CPU_USAGE_0,CPU_USAGE_1,CPU_USAGE_10,CPU_USAGE_11,CPU_USAGE_12,CPU_USAGE_13,CPU_USAGE_14,CPU_USAGE_15,CPU_USAGE_2,CPU_USAGE_3,CPU_USAGE_4,CPU_USAGE_5,CPU_USAGE_6,CPU_USAGE_7,CPU_USAGE_8,CPU_USAGE_9,TOTAL_MEMORY,TOTAL_SWAP,USED_MEMORY,USED_SWAP
0,1776524381710,5902.533874511719,1550,2,0.63125,60467.82374572754,1901,1901,1819,1819,1901,1901,1819,1819,1819,1819,1901,1901,1819,1819,1901,1901,61.00830078125,38.09317398071289,23.975509643554688,17.30944061279297,20.149459838867188,11.688034057617188,11.925521850585938,14.415046691894531,37.869285583496094,13.065773010253906,20.132461547851563,27.54241943359375,0,0,25.39403533935547,21.203895568847656,16441667584,16151695360,12773978112,7924207616
199,1776524381711,3446.749954223633,1860.0000000000002,1,0.675,60467.88412475586,1901,1901,1819,1819,1901,1901,1819,1819,1819,1819,1901,1901,1819,1819,1901,1901,11.46502685546875,31.93903350830078,55.01508712768555,10.619041442871094,41.22136688232422,8.770523071289063,18.0025634765625,24.6212158203125,41.12160110473633,19.308448791503906,18.90532684326172,28.302833557128906,7.7623138427734375,7.7623138427734375,47.261695861816406,8.655342102050781,16441667584,16151695360,12774014976,7924936704
1,1776524381912,5902.613525390625,1860.0000000000002,1,0.675,60468.96430969238,1901,1901,1819,1819,1901,1901,1819,1819,1819,1819,1901,1901,1819,1819,1901,1901,26.554412841796875,25.656219482421875,12.765243530273438,8.17803955078125,46.235198974609375,13.39581298828125,3.4803543090820313,1.0917892456054688,8.730155944824219,6.948966979980469,30.978797912597656,18.538352966308594,0,0,38.33763885498047,19.729171752929688,16441667584,16151695360,12778782720,7941160960
