Delta,Time,CORE0_ENERGY (J),CORE0_FREQ (MHZ),CORE0_PSTATE,CORE0_VOLT (V),CPU_ENERGY (J),CPU_FREQUENCY_0,CPU_FREQUENCY_1,CPU_FREQUENCY_10,CPU_FREQUENCY_11,CPU_FREQUENCY_12,CPU_FREQUENCY_13,CPU_FREQUENCY_14,CPU_FREQUENCY_15,CPU_FREQUENCY_2,CPU_FREQUENCY_3,CPU_FREQUENCY_4,CPU_FREQUENCY_5,CPU_FREQUENCY_6,CPU_FREQUENCY_7,CPU_FREQUENCY_8,CPU_FREQUENCY_9,CPU_USAGE_0,CPU_USAGE_1,CPU_USAGE_10,CPU_USAGE_11,CPU_USAGE_12,CPU_USAGE_13,CPU_USAGE_14,CPU_USAGE_15,CPU_USAGE_2,CPU_USAGE_3,CPU_USAGE_4,CPU_USAGE_5,CPU_USAGE_6,CPU_USAGE_7,CPU_USAGE_8,CPU_USAGE_9,TOTAL_MEMORY,TOTAL_SWAP,USED_MEMORY,USED_SWAP
0,1776524397611,5910.285720825195,1860.0000000000002,1,0.675,60544.0782623291,1901,1901,1819,1819,1901,1901,1819,1819,1819,1819,1901,1819,1819,1819,1901,1901,15.701644897460938,18.32720184326172,3.2325592041015625,3.4597091674804688,36.159446716308594,23.866607666015625,4.585601806640625,4.450752258300781,0.6541061401367188,0.27805328369140625,46.99744415283203,40.92319869995117,0.27767181396484375,0.27805328369140625,32.00574493408203,59.23482131958008,16441667584,16151695360,12743774208,7921102848
199,1776524397613,6099.775543212891,1860.0000000000002,1,0.675,60544.12632751465,1901,1901,1819,1819,1901,1901,1819,1819,1819,1819,1901,1819,1819,1819,1901,1901,0,0.30438995361328125,0,0,85.8411636352539,36.3568115234375,0,0,0,0,41.08244705200195,24.788734436035156,0,0,21.808807373046875,67.34307861328125,16441667584,16151695360,12743806976,7921102848
0,1776524397813,5910.35026550293,1860.0000000000002,1,0.6625,60544.98678588867,1901,1901,1819,1819,1901,1901,1819,1819,1819,1819,1901,1819,1819,1819,1901,1901,0.10687255859375,0.26027679443359375,0.1547088623046875,0.1547088623046875,41.14132308959961,10.926368713378906,0.15526580810546875,0.15576934814453125,0.1348114013671875,0.16063690185546875,19.86003875732422,14.156097412109375,0.1531524658203125,0.15350341796875,26.507522583007813,12.098480224609375,16441667584,16151695360,12743725056,7921070080
