Delta,Time,CORE0_ENERGY (J),CORE0_FREQ (MHZ),CORE0_PSTATE,CORE0_VOLT (V),CPU_ENERGY (J),CPU_FREQUENCY_0,CPU_FREQUENCY_1,CPU_FREQUENCY_10,CPU_FREQUENCY_11,CPU_FREQUENCY_12,CPU_FREQUENCY_13,CPU_FREQUENCY_14,CPU_FREQUENCY_15,CPU_FREQUENCY_2,CPU_FREQUENCY_3,CPU_FREQUENCY_4,CPU_FREQUENCY_5,CPU_FREQUENCY_6,CPU_FREQUENCY_7,CPU_FREQUENCY_8,CPU_FREQUENCY_9,CPU_USAGE_0,CPU_USAGE_1,CPU_USAGE_10,CPU_USAGE_11,CPU_USAGE_12,CPU_USAGE_13,CPU_USAGE_14,CPU_USAGE_15,CPU_USAGE_2,CPU_USAGE_3,CPU_USAGE_4,CPU_USAGE_5,CPU_USAGE_6,CPU_USAGE_7,CPU_USAGE_8,CPU_USAGE_9,TOTAL_MEMORY,TOTAL_SWAP,USED_MEMORY,USED_SWAP
0,1776524413558,5918.135299682617,1860.0000000000002,1,0.675,60623.97105407715,1901,1819,1819,1819,1901,1819,1819,1819,1819,1819,1819,1819,1819,1819,1901,1819,59.82034683227539,66.42483520507813,0.26226806640625,0.2608795166015625,71.89141082763672,65.38062286376953,68.58952331542969,62.04459762573242,0.33402252197265625,0.33158111572265625,63.61334228515625,45.53025436401367,0.2121124267578125,0.21141815185546875,82.2310791015625,71.08718872070313,16441667584,16151695360,12682035200,7925202944
199,1776524413559,3158.044723510742,1860.0000000000002,1,0.66875,60624.068603515625,1901,1819,1819,1819,1901,1819,1819,1819,1819,1819,1819,1819,1819,1819,1901,1819,50.7834358215332,81.85391998291016,1.449127197265625,1.449127197265625,85.65057373046875,68.70329284667969,55.1641960144043,68.43905639648438,2.3289871215820313,1.222900390625,83.0313949584961,62.019508361816406,1.84130859375,1.8440933227539063,56.80246353149414,44.92017364501953,16441667584,16151695360,12682084352,7925202944
2,1776524413760,5918.258117675781,1860.0000000000002,1,0.675,60625.30912780762,1901,1819,1819,1819,1901,1819,1819,1819,1819,1819,1819,1819,1819,1819,1901,1819,51.46122360229492,49.726783752441406,0,0,59.238990783691406,55.611351013183594,16.696800231933594,17.505958557128906,0,0,48.392539978027344,37.87709045410156,0,0,49.593170166015625,43.198089599609375,16441667584,16151695360,12670697472,7920033792
