Delta,Time,CORE0_ENERGY (J),CORE0_FREQ (MHZ),CORE0_PSTATE,CORE0_VOLT (V),CPU_ENERGY (J),CPU_FREQUENCY_0,CPU_FREQUENCY_1,CPU_FREQUENCY_10,CPU_FREQUENCY_11,CPU_FREQUENCY_12,CPU_FREQUENCY_13,CPU_FREQUENCY_14,CPU_FREQUENCY_15,CPU_FREQUENCY_2,CPU_FREQUENCY_3,CPU_FREQUENCY_4,CPU_FREQUENCY_5,CPU_FREQUENCY_6,CPU_FREQUENCY_7,CPU_FREQUENCY_8,CPU_FREQUENCY_9,CPU_USAGE_0,CPU_USAGE_1,CPU_USAGE_10,CPU_USAGE_11,CPU_USAGE_12,CPU_USAGE_13,CPU_USAGE_14,CPU_USAGE_15,CPU_USAGE_2,CPU_USAGE_3,CPU_USAGE_4,CPU_USAGE_5,CPU_USAGE_6,CPU_USAGE_7,CPU_USAGE_8,CPU_USAGE_9,TOTAL_MEMORY,TOTAL_SWAP,USED_MEMORY,USED_SWAP
0,1776524389709,8555.30679321289,1860.0000000000002,1,0.675,60507.627197265625,1901,1901,1819,1819,1901,1901,1819,1819,1819,1819,1901,1901,1819,1819,1901,1819,61.916358947753906,41.37731170654297,22.171676635742188,58.1297607421875,9.538986206054688,16.925857543945313,19.42443084716797,15.992027282714844,18.08142852783203,9.965133666992188,10.925895690917969,16.183151245117188,68.64095306396484,12.733039855957031,12.496170043945313,11.658645629882813,16441667584,16151695360,12756107264,7920746496
199,1776524389710,3449.3202056884766,1550,2,0.63125,60507.6891784668,1901,1901,1819,1819,1901,1901,1819,1819,1819,1819,1901,1901,1819,1819,1901,1819,15.11962890625,19.890121459960938,52.32329177856445,31.625938415527344,15.640769958496094,12.249679565429688,26.59851837158203,32.492393493652344,16.63568878173828,10.811058044433594,18.1180419921875,22.340965270996094,81.35990142822266,8.784782409667969,38.38991165161133,7.998504638671875,16441667584,16151695360,12756135936,7921594368
0,1776524389910,6095.96794128418,1860.0000000000002,1,0.675,60508.54945373535,1901,1901,1819,1819,1901,1901,1819,1819,1819,1819,1901,1901,1819,1819,1901,1819,3.4744796752929688,1.5728530883789063,2.0583114624023438,2.4601211547851563,25.88121795654297,8.533912658691406,2.0736083984375,0.7752761840820313,3.6608657836914063,2.5783157348632813,11.063728332519531,7.245536804199219,16.03942108154297,3.553070068359375,22.09961700439453,7.380119323730469,16441667584,16151695360,12755353600,7926882304
