Delta,Time,CORE0_ENERGY (J),CORE0_FREQ (MHZ),CORE0_PSTATE,CORE0_VOLT (V),CPU_ENERGY (J),CPU_FREQUENCY_0,CPU_FREQUENCY_1,CPU_FREQUENCY_10,CPU_FREQUENCY_11,CPU_FREQUENCY_12,CPU_FREQUENCY_13,CPU_FREQUENCY_14,CPU_FREQUENCY_15,CPU_FREQUENCY_2,CPU_FREQUENCY_3,CPU_FREQUENCY_4,CPU_FREQUENCY_5,CPU_FREQUENCY_6,CPU_FREQUENCY_7,CPU_FREQUENCY_8,CPU_FREQUENCY_9,CPU_USAGE_0,CPU_USAGE_1,CPU_USAGE_10,CPU_USAGE_11,CPU_USAGE_12,CPU_USAGE_13,CPU_USAGE_14,CPU_USAGE_15,CPU_USAGE_2,CPU_USAGE_3,CPU_USAGE_4,CPU_USAGE_5,CPU_USAGE_6,CPU_USAGE_7,CPU_USAGE_8,CPU_USAGE_9,TOTAL_MEMORY,TOTAL_SWAP,USED_MEMORY,USED_SWAP
0,1776524365623,3148.41943359375,1860.0000000000002,1,0.66875,60390.98937988281,1819,1819,1819,1819,1819,1901,1819,1819,1819,1819,1819,1819,1819,1819,1819,1901,82.80442810058594,80.67449951171875,0,0,95.26254272460938,93.14624786376953,85.42105102539063,88.08670043945313,0,0.04480743408203125,76.08639526367188,88.5584716796875,0,0,87.00745391845703,76.95719146728516,16441667584,16151695360,12796555264,7972966400
198,1776524365625,3441.1782989501953,1860.0000000000002,1,0.66875,60391.059661865234,1819,1819,1819,1819,1819,1901,1819,1819,1819,1819,1819,1819,1819,1819,1819,1901,96.61292266845703,97.27810668945313,0,0,91.1204605102539,86.127197265625,60.04143524169922,75.6240005493164,0,0,78.41453552246094,93.68385314941406,0,0,92.9787368774414,98.10054016113281,16441667584,16151695360,12796592128,7972966400
1,1776524365824,3148.504592895508,1860.0000000000002,1,0.66875,60392.31440734863,1819,1819,1819,1819,1819,1901,1819,1819,1819,1819,1819,1819,1819,1819,1819,1901,34.56189727783203,33.07013702392578,31.029052734375,19.302627563476563,49.42292785644531,48.71321487426758,32.83576202392578,35.947898864746094,0,0,31.391204833984375,23.07482147216797,0,0,41.99233627319336,64.35362243652344,16441667584,16151695360,12800819200,7967870976
