Delta,Time,CORE0_ENERGY (J),CORE0_FREQ (MHZ),CORE0_PSTATE,CORE0_VOLT (V),CPU_ENERGY (J),CPU_FREQUENCY_0,CPU_FREQUENCY_1,CPU_FREQUENCY_10,CPU_FREQUENCY_11,CPU_FREQUENCY_12,CPU_FREQUENCY_13,CPU_FREQUENCY_14,CPU_FREQUENCY_15,CPU_FREQUENCY_2,CPU_FREQUENCY_3,CPU_FREQUENCY_4,CPU_FREQUENCY_5,CPU_FREQUENCY_6,CPU_FREQUENCY_7,CPU_FREQUENCY_8,CPU_FREQUENCY_9,CPU_USAGE_0,CPU_USAGE_1,CPU_USAGE_10,CPU_USAGE_11,CPU_USAGE_12,CPU_USAGE_13,CPU_USAGE_14,CPU_USAGE_15,CPU_USAGE_2,CPU_USAGE_3,CPU_USAGE_4,CPU_USAGE_5,CPU_USAGE_6,CPU_USAGE_7,CPU_USAGE_8,CPU_USAGE_9,TOTAL_MEMORY,TOTAL_SWAP,USED_MEMORY,USED_SWAP
0,1776524345570,1922.8712921142578,1860.0000000000002,1,0.66875,60287.91384887695,1819,1819,1819,1819,1819,1819,1819,1819,1819,1819,1819,1901,1819,1819,1901,1901,37.96617889404297,34.226715087890625,0,0,75.61344146728516,75.24246215820313,62.47343826293945,36.429439544677734,0,0,53.100284576416016,68.81745910644531,0,0,57.979679107666016,49.92267990112305,16441667584,16151695360,12793679872,7945392128
199,1776524345571,1922.8797149658203,1550,2,0.63125,60287.99189758301,1819,1819,1819,1819,1819,1819,1819,1819,1819,1819,1819,1901,1819,1819,1901,1901,65.81429290771484,74.26236724853516,5.401954650878906,5.402870178222656,31.07616424560547,65.55233001708984,66.15989685058594,79.95109558105469,7.163078308105469,6.373512268066406,58.992225646972656,47.929115295410156,5.552696228027344,5.5517730712890625,27.405006408691406,78.24144744873047,16441667584,16151695360,12793712640,7945736192
2,1776524345771,3143.722442626953,1550,2,0.63125,60289.21365356445,1819,1819,1819,1819,1819,1819,1819,1819,1819,1819,1819,1901,1819,1819,1901,1901,32.71650695800781,35.66697692871094,0,0,51.763614654541016,78.09874725341797,45.08259582519531,36.06705093383789,0,0,29.450950622558594,22.850799560546875,0,0,42.294464111328125,40.671993255615234,16441667584,16151695360,12805541888,7946874880
