Delta,Time,CORE0_ENERGY (J),CORE0_FREQ (MHZ),CORE0_PSTATE,CORE0_VOLT (V),CPU_ENERGY (J),CPU_FREQUENCY_0,CPU_FREQUENCY_1,CPU_FREQUENCY_10,CPU_FREQUENCY_11,CPU_FREQUENCY_12,CPU_FREQUENCY_13,CPU_FREQUENCY_14,CPU_FREQUENCY_15,CPU_FREQUENCY_2,CPU_FREQUENCY_3,CPU_FREQUENCY_4,CPU_FREQUENCY_5,CPU_FREQUENCY_6,CPU_FREQUENCY_7,CPU_FREQUENCY_8,CPU_FREQUENCY_9,CPU_USAGE_0,CPU_USAGE_1,CPU_USAGE_10,CPU_USAGE_11,CPU_USAGE_12,CPU_USAGE_13,CPU_USAGE_14,CPU_USAGE_15,CPU_USAGE_2,CPU_USAGE_3,CPU_USAGE_4,CPU_USAGE_5,CPU_USAGE_6,CPU_USAGE_7,CPU_USAGE_8,CPU_USAGE_9,TOTAL_MEMORY,TOTAL_SWAP,USED_MEMORY,USED_SWAP
0,1776524373637,5898.574066162109,1860.0000000000002,1,0.675,60430.180084228516,1819,1819,1819,1819,1819,1819,1819,1819,1819,1819,1819,1819,1819,1819,1901,1819,30.784568786621094,41.24380111694336,0,0,46.960758209228516,34.56073760986328,23.469146728515625,11.599769592285156,0,0,38.8287467956543,7.5016937255859375,0,0,29.859718322753906,19.170089721679688,16441667584,16151695360,12761743360,7913984000
199,1776524373638,3150.1585083007813,1860.0000000000002,1,0.66875,60430.24154663086,1819,1819,1819,1819,1819,1819,1819,1819,1819,1819,1819,1819,1819,1819,1901,1819,17.004737854003906,40.22917556762695,0,0,23.624855041503906,8.878273010253906,39.04697799682617,46.20643997192383,1.5036239624023438,0.16434478759765625,32.076377868652344,10.001449584960938,0,0,49.25999069213867,23.119110107421875,16441667584,16151695360,12761739264,7914299392
1,1776524373838,3444.033157348633,1860.0000000000002,1,0.675,60431.08430480957,1819,1819,1819,1819,1819,1819,1819,1819,1819,1819,1819,1819,1819,1819,1901,1819,13.884071350097656,9.846168518066406,0.07657623291015625,0.076629638671875,14.485267639160156,10.976837158203125,0.5763473510742188,0.3606414794921875,0.05939483642578125,0.0349578857421875,18.53643798828125,8.510719299316406,0.05564117431640625,0.05564117431640625,31.37218475341797,20.03771209716797,16441667584,16151695360,12756312064,7911710720
