Delta,Time,CORE0_ENERGY (J),CORE0_FREQ (MHZ),CORE0_PSTATE,CORE0_VOLT (V),CPU_ENERGY (J),CPU_FREQUENCY_0,CPU_FREQUENCY_1,CPU_FREQUENCY_10,CPU_FREQUENCY_11,CPU_FREQUENCY_12,CPU_FREQUENCY_13,CPU_FREQUENCY_14,CPU_FREQUENCY_15,CPU_FREQUENCY_2,CPU_FREQUENCY_3,CPU_FREQUENCY_4,CPU_FREQUENCY_5,CPU_FREQUENCY_6,CPU_FREQUENCY_7,CPU_FREQUENCY_8,CPU_FREQUENCY_9,CPU_USAGE_0,CPU_USAGE_1,CPU_USAGE_10,CPU_USAGE_11,CPU_USAGE_12,CPU_USAGE_13,CPU_USAGE_14,CPU_USAGE_15,CPU_USAGE_2,CPU_USAGE_3,CPU_USAGE_4,CPU_USAGE_5,CPU_USAGE_6,CPU_USAGE_7,CPU_USAGE_8,CPU_USAGE_9,TOTAL_MEMORY,TOTAL_SWAP,USED_MEMORY,USED_SWAP
0,1776524349654,3145.0208740234375,1860.0000000000002,1,0.66875,60311.80158996582,1819,1819,1819,1901,1901,1819,1819,1819,1819,1819,1819,1819,1819,1819,1901,1819,59.124595642089844,36.99449920654297,47.0294075012207,36.81887435913086,47.25010299682617,24.588478088378906,28.94654083251953,30.799362182617188,32.61390686035156,12.358085632324219,41.14545822143555,35.55516815185547,46.48786926269531,51.45185089111328,36.60605239868164,42.56940841674805,16441667584,16151695360,12920627200,7997001728
199,1776524349655,3435.772705078125,1550,2,0.63125,60311.84233093262,1819,1819,1819,1901,1901,1819,1819,1819,1819,1819,1819,1819,1819,1819,1901,1819,61.70563507080078,2.5842361450195313,21.12946319580078,42.507076263427734,50.23263931274414,13.925399780273438,60.146949768066406,100,2.5822982788085938,2.5803604125976563,35.049049377441406,15.0362548828125,2.5803604125976563,2.5803604125976563,64.4275131225586,3.0010452270507813,16441667584,16151695360,12920774656,7998169088
0,1776524349855,5887.190383911133,1860.0000000000002,1,0.675,60312.96928405762,1819,1819,1819,1901,1901,1819,1819,1819,1819,1819,1819,1819,1819,1819,1901,1819,37.534278869628906,26.778160095214844,22.581932067871094,15.345344543457031,60.467288970947266,8.323722839355469,20.561767578125,9.030967712402344,0.7920761108398438,0.8158493041992188,35.584190368652344,45.28223419189453,0.7673568725585938,0.7673568725585938,18.661972045898438,13.352447509765625,16441667584,16151695360,12930228224,7998300160
