Delta,Time,CORE0_ENERGY (J),CORE0_FREQ (MHZ),CORE0_PSTATE,CORE0_VOLT (V),CPU_ENERGY (J),CPU_FREQUENCY_0,CPU_FREQUENCY_1,CPU_FREQUENCY_10,CPU_FREQUENCY_11,CPU_FREQUENCY_12,CPU_FREQUENCY_13,CPU_FREQUENCY_14,CPU_FREQUENCY_15,CPU_FREQUENCY_2,CPU_FREQUENCY_3,CPU_FREQUENCY_4,CPU_FREQUENCY_5,CPU_FREQUENCY_6,CPU_FREQUENCY_7,CPU_FREQUENCY_8,CPU_FREQUENCY_9,CPU_USAGE_0,CPU_USAGE_1,CPU_USAGE_10,CPU_USAGE_11,CPU_USAGE_12,CPU_USAGE_13,CPU_USAGE_14,CPU_USAGE_15,CPU_USAGE_2,CPU_USAGE_3,CPU_USAGE_4,CPU_USAGE_5,CPU_USAGE_6,CPU_USAGE_7,CPU_USAGE_8,CPU_USAGE_9,TOTAL_MEMORY,TOTAL_SWAP,USED_MEMORY,USED_SWAP
0,1776524357666,3147.0396423339844,1860.0000000000002,1,0.66875,60353.330490112305,1819,1819,1819,1819,1901,1819,1819,1819,1819,1819,1901,1819,1819,1819,1819,1901,35.63945770263672,38.730552673339844,45.33708953857422,54.32313919067383,53.841796875,46.94504165649414,44.41091537475586,38.632198333740234,1.7357406616210938,2.6332244873046875,64.27374267578125,47.58509063720703,1.6876754760742188,1.6869354248046875,63.3248405456543,58.31209945678711,16441667584,16151695360,12784476160,7978254336
199,1776524357667,1648.4242553710938,1860.0000000000002,1,0.675,60353.40361022949,1819,1819,1819,1819,1901,1819,1819,1819,1819,1819,1901,1819,1819,1819,1819,1901,77.63544464111328,4.708106994628906,61.15812683105469,19.91705322265625,30.09764862060547,35.611083984375,27.368751525878906,35.74128723144531,0,1.26312255859375,37.34040451049805,44.84880447387695,0,0,98.62137603759766,34.345863342285156,16441667584,16151695360,12784558080,7978774528
2,1776524357868,3438.7677612304688,1860.0000000000002,1,0.66875,60354.64747619629,1819,1819,1819,1819,1901,1819,1819,1819,1819,1819,1901,1819,1819,1819,1819,1901,37.248870849609375,27.734054565429688,16.624114990234375,10.310554504394531,48.11833953857422,45.94499588012695,35.102684020996094,31.42601776123047,0,0,35.54048156738281,26.744644165039063,0,0,65.24290466308594,40.62379837036133,16441667584,16151695360,12788592640,7972974592
