Delta,Time,CORE0_ENERGY (J),CORE0_FREQ (MHZ),CORE0_PSTATE,CORE0_VOLT (V),CPU_ENERGY (J),CPU_FREQUENCY_0,CPU_FREQUENCY_1,CPU_FREQUENCY_10,CPU_FREQUENCY_11,CPU_FREQUENCY_12,CPU_FREQUENCY_13,CPU_FREQUENCY_14,CPU_FREQUENCY_15,CPU_FREQUENCY_2,CPU_FREQUENCY_3,CPU_FREQUENCY_4,CPU_FREQUENCY_5,CPU_FREQUENCY_6,CPU_FREQUENCY_7,CPU_FREQUENCY_8,CPU_FREQUENCY_9,CPU_USAGE_0,CPU_USAGE_1,CPU_USAGE_10,CPU_USAGE_11,CPU_USAGE_12,CPU_USAGE_13,CPU_USAGE_14,CPU_USAGE_15,CPU_USAGE_2,CPU_USAGE_3,CPU_USAGE_4,CPU_USAGE_5,CPU_USAGE_6,CPU_USAGE_7,CPU_USAGE_8,CPU_USAGE_9,TOTAL_MEMORY,TOTAL_SWAP,USED_MEMORY,USED_SWAP
0,1776524445573,6123.751571655273,1860.0000000000002,1,0.675,60776.411361694336,1819,1819,1819,1819,1819,1901,1819,1819,1819,1819,1819,1819,1819,1819,1901,1819,32.877532958984375,13.512184143066406,34.800987243652344,36.37352752685547,33.99878692626953,38.89772033691406,42.594818115234375,24.29285430908203,0.1769256591796875,0.5567779541015625,58.53925704956055,42.77870178222656,0,0,54.20808792114258,43.2003173828125,16441667584,16151695360,12555354112,7927484416
199,1776524445574,3163.4395141601563,1860.0000000000002,1,0.66875,60776.47801208496,1819,1819,1819,1819,1819,1901,1819,1819,1819,1819,1819,1819,1819,1819,1901,1819,18.205795288085938,24.511978149414063,49.45880889892578,34.67315673828125,84.47605895996094,18.135841369628906,45.084842681884766,49.355770111083984,4.73223876953125,3.353973388671875,63.76140213012695,52.42142105102539,3.515625,3.5203475952148438,49.753746032714844,10.087440490722656,16441667584,16151695360,12555374592,7928115200
1,1776524445774,3163.4970092773438,1550,2,0.63125,60777.576568603516,1819,1819,1819,1819,1819,1901,1819,1819,1819,1819,1819,1819,1819,1819,1901,1819,26.814163208007813,17.514602661132813,11.613105773925781,11.708297729492188,63.23365020751953,13.782394409179688,14.352394104003906,12.2860107421875,0.2108154296875,0.04852294921875,37.938846588134766,21.88146209716797,0.06529998779296875,0.0652008056640625,32.819969177246094,23.72325897216797,16441667584,16151695360,12567728128,7945068544
