Delta,Time,CORE0_ENERGY (J),CORE0_FREQ (MHZ),CORE0_PSTATE,CORE0_VOLT (V),CPU_ENERGY (J),CPU_FREQUENCY_0,CPU_FREQUENCY_1,CPU_FREQUENCY_10,CPU_FREQUENCY_11,CPU_FREQUENCY_12,CPU_FREQUENCY_13,CPU_FREQUENCY_14,CPU_FREQUENCY_15,CPU_FREQUENCY_2,CPU_FREQUENCY_3,CPU_FREQUENCY_4,CPU_FREQUENCY_5,CPU_FREQUENCY_6,CPU_FREQUENCY_7,CPU_FREQUENCY_8,CPU_FREQUENCY_9,CPU_USAGE_0,CPU_USAGE_1,CPU_USAGE_10,CPU_USAGE_11,CPU_USAGE_12,CPU_USAGE_13,CPU_USAGE_14,CPU_USAGE_15,CPU_USAGE_2,CPU_USAGE_3,CPU_USAGE_4,CPU_USAGE_5,CPU_USAGE_6,CPU_USAGE_7,CPU_USAGE_8,CPU_USAGE_9,TOTAL_MEMORY,TOTAL_SWAP,USED_MEMORY,USED_SWAP
0,1776524453613,5937.56559753418,1860.0000000000002,1,0.675,60815.42713928223,1819,1819,1819,1819,1901,1819,1819,1819,1819,1819,1901,1819,1819,1819,1901,1819,42.75517654418945,11.795555114746094,46.636329650878906,67.91780090332031,46.57793045043945,62.28221893310547,77.07887268066406,52.543636322021484,0,0,26.011451721191406,16.757919311523438,0,0,59.49321746826172,52.1729621887207,16441667584,16151695360,12530761728,7891386368
199,1776524453614,1931.6565246582031,1860.0000000000002,1,0.66875,60815.503356933594,1819,1819,1819,1819,1901,1819,1819,1819,1819,1819,1901,1819,1819,1819,1901,1819,87.77278137207031,34.944244384765625,35.54412841796875,17.972023010253906,61.22078323364258,31.645904541015625,54.64552688598633,29.847274780273438,0,0,8.141281127929688,13.905464172363281,0,0,76.09136962890625,0,16441667584,16151695360,12530802688,7892172800
1,1776524453814,5937.678985595703,1550,2,0.63125,60816.72555541992,1819,1819,1819,1819,1901,1819,1819,1819,1819,1819,1901,1819,1819,1819,1901,1819,43.145992279052734,29.18756866455078,18.568016052246094,9.557449340820313,63.62683868408203,25.664894104003906,32.55812072753906,21.24090576171875,0.2194366455078125,0.264801025390625,43.704811096191406,31.735252380371094,0.23016357421875,0.23021697998046875,54.96989440917969,45.19070053100586,16441667584,16151695360,12530655232,7892942848
