Delta,Time,CORE0_ENERGY (J),CORE0_FREQ (MHZ),CORE0_PSTATE,CORE0_VOLT (V),CPU_ENERGY (J),CPU_FREQUENCY_0,CPU_FREQUENCY_1,CPU_FREQUENCY_10,CPU_FREQUENCY_11,CPU_FREQUENCY_12,CPU_FREQUENCY_13,CPU_FREQUENCY_14,CPU_FREQUENCY_15,CPU_FREQUENCY_2,CPU_FREQUENCY_3,CPU_FREQUENCY_4,CPU_FREQUENCY_5,CPU_FREQUENCY_6,CPU_FREQUENCY_7,CPU_FREQUENCY_8,CPU_FREQUENCY_9,CPU_USAGE_0,CPU_USAGE_1,CPU_USAGE_10,CPU_USAGE_11,CPU_USAGE_12,CPU_USAGE_13,CPU_USAGE_14,CPU_USAGE_15,CPU_USAGE_2,CPU_USAGE_3,CPU_USAGE_4,CPU_USAGE_5,CPU_USAGE_6,CPU_USAGE_7,CPU_USAGE_8,CPU_USAGE_9,TOTAL_MEMORY,TOTAL_SWAP,USED_MEMORY,USED_SWAP
0,1776524441595,5931.803680419922,1860.0000000000002,1,0.675,60756.200942993164,1819,1819,1819,1819,1819,1819,1819,1819,1819,1819,1901,1901,1819,1819,1901,1901,54.281639099121094,38.99202346801758,48.743568420410156,33.17211151123047,64.2006607055664,69.09042358398438,52.90747833251953,80.1318588256836,1.0625762939453125,0.06585693359375,50.14216232299805,32.107765197753906,0,0,46.89070129394531,30.540283203125,16441667584,16151695360,12554809344,7926865920
198,1776524441597,5931.809631347656,1550,2,0.63125,60756.27961730957,1819,1819,1819,1819,1819,1819,1819,1819,1819,1819,1901,1901,1819,1819,1901,1901,35.69110107421875,57.91159439086914,46.68479537963867,21.47716522216797,67.6759033203125,98.33721923828125,54.60416030883789,57.86238479614258,11.076576232910156,11.297592163085938,51.67314147949219,17.96080780029297,10.372962951660156,10.376411437988281,72.19977569580078,16.582061767578125,16441667584,16151695360,12554846208,7927201792
1,1776524441797,3467.068862915039,1860.0000000000002,1,0.66875,60757.50424194336,1819,1819,1819,1819,1819,1819,1819,1819,1819,1819,1901,1901,1819,1819,1901,1901,45.47241973876953,38.50656509399414,7.9589080810546875,3.993865966796875,71.57623291015625,47.701812744140625,14.1865234375,6.7112884521484375,0.321624755859375,0.3215789794921875,38.34602737426758,38.5728759765625,0.30228424072265625,0.3020782470703125,59.467830657958984,62.64787673950195,16441667584,16151695360,12554981376,7928676352
