Delta,Time,CORE0_ENERGY (J),CORE0_FREQ (MHZ),CORE0_PSTATE,CORE0_VOLT (V),CPU_ENERGY (J),CPU_FREQUENCY_0,CPU_FREQUENCY_1,CPU_FREQUENCY_10,CPU_FREQUENCY_11,CPU_FREQUENCY_12,CPU_FREQUENCY_13,CPU_FREQUENCY_14,CPU_FREQUENCY_15,CPU_FREQUENCY_2,CPU_FREQUENCY_3,CPU_FREQUENCY_4,CPU_FREQUENCY_5,CPU_FREQUENCY_6,CPU_FREQUENCY_7,CPU_FREQUENCY_8,CPU_FREQUENCY_9,CPU_USAGE_0,CPU_USAGE_1,CPU_USAGE_10,CPU_USAGE_11,CPU_USAGE_12,CPU_USAGE_13,CPU_USAGE_14,CPU_USAGE_15,CPU_USAGE_2,CPU_USAGE_3,CPU_USAGE_4,CPU_USAGE_5,CPU_USAGE_6,CPU_USAGE_7,CPU_USAGE_8,CPU_USAGE_9,TOTAL_MEMORY,TOTAL_SWAP,USED_MEMORY,USED_SWAP
0,1776524393664,1927.5897216796875,1860.0000000000002,1,0.66875,60524.944747924805,1819,1819,1819,1819,1901,1901,1819,1819,1819,1819,1901,1901,1819,1819,1901,1901,64.95024108886719,40.10252380371094,63.653350830078125,53.33409118652344,75.93138122558594,63.14210891723633,59.70615005493164,79.52247619628906,0,0,56.49667739868164,52.213706970214844,0,0,65.02159881591797,53.93254852294922,16441667584,16151695360,12741545984,7933939712
199,1776524393665,1927.5935668945313,1550,2,0.63125,60524.99351501465,1819,1819,1819,1819,1901,1901,1819,1819,1819,1819,1901,1901,1819,1819,1901,1901,73.48699951171875,27.612152099609375,55.15572738647461,88.45033264160156,74.09467315673828,54.09467697143555,60.030479431152344,29.427566528320313,2.1449661254882813,1.243927001953125,43.51652526855469,73.61843872070313,2.5869140625,2.5907211303710938,72.33451080322266,70.11524963378906,16441667584,16151695360,12742987776,7933939712
1,1776524393866,3450.6361083984375,1550,2,0.63125,60526.30409240723,1819,1819,1819,1819,1901,1901,1819,1819,1819,1819,1901,1901,1819,1819,1901,1901,36.13697814941406,30.419143676757813,39.115203857421875,36.430320739746094,41.127750396728516,48.17903137207031,43.80576705932617,39.6480598449707,0.04555511474609375,0.1354217529296875,47.13521957397461,43.15869140625,0.04676055908203125,0.04695892333984375,53.84850311279297,42.092674255371094,16441667584,16151695360,12753821696,7917703168
