Delta,Time,CORE0_ENERGY (J),CORE0_FREQ (MHZ),CORE0_PSTATE,CORE0_VOLT (V),CPU_ENERGY (J),CPU_FREQUENCY_0,CPU_FREQUENCY_1,CPU_FREQUENCY_10,CPU_FREQUENCY_11,CPU_FREQUENCY_12,CPU_FREQUENCY_13,CPU_FREQUENCY_14,CPU_FREQUENCY_15,CPU_FREQUENCY_2,CPU_FREQUENCY_3,CPU_FREQUENCY_4,CPU_FREQUENCY_5,CPU_FREQUENCY_6,CPU_FREQUENCY_7,CPU_FREQUENCY_8,CPU_FREQUENCY_9,CPU_USAGE_0,CPU_USAGE_1,CPU_USAGE_10,CPU_USAGE_11,CPU_USAGE_12,CPU_USAGE_13,CPU_USAGE_14,CPU_USAGE_15,CPU_USAGE_2,CPU_USAGE_3,CPU_USAGE_4,CPU_USAGE_5,CPU_USAGE_6,CPU_USAGE_7,CPU_USAGE_8,CPU_USAGE_9,TOTAL_MEMORY,TOTAL_SWAP,USED_MEMORY,USED_SWAP
0,1776524409572,1928.6380157470703,1550,2,0.63125,60603.608337402344,1819,1819,1819,1819,1901,1901,1819,1819,1819,1819,1819,1819,1819,1819,1901,1901,36.03560256958008,46.592079162597656,21.357315063476563,10.789817810058594,24.962661743164063,9.415245056152344,24.111778259277344,43.96417236328125,60.71248245239258,10.629440307617188,36.55852127075195,31.312583923339844,0,0,34.77960205078125,11.810195922851563,16441667584,16151695360,12740276224,7921332224
199,1776524409573,1918.7075958251953,1860.0000000000002,1,0.675,60603.65490722656,1819,1819,1819,1819,1901,1901,1819,1819,1819,1819,1819,1819,1819,1819,1901,1901,53.0704345703125,13.800788879394531,19.886619567871094,19.853599548339844,13.639801025390625,41.51519775390625,57.68262481689453,5.751472473144531,37.036476135253906,86.20609283447266,38.96556091308594,26.796646118164063,4.689239501953125,4.689239501953125,16.914566040039063,33.73970031738281,16441667584,16151695360,12740308992,7921332224
1,1776524409774,6105.7757568359375,1860.0000000000002,1,0.675,60604.55238342285,1819,1819,1819,1819,1901,1901,1819,1819,1819,1819,1819,1819,1819,1819,1901,1901,3.4807662963867188,1.0795135498046875,3.1962432861328125,0.2362213134765625,20.94255828857422,14.4107666015625,0.73980712890625,0.9256591796875,8.108116149902344,0.9218978881835938,22.812034606933594,14.421798706054688,0,0,36.41547393798828,17.02496337890625,16441667584,16151695360,12757184512,7921750016
