Delta,Time,CORE0_ENERGY (J),CORE0_FREQ (MHZ),CORE0_PSTATE,CORE0_VOLT (V),CPU_ENERGY (J),CPU_FREQUENCY_0,CPU_FREQUENCY_1,CPU_FREQUENCY_10,CPU_FREQUENCY_11,CPU_FREQUENCY_12,CPU_FREQUENCY_13,CPU_FREQUENCY_14,CPU_FREQUENCY_15,CPU_FREQUENCY_2,CPU_FREQUENCY_3,CPU_FREQUENCY_4,CPU_FREQUENCY_5,CPU_FREQUENCY_6,CPU_FREQUENCY_7,CPU_FREQUENCY_8,CPU_FREQUENCY_9,CPU_USAGE_0,CPU_USAGE_1,CPU_USAGE_10,CPU_USAGE_11,CPU_USAGE_12,CPU_USAGE_13,CPU_USAGE_14,CPU_USAGE_15,CPU_USAGE_2,CPU_USAGE_3,CPU_USAGE_4,CPU_USAGE_5,CPU_USAGE_6,CPU_USAGE_7,CPU_USAGE_8,CPU_USAGE_9,TOTAL_MEMORY,TOTAL_SWAP,USED_MEMORY,USED_SWAP
0,1776524369638,3442.4759826660156,1860.0000000000002,1,0.66875,60410.54786682129,1819,1901,1819,1819,1901,1819,1819,1819,1819,1819,1901,1901,1819,1819,1901,1901,40.958988189697266,29.91570281982422,15.224494934082031,7.123832702636719,31.580810546875,14.581092834472656,6.7885894775390625,6.116050720214844,0.8741989135742188,0.8731689453125,44.70851135253906,32.10765075683594,0.7424240112304688,0.740875244140625,34.852996826171875,17.87262725830078,16441667584,16151695360,12794396672,7968145408
199,1776524369639,6086.2742919921875,1860.0000000000002,1,0.675,60410.58100891113,1819,1901,1819,1819,1901,1819,1819,1819,1819,1819,1901,1901,1819,1819,1901,1901,0,0,0,0,30.419754028320313,60.96216583251953,0,0,0,0,73.85264587402344,27.926719665527344,0,0,45.694942474365234,43.92194366455078,16441667584,16151695360,12794433536,7968014336
1,1776524369840,6086.332077026367,1860.0000000000002,1,0.675,60411.46028137207,1819,1901,1819,1819,1901,1819,1819,1819,1819,1819,1901,1901,1819,1819,1901,1901,0.21002960205078125,0.24517059326171875,0.16445159912109375,0.164398193359375,18.83922576904297,15.980812072753906,0.16424560546875,0.16410064697265625,0.30043792724609375,0.24512481689453125,18.83623504638672,15.079544067382813,0.16489410400390625,0.16464996337890625,36.896507263183594,25.36157989501953,16441667584,16151695360,12800229376,7966879744
