Delta,Time,CORE0_ENERGY (J),CORE0_FREQ (MHZ),CORE0_PSTATE,CORE0_VOLT (V),CPU_ENERGY (J),CPU_FREQUENCY_0,CPU_FREQUENCY_1,CPU_FREQUENCY_10,CPU_FREQUENCY_11,CPU_FREQUENCY_12,CPU_FREQUENCY_13,CPU_FREQUENCY_14,CPU_FREQUENCY_15,CPU_FREQUENCY_2,CPU_FREQUENCY_3,CPU_FREQUENCY_4,CPU_FREQUENCY_5,CPU_FREQUENCY_6,CPU_FREQUENCY_7,CPU_FREQUENCY_8,CPU_FREQUENCY_9,CPU_USAGE_0,CPU_USAGE_1,CPU_USAGE_10,CPU_USAGE_11,CPU_USAGE_12,CPU_USAGE_13,CPU_USAGE_14,CPU_USAGE_15,CPU_USAGE_2,CPU_USAGE_3,CPU_USAGE_4,CPU_USAGE_5,CPU_USAGE_6,CPU_USAGE_7,CPU_USAGE_8,CPU_USAGE_9,TOTAL_MEMORY,TOTAL_SWAP,USED_MEMORY,USED_SWAP
0,1776524437560,6119.587493896484,1860.0000000000002,1,0.675,60735.649475097656,1819,1819,1819,1819,1901,1819,1819,1819,1819,1819,1819,1819,1819,1819,1901,1819,70.57373046875,49.65085983276367,0,0,59.27302932739258,43.6380500793457,54.7332649230957,60.9344367980957,1.0194473266601563,0,72.2693862915039,61.325626373291016,0,0,53.85271072387695,35.630104064941406,16441667584,16151695360,12547166208,7908179968
198,1776524437561,1930.6574096679688,1860.0000000000002,1,0.66875,60735.7158203125,1819,1819,1819,1819,1901,1819,1819,1819,1819,1819,1819,1819,1819,1819,1901,1819,63.42536926269531,31.37787628173828,0,0,75.1581039428711,24.484352111816406,28.327407836914063,49.865665435791016,0,0,77.44285583496094,54.76377487182617,0,0,59.14004135131836,15.919891357421875,16441667584,16151695360,12547198976,7908319232
2,1776524437761,3465.6947479248047,1860.0000000000002,1,0.66875,60736.93159484863,1819,1819,1819,1819,1901,1819,1819,1819,1819,1819,1819,1819,1819,1819,1901,1819,49.07766342163086,41.55777359008789,0,0,32.83503723144531,41.776329040527344,32.61262512207031,32.743408203125,0,0,46.914485931396484,26.759506225585938,0,0,55.523136138916016,48.161094665527344,16441667584,16151695360,12557705216,7911538688
