Delta,Time,CORE0_ENERGY (J),CORE0_FREQ (MHZ),CORE0_PSTATE,CORE0_VOLT (V),CPU_ENERGY (J),CPU_FREQUENCY_0,CPU_FREQUENCY_1,CPU_FREQUENCY_10,CPU_FREQUENCY_11,CPU_FREQUENCY_12,CPU_FREQUENCY_13,CPU_FREQUENCY_14,CPU_FREQUENCY_15,CPU_FREQUENCY_2,CPU_FREQUENCY_3,CPU_FREQUENCY_4,CPU_FREQUENCY_5,CPU_FREQUENCY_6,CPU_FREQUENCY_7,CPU_FREQUENCY_8,CPU_FREQUENCY_9,CPU_USAGE_0,CPU_USAGE_1,CPU_USAGE_10,CPU_USAGE_11,CPU_USAGE_12,CPU_USAGE_13,CPU_USAGE_14,CPU_USAGE_15,CPU_USAGE_2,CPU_USAGE_3,CPU_USAGE_4,CPU_USAGE_5,CPU_USAGE_6,CPU_USAGE_7,CPU_USAGE_8,CPU_USAGE_9,TOTAL_MEMORY,TOTAL_SWAP,USED_MEMORY,USED_SWAP
0,1776524433556,1650.25390625,1860.0000000000002,1,0.675,60717.7731628418,1819,1819,1819,1819,1819,1819,1819,1819,1819,1819,1819,1819,1819,1819,1901,1819,18.95557403564453,15.46539306640625,50.05874252319336,29.200828552246094,27.66991424560547,29.812469482421875,36.178768157958984,38.622901916503906,0,0,38.01166915893555,55.34144973754883,0,0,44.61414337158203,53.08787155151367,16441667584,16151695360,12552585216,7915933696
199,1776524433557,6117.629821777344,1860.0000000000002,1,0.675,60717.840576171875,1819,1819,1819,1819,1819,1819,1819,1819,1819,1819,1819,1819,1819,1819,1901,1819,0,58.30250930786133,33.180885314941406,0,27.859642028808594,0,69.75514221191406,40.861209869384766,0,0,2.8154144287109375,5.742401123046875,0,0,31.480178833007813,0.30355072021484375,16441667584,16151695360,12552605696,7917133824
0,1776524433758,3464.503433227539,1860.0000000000002,1,0.6625,60718.66874694824,1819,1819,1819,1819,1819,1819,1819,1819,1819,1819,1819,1819,1819,1819,1901,1819,10.639472961425781,10.364631652832031,0,0,39.722198486328125,5.5497589111328125,14.859619140625,3.9124755859375,0,0,11.487464904785156,5.292488098144531,0,0,15.904380798339844,8.438789367675781,16441667584,16151695360,12558745600,7915782144
