Delta,Time,CORE0_ENERGY (J),CORE0_FREQ (MHZ),CORE0_PSTATE,CORE0_VOLT (V),CPU_ENERGY (J),CPU_FREQUENCY_0,CPU_FREQUENCY_1,CPU_FREQUENCY_10,CPU_FREQUENCY_11,CPU_FREQUENCY_12,CPU_FREQUENCY_13,CPU_FREQUENCY_14,CPU_FREQUENCY_15,CPU_FREQUENCY_2,CPU_FREQUENCY_3,CPU_FREQUENCY_4,CPU_FREQUENCY_5,CPU_FREQUENCY_6,CPU_FREQUENCY_7,CPU_FREQUENCY_8,CPU_FREQUENCY_9,CPU_USAGE_0,CPU_USAGE_1,CPU_USAGE_10,CPU_USAGE_11,CPU_USAGE_12,CPU_USAGE_13,CPU_USAGE_14,CPU_USAGE_15,CPU_USAGE_2,CPU_USAGE_3,CPU_USAGE_4,CPU_USAGE_5,CPU_USAGE_6,CPU_USAGE_7,CPU_USAGE_8,CPU_USAGE_9,TOTAL_MEMORY,TOTAL_SWAP,USED_MEMORY,USED_SWAP
0,1776524337595,6070.243270874023,1550,2,0.63125,60251.400466918945,1819,1819,1819,1819,1901,1819,1819,1819,1819,1819,1901,1901,1819,1819,1901,1819,25.274070739746094,29.51702117919922,0,0,20.41979217529297,12.390411376953125,31.251083374023438,41.706817626953125,0,0,53.146671295166016,7.7987518310546875,0,0,32.74030303955078,52.13490295410156,16441667584,16151695360,12795088896,7947235328
199,1776524337596,1922.501937866211,1550,2,0.63125,60251.4561920166,1819,1819,1819,1819,1901,1819,1819,1819,1819,1819,1901,1901,1819,1819,1901,1819,20.67413330078125,14.189735412597656,6.0156097412109375,6.0164947509765625,63.8807487487793,7.618827819824219,28.62578582763672,15.186454772949219,6.231903076171875,6.297233581542969,34.358001708984375,8.405433654785156,5.238716125488281,5.239601135253906,75.77159118652344,6.0138397216796875,16441667584,16151695360,12794597376,7947898880
0,1776524337796,6070.298721313477,1860.0000000000002,1,0.6625,60252.340072631836,1819,1819,1819,1819,1901,1819,1819,1819,1819,1819,1901,1901,1819,1819,1901,1819,4.679351806640625,7.373115539550781,0.35419464111328125,0.35474395751953125,18.53443145751953,14.162391662597656,7.4167633056640625,3.6710052490234375,0.428497314453125,0.381256103515625,19.900070190429688,13.616096496582031,0.35239410400390625,0.352691650390625,45.42466735839844,10.358604431152344,16441667584,16151695360,12805021696,7944728576
