Delta,Time,CORE0_ENERGY (J),CORE0_FREQ (MHZ),CORE0_PSTATE,CORE0_VOLT (V),CPU_ENERGY (J),CPU_FREQUENCY_0,CPU_FREQUENCY_1,CPU_FREQUENCY_10,CPU_FREQUENCY_11,CPU_FREQUENCY_12,CPU_FREQUENCY_13,CPU_FREQUENCY_14,CPU_FREQUENCY_15,CPU_FREQUENCY_2,CPU_FREQUENCY_3,CPU_FREQUENCY_4,CPU_FREQUENCY_5,CPU_FREQUENCY_6,CPU_FREQUENCY_7,CPU_FREQUENCY_8,CPU_FREQUENCY_9,CPU_USAGE_0,CPU_USAGE_1,CPU_USAGE_10,CPU_USAGE_11,CPU_USAGE_12,CPU_USAGE_13,CPU_USAGE_14,CPU_USAGE_15,CPU_USAGE_2,CPU_USAGE_3,CPU_USAGE_4,CPU_USAGE_5,CPU_USAGE_6,CPU_USAGE_7,CPU_USAGE_8,CPU_USAGE_9,TOTAL_MEMORY,TOTAL_SWAP,USED_MEMORY,USED_SWAP
0,1776524385680,1926.986328125,1860.0000000000002,1,0.66875,60486.02502441406,1819,1819,1819,1819,1901,1819,1819,1819,1819,1819,1819,1819,1819,1819,1819,1901,66.922607421875,45.32707595825195,0,0,72.09175109863281,76.83209228515625,48.18965530395508,53.200382232666016,0,0,68.31922912597656,42.464839935302734,0,0,47.38509750366211,64.82991790771484,16441667584,16151695360,12737818624,7924862976
199,1776524385681,5904.408584594727,1550,2,0.63125,60486.09979248047,1819,1819,1819,1819,1901,1819,1819,1819,1819,1819,1819,1819,1819,1819,1819,1901,57.61360168457031,26.692398071289063,2.4856414794921875,2.4874801635742188,94.0408935546875,58.462669372558594,71.21800994873047,14.577529907226563,2.6933135986328125,2.1474838256835938,46.521480560302734,14.353317260742188,1.72662353515625,1.72662353515625,73.59246826171875,31.580978393554688,16441667584,16151695360,12737839104,7924961280
1,1776524385882,1927.0775451660156,1860.0000000000002,1,0.66875,60487.31750488281,1819,1819,1819,1819,1901,1819,1819,1819,1819,1819,1819,1819,1819,1819,1819,1901,29.93622589111328,29.256942749023438,0.0498504638671875,0.04990386962890625,58.29322814941406,46.982147216796875,35.10395050048828,37.078365325927734,0.06055450439453125,0.10286712646484375,36.09917449951172,24.433753967285156,0.04994964599609375,0.0500030517578125,44.30950927734375,54.7187385559082,16441667584,16151695360,12738162688,7925080064
