Delta,Time,CORE0_ENERGY (J),CORE0_FREQ (MHZ),CORE0_PSTATE,CORE0_VOLT (V),CPU_ENERGY (J),CPU_FREQUENCY_0,CPU_FREQUENCY_1,CPU_FREQUENCY_10,CPU_FREQUENCY_11,CPU_FREQUENCY_12,CPU_FREQUENCY_13,CPU_FREQUENCY_14,CPU_FREQUENCY_15,CPU_FREQUENCY_2,CPU_FREQUENCY_3,CPU_FREQUENCY_4,CPU_FREQUENCY_5,CPU_FREQUENCY_6,CPU_FREQUENCY_7,CPU_FREQUENCY_8,CPU_FREQUENCY_9,CPU_USAGE_0,CPU_USAGE_1,CPU_USAGE_10,CPU_USAGE_11,CPU_USAGE_12,CPU_USAGE_13,CPU_USAGE_14,CPU_USAGE_15,CPU_USAGE_2,CPU_USAGE_3,CPU_USAGE_4,CPU_USAGE_5,CPU_USAGE_6,CPU_USAGE_7,CPU_USAGE_8,CPU_USAGE_9,TOTAL_MEMORY,TOTAL_SWAP,USED_MEMORY,USED_SWAP
0,1776524401577,1928.064208984375,1860.0000000000002,1,0.66875,60563.32319641113,1819,1819,1819,1819,1901,1819,1819,1819,1819,1819,1819,1901,1819,1819,1901,1819,58.60237503051758,42.704559326171875,0,0,82.02742767333984,97.56210327148438,60.64064025878906,33.76451873779297,0,0,42.46174240112305,43.94283676147461,0,0,54.35601806640625,55.7153434753418,16441667584,16151695360,12744572928,7927361536
199,1776524401578,6101.762649536133,1860.0000000000002,1,0.675,60563.37887573242,1819,1819,1819,1819,1901,1819,1819,1819,1819,1819,1819,1901,1819,1819,1901,1819,71.1264877319336,34.27363586425781,1.0015792846679688,1.003021240234375,69.4403076171875,21.31536865234375,50.157039642333984,30.006805419921875,1.1376266479492188,2.7152633666992188,66.0230712890625,70.12635803222656,1.7194747924804688,1.7165756225585938,58.999000549316406,60.41886901855469,16441667584,16151695360,12744613888,7927361536
1,1776524401779,6101.842559814453,1860.0000000000002,1,0.675,60564.569259643555,1819,1819,1819,1819,1901,1819,1819,1819,1819,1819,1819,1901,1819,1819,1901,1819,45.21128845214844,43.38853073120117,0.342987060546875,0.3431396484375,44.128787994384766,20.910903930664063,25.868759155273438,25.50641632080078,0.28366851806640625,0.2848663330078125,39.34454345703125,47.86001968383789,0.285064697265625,0.2865142822265625,47.07705307006836,42.57907485961914,16441667584,16151695360,12757737472,7929585664
