Delta,Time,CORE0_ENERGY (J),CORE0_FREQ (MHZ),CORE0_PSTATE,CORE0_VOLT (V),CPU_ENERGY (J),CPU_FREQUENCY_0,CPU_FREQUENCY_1,CPU_FREQUENCY_10,CPU_FREQUENCY_11,CPU_FREQUENCY_12,CPU_FREQUENCY_13,CPU_FREQUENCY_14,CPU_FREQUENCY_15,CPU_FREQUENCY_2,CPU_FREQUENCY_3,CPU_FREQUENCY_4,CPU_FREQUENCY_5,CPU_FREQUENCY_6,CPU_FREQUENCY_7,CPU_FREQUENCY_8,CPU_FREQUENCY_9,CPU_USAGE_0,CPU_USAGE_1,CPU_USAGE_10,CPU_USAGE_11,CPU_USAGE_12,CPU_USAGE_13,CPU_USAGE_14,CPU_USAGE_15,CPU_USAGE_2,CPU_USAGE_3,CPU_USAGE_4,CPU_USAGE_5,CPU_USAGE_6,CPU_USAGE_7,CPU_USAGE_8,CPU_USAGE_9,TOTAL_MEMORY,TOTAL_SWAP,USED_MEMORY,USED_SWAP
0,1776524429535,3463.2896575927734,1860.0000000000002,1,0.675,60700.85302734375,1901,1819,1819,1819,1901,1901,1819,1819,1819,1819,1901,1819,1819,1819,1901,1819,32.67816162109375,20.12281036376953,23.863243103027344,13.696464538574219,40.826847076416016,32.52593994140625,23.644981384277344,0,0,0,26.758712768554688,18.963119506835938,0,0,43.63928985595703,23.501853942871094,16441667584,16151695360,12554182656,7916818432
199,1776524429536,3463.293472290039,1860.0000000000002,1,0.675,60700.917083740234,1901,1819,1819,1819,1901,1901,1819,1819,1819,1819,1901,1819,1819,1819,1901,1819,17.40357208251953,20.371849060058594,30.994247436523438,11.135475158691406,71.93624877929688,0,26.460525512695313,7.087547302246094,0,0,3.707977294921875,36.69471740722656,0,0,49.18579864501953,8.46728515625,16441667584,16151695360,12554215424,7916687360
1,1776524429741,3463.337890625,1550,2,0.63125,60701.75988769531,1901,1819,1819,1819,1901,1901,1819,1819,1819,1819,1901,1819,1819,1819,1901,1819,18.658653259277344,11.545989990234375,1.571044921875,0,21.162933349609375,9.780204772949219,0,0,0,0,18.188705444335938,7.3288116455078125,0,0,34.665931701660156,8.745681762695313,16441667584,16151695360,12557082624,7916244992
