Delta,Time,CORE0_ENERGY (J),CORE0_FREQ (MHZ),CORE0_PSTATE,CORE0_VOLT (V),CPU_ENERGY (J),CPU_FREQUENCY_0,CPU_FREQUENCY_1,CPU_FREQUENCY_10,CPU_FREQUENCY_11,CPU_FREQUENCY_12,CPU_FREQUENCY_13,CPU_FREQUENCY_14,CPU_FREQUENCY_15,CPU_FREQUENCY_2,CPU_FREQUENCY_3,CPU_FREQUENCY_4,CPU_FREQUENCY_5,CPU_FREQUENCY_6,CPU_FREQUENCY_7,CPU_FREQUENCY_8,CPU_FREQUENCY_9,CPU_USAGE_0,CPU_USAGE_1,CPU_USAGE_10,CPU_USAGE_11,CPU_USAGE_12,CPU_USAGE_13,CPU_USAGE_14,CPU_USAGE_15,CPU_USAGE_2,CPU_USAGE_3,CPU_USAGE_4,CPU_USAGE_5,CPU_USAGE_6,CPU_USAGE_7,CPU_USAGE_8,CPU_USAGE_9,TOTAL_MEMORY,TOTAL_SWAP,USED_MEMORY,USED_SWAP
0,1776524341608,1922.5561981201172,1860.0000000000002,1,0.66875,60268.59211730957,1819,1819,1819,1819,1901,1819,1819,1819,1819,1819,1819,1819,1819,1819,1901,1901,46.51606750488281,66.09054565429688,0,0,41.580753326416016,35.817909240722656,40.370086669921875,46.36941909790039,0,0,50.88050079345703,47.619163513183594,0,0,44.11327362060547,32.067474365234375,16441667584,16151695360,12793516032,7945965568
198,1776524341610,3432.690963745117,1860.0000000000002,1,0.66875,60268.684982299805,1819,1819,1819,1819,1901,1819,1819,1819,1819,1819,1819,1819,1819,1819,1901,1901,92.2662124633789,87.13644409179688,0.325286865234375,0.3226776123046875,93.37165832519531,98.67537689208984,74.62600708007813,76.65686798095703,1.1332778930664063,0.5975189208984375,61.13275909423828,84.21322631835938,0,0,75.9828109741211,74.74168395996094,16441667584,16151695360,12793524224,7946747904
2,1776524341809,3143.071792602539,1860.0000000000002,1,0.66875,60270.03804016113,1819,1819,1819,1819,1901,1819,1819,1819,1819,1819,1819,1819,1819,1819,1901,1901,58.28158950805664,53.28400802612305,0,0,82.79767608642578,81.07327270507813,40.07429885864258,38.080867767333984,0,0,62.61225891113281,52.791622161865234,0,0,62.12376022338867,62.16916275024414,16441667584,16151695360,12806303744,7947603968
