Delta,Time,CORE0_ENERGY (J),CORE0_FREQ (MHZ),CORE0_PSTATE,CORE0_VOLT (V),CPU_ENERGY (J),CPU_FREQUENCY_0,CPU_FREQUENCY_1,CPU_FREQUENCY_10,CPU_FREQUENCY_11,CPU_FREQUENCY_12,CPU_FREQUENCY_13,CPU_FREQUENCY_14,CPU_FREQUENCY_15,CPU_FREQUENCY_2,CPU_FREQUENCY_3,CPU_FREQUENCY_4,CPU_FREQUENCY_5,CPU_FREQUENCY_6,CPU_FREQUENCY_7,CPU_FREQUENCY_8,CPU_FREQUENCY_9,CPU_USAGE_0,CPU_USAGE_1,CPU_USAGE_10,CPU_USAGE_11,CPU_USAGE_12,CPU_USAGE_13,CPU_USAGE_14,CPU_USAGE_15,CPU_USAGE_2,CPU_USAGE_3,CPU_USAGE_4,CPU_USAGE_5,CPU_USAGE_6,CPU_USAGE_7,CPU_USAGE_8,CPU_USAGE_9,TOTAL_MEMORY,TOTAL_SWAP,USED_MEMORY,USED_SWAP
0,1776524405525,6103.678573608398,1860.0000000000002,1,0.675,60583.53846740723,1819,1819,1819,1819,1819,1901,1819,1819,1819,1819,1819,1819,1819,1819,1819,1901,74.71221923828125,70.60786437988281,26.569168090820313,29.881301879882813,83.53172302246094,87.66499328613281,88.38111877441406,85.52690887451172,0,0,69.6893539428711,66.53971862792969,0,0,95.20543670654297,87.27120208740234,16441667584,16151695360,12751708160,7943061504
199,1776524405526,1928.2729034423828,1860.0000000000002,1,0.66875,60583.59362792969,1819,1819,1819,1819,1819,1901,1819,1819,1819,1819,1819,1819,1819,1819,1819,1901,71.91238403320313,61.06126022338867,61.89421463012695,26.39520263671875,64.78115844726563,99.09132385253906,98.62940979003906,90.14273834228516,0,0,80.6148681640625,3.6631088256835938,0,0,67.82144165039063,38.14932632446289,16441667584,16151695360,12752158720,7943061504
1,1776524405726,3454.701934814453,1550,2,0.63125,60584.890853881836,1819,1819,1819,1819,1819,1901,1819,1819,1819,1819,1819,1819,1819,1819,1819,1901,40.378807067871094,25.573104858398438,25.095809936523438,20.54608917236328,44.536922454833984,52.50580596923828,42.16242218017578,38.856895446777344,0,0,36.71077346801758,32.8309326171875,0,0,59.080055236816406,48.90509033203125,16441667584,16151695360,12759793664,7924908032
