Delta,Time,CORE0_ENERGY (J),CORE0_FREQ (MHZ),CORE0_PSTATE,CORE0_VOLT (V),CPU_ENERGY (J),CPU_FREQUENCY_0,CPU_FREQUENCY_1,CPU_FREQUENCY_10,CPU_FREQUENCY_11,CPU_FREQUENCY_12,CPU_FREQUENCY_13,CPU_FREQUENCY_14,CPU_FREQUENCY_15,CPU_FREQUENCY_2,CPU_FREQUENCY_3,CPU_FREQUENCY_4,CPU_FREQUENCY_5,CPU_FREQUENCY_6,CPU_FREQUENCY_7,CPU_FREQUENCY_8,CPU_FREQUENCY_9,CPU_USAGE_0,CPU_USAGE_1,CPU_USAGE_10,CPU_USAGE_11,CPU_USAGE_12,CPU_USAGE_13,CPU_USAGE_14,CPU_USAGE_15,CPU_USAGE_2,CPU_USAGE_3,CPU_USAGE_4,CPU_USAGE_5,CPU_USAGE_6,CPU_USAGE_7,CPU_USAGE_8,CPU_USAGE_9,TOTAL_MEMORY,TOTAL_SWAP,USED_MEMORY,USED_SWAP
0,1776524421505,6111.920989990234,1860.0000000000002,1,0.675,60663.320251464844,1819,1819,1819,1819,1901,1819,1819,1819,1819,1819,1901,1819,1819,1819,1819,1901,32.14331817626953,12.964500427246094,39.60772705078125,22.03832244873047,59.9172248840332,23.648841857910156,27.51629638671875,25.03491973876953,61.19089889526367,3.6898193359375,28.967979431152344,27.165451049804688,0,0,38.293880462646484,51.46512985229492,16441667584,16151695360,12550955008,7920476160
199,1776524421506,1918.8103485107422,1860.0000000000002,1,0.675,60663.39712524414,1819,1819,1819,1819,1901,1819,1819,1819,1819,1819,1901,1819,1819,1819,1819,1901,46.444175720214844,0,19.70124053955078,0,34.89996337890625,14.811622619628906,31.101722717285156,5.643707275390625,69.05734252929688,16.017013549804688,22.139816284179688,17.84044647216797,0,0,82.49300384521484,63.17504119873047,16441667584,16151695360,12550987776,7920930816
0,1776524421707,6112.000381469727,1860.0000000000002,1,0.675,60664.31970214844,1819,1819,1819,1819,1901,1819,1819,1819,1819,1819,1901,1819,1819,1819,1819,1901,9.095497131347656,4.237892150878906,6.951873779296875,4.638511657714844,41.29640579223633,9.25555419921875,6.580955505371094,1.6721420288085938,10.567459106445313,3.5151138305664063,17.94305419921875,17.30292510986328,0.29156494140625,0.29146575927734375,22.598831176757813,10.379302978515625,16441667584,16151695360,12553936896,7914713088
