Delta,Time,CORE0_ENERGY (J),CORE0_FREQ (MHZ),CORE0_PSTATE,CORE0_VOLT (V),CPU_ENERGY (J),CPU_FREQUENCY_0,CPU_FREQUENCY_1,CPU_FREQUENCY_10,CPU_FREQUENCY_11,CPU_FREQUENCY_12,CPU_FREQUENCY_13,CPU_FREQUENCY_14,CPU_FREQUENCY_15,CPU_FREQUENCY_2,CPU_FREQUENCY_3,CPU_FREQUENCY_4,CPU_FREQUENCY_5,CPU_FREQUENCY_6,CPU_FREQUENCY_7,CPU_FREQUENCY_8,CPU_FREQUENCY_9,CPU_USAGE_0,CPU_USAGE_1,CPU_USAGE_10,CPU_USAGE_11,CPU_USAGE_12,CPU_USAGE_13,CPU_USAGE_14,CPU_USAGE_15,CPU_USAGE_2,CPU_USAGE_3,CPU_USAGE_4,CPU_USAGE_5,CPU_USAGE_6,CPU_USAGE_7,CPU_USAGE_8,CPU_USAGE_9,TOTAL_MEMORY,TOTAL_SWAP,USED_MEMORY,USED_SWAP
0,1776524377689,3445.4072265625,1860.0000000000002,1,0.66875,60449.27537536621,1819,1819,1819,1819,1901,1819,1819,1819,1819,1819,1901,1901,1819,1819,1901,1901,68.86506652832031,53.70000457763672,0,0,45.30348587036133,67.788330078125,0,0,0,0.869415283203125,71.51435852050781,80.43639373779297,0,0,77.03681182861328,78.56556701660156,16441667584,16151695360,12767449088,7914692608
199,1776524377690,6090.142440795898,1860.0000000000002,1,0.675,60449.32325744629,1819,1819,1819,1819,1901,1819,1819,1819,1819,1819,1901,1901,1819,1819,1901,1901,42.37998580932617,64.41897583007813,0,0,90.26622772216797,45.15232849121094,0,0,0,0,94.17231750488281,62.523582458496094,0,0,50.503108978271484,71.18475341796875,16441667584,16151695360,12767551488,7914692608
0,1776524377891,3150.997039794922,1860.0000000000002,1,0.66875,60450.46697998047,1819,1819,1819,1819,1901,1819,1819,1819,1819,1819,1901,1901,1819,1819,1901,1901,42.98444747924805,35.70038604736328,0.1352996826171875,0.13559722900390625,49.86286926269531,30.623214721679688,0.18953704833984375,0.18963623046875,0.1701507568359375,0.09300994873046875,47.44800567626953,35.38489532470703,0.13303375244140625,0.15834808349609375,52.895408630371094,46.543060302734375,16441667584,16151695360,12763267072,7915499520
