Delta,Time,CORE0_ENERGY (J),CORE0_FREQ (MHZ),CORE0_PSTATE,CORE0_VOLT (V),CPU_ENERGY (J),CPU_FREQUENCY_0,CPU_FREQUENCY_1,CPU_FREQUENCY_10,CPU_FREQUENCY_11,CPU_FREQUENCY_12,CPU_FREQUENCY_13,CPU_FREQUENCY_14,CPU_FREQUENCY_15,CPU_FREQUENCY_2,CPU_FREQUENCY_3,CPU_FREQUENCY_4,CPU_FREQUENCY_5,CPU_FREQUENCY_6,CPU_FREQUENCY_7,CPU_FREQUENCY_8,CPU_FREQUENCY_9,CPU_USAGE_0,CPU_USAGE_1,CPU_USAGE_10,CPU_USAGE_11,CPU_USAGE_12,CPU_USAGE_13,CPU_USAGE_14,CPU_USAGE_15,CPU_USAGE_2,CPU_USAGE_3,CPU_USAGE_4,CPU_USAGE_5,CPU_USAGE_6,CPU_USAGE_7,CPU_USAGE_8,CPU_USAGE_9,TOTAL_MEMORY,TOTAL_SWAP,USED_MEMORY,USED_SWAP
0,1776525998365,3827.7225189208984,1860.0000000000002,1,0.66875,1291.0672912597656,1901,1901,1819,1819,1901,1819,1819,1819,1819,1819,1901,1819,1819,1819,1901,1819,44.21934509277344,19.17217254638672,31.36241912841797,29.82709503173828,25.35840606689453,18.459495544433594,41.128204345703125,23.948867797851563,44.8170166015625,48.6010627746582,30.916778564453125,23.671417236328125,0.5290298461914063,0.5286636352539063,58.93217086791992,86.84622192382813,16441667584,16151695360,12744392704,8001515520
199,1776525998366,6749.681396484375,1860.0000000000002,1,0.675,1291.1461029052734,1901,1901,1819,1819,1901,1819,1819,1819,1819,1819,1901,1819,1819,1819,1901,1819,26.82842254638672,19.299774169921875,31.579444885253906,11.843467712402344,42.52010726928711,9.265068054199219,8.120040893554688,22.2923583984375,0,69.60123443603516,23.438430786132813,22.676132202148438,0,0,90.35011291503906,100,16441667584,16151695360,12744425472,8001515520
198,1776525998567,6593.150985717773,1860.0000000000002,1,0.675,1292.4427642822266,1901,1901,1819,1819,1901,1819,1819,1819,1819,1819,1901,1819,1819,1819,1901,1819,35.62831115722656,31.96100616455078,15.05859375,6.234199523925781,60.17878341674805,41.36893844604492,25.04143524169922,25.216354370117188,14.123619079589844,12.056068420410156,36.97320556640625,32.09638214111328,0.14188385009765625,0.14183807373046875,57.1549072265625,60.85223388671875,16441667584,16151695360,12749119488,8008355840
1,1776525998767,3827.8978576660156,1860.0000000000002,1,0.66875,1293.5660400390625,1901,1901,1819,1819,1901,1819,1819,1819,1819,1819,1901,1819,1819,1819,1901,1819,47.10951232910156,28.36565399169922,0,0,28.653846740722656,41.14512252807617,21.41667938232422,22.519744873046875,0.068145751953125,0.00095367431640625,32.646873474121094,27.94000244140625,0,0,30.869102478027344,35.93457794189453,16441667584,16151695360,12760928256,7999762432
