Delta,Time,CORE0_ENERGY (J),CORE0_FREQ (MHZ),CORE0_PSTATE,CORE0_VOLT (V),CPU_ENERGY (J),CPU_FREQUENCY_0,CPU_FREQUENCY_1,CPU_FREQUENCY_10,CPU_FREQUENCY_11,CPU_FREQUENCY_12,CPU_FREQUENCY_13,CPU_FREQUENCY_14,CPU_FREQUENCY_15,CPU_FREQUENCY_2,CPU_FREQUENCY_3,CPU_FREQUENCY_4,CPU_FREQUENCY_5,CPU_FREQUENCY_6,CPU_FREQUENCY_7,CPU_FREQUENCY_8,CPU_FREQUENCY_9,CPU_USAGE_0,CPU_USAGE_1,CPU_USAGE_10,CPU_USAGE_11,CPU_USAGE_12,CPU_USAGE_13,CPU_USAGE_14,CPU_USAGE_15,CPU_USAGE_2,CPU_USAGE_3,CPU_USAGE_4,CPU_USAGE_5,CPU_USAGE_6,CPU_USAGE_7,CPU_USAGE_8,CPU_USAGE_9,TOTAL_MEMORY,TOTAL_SWAP,USED_MEMORY,USED_SWAP
0,1776526033212,6612.901214599609,1860.0000000000002,1,0.675,1494.4076232910156,1819,1819,1819,1819,1901,1819,1819,1819,1819,1819,1901,1901,1819,1819,1901,1819,41.34089660644531,22.20830535888672,40.803199768066406,36.454345703125,30.589698791503906,30.37934112548828,56.3798942565918,57.2752685546875,0,0,41.838809967041016,39.2361946105957,0,0,29.629714965820313,26.992042541503906,16441667584,16151695360,12754698240,8004513792
199,1776526033213,2009.885513305664,1550,2,0.63125,1494.4773254394531,1819,1819,1819,1819,1901,1819,1819,1819,1819,1819,1901,1901,1819,1819,1901,1819,20.293373107910156,30.424652099609375,61.92362976074219,13.833839416503906,44.78885269165039,22.493698120117188,33.381080627441406,13.06866455078125,3.921051025390625,4.888397216796875,38.29304885864258,38.76992416381836,3.7886886596679688,3.7895965576171875,44.21860122680664,14.987037658691406,16441667584,16151695360,12754391040,8002125824
196,1776526033416,3845.4252014160156,1860.0000000000002,1,0.66875,1495.7671966552734,1819,1819,1819,1819,1901,1819,1819,1819,1819,1819,1901,1901,1819,1819,1901,1819,51.601463317871094,47.747432708740234,6.711952209472656,7.473297119140625,59.99346160888672,58.29216766357422,15.205657958984375,5.7716064453125,0,0,52.81207275390625,44.26487731933594,0,0,64.6072998046875,45.423919677734375,16441667584,16151695360,12760281088,8013873152
1,1776526033614,3379.932632446289,1860.0000000000002,1,0.66875,1496.9671173095703,1819,1819,1819,1819,1901,1819,1819,1819,1819,1819,1901,1901,1819,1819,1901,1819,43.330909729003906,30.783370971679688,0.365814208984375,0.36571502685546875,49.666229248046875,38.55077362060547,41.201683044433594,26.522682189941406,0.3544921875,0.3544921875,44.41367721557617,29.591415405273438,0.35601043701171875,0.3690643310546875,48.214595794677734,34.995361328125,16441667584,16151695360,12772589568,8024522752
