Delta,Time,CORE0_ENERGY (J),CORE0_FREQ (MHZ),CORE0_PSTATE,CORE0_VOLT (V),CPU_ENERGY (J),CPU_FREQUENCY_0,CPU_FREQUENCY_1,CPU_FREQUENCY_10,CPU_FREQUENCY_11,CPU_FREQUENCY_12,CPU_FREQUENCY_13,CPU_FREQUENCY_14,CPU_FREQUENCY_15,CPU_FREQUENCY_2,CPU_FREQUENCY_3,CPU_FREQUENCY_4,CPU_FREQUENCY_5,CPU_FREQUENCY_6,CPU_FREQUENCY_7,CPU_FREQUENCY_8,CPU_FREQUENCY_9,CPU_USAGE_0,CPU_USAGE_1,CPU_USAGE_10,CPU_USAGE_11,CPU_USAGE_12,CPU_USAGE_13,CPU_USAGE_14,CPU_USAGE_15,CPU_USAGE_2,CPU_USAGE_3,CPU_USAGE_4,CPU_USAGE_5,CPU_USAGE_6,CPU_USAGE_7,CPU_USAGE_8,CPU_USAGE_9,TOTAL_MEMORY,TOTAL_SWAP,USED_MEMORY,USED_SWAP
0,1776526063408,8560.804504394531,1860.0000000000002,1,0.675,1672.4789276123047,1901,1901,1819,1819,1901,1901,1901,1901,1819,1819,1819,1819,1819,1819,1901,1901,16.363380432128906,12.872383117675781,10.559883117675781,15.985267639160156,33.323486328125,43.669979095458984,18.437477111816406,41.28171157836914,37.10050582885742,13.661293029785156,24.06616973876953,14.766105651855469,34.682350158691406,33.56328582763672,14.481132507324219,29.912071228027344,16441667584,16151695360,12757278720,8015630336
199,1776526063409,8560.810607910156,1860.0000000000002,1,0.675,1672.550552368164,1901,1901,1819,1819,1901,1901,1901,1901,1819,1819,1819,1819,1819,1819,1901,1901,12.575569152832031,0,7.630409240722656,1.9979705810546875,15.693527221679688,33.74333190917969,0.0492401123046875,26.171592712402344,24.122291564941406,17.294418334960938,36.731380462646484,23.749305725097656,48.5526008605957,24.96149444580078,0,32.293312072753906,16441667584,16151695360,12757299200,8017170432
199,1776526063609,3392.124252319336,1550,2,0.63125,1673.6566772460938,1901,1901,1819,1819,1901,1901,1901,1901,1819,1819,1819,1819,1819,1819,1901,1901,20.261558532714844,14.322402954101563,3.524139404296875,11.906478881835938,41.76515579223633,13.45477294921875,2.8055038452148438,8.498519897460938,4.760810852050781,6.2375030517578125,25.429580688476563,13.095802307128906,11.439491271972656,12.224411010742188,25.31981658935547,39.68525314331055,16441667584,16151695360,12760465408,8024260608
1,1776526063810,6787.495101928711,1860.0000000000002,1,0.6625,1674.4285125732422,1901,1901,1819,1819,1901,1901,1901,1901,1819,1819,1819,1819,1819,1819,1901,1901,8.798713684082031,7.097709655761719,0,0,11.586570739746094,8.870857238769531,0,0,0,0,7.4531707763671875,9.266525268554688,0,0,9.512672424316406,23.65589141845703,16441667584,16151695360,12768419840,8016089088
