Delta,Time,CORE0_ENERGY (J),CORE0_FREQ (MHZ),CORE0_PSTATE,CORE0_VOLT (V),CPU_ENERGY (J),CPU_FREQUENCY_0,CPU_FREQUENCY_1,CPU_FREQUENCY_10,CPU_FREQUENCY_11,CPU_FREQUENCY_12,CPU_FREQUENCY_13,CPU_FREQUENCY_14,CPU_FREQUENCY_15,CPU_FREQUENCY_2,CPU_FREQUENCY_3,CPU_FREQUENCY_4,CPU_FREQUENCY_5,CPU_FREQUENCY_6,CPU_FREQUENCY_7,CPU_FREQUENCY_8,CPU_FREQUENCY_9,CPU_USAGE_0,CPU_USAGE_1,CPU_USAGE_10,CPU_USAGE_11,CPU_USAGE_12,CPU_USAGE_13,CPU_USAGE_14,CPU_USAGE_15,CPU_USAGE_2,CPU_USAGE_3,CPU_USAGE_4,CPU_USAGE_5,CPU_USAGE_6,CPU_USAGE_7,CPU_USAGE_8,CPU_USAGE_9,TOTAL_MEMORY,TOTAL_SWAP,USED_MEMORY,USED_SWAP
0,1776526002713,2006.5368041992188,1550,2,0.63125,1316.3330078125,1819,1819,1819,1819,1901,1901,1819,1819,1819,1819,1901,1901,1819,1819,1819,1901,37.91665267944336,34.53466796875,34.25675964355469,31.726715087890625,37.19514083862305,51.083457946777344,26.94609832763672,36.57234191894531,48.11891555786133,29.92333221435547,28.422821044921875,12.970565795898438,0,0,48.29255294799805,34.154083251953125,16441667584,16151695360,12765294592,8003649536
199,1776526002714,6752.174041748047,1860.0000000000002,2,0.63125,1316.3695068359375,1819,1819,1819,1819,1901,1901,1819,1819,1819,1819,1901,1901,1819,1819,1819,1901,47.04570770263672,15.862396240234375,50.957557678222656,91.24661254882813,21.456443786621094,2.4008636474609375,59.095794677734375,11.707679748535156,53.36240005493164,9.910018920898438,3.643096923828125,68.29511260986328,0,0,23.562667846679688,26.944976806640625,16441667584,16151695360,12765327360,8003518464
199,1776526002914,6595.574020385742,1860.0000000000002,1,0.675,1317.693588256836,1819,1819,1819,1819,1901,1901,1819,1819,1819,1819,1901,1901,1819,1819,1819,1901,35.73638916015625,37.9444465637207,10.202018737792969,13.40875244140625,33.889198303222656,69.53828430175781,37.04490661621094,31.25800323486328,20.298431396484375,15.657546997070313,33.690521240234375,37.698211669921875,0,0,34.81878662109375,37.062564849853516,16441667584,16151695360,12766818304,8010514432
1,1776526003114,6595.637847900391,1860.0000000000002,1,0.6625,1318.7281188964844,1819,1819,1819,1819,1901,1901,1819,1819,1819,1819,1901,1901,1819,1819,1819,1901,16.949203491210938,21.84632110595703,0,0,20.932449340820313,37.61981201171875,14.427253723144531,25.219192504882813,0,0,15.425811767578125,27.761573791503906,0,0,21.948829650878906,28.096054077148438,16441667584,16151695360,12762042368,7996882944
