Delta,Time,CORE0_ENERGY (J),CORE0_FREQ (MHZ),CORE0_PSTATE,CORE0_VOLT (V),CPU_ENERGY (J),CPU_FREQUENCY_0,CPU_FREQUENCY_1,CPU_FREQUENCY_10,CPU_FREQUENCY_11,CPU_FREQUENCY_12,CPU_FREQUENCY_13,CPU_FREQUENCY_14,CPU_FREQUENCY_15,CPU_FREQUENCY_2,CPU_FREQUENCY_3,CPU_FREQUENCY_4,CPU_FREQUENCY_5,CPU_FREQUENCY_6,CPU_FREQUENCY_7,CPU_FREQUENCY_8,CPU_FREQUENCY_9,CPU_USAGE_0,CPU_USAGE_1,CPU_USAGE_10,CPU_USAGE_11,CPU_USAGE_12,CPU_USAGE_13,CPU_USAGE_14,CPU_USAGE_15,CPU_USAGE_2,CPU_USAGE_3,CPU_USAGE_4,CPU_USAGE_5,CPU_USAGE_6,CPU_USAGE_7,CPU_USAGE_8,CPU_USAGE_9,TOTAL_MEMORY,TOTAL_SWAP,USED_MEMORY,USED_SWAP
0,1776526092933,3870.8350830078125,1860.0000000000002,1,0.66875,1816.7607421875,1901,1819,1819,1819,1901,1819,1819,1819,1819,1819,1901,1901,1819,1819,1901,1819,27.218048095703125,1.7519073486328125,3.4287261962890625,4.638465881347656,41.54795837402344,29.184722900390625,10.412330627441406,5.139335632324219,22.755294799804688,29.034912109375,54.30805969238281,33.353485107421875,0.6307754516601563,0.630401611328125,24.540618896484375,36.07070541381836,16441667584,16151695360,12792528896,8043200512
199,1776526092934,3870.839630126953,1860.0000000000002,1,0.66875,1816.8045959472656,1901,1819,1819,1819,1901,1819,1819,1819,1819,1819,1901,1901,1819,1819,1901,1819,4.621406555175781,2.6978607177734375,2.4350357055664063,2.4324569702148438,35.37755584716797,38.84071731567383,9.613876342773438,3.9926834106445313,3.4966583251953125,2.694000244140625,66.56788635253906,27.233726501464844,1.9055099487304688,1.89520263671875,33.62278747558594,58.0504264831543,16441667584,16151695360,12792561664,8043200512
199,1776526093135,6644.599578857422,1860.0000000000002,1,0.675,1817.7811737060547,1901,1819,1819,1819,1901,1819,1819,1819,1819,1819,1901,1901,1819,1819,1901,1819,0.0228118896484375,0,0,0,28.489036560058594,24.359573364257813,3.8618316650390625,0,0,0,20.181838989257813,13.88555908203125,0,0,20.885726928710938,69.52186584472656,16441667584,16151695360,12784246784,8033644544
0,1776526093335,6801.83512878418,1860.0000000000002,1,0.6625,1818.5871124267578,1901,1819,1819,1819,1901,1819,1819,1819,1819,1819,1901,1901,1819,1819,1901,1819,0.25091552734375,0.04473114013671875,0.08811187744140625,0.08811187744140625,35.10588836669922,15.787910461425781,1.1212005615234375,0.107421875,0.069244384765625,0.04473114013671875,8.033622741699219,5.846107482910156,0.0618896484375,0.0880584716796875,19.813255310058594,13.495231628417969,16441667584,16151695360,12780572672,8025329664
