Delta,Time,CORE0_ENERGY (J),CORE0_FREQ (MHZ),CORE0_PSTATE,CORE0_VOLT (V),CPU_ENERGY (J),CPU_FREQUENCY_0,CPU_FREQUENCY_1,CPU_FREQUENCY_10,CPU_FREQUENCY_11,CPU_FREQUENCY_12,CPU_FREQUENCY_13,CPU_FREQUENCY_14,CPU_FREQUENCY_15,CPU_FREQUENCY_2,CPU_FREQUENCY_3,CPU_FREQUENCY_4,CPU_FREQUENCY_5,CPU_FREQUENCY_6,CPU_FREQUENCY_7,CPU_FREQUENCY_8,CPU_FREQUENCY_9,CPU_USAGE_0,CPU_USAGE_1,CPU_USAGE_10,CPU_USAGE_11,CPU_USAGE_12,CPU_USAGE_13,CPU_USAGE_14,CPU_USAGE_15,CPU_USAGE_2,CPU_USAGE_3,CPU_USAGE_4,CPU_USAGE_5,CPU_USAGE_6,CPU_USAGE_7,CPU_USAGE_8,CPU_USAGE_9,TOTAL_MEMORY,TOTAL_SWAP,USED_MEMORY,USED_SWAP
0,1776526071815,2014.906509399414,1550,2,0.63125,1713.2801971435547,1819,1819,1819,1819,1901,1819,1819,1819,1819,1819,1819,1901,1819,1819,1901,1819,36.12184524536133,35.311004638671875,67.1252212524414,67.6479263305664,67.23678588867188,39.710609436035156,46.70823669433594,40.70504379272461,0.7462005615234375,0.5832901000976563,48.85816955566406,24.599380493164063,0,0,63.37908935546875,78.43084716796875,16441667584,16151695360,12770406400,8013160448
199,1776526071816,3393.654281616211,1550,2,0.63125,1713.3212585449219,1819,1819,1819,1819,1901,1819,1819,1819,1819,1819,1819,1901,1819,1819,1901,1819,91.6191635131836,3.9543991088867188,23.48834991455078,18.807884216308594,97.14171600341797,83.37433624267578,53.9833984375,5.886589050292969,1.38214111328125,1.4261398315429688,48.8428840637207,3.878387451171875,0,0,57.43574523925781,100,16441667584,16151695360,12770439168,8013160448
199,1776526072017,3863.579620361328,1550,2,0.63125,1714.431655883789,1819,1819,1819,1819,1901,1819,1819,1819,1819,1819,1819,1901,1819,1819,1901,1819,18.1678466796875,23.91497039794922,8.414131164550781,14.6339111328125,30.41680908203125,32.84172058105469,15.149337768554688,17.822669982910156,0,0,13.500633239746094,17.699813842773438,0,0,66.849853515625,35.58323669433594,16441667584,16151695360,12773367808,8022147072
1,1776526072218,3863.6055450439453,1860.0000000000002,1,0.65625,1715.282974243164,1819,1819,1819,1819,1901,1819,1819,1819,1819,1819,1819,1901,1819,1819,1901,1819,7.591331481933594,7.069305419921875,0.3094024658203125,0.3094482421875,23.78813934326172,3.687255859375,6.9086761474609375,5.441093444824219,0.3048095703125,0.27642822265625,11.078140258789063,15.631195068359375,0.2763214111328125,0.276275634765625,28.242767333984375,6.6188812255859375,16441667584,16151695360,12761563136,8000106496
