Delta,Time,CORE0_ENERGY (J),CORE0_FREQ (MHZ),CORE0_PSTATE,CORE0_VOLT (V),CPU_ENERGY (J),CPU_FREQUENCY_0,CPU_FREQUENCY_1,CPU_FREQUENCY_10,CPU_FREQUENCY_11,CPU_FREQUENCY_12,CPU_FREQUENCY_13,CPU_FREQUENCY_14,CPU_FREQUENCY_15,CPU_FREQUENCY_2,CPU_FREQUENCY_3,CPU_FREQUENCY_4,CPU_FREQUENCY_5,CPU_FREQUENCY_6,CPU_FREQUENCY_7,CPU_FREQUENCY_8,CPU_FREQUENCY_9,CPU_USAGE_0,CPU_USAGE_1,CPU_USAGE_10,CPU_USAGE_11,CPU_USAGE_12,CPU_USAGE_13,CPU_USAGE_14,CPU_USAGE_15,CPU_USAGE_2,CPU_USAGE_3,CPU_USAGE_4,CPU_USAGE_5,CPU_USAGE_6,CPU_USAGE_7,CPU_USAGE_8,CPU_USAGE_9,TOTAL_MEMORY,TOTAL_SWAP,USED_MEMORY,USED_SWAP
0,1776526050472,2011.5440673828125,1860.0000000000002,1,0.66875,1594.10693359375,1901,1901,1819,1819,1901,1819,1819,1819,1819,1819,1819,1901,1819,1819,1901,1901,54.916446685791016,62.56280517578125,35.474708557128906,38.71058654785156,83.07540893554688,86.98274230957031,58.311458587646484,45.148475646972656,0.40612030029296875,0,33.422950744628906,31.6446533203125,0,0,47.21469497680664,43.33559036254883,16441667584,16151695360,12750815232,7997440000
199,1776526050473,3386.377914428711,1860.0000000000002,1,0.66875,1594.1382904052734,1901,1901,1819,1819,1901,1819,1819,1819,1819,1819,1819,1901,1819,1819,1901,1901,44.56065368652344,20.843399047851563,74.87274932861328,14.640533447265625,47.14099884033203,46.34033203125,61.48801803588867,16.273452758789063,4.512351989746094,3.427459716796875,69.86253356933594,18.326210021972656,4.094367980957031,4.096229553222656,55.11796569824219,60.78952407836914,16441667584,16151695360,12750848000,7997440000
198,1776526050675,2011.643295288086,1860.0000000000002,1,0.66875,1595.4794464111328,1901,1901,1819,1819,1901,1819,1819,1819,1819,1819,1819,1901,1819,1819,1901,1901,35.82057189941406,29.38518524169922,14.751823425292969,10.923301696777344,60.51872634887695,61.1746826171875,46.93965530395508,34.942710876464844,0,0,37.21915817260742,34.355712890625,0,0,32.3394775390625,69.00686645507813,16441667584,16151695360,12764389376,8009711616
1,1776526050875,3853.9493713378906,1860.0000000000002,1,0.66875,1596.6190948486328,1901,1901,1819,1819,1901,1819,1819,1819,1819,1819,1819,1901,1819,1819,1901,1901,28.54808807373047,27.058387756347656,0.1835174560546875,0.18341827392578125,55.75444030761719,43.154293060302734,32.27478790283203,25.38446807861328,0.18115997314453125,0.181304931640625,31.825668334960938,29.51568603515625,0.167327880859375,0.16717529296875,33.563209533691406,37.73480987548828,16441667584,16151695360,12764057600,8001703936
