Delta,Time,CORE0_ENERGY (J),CORE0_FREQ (MHZ),CORE0_PSTATE,CORE0_VOLT (V),CPU_ENERGY (J),CPU_FREQUENCY_0,CPU_FREQUENCY_1,CPU_FREQUENCY_10,CPU_FREQUENCY_11,CPU_FREQUENCY_12,CPU_FREQUENCY_13,CPU_FREQUENCY_14,CPU_FREQUENCY_15,CPU_FREQUENCY_2,CPU_FREQUENCY_3,CPU_FREQUENCY_4,CPU_FREQUENCY_5,CPU_FREQUENCY_6,CPU_FREQUENCY_7,CPU_FREQUENCY_8,CPU_FREQUENCY_9,CPU_USAGE_0,CPU_USAGE_1,CPU_USAGE_10,CPU_USAGE_11,CPU_USAGE_12,CPU_USAGE_13,CPU_USAGE_14,CPU_USAGE_15,CPU_USAGE_2,CPU_USAGE_3,CPU_USAGE_4,CPU_USAGE_5,CPU_USAGE_6,CPU_USAGE_7,CPU_USAGE_8,CPU_USAGE_9,TOTAL_MEMORY,TOTAL_SWAP,USED_MEMORY,USED_SWAP
0,1776526101350,3874.075958251953,1860.0000000000002,1,0.66875,1859.3250274658203,1819,1819,1819,1819,1819,1901,1819,1819,1819,1819,1901,1901,1819,1819,1819,1901,30.064315795898438,44.52892303466797,35.45576477050781,46.54722213745117,55.14796447753906,45.67206573486328,38.22824478149414,43.31036376953125,1.0883941650390625,1.0880126953125,62.77056884765625,53.153785705566406,0.9995803833007813,0.9892425537109375,39.38478469848633,22.509475708007813,16441667584,16151695360,12779020288,8025698304
199,1776526101351,2017.2955169677734,1860.0000000000002,1,0.66875,1859.4012145996094,1819,1819,1819,1819,1819,1901,1819,1819,1819,1819,1901,1901,1819,1819,1819,1901,30.946937561035156,21.228126525878906,33.282501220703125,19.62872314453125,66.25904846191406,5.7800750732421875,26.94983673095703,18.53765869140625,0,0,52.57420349121094,32.731788635253906,0,0,54.76291275024414,55.291969299316406,16441667584,16151695360,12779053056,8026038272
199,1776526101552,6806.094421386719,1550,2,0.63125,1860.3783569335938,1819,1819,1819,1819,1819,1901,1819,1819,1819,1819,1901,1901,1819,1819,1819,1901,8.466789245605469,7.835517883300781,7.69256591796875,3.2123184204101563,44.243438720703125,11.384834289550781,6.6417236328125,3.806793212890625,0.1690216064453125,0.1693267822265625,10.066795349121094,9.409988403320313,0.1900634765625,0.19126129150390625,33.90435791015625,42.6769905090332,16441667584,16151695360,12782428160,8034082816
0,1776526101752,6806.152648925781,1860.0000000000002,1,0.6625,1861.1537780761719,1819,1819,1819,1819,1819,1901,1819,1819,1819,1819,1901,1901,1819,1819,1819,1901,0.0075225830078125,0,0,0,13.265312194824219,17.164810180664063,0,0,0,0,0.804595947265625,0,0,0,19.7838134765625,23.353858947753906,16441667584,16151695360,12787826688,8026521600
