Delta,Time,CORE0_ENERGY (J),CORE0_FREQ (MHZ),CORE0_PSTATE,CORE0_VOLT (V),CPU_ENERGY (J),CPU_FREQUENCY_0,CPU_FREQUENCY_1,CPU_FREQUENCY_10,CPU_FREQUENCY_11,CPU_FREQUENCY_12,CPU_FREQUENCY_13,CPU_FREQUENCY_14,CPU_FREQUENCY_15,CPU_FREQUENCY_2,CPU_FREQUENCY_3,CPU_FREQUENCY_4,CPU_FREQUENCY_5,CPU_FREQUENCY_6,CPU_FREQUENCY_7,CPU_FREQUENCY_8,CPU_FREQUENCY_9,CPU_USAGE_0,CPU_USAGE_1,CPU_USAGE_10,CPU_USAGE_11,CPU_USAGE_12,CPU_USAGE_13,CPU_USAGE_14,CPU_USAGE_15,CPU_USAGE_2,CPU_USAGE_3,CPU_USAGE_4,CPU_USAGE_5,CPU_USAGE_6,CPU_USAGE_7,CPU_USAGE_8,CPU_USAGE_9,TOTAL_MEMORY,TOTAL_SWAP,USED_MEMORY,USED_SWAP
0,1776526046183,1933.4676513671875,1860.0000000000002,1,0.675,1569.6479949951172,1819,1901,1819,1819,1901,1901,1819,1819,1819,1819,1901,1819,1819,1819,1901,1819,33.96318054199219,61.25227737426758,19.04228973388672,20.56945037841797,78.50747680664063,50.01932144165039,55.42034149169922,56.03062438964844,56.00947952270508,15.109001159667969,32.679908752441406,56.42070770263672,0,0,16.032447814941406,28.46190643310547,16441667584,16151695360,12749819904,8002801664
199,1776526046184,1933.4742736816406,1860.0000000000002,1,0.675,1569.7172088623047,1819,1901,1819,1819,1901,1901,1819,1819,1819,1819,1901,1819,1819,1819,1901,1819,52.387630462646484,20.051132202148438,48.53657913208008,0,11.528282165527344,33.34626770019531,49.83784103393555,5.60894775390625,53.349647521972656,43.520565032958984,9.552520751953125,5.095603942871094,0,0,29.54694366455078,12.539047241210938,16441667584,16151695360,12750114816,8002801664
198,1776526046385,3384.908462524414,1860.0000000000002,1,0.66875,1570.9738464355469,1819,1901,1819,1819,1901,1901,1819,1819,1819,1819,1901,1819,1819,1819,1901,1819,32.60772705078125,38.18235778808594,12.841835021972656,11.215034484863281,56.18490982055664,68.47868347167969,7.9259490966796875,14.613304138183594,11.38232421875,17.845428466796875,39.02638244628906,41.32423400878906,0.2859954833984375,0.28594207763671875,48.68079376220703,47.47283935546875,16441667584,16151695360,12752871424,8005603328
1,1776526046585,6777.54475402832,1550,2,0.63125,1572.0849914550781,1819,1901,1819,1819,1901,1901,1819,1819,1819,1819,1901,1819,1819,1819,1901,1819,25.524314880371094,33.429222106933594,0.0114593505859375,0.01155853271484375,38.90925216674805,38.55946350097656,0.02819061279296875,0.02819061279296875,0.0455322265625,0,36.5278434753418,44.0625114440918,0.03176116943359375,0,36.643131256103516,51.68553161621094,16441667584,16151695360,12748378112,7995678720
