Delta,Time,CORE0_ENERGY (J),CORE0_FREQ (MHZ),CORE0_PSTATE,CORE0_VOLT (V),CPU_ENERGY (J),CPU_FREQUENCY_0,CPU_FREQUENCY_1,CPU_FREQUENCY_10,CPU_FREQUENCY_11,CPU_FREQUENCY_12,CPU_FREQUENCY_13,CPU_FREQUENCY_14,CPU_FREQUENCY_15,CPU_FREQUENCY_2,CPU_FREQUENCY_3,CPU_FREQUENCY_4,CPU_FREQUENCY_5,CPU_FREQUENCY_6,CPU_FREQUENCY_7,CPU_FREQUENCY_8,CPU_FREQUENCY_9,CPU_USAGE_0,CPU_USAGE_1,CPU_USAGE_10,CPU_USAGE_11,CPU_USAGE_12,CPU_USAGE_13,CPU_USAGE_14,CPU_USAGE_15,CPU_USAGE_2,CPU_USAGE_3,CPU_USAGE_4,CPU_USAGE_5,CPU_USAGE_6,CPU_USAGE_7,CPU_USAGE_8,CPU_USAGE_9,TOTAL_MEMORY,TOTAL_SWAP,USED_MEMORY,USED_SWAP
0,1776526028869,3843.208999633789,1860.0000000000002,1,0.66875,1469.356185913086,1819,1819,1819,1819,1901,1819,1819,1819,1819,1819,1819,1901,1819,1819,1901,1819,21.953292846679688,35.81785583496094,33.581634521484375,39.76675796508789,42.72157287597656,23.791122436523438,29.51434326171875,30.738441467285156,0,0,53.16227722167969,74.68561553955078,0,0,49.21375274658203,47.3214225769043,16441667584,16151695360,12781948928,8027250688
199,1776526028870,2009.4010314941406,1860.0000000000002,1,0.66875,1469.4290161132813,1819,1819,1819,1819,1901,1819,1819,1819,1819,1819,1819,1901,1819,1819,1901,1819,38.64568328857422,69.54315948486328,69.58035278320313,65.18168640136719,27.376251220703125,10.516929626464844,15.544113159179688,24.818313598632813,0,0,20.399620056152344,67.54124450683594,0,0,49.391510009765625,35.965667724609375,16441667584,16151695360,12781555712,8027435008
199,1776526029070,3843.3233184814453,1860.0000000000002,1,0.66875,1470.6700286865234,1819,1819,1819,1819,1901,1819,1819,1819,1819,1819,1819,1901,1819,1819,1901,1819,37.183101654052734,40.14984893798828,5.286369323730469,10.225547790527344,39.84025573730469,45.35414123535156,6.512298583984375,10.222099304199219,0.11685943603515625,0.11650848388671875,46.60382080078125,43.47667694091797,0.0962677001953125,0.09597015380859375,35.49456787109375,68.41265869140625,16441667584,16151695360,12773298176,8015417344
1,1776526029271,3378.319290161133,1550,2,0.63125,1471.7559967041016,1819,1819,1819,1819,1901,1819,1819,1819,1819,1819,1819,1901,1819,1819,1901,1819,27.00749969482422,27.072219848632813,9.6895751953125,18.343215942382813,30.26256561279297,36.43045425415039,9.436859130859375,14.897743225097656,0.6874465942382813,0.6863937377929688,22.949363708496094,29.571372985839844,0.7332077026367188,0.736053466796875,20.830413818359375,47.2205924987793,16441667584,16151695360,12763811840,8005345280
