Delta,Time,CORE0_ENERGY (J),CORE0_FREQ (MHZ),CORE0_PSTATE,CORE0_VOLT (V),CPU_ENERGY (J),CPU_FREQUENCY_0,CPU_FREQUENCY_1,CPU_FREQUENCY_10,CPU_FREQUENCY_11,CPU_FREQUENCY_12,CPU_FREQUENCY_13,CPU_FREQUENCY_14,CPU_FREQUENCY_15,CPU_FREQUENCY_2,CPU_FREQUENCY_3,CPU_FREQUENCY_4,CPU_FREQUENCY_5,CPU_FREQUENCY_6,CPU_FREQUENCY_7,CPU_FREQUENCY_8,CPU_FREQUENCY_9,CPU_USAGE_0,CPU_USAGE_1,CPU_USAGE_10,CPU_USAGE_11,CPU_USAGE_12,CPU_USAGE_13,CPU_USAGE_14,CPU_USAGE_15,CPU_USAGE_2,CPU_USAGE_3,CPU_USAGE_4,CPU_USAGE_5,CPU_USAGE_6,CPU_USAGE_7,CPU_USAGE_8,CPU_USAGE_9,TOTAL_MEMORY,TOTAL_SWAP,USED_MEMORY,USED_SWAP
0,1776526075966,3864.949432373047,1860.0000000000002,1,0.66875,1733.6304473876953,1819,1819,1819,1819,1901,1901,1819,1819,1819,1819,1901,1819,1819,1819,1901,1819,23.824867248535156,29.308547973632813,21.78905487060547,34.65129089355469,36.26902770996094,27.868637084960938,65.41937255859375,37.757225036621094,0,0,24.59075927734375,33.1666259765625,0,0,37.772926330566406,41.4343376159668,16441667584,16151695360,12752986112,8002940928
199,1776526075967,3394.6229248046875,1550,2,0.63125,1733.6993865966797,1819,1819,1819,1819,1901,1901,1819,1819,1819,1819,1901,1819,1819,1819,1901,1819,2.940582275390625,79.03874206542969,15.596420288085938,34.90791320800781,4.3273773193359375,58.63508605957031,15.511962890625,20.845130920410156,1.8944854736328125,1.737091064453125,7.95416259765625,66.44912719726563,0.5316848754882813,0.5278472900390625,24.827972412109375,27.694656372070313,16441667584,16151695360,12753227776,8003547136
199,1776526076168,3865.010543823242,1860.0000000000002,1,0.66875,1734.8036041259766,1819,1819,1819,1819,1901,1901,1819,1819,1819,1819,1901,1819,1819,1819,1901,1819,27.491180419921875,20.843093872070313,5.826408386230469,6.9708099365234375,47.78208541870117,28.617088317871094,8.897300720214844,13.8355712890625,0,0,15.216789245605469,23.37737274169922,0,0,45.37859344482422,23.823776245117188,16441667584,16151695360,12760416256,8010297344
1,1776526076368,3865.081832885742,1860.0000000000002,1,0.66875,1735.8283233642578,1819,1819,1819,1819,1901,1901,1819,1819,1819,1819,1901,1819,1819,1819,1901,1819,19.394500732421875,29.35578155517578,0.438751220703125,0.4388580322265625,30.496360778808594,19.478286743164063,0.46265411376953125,0.462860107421875,0.5243377685546875,0.4277801513671875,28.475616455078125,23.852500915527344,0.43189239501953125,0.432037353515625,18.05158233642578,46.526893615722656,16441667584,16151695360,12767617024,8016625664
