Delta,Time,CORE0_ENERGY (J),CORE0_FREQ (MHZ),CORE0_PSTATE,CORE0_VOLT (V),CPU_ENERGY (J),CPU_FREQUENCY_0,CPU_FREQUENCY_1,CPU_FREQUENCY_10,CPU_FREQUENCY_11,CPU_FREQUENCY_12,CPU_FREQUENCY_13,CPU_FREQUENCY_14,CPU_FREQUENCY_15,CPU_FREQUENCY_2,CPU_FREQUENCY_3,CPU_FREQUENCY_4,CPU_FREQUENCY_5,CPU_FREQUENCY_6,CPU_FREQUENCY_7,CPU_FREQUENCY_8,CPU_FREQUENCY_9,CPU_USAGE_0,CPU_USAGE_1,CPU_USAGE_10,CPU_USAGE_11,CPU_USAGE_12,CPU_USAGE_13,CPU_USAGE_14,CPU_USAGE_15,CPU_USAGE_2,CPU_USAGE_3,CPU_USAGE_4,CPU_USAGE_5,CPU_USAGE_6,CPU_USAGE_7,CPU_USAGE_8,CPU_USAGE_9,TOTAL_MEMORY,TOTAL_SWAP,USED_MEMORY,USED_SWAP
0,1776526024540,8560.492050170898,1860.0000000000002,1,0.675,1444.254135131836,1901,1901,1819,1819,1901,1901,1819,1819,1819,1819,1901,1901,1819,1819,1901,1901,39.46710968017578,40.284645080566406,29.309608459472656,44.98431396484375,17.49420928955078,10.4490966796875,24.26775360107422,29.011688232421875,47.495582580566406,46.66610336303711,33.45770263671875,25.7584228515625,43.74659729003906,50.519432067871094,11.337600708007813,27.44654083251953,16441667584,16151695360,12757569536,8008847360
198,1776526024542,8560.497970581055,1860.0000000000002,1,0.675,1444.3258666992188,1901,1901,1819,1819,1901,1901,1819,1819,1819,1819,1901,1901,1819,1819,1901,1901,5.283050537109375,6.1350860595703125,49.895362854003906,87.25789642333984,2.0788421630859375,27.793678283691406,11.525978088378906,16.411842346191406,34.75090026855469,22.056846618652344,5.179481506347656,45.465415954589844,55.73789596557617,24.671676635742188,17.615150451660156,5.4143829345703125,16441667584,16151695360,12757602304,8009904128
199,1776526024742,3841.1463317871094,1860.0000000000002,1,0.66875,1445.5367889404297,1901,1901,1819,1819,1901,1901,1819,1819,1819,1819,1901,1901,1819,1819,1901,1901,25.12152099609375,28.87664031982422,4.1458892822265625,8.440101623535156,38.61632537841797,38.53407669067383,1.7770919799804688,7.2528076171875,12.395591735839844,5.3648223876953125,27.28235626220703,29.97185516357422,3.3384933471679688,14.699661254882813,14.234474182128906,80.68292999267578,16441667584,16151695360,12773990400,8011476992
2,1776526024943,6765.266403198242,1860.0000000000002,1,0.6625,1446.5702209472656,1901,1901,1819,1819,1901,1901,1819,1819,1819,1819,1901,1901,1819,1819,1901,1901,11.136016845703125,22.063568115234375,0,0,32.912071228027344,43.435691833496094,0,0,0,0,16.50421142578125,20.831687927246094,0,0,27.375900268554688,48.28799057006836,16441667584,16151695360,12770893824,8003112960
