Delta,Time,CORE0_ENERGY (J),CORE0_FREQ (MHZ),CORE0_PSTATE,CORE0_VOLT (V),CPU_ENERGY (J),CPU_FREQUENCY_0,CPU_FREQUENCY_1,CPU_FREQUENCY_10,CPU_FREQUENCY_11,CPU_FREQUENCY_12,CPU_FREQUENCY_13,CPU_FREQUENCY_14,CPU_FREQUENCY_15,CPU_FREQUENCY_2,CPU_FREQUENCY_3,CPU_FREQUENCY_4,CPU_FREQUENCY_5,CPU_FREQUENCY_6,CPU_FREQUENCY_7,CPU_FREQUENCY_8,CPU_FREQUENCY_9,CPU_USAGE_0,CPU_USAGE_1,CPU_USAGE_10,CPU_USAGE_11,CPU_USAGE_12,CPU_USAGE_13,CPU_USAGE_14,CPU_USAGE_15,CPU_USAGE_2,CPU_USAGE_3,CPU_USAGE_4,CPU_USAGE_5,CPU_USAGE_6,CPU_USAGE_7,CPU_USAGE_8,CPU_USAGE_9,TOTAL_MEMORY,TOTAL_SWAP,USED_MEMORY,USED_SWAP
0,1776526097137,6803.686508178711,1860.0000000000002,1,0.675,1836.021728515625,1819,1819,1819,1819,1819,1819,1819,1819,1819,1819,1819,1819,1819,1819,1901,1819,48.64405822753906,37.760047912597656,28.69835662841797,58.36663818359375,52.3343620300293,40.82946014404297,52.77082443237305,69.7140121459961,3.5869369506835938,3.9104843139648438,48.90069580078125,18.46533203125,3.58587646484375,3.58587646484375,34.46372985839844,15.735389709472656,16441667584,16151695360,12776243200,8025149440
199,1776526097138,6646.500381469727,1860.0000000000002,1,0.675,1836.0933380126953,1819,1819,1819,1819,1819,1819,1819,1819,1819,1819,1819,1819,1819,1819,1901,1819,37.37751388549805,41.99163055419922,81.65673828125,26.08538055419922,65.21798706054688,54.58060836791992,15.548530578613281,36.357791900634766,9.566932678222656,7.877052307128906,30.382530212402344,35.98014831542969,7.693214416503906,7.6923065185546875,58.685768127441406,10.655487060546875,16441667584,16151695360,12776312832,8025890816
199,1776526097338,6646.557235717773,1860.0000000000002,1,0.675,1837.1204223632813,1819,1819,1819,1819,1819,1819,1819,1819,1819,1819,1819,1819,1819,1819,1901,1819,13.633995056152344,12.9810791015625,0.5094070434570313,0,37.3850212097168,52.06398391723633,0.1150665283203125,0,0,0,14.188560485839844,13.848007202148438,0,0,29.095260620117188,13.572868347167969,16441667584,16151695360,12780728320,8033148928
1,1776526097539,3872.2556915283203,1860.0000000000002,1,0.675,1838.1290588378906,1819,1819,1819,1819,1819,1819,1819,1819,1819,1819,1819,1819,1819,1819,1901,1819,14.143058776855469,15.001876831054688,0,0,20.91094970703125,34.852691650390625,0,0,0,0.01396942138671875,23.254241943359375,25.53803253173828,0,0,36.0905647277832,30.923622131347656,16441667584,16151695360,12789821440,8045273088
