Delta,Time,CORE0_ENERGY (J),CORE0_FREQ (MHZ),CORE0_PSTATE,CORE0_VOLT (V),CPU_ENERGY (J),CPU_FREQUENCY_0,CPU_FREQUENCY_1,CPU_FREQUENCY_10,CPU_FREQUENCY_11,CPU_FREQUENCY_12,CPU_FREQUENCY_13,CPU_FREQUENCY_14,CPU_FREQUENCY_15,CPU_FREQUENCY_2,CPU_FREQUENCY_3,CPU_FREQUENCY_4,CPU_FREQUENCY_5,CPU_FREQUENCY_6,CPU_FREQUENCY_7,CPU_FREQUENCY_8,CPU_FREQUENCY_9,CPU_USAGE_0,CPU_USAGE_1,CPU_USAGE_10,CPU_USAGE_11,CPU_USAGE_12,CPU_USAGE_13,CPU_USAGE_14,CPU_USAGE_15,CPU_USAGE_2,CPU_USAGE_3,CPU_USAGE_4,CPU_USAGE_5,CPU_USAGE_6,CPU_USAGE_7,CPU_USAGE_8,CPU_USAGE_9,TOTAL_MEMORY,TOTAL_SWAP,USED_MEMORY,USED_SWAP
0,1776526037524,8560.648071289063,1860.0000000000002,1,0.675,1519.516830444336,1901,1901,1819,1819,1901,1901,1819,1901,1819,1819,1901,1819,1819,1819,1901,1819,18.910606384277344,23.922332763671875,20.07781219482422,24.348068237304688,35.32451629638672,18.699432373046875,35.19007110595703,23.706748962402344,56.1998176574707,31.80828857421875,21.031814575195313,53.84027862548828,84.56861114501953,14.393867492675781,29.825599670410156,9.059272766113281,16441667584,16151695360,12753367040,8002318336
199,1776526037525,8560.654510498047,1860.0000000000002,1,0.675,1519.5847930908203,1901,1901,1819,1819,1901,1901,1819,1901,1819,1819,1901,1819,1819,1819,1901,1819,13.633636474609375,4.240684509277344,28.790374755859375,16.500770568847656,35.39430236816406,16.866539001464844,33.479705810546875,19.445053100585938,50.77488708496094,3.6958389282226563,19.244064331054688,9.100517272949219,55.906192779541016,31.9346923828125,34.8818359375,1.433563232421875,16441667584,16151695360,12753399808,8002318336
199,1776526037726,3847.460494995117,1860.0000000000002,1,0.66875,1520.7540283203125,1901,1901,1819,1819,1901,1901,1819,1901,1819,1819,1901,1819,1819,1819,1901,1819,38.428958892822266,24.01233673095703,7.204856872558594,4.8801422119140625,84.62614440917969,16.640625,8.106956481933594,5.628150939941406,11.755729675292969,4.49078369140625,30.417701721191406,17.53246307373047,20.56482696533203,6.140296936035156,34.59649658203125,29.308624267578125,16441667584,16151695360,12770009088,8011100160
1,1776526037926,6772.688629150391,1860.0000000000002,1,0.675,1521.7324981689453,1901,1901,1819,1819,1901,1901,1819,1901,1819,1819,1901,1819,1819,1819,1901,1819,35.23540496826172,13.401519775390625,0,0,45.560733795166016,16.69916534423828,0,0,0,0,27.78704833984375,24.555374145507813,0,0,30.3646240234375,10.766288757324219,16441667584,16151695360,12767113216,8002318336
