Delta,Time,CORE0_ENERGY (J),CORE0_FREQ (MHZ),CORE0_PSTATE,CORE0_VOLT (V),CPU_ENERGY (J),CPU_FREQUENCY_0,CPU_FREQUENCY_1,CPU_FREQUENCY_10,CPU_FREQUENCY_11,CPU_FREQUENCY_12,CPU_FREQUENCY_13,CPU_FREQUENCY_14,CPU_FREQUENCY_15,CPU_FREQUENCY_2,CPU_FREQUENCY_3,CPU_FREQUENCY_4,CPU_FREQUENCY_5,CPU_FREQUENCY_6,CPU_FREQUENCY_7,CPU_FREQUENCY_8,CPU_FREQUENCY_9,CPU_USAGE_0,CPU_USAGE_1,CPU_USAGE_10,CPU_USAGE_11,CPU_USAGE_12,CPU_USAGE_13,CPU_USAGE_14,CPU_USAGE_15,CPU_USAGE_2,CPU_USAGE_3,CPU_USAGE_4,CPU_USAGE_5,CPU_USAGE_6,CPU_USAGE_7,CPU_USAGE_8,CPU_USAGE_9,TOTAL_MEMORY,TOTAL_SWAP,USED_MEMORY,USED_SWAP
0,1776526084466,2016.035400390625,1860.0000000000002,1,0.66875,1774.8646850585938,1819,1819,1819,1819,1819,1819,1819,1819,1819,1819,1901,1819,1819,1819,1901,1819,18.288818359375,26.513763427734375,24.66014862060547,48.1204719543457,15.152938842773438,18.53980255126953,36.38133239746094,26.206459045410156,2.8636703491210938,4.1561431884765625,19.95184326171875,30.733566284179688,2.8477554321289063,2.8477554321289063,41.00312042236328,5.293121337890625,16441667584,16151695360,12763971584,8008966144
199,1776526084467,3867.993438720703,1550,2,0.63125,1774.9066619873047,1819,1819,1819,1819,1819,1819,1819,1819,1819,1819,1901,1819,1819,1819,1901,1819,5.150299072265625,9.254081726074219,0,0,16.69306182861328,11.412338256835938,0,38.72119903564453,0,0,31.59741973876953,0,0,0,74.4581069946289,0,16441667584,16151695360,12764004352,8008945664
199,1776526084667,3868.028793334961,1860.0000000000002,1,0.66875,1775.9036712646484,1819,1819,1819,1819,1819,1819,1819,1819,1819,1819,1901,1819,1819,1819,1901,1819,8.166259765625,10.238716125488281,2.580108642578125,2.6074676513671875,62.952816009521484,33.68586730957031,11.889823913574219,1.286712646484375,0.16243743896484375,0.2221832275390625,18.18279266357422,9.867195129394531,0.12152862548828125,0.1213836669921875,18.522071838378906,17.10839080810547,16441667584,16151695360,12766572544,8016314368
0,1776526084868,6797.581497192383,1860.0000000000002,1,0.6625,1776.7210388183594,1819,1819,1819,1819,1819,1819,1819,1819,1819,1819,1901,1819,1819,1819,1901,1819,1.14935302734375,0.01593017578125,0.03515625,0.0349578857421875,12.79986572265625,35.769874572753906,0.06626129150390625,0.06626129150390625,0.01587677001953125,0.01587677001953125,11.71807861328125,5.7435150146484375,0.0423736572265625,0.04241943359375,15.690177917480469,6.1539154052734375,16441667584,16151695360,12764008448,8007675904
