Delta,Time,CORE0_ENERGY (J),CORE0_FREQ (MHZ),CORE0_PSTATE,CORE0_VOLT (V),CPU_ENERGY (J),CPU_FREQUENCY_0,CPU_FREQUENCY_1,CPU_FREQUENCY_10,CPU_FREQUENCY_11,CPU_FREQUENCY_12,CPU_FREQUENCY_13,CPU_FREQUENCY_14,CPU_FREQUENCY_15,CPU_FREQUENCY_2,CPU_FREQUENCY_3,CPU_FREQUENCY_4,CPU_FREQUENCY_5,CPU_FREQUENCY_6,CPU_FREQUENCY_7,CPU_FREQUENCY_8,CPU_FREQUENCY_9,CPU_USAGE_0,CPU_USAGE_1,CPU_USAGE_10,CPU_USAGE_11,CPU_USAGE_12,CPU_USAGE_13,CPU_USAGE_14,CPU_USAGE_15,CPU_USAGE_2,CPU_USAGE_3,CPU_USAGE_4,CPU_USAGE_5,CPU_USAGE_6,CPU_USAGE_7,CPU_USAGE_8,CPU_USAGE_9,TOTAL_MEMORY,TOTAL_SWAP,USED_MEMORY,USED_SWAP
0,1776525976747,1931.4044799804688,1860.0000000000002,1,0.675,1159.5630340576172,1901,1901,1819,1819,1901,1901,1819,1819,1819,1819,1901,1901,1819,1819,1901,1901,28.33763885498047,32.02400207519531,53.30162048339844,33.88628387451172,31.031044006347656,42.66224670410156,23.11493682861328,50.63393020629883,46.56262969970703,19.555999755859375,31.102508544921875,27.152587890625,1.2360992431640625,1.2357177734375,18.296836853027344,45.44337463378906,16441667584,16151695360,12770742272,8009728000
199,1776525976748,1931.4103698730469,1860.0000000000002,1,0.675,1159.6354064941406,1901,1901,1819,1819,1901,1901,1819,1819,1819,1819,1901,1901,1819,1819,1901,1901,0,49.072959899902344,12.077316284179688,15.437522888183594,0,19.43396759033203,0,37.69660949707031,48.013919830322266,17.282501220703125,4.667060852050781,4.035888671875,0,0,6.667816162109375,51.83435821533203,16441667584,16151695360,12770775040,8011272192
196,1776525976952,6736.651031494141,1860.0000000000002,1,0.675,1160.8566131591797,1901,1901,1819,1819,1901,1901,1819,1819,1819,1819,1901,1901,1819,1819,1901,1901,25.009963989257813,36.86931228637695,3.4645919799804688,11.707084655761719,67.32755279541016,34.83802795410156,4.437232971191406,15.111579895019531,11.468231201171875,7.1381072998046875,29.274368286132813,35.281883239746094,0.5868682861328125,0.5868682861328125,22.444358825683594,44.22241973876953,16441667584,16151695360,12772519936,8020303872
1,1776525977149,3815.8323974609375,1860.0000000000002,1,0.66875,1161.9341278076172,1901,1901,1819,1819,1901,1901,1819,1819,1819,1819,1901,1901,1819,1819,1901,1901,18.621658325195313,32.33704376220703,0,0,24.485145568847656,39.50790023803711,0,0,0,0,32.027069091796875,40.60893249511719,0,0,26.472579956054688,42.63496780395508,16441667584,16151695360,12763455488,8009875456
