Delta,Time,CORE0_ENERGY (J),CORE0_FREQ (MHZ),CORE0_PSTATE,CORE0_VOLT (V),CPU_ENERGY (J),CPU_FREQUENCY_0,CPU_FREQUENCY_1,CPU_FREQUENCY_10,CPU_FREQUENCY_11,CPU_FREQUENCY_12,CPU_FREQUENCY_13,CPU_FREQUENCY_14,CPU_FREQUENCY_15,CPU_FREQUENCY_2,CPU_FREQUENCY_3,CPU_FREQUENCY_4,CPU_FREQUENCY_5,CPU_FREQUENCY_6,CPU_FREQUENCY_7,CPU_FREQUENCY_8,CPU_FREQUENCY_9,CPU_USAGE_0,CPU_USAGE_1,CPU_USAGE_10,CPU_USAGE_11,CPU_USAGE_12,CPU_USAGE_13,CPU_USAGE_14,CPU_USAGE_15,CPU_USAGE_2,CPU_USAGE_3,CPU_USAGE_4,CPU_USAGE_5,CPU_USAGE_6,CPU_USAGE_7,CPU_USAGE_8,CPU_USAGE_9,TOTAL_MEMORY,TOTAL_SWAP,USED_MEMORY,USED_SWAP
0,1776525981051,1931.536392211914,1860.0000000000002,1,0.675,1185.7585906982422,1901,1901,1819,1819,1901,1901,1819,1819,1819,1819,1901,1901,1819,1819,1901,1819,20.711334228515625,31.84331512451172,51.02342224121094,41.24026870727539,32.36573028564453,36.427494049072266,25.242523193359375,24.1002197265625,71.47491455078125,10.085800170898438,47.34344482421875,21.26227569580078,0,0,43.62168884277344,50.29143524169922,16441667584,16151695360,12760186880,8024559616
199,1776525981052,1931.5419006347656,1860.0000000000002,1,0.675,1185.8103637695313,1901,1901,1819,1819,1901,1901,1819,1819,1819,1819,1901,1901,1819,1819,1901,1819,19.731361389160156,28.627944946289063,28.980491638183594,28.89275360107422,46.10525131225586,33.209434509277344,70.2314682006836,50.58943557739258,93.45159149169922,33.220603942871094,69.16744995117188,4.0789947509765625,0,0,34.793495178222656,41.30043029785156,16441667584,16151695360,12760518656,8023789568
199,1776525981252,3818.272018432617,1860.0000000000002,1,0.66875,1187.0023193359375,1901,1901,1819,1819,1901,1901,1819,1819,1819,1819,1901,1901,1819,1819,1901,1819,7.527687072753906,13.875091552734375,6.967842102050781,4.508331298828125,60.58083724975586,39.63378143310547,11.17413330078125,11.833389282226563,20.042640686035156,7.005409240722656,34.431884765625,38.97959518432617,0,0,34.534202575683594,66.458740234375,16441667584,16151695360,12754866176,8011513856
1,1776525981453,3818.365753173828,1860.0000000000002,1,0.66875,1188.049331665039,1901,1901,1819,1819,1901,1901,1819,1819,1819,1819,1901,1901,1819,1819,1901,1819,0.204925537109375,0.01409912109375,0.0242462158203125,0.02399444580078125,48.85777282714844,56.430912017822266,0.02734375,0.02724456787109375,0.016998291015625,0.01689910888671875,37.50388717651367,35.34941864013672,0.0272979736328125,0.0272979736328125,48.306331634521484,37.53523254394531,16441667584,16151695360,12749783040,7997218816
