Delta,Time,CORE0_ENERGY (J),CORE0_FREQ (MHZ),CORE0_PSTATE,CORE0_VOLT (V),CPU_ENERGY (J),CPU_FREQUENCY_0,CPU_FREQUENCY_1,CPU_FREQUENCY_10,CPU_FREQUENCY_11,CPU_FREQUENCY_12,CPU_FREQUENCY_13,CPU_FREQUENCY_14,CPU_FREQUENCY_15,CPU_FREQUENCY_2,CPU_FREQUENCY_3,CPU_FREQUENCY_4,CPU_FREQUENCY_5,CPU_FREQUENCY_6,CPU_FREQUENCY_7,CPU_FREQUENCY_8,CPU_FREQUENCY_9,CPU_USAGE_0,CPU_USAGE_1,CPU_USAGE_10,CPU_USAGE_11,CPU_USAGE_12,CPU_USAGE_13,CPU_USAGE_14,CPU_USAGE_15,CPU_USAGE_2,CPU_USAGE_3,CPU_USAGE_4,CPU_USAGE_5,CPU_USAGE_6,CPU_USAGE_7,CPU_USAGE_8,CPU_USAGE_9,TOTAL_MEMORY,TOTAL_SWAP,USED_MEMORY,USED_SWAP
0,1776526041850,6774.814605712891,1860.0000000000002,1,0.675,1544.93212890625,1901,1901,1819,1819,1901,1901,1901,1901,1819,1819,1901,1901,1819,1819,1901,1819,44.3912353515625,57.84389877319336,10.585403442382813,11.842910766601563,57.20893859863281,69.64318084716797,13.448051452636719,9.554924011230469,16.495864868164063,0,54.25831985473633,60.600128173828125,0,0,68.5343017578125,73.19258117675781,16441667584,16151695360,12768272384,8003358720
199,1776526041851,6617.578216552734,1860.0000000000002,1,0.675,1544.970703125,1901,1901,1819,1819,1901,1901,1901,1901,1819,1819,1901,1901,1819,1819,1901,1819,73.46613311767578,81.17813110351563,3.8986587524414063,3.9023666381835938,44.23362350463867,75.84390258789063,3.2773208618164063,3.2754669189453125,4.6405487060546875,3.7614059448242188,50.94220733642578,79.40314483642578,3.7632598876953125,3.7632598876953125,64.35566711425781,67.55694580078125,16441667584,16151695360,12768296960,8003358720
199,1776526042052,6617.705001831055,1860.0000000000002,1,0.675,1546.1505432128906,1901,1901,1819,1819,1901,1901,1901,1901,1819,1819,1901,1901,1819,1819,1901,1819,39.469913482666016,38.43278503417969,0.2215576171875,0.22150421142578125,33.264678955078125,66.15284729003906,0.2215576171875,0.22150421142578125,0.20362091064453125,0.20362091064453125,43.354698181152344,38.982330322265625,0.2215576171875,0.2215576171875,64.75630187988281,34.37565612792969,16441667584,16151695360,12771086336,8010436608
1,1776526042252,6775.03694152832,1860.0000000000002,1,0.675,1547.090347290039,1901,1901,1819,1819,1901,1901,1901,1901,1819,1819,1901,1901,1819,1819,1901,1819,5.792701721191406,6.6269989013671875,0,0,27.019126892089844,43.205780029296875,0,0,0.03610992431640625,0.03595733642578125,30.111488342285156,30.80390167236328,0,0,21.14936065673828,47.61790084838867,16441667584,16151695360,12766081024,7997480960
