Delta,Time,CORE0_ENERGY (J),CORE0_FREQ (MHZ),CORE0_PSTATE,CORE0_VOLT (V),CPU_ENERGY (J),CPU_FREQUENCY_0,CPU_FREQUENCY_1,CPU_FREQUENCY_10,CPU_FREQUENCY_11,CPU_FREQUENCY_12,CPU_FREQUENCY_13,CPU_FREQUENCY_14,CPU_FREQUENCY_15,CPU_FREQUENCY_2,CPU_FREQUENCY_3,CPU_FREQUENCY_4,CPU_FREQUENCY_5,CPU_FREQUENCY_6,CPU_FREQUENCY_7,CPU_FREQUENCY_8,CPU_FREQUENCY_9,CPU_USAGE_0,CPU_USAGE_1,CPU_USAGE_10,CPU_USAGE_11,CPU_USAGE_12,CPU_USAGE_13,CPU_USAGE_14,CPU_USAGE_15,CPU_USAGE_2,CPU_USAGE_3,CPU_USAGE_4,CPU_USAGE_5,CPU_USAGE_6,CPU_USAGE_7,CPU_USAGE_8,CPU_USAGE_9,TOTAL_MEMORY,TOTAL_SWAP,USED_MEMORY,USED_SWAP
0,1776526067611,2014.4648895263672,1860.0000000000002,1,0.66875,1694.298568725586,1819,1819,1819,1819,1901,1901,1819,1819,1819,1819,1901,1901,1819,1819,1901,1901,27.13873291015625,45.35004425048828,50.02961730957031,22.1156005859375,70.25457000732422,73.24490356445313,33.561561584472656,39.326881408691406,0,0,58.80303192138672,55.86601638793945,0,0,12.515335083007813,47.127098083496094,16441667584,16151695360,12758814720,8016670720
198,1776526067613,3862.256301879883,1860.0000000000002,1,0.66875,1694.3837127685547,1819,1819,1819,1819,1901,1901,1819,1819,1819,1819,1901,1901,1819,1819,1901,1901,36.750946044921875,19.289169311523438,17.855506896972656,56.76136016845703,73.1575927734375,6.206077575683594,41.493343353271484,45.8508415222168,0,0,39.60062026977539,19.848861694335938,0,0,54.11296463012695,86.17536163330078,16441667584,16151695360,12758851584,8017313792
199,1776526067812,3862.3011322021484,1860.0000000000002,1,0.66875,1695.4668273925781,1819,1819,1819,1819,1901,1901,1819,1819,1819,1819,1901,1901,1819,1819,1901,1901,26.987655639648438,14.174659729003906,11.62774658203125,7.173683166503906,62.56483459472656,22.80126953125,9.670173645019531,12.724586486816406,0.6337432861328125,0.6704330444335938,14.737937927246094,18.721343994140625,0.6337432861328125,0.6337432861328125,35.097747802734375,22.982948303222656,16441667584,16151695360,12774019072,8025190400
0,1776526068013,6789.521469116211,1860.0000000000002,1,0.6625,1696.2139129638672,1819,1819,1819,1819,1901,1901,1819,1819,1819,1819,1901,1901,1819,1819,1901,1901,11.532608032226563,4.066246032714844,0,0,7.725990295410156,21.34869384765625,0.00783538818359375,0.00803375244140625,0.00284576416015625,0,4.4720916748046875,6.7552490234375,0,0,12.863693237304688,7.725791931152344,16441667584,16151695360,12770840576,8014667776
