Delta,Time,CORE0_ENERGY (J),CORE0_FREQ (MHZ),CORE0_PSTATE,CORE0_VOLT (V),CPU_ENERGY (J),CPU_FREQUENCY_0,CPU_FREQUENCY_1,CPU_FREQUENCY_10,CPU_FREQUENCY_11,CPU_FREQUENCY_12,CPU_FREQUENCY_13,CPU_FREQUENCY_14,CPU_FREQUENCY_15,CPU_FREQUENCY_2,CPU_FREQUENCY_3,CPU_FREQUENCY_4,CPU_FREQUENCY_5,CPU_FREQUENCY_6,CPU_FREQUENCY_7,CPU_FREQUENCY_8,CPU_FREQUENCY_9,CPU_USAGE_0,CPU_USAGE_1,CPU_USAGE_10,CPU_USAGE_11,CPU_USAGE_12,CPU_USAGE_13,CPU_USAGE_14,CPU_USAGE_15,CPU_USAGE_2,CPU_USAGE_3,CPU_USAGE_4,CPU_USAGE_5,CPU_USAGE_6,CPU_USAGE_7,CPU_USAGE_8,CPU_USAGE_9,TOTAL_MEMORY,TOTAL_SWAP,USED_MEMORY,USED_SWAP
0,1776620184532,365.5626678466797,1860.0000000000002,1,0.675,4211.379364013672,1819,1819,1819,1819,1901,1901,1819,1819,1819,1819,1901,1901,1819,1819,1901,1901,66.43412780761719,30.915390014648438,44.5506706237793,41.51485824584961,71.782958984375,59.66025924682617,41.79880142211914,50.30184555053711,2.4927444458007813,2.4916763305664063,36.51590347290039,48.69709014892578,2.657928466796875,2.6572265625,22.005043029785156,45.91508483886719,16441667584,16151695360,13486772224,8176603136
199,1776620184533,365.0621643066406,1860.0000000000002,1,0.675,4211.458938598633,1819,1819,1819,1819,1901,1901,1819,1819,1819,1819,1901,1901,1819,1819,1901,1901,67.28093719482422,62.77780532836914,53.42783737182617,51.22772979736328,40.08738327026367,45.668235778808594,40.983543395996094,20.19903564453125,8.859649658203125,7.1090850830078125,30.97723388671875,35.908538818359375,7.107139587402344,7.106170654296875,62.83509063720703,79.21646881103516,16441667584,16151695360,13486854144,8176603136
1,1776620184733,365.1892547607422,1860.0000000000002,1,0.675,4212.740264892578,1819,1819,1819,1819,1901,1901,1819,1819,1819,1819,1901,1901,1819,1819,1901,1901,40.72063446044922,39.937992095947266,4.4402923583984375,16.24413299560547,64.85016632080078,35.17906951904297,29.75725555419922,33.55615997314453,0.5161590576171875,0.47943115234375,34.98997497558594,38.44330596923828,0.5135650634765625,0.4852752685546875,48.96327209472656,70.84017944335938,16441667584,16151695360,13487697920,8176594944
