Delta,Time,CORE0_ENERGY (J),CORE0_FREQ (MHZ),CORE0_PSTATE,CORE0_VOLT (V),CPU_ENERGY (J),CPU_FREQUENCY_0,CPU_FREQUENCY_1,CPU_FREQUENCY_10,CPU_FREQUENCY_11,CPU_FREQUENCY_12,CPU_FREQUENCY_13,CPU_FREQUENCY_14,CPU_FREQUENCY_15,CPU_FREQUENCY_2,CPU_FREQUENCY_3,CPU_FREQUENCY_4,CPU_FREQUENCY_5,CPU_FREQUENCY_6,CPU_FREQUENCY_7,CPU_FREQUENCY_8,CPU_FREQUENCY_9,CPU_USAGE_0,CPU_USAGE_1,CPU_USAGE_10,CPU_USAGE_11,CPU_USAGE_12,CPU_USAGE_13,CPU_USAGE_14,CPU_USAGE_15,CPU_USAGE_2,CPU_USAGE_3,CPU_USAGE_4,CPU_USAGE_5,CPU_USAGE_6,CPU_USAGE_7,CPU_USAGE_8,CPU_USAGE_9,TOTAL_MEMORY,TOTAL_SWAP,USED_MEMORY,USED_SWAP
0,1776620100195,323.7934112548828,1860.0000000000002,1,0.675,3787.802764892578,1819,1819,1819,1819,1819,1819,1819,1819,1819,1819,1819,1819,1819,1819,1819,1901,16.685951232910156,19.247337341308594,0.02408599853515625,0.021240234375,16.979774475097656,42.21202850341797,25.15935516357422,22.58655548095703,0.23297119140625,0.734405517578125,21.19445037841797,26.77745819091797,0.02313995361328125,0.0209197998046875,51.245826721191406,55.25859451293945,16441667584,16151695360,13483634688,8195899392
198,1776620100197,84.55961608886719,1860.0000000000002,1,0.68125,3787.841842651367,1819,1819,1819,1819,1819,1819,1819,1819,1819,1819,1819,1819,1819,1819,1819,1901,32.29393768310547,38.92999267578125,37.2869987487793,26.254364013671875,29.37102508544922,48.77423858642578,70.02181243896484,33.59674072265625,30.96215057373047,34.521209716796875,43.11909866333008,27.44733428955078,48.168601989746094,30.989608764648438,30.263458251953125,71.62972259521484,16441667584,16151695360,13483675648,8195899392
0,1776620100396,84.63539123535156,1860.0000000000002,1,0.675,3788.8660888671875,1819,1819,1819,1819,1819,1819,1819,1819,1819,1819,1819,1819,1819,1819,1819,1901,9.359146118164063,5.2471160888671875,5.7626190185546875,3.724151611328125,50.30553436279297,2.962158203125,10.345283508300781,7.230491638183594,11.428764343261719,12.625556945800781,5.196861267089844,4.0554656982421875,39.28939437866211,12.887260437011719,18.242095947265625,5.978912353515625,16441667584,16151695360,13479165952,8199282688
