Delta,Time,CORE0_ENERGY (J),CORE0_FREQ (MHZ),CORE0_PSTATE,CORE0_VOLT (V),CPU_ENERGY (J),CPU_FREQUENCY_0,CPU_FREQUENCY_1,CPU_FREQUENCY_10,CPU_FREQUENCY_11,CPU_FREQUENCY_12,CPU_FREQUENCY_13,CPU_FREQUENCY_14,CPU_FREQUENCY_15,CPU_FREQUENCY_2,CPU_FREQUENCY_3,CPU_FREQUENCY_4,CPU_FREQUENCY_5,CPU_FREQUENCY_6,CPU_FREQUENCY_7,CPU_FREQUENCY_8,CPU_FREQUENCY_9,CPU_USAGE_0,CPU_USAGE_1,CPU_USAGE_10,CPU_USAGE_11,CPU_USAGE_12,CPU_USAGE_13,CPU_USAGE_14,CPU_USAGE_15,CPU_USAGE_2,CPU_USAGE_3,CPU_USAGE_4,CPU_USAGE_5,CPU_USAGE_6,CPU_USAGE_7,CPU_USAGE_8,CPU_USAGE_9,TOTAL_MEMORY,TOTAL_SWAP,USED_MEMORY,USED_SWAP
0,1776620192451,171.79425048828125,1860.0000000000002,1,0.66875,4247.785537719727,1819,1819,1819,1819,1901,1819,1819,1819,1819,1819,1819,1819,1819,1819,1901,1901,70.91073608398438,53.59949493408203,0.8539810180664063,0.8531646728515625,72.04666900634766,49.72960662841797,49.84117126464844,54.39748764038086,0.8576278686523438,2.2645645141601563,46.21429443359375,32.96604919433594,0.856414794921875,0.8556060791015625,55.15207290649414,58.37853240966797,16441667584,16151695360,13491703808,8173420544
199,1776620192452,369.5187072753906,1860.0000000000002,2,0.675,4247.857986450195,1819,1819,1819,1819,1901,1819,1819,1819,1819,1819,1819,1819,1819,1819,1901,1901,55.96247482299805,17.155357360839844,2.3585433959960938,2.3604888916015625,40.93719482421875,43.884891510009766,21.351348876953125,82.70561981201172,1.473846435546875,1.4728775024414063,48.051719665527344,31.868560791015625,1.637176513671875,1.637176513671875,86.78398132324219,66.48356628417969,16441667584,16151695360,13491736576,8173420544
2,1776620192654,98.53050231933594,1860.0000000000002,1,0.66875,4249.143753051758,1819,1819,1819,1819,1901,1819,1819,1819,1819,1819,1819,1819,1819,1819,1901,1901,38.19278335571289,42.926273345947266,0,0,54.79746627807617,45.69312286376953,32.234413146972656,36.4025764465332,0,0,34.76304626464844,43.45124053955078,0,0,45.92560958862305,57.27711868286133,16441667584,16151695360,13488099328,8169459712
