Delta,Time,CORE0_ENERGY (J),CORE0_FREQ (MHZ),CORE0_PSTATE,CORE0_VOLT (V),CPU_ENERGY (J),CPU_FREQUENCY_0,CPU_FREQUENCY_1,CPU_FREQUENCY_10,CPU_FREQUENCY_11,CPU_FREQUENCY_12,CPU_FREQUENCY_13,CPU_FREQUENCY_14,CPU_FREQUENCY_15,CPU_FREQUENCY_2,CPU_FREQUENCY_3,CPU_FREQUENCY_4,CPU_FREQUENCY_5,CPU_FREQUENCY_6,CPU_FREQUENCY_7,CPU_FREQUENCY_8,CPU_FREQUENCY_9,CPU_USAGE_0,CPU_USAGE_1,CPU_USAGE_10,CPU_USAGE_11,CPU_USAGE_12,CPU_USAGE_13,CPU_USAGE_14,CPU_USAGE_15,CPU_USAGE_2,CPU_USAGE_3,CPU_USAGE_4,CPU_USAGE_5,CPU_USAGE_6,CPU_USAGE_7,CPU_USAGE_8,CPU_USAGE_9,TOTAL_MEMORY,TOTAL_SWAP,USED_MEMORY,USED_SWAP
0,1776620208332,376.46881103515625,1860.0000000000002,1,0.675,4327.973281860352,1819,1819,1819,1819,1901,1901,1819,1819,1819,1819,1819,1901,1819,1819,1819,1901,61.939430236816406,49.877559661865234,0,0,31.863800048828125,46.16407012939453,17.947891235351563,63.31222915649414,0,0,46.11912155151367,45.6808967590332,0,0,46.23846435546875,18.51398468017578,16441667584,16151695360,13476704256,8177156096
198,1776620208334,377.21482849121094,1860.0000000000002,1,0.675,4328.0853271484375,1819,1819,1819,1819,1901,1901,1819,1819,1819,1819,1819,1901,1819,1819,1819,1901,48.6385383605957,62.24040222167969,3.4715347290039063,3.4680633544921875,39.44152069091797,53.60614776611328,11.173065185546875,31.194602966308594,4.7018585205078125,3.7807083129882813,30.363189697265625,33.37559509277344,3.6556472778320313,3.6533355712890625,72.1316146850586,47.65659713745117,16441667584,16151695360,13476880384,8179175424
0,1776620208534,248.29991149902344,1860.0000000000002,1,0.65625,4329.090972900391,1819,1819,1819,1819,1901,1901,1819,1819,1819,1819,1819,1901,1819,1819,1819,1901,17.960586547851563,21.956573486328125,0.047027587890625,0.0475311279296875,31.13721466064453,16.995956420898438,0.04903411865234375,0.0494384765625,0.09139251708984375,0.00623321533203125,16.41242218017578,23.526390075683594,0.0269317626953125,0.0270843505859375,25.547592163085938,61.74385070800781,16441667584,16151695360,13476106240,8176115712
