Delta,Time,CORE0_ENERGY (J),CORE0_FREQ (MHZ),CORE0_PSTATE,CORE0_VOLT (V),CPU_ENERGY (J),CPU_FREQUENCY_0,CPU_FREQUENCY_1,CPU_FREQUENCY_10,CPU_FREQUENCY_11,CPU_FREQUENCY_12,CPU_FREQUENCY_13,CPU_FREQUENCY_14,CPU_FREQUENCY_15,CPU_FREQUENCY_2,CPU_FREQUENCY_3,CPU_FREQUENCY_4,CPU_FREQUENCY_5,CPU_FREQUENCY_6,CPU_FREQUENCY_7,CPU_FREQUENCY_8,CPU_FREQUENCY_9,CPU_USAGE_0,CPU_USAGE_1,CPU_USAGE_10,CPU_USAGE_11,CPU_USAGE_12,CPU_USAGE_13,CPU_USAGE_14,CPU_USAGE_15,CPU_USAGE_2,CPU_USAGE_3,CPU_USAGE_4,CPU_USAGE_5,CPU_USAGE_6,CPU_USAGE_7,CPU_USAGE_8,CPU_USAGE_9,TOTAL_MEMORY,TOTAL_SWAP,USED_MEMORY,USED_SWAP
0,1776620132654,94.51567077636719,1860.0000000000002,1,0.66875,3954.8073120117188,1819,1819,1819,1819,1901,1901,1819,1819,1819,1819,1901,1819,1819,1819,1901,1819,47.33092498779297,50.902069091796875,70.98564910888672,68.018798828125,63.21104431152344,64.44037628173828,59.79643249511719,23.046791076660156,2.0214614868164063,2.0203704833984375,56.965728759765625,64.85136413574219,1.8561935424804688,1.8551025390625,36.02558517456055,32.46026611328125,16441667584,16151695360,13536870400,8247382016
198,1776620132655,70.6280517578125,1860.0000000000002,1,0.675,3954.891082763672,1819,1819,1819,1819,1901,1901,1819,1819,1819,1819,1901,1819,1819,1819,1901,1819,98.73725891113281,60.5689582824707,44.48030471801758,39.2841911315918,61.31516647338867,17.407745361328125,31.31499481201172,33.50323486328125,6.0311126708984375,6.121612548828125,46.70781707763672,38.32709884643555,5.232826232910156,5.228553771972656,65.31939697265625,31.637725830078125,16441667584,16151695360,13536903168,8248000512
1,1776620132855,340.1339416503906,1550,2,0.63125,3956.561508178711,1819,1819,1819,1819,1901,1901,1819,1819,1819,1819,1901,1819,1819,1819,1901,1819,60.520145416259766,63.21583557128906,59.28899002075195,58.16559600830078,78.82688903808594,69.99440002441406,57.48602294921875,57.15670394897461,51.707889556884766,44.77898406982422,67.98306274414063,61.070316314697266,0,0,77.65447235107422,62.33317565917969,16441667584,16151695360,13533360128,8248086528
