Delta,Time,CORE0_ENERGY (J),CORE0_FREQ (MHZ),CORE0_PSTATE,CORE0_VOLT (V),CPU_ENERGY (J),CPU_FREQUENCY_0,CPU_FREQUENCY_1,CPU_FREQUENCY_10,CPU_FREQUENCY_11,CPU_FREQUENCY_12,CPU_FREQUENCY_13,CPU_FREQUENCY_14,CPU_FREQUENCY_15,CPU_FREQUENCY_2,CPU_FREQUENCY_3,CPU_FREQUENCY_4,CPU_FREQUENCY_5,CPU_FREQUENCY_6,CPU_FREQUENCY_7,CPU_FREQUENCY_8,CPU_FREQUENCY_9,CPU_USAGE_0,CPU_USAGE_1,CPU_USAGE_10,CPU_USAGE_11,CPU_USAGE_12,CPU_USAGE_13,CPU_USAGE_14,CPU_USAGE_15,CPU_USAGE_2,CPU_USAGE_3,CPU_USAGE_4,CPU_USAGE_5,CPU_USAGE_6,CPU_USAGE_7,CPU_USAGE_8,CPU_USAGE_9,TOTAL_MEMORY,TOTAL_SWAP,USED_MEMORY,USED_SWAP
0,1776620200382,372.42454528808594,1860.0000000000002,1,0.675,4287.527404785156,1819,1819,1819,1819,1819,1901,1819,1819,1819,1819,1819,1901,1819,1819,1901,1901,56.6930046081543,52.518375396728516,0,0,49.83287048339844,64.01229858398438,0,0,0,0,65.26629638671875,83.83650970458984,0,0,85.03682708740234,63.949310302734375,16441667584,16151695360,13485215744,8180318208
199,1776620200383,373.290771484375,1860.0000000000002,1,0.675,4287.594711303711,1819,1819,1819,1819,1819,1901,1819,1819,1819,1819,1819,1901,1819,1819,1901,1901,76.0065689086914,66.07444763183594,0,0,34.598228454589844,54.6732177734375,0,0,0,0,79.24130249023438,86.35405731201172,0,0,77.3470230102539,87.42250061035156,16441667584,16151695360,13485371392,8180318208
1,1776620200583,98.927490234375,1860.0000000000002,1,0.66875,4288.974700927734,1819,1819,1819,1819,1819,1901,1819,1819,1819,1819,1819,1901,1819,1819,1901,1901,63.359825134277344,67.4382095336914,0.4130859375,0.41313934326171875,61.227272033691406,79.943359375,14.578948974609375,17.295249938964844,0.5986099243164063,0.62408447265625,65.59172058105469,74.09991455078125,0.406982421875,0.406829833984375,71.35643768310547,67.65560913085938,16441667584,16151695360,13497470976,8197898240
