Delta,Time,CORE0_ENERGY (J),CORE0_FREQ (MHZ),CORE0_PSTATE,CORE0_VOLT (V),CPU_ENERGY (J),CPU_FREQUENCY_0,CPU_FREQUENCY_1,CPU_FREQUENCY_10,CPU_FREQUENCY_11,CPU_FREQUENCY_12,CPU_FREQUENCY_13,CPU_FREQUENCY_14,CPU_FREQUENCY_15,CPU_FREQUENCY_2,CPU_FREQUENCY_3,CPU_FREQUENCY_4,CPU_FREQUENCY_5,CPU_FREQUENCY_6,CPU_FREQUENCY_7,CPU_FREQUENCY_8,CPU_FREQUENCY_9,CPU_USAGE_0,CPU_USAGE_1,CPU_USAGE_10,CPU_USAGE_11,CPU_USAGE_12,CPU_USAGE_13,CPU_USAGE_14,CPU_USAGE_15,CPU_USAGE_2,CPU_USAGE_3,CPU_USAGE_4,CPU_USAGE_5,CPU_USAGE_6,CPU_USAGE_7,CPU_USAGE_8,CPU_USAGE_9,TOTAL_MEMORY,TOTAL_SWAP,USED_MEMORY,USED_SWAP
0,1776620204331,246.60169982910156,1860.0000000000002,1,0.66875,4306.736282348633,1819,1819,1819,1819,1819,1819,1819,1819,1819,1819,1819,1901,1819,1819,1901,1819,36.980804443359375,57.840606689453125,0.7210540771484375,0.7210540771484375,68.91807556152344,73.02508544921875,49.506919860839844,24.94488525390625,0.7522201538085938,0.746063232421875,32.98499298095703,43.692691802978516,0.7360610961914063,0.733367919921875,70.02235412597656,82.31761169433594,16441667584,16151695360,13476913152,8177766400
199,1776620204332,374.2796630859375,1860.0000000000002,1,0.675,4306.797256469727,1819,1819,1819,1819,1819,1819,1819,1819,1819,1819,1819,1901,1819,1819,1901,1819,28.2642822265625,24.96660614013672,0,0,95.69214630126953,49.49231719970703,68.07106018066406,31.71497344970703,0,0,38.54243850708008,53.12974166870117,0,0,38.73435592651367,33.745704650878906,16441667584,16151695360,13476950016,8177766400
2,1776620204532,375.30995178222656,1860.0000000000002,1,0.675,4308.045669555664,1819,1819,1819,1819,1819,1819,1819,1819,1819,1819,1819,1901,1819,1819,1901,1819,45.29991149902344,41.739219665527344,0.0060882568359375,0,44.93452453613281,51.47060775756836,17.562454223632813,19.219970703125,0.0849151611328125,0.0695953369140625,46.53756332397461,46.29594802856445,0.0388641357421875,0.003692626953125,57.38801956176758,51.91776657104492,16441667584,16151695360,13476880384,8177864704
