Delta,Time,CORE0_ENERGY (J),CORE0_FREQ (MHZ),CORE0_PSTATE,CORE0_VOLT (V),CPU_ENERGY (J),CPU_FREQUENCY_0,CPU_FREQUENCY_1,CPU_FREQUENCY_10,CPU_FREQUENCY_11,CPU_FREQUENCY_12,CPU_FREQUENCY_13,CPU_FREQUENCY_14,CPU_FREQUENCY_15,CPU_FREQUENCY_2,CPU_FREQUENCY_3,CPU_FREQUENCY_4,CPU_FREQUENCY_5,CPU_FREQUENCY_6,CPU_FREQUENCY_7,CPU_FREQUENCY_8,CPU_FREQUENCY_9,CPU_USAGE_0,CPU_USAGE_1,CPU_USAGE_10,CPU_USAGE_11,CPU_USAGE_12,CPU_USAGE_13,CPU_USAGE_14,CPU_USAGE_15,CPU_USAGE_2,CPU_USAGE_3,CPU_USAGE_4,CPU_USAGE_5,CPU_USAGE_6,CPU_USAGE_7,CPU_USAGE_8,CPU_USAGE_9,TOTAL_MEMORY,TOTAL_SWAP,USED_MEMORY,USED_SWAP
0,1776620148749,95.67131042480469,1860.0000000000002,1,0.66875,4035.815689086914,1901,1901,1819,1819,1901,1901,1819,1819,1819,1819,1819,1901,1819,1819,1901,1901,43.198062896728516,52.01010513305664,31.00177764892578,32.33135223388672,63.8001823425293,25.349571228027344,17.202133178710938,20.788223266601563,0,0,76.90300750732422,67.18155670166016,0,0,72.74070739746094,72.36420440673828,16441667584,16151695360,13484163072,8195780608
199,1776620148750,229.66249084472656,1860.0000000000002,1,0.66875,4035.8936157226563,1901,1901,1819,1819,1901,1901,1819,1819,1819,1819,1819,1901,1819,1819,1901,1901,34.20777893066406,28.85675811767578,2.4178619384765625,32.96531677246094,43.17973709106445,32.43084716796875,39.24898147583008,29.841575622558594,0,0,33.40502166748047,44.050636291503906,0,0,88.62295532226563,89.42572021484375,16441667584,16151695360,13484199936,8196800512
1,1776620148950,229.76327514648438,1860.0000000000002,1,0.66875,4037.1317291259766,1901,1901,1819,1819,1901,1901,1819,1819,1819,1819,1819,1901,1819,1819,1901,1901,33.63127899169922,44.76073455810547,0.13683319091796875,0.13678741455078125,41.73415756225586,44.00252151489258,33.54290008544922,34.11412048339844,0.118072509765625,0.11827850341796875,46.7886848449707,46.05781173706055,0.13834381103515625,0.13834381103515625,47.63302230834961,51.86864471435547,16441667584,16151695360,13484253184,8197259264
