Delta,Time,CORE0_ENERGY (J),CORE0_FREQ (MHZ),CORE0_PSTATE,CORE0_VOLT (V),CPU_ENERGY (J),CPU_FREQUENCY_0,CPU_FREQUENCY_1,CPU_FREQUENCY_10,CPU_FREQUENCY_11,CPU_FREQUENCY_12,CPU_FREQUENCY_13,CPU_FREQUENCY_14,CPU_FREQUENCY_15,CPU_FREQUENCY_2,CPU_FREQUENCY_3,CPU_FREQUENCY_4,CPU_FREQUENCY_5,CPU_FREQUENCY_6,CPU_FREQUENCY_7,CPU_FREQUENCY_8,CPU_FREQUENCY_9,CPU_USAGE_0,CPU_USAGE_1,CPU_USAGE_10,CPU_USAGE_11,CPU_USAGE_12,CPU_USAGE_13,CPU_USAGE_14,CPU_USAGE_15,CPU_USAGE_2,CPU_USAGE_3,CPU_USAGE_4,CPU_USAGE_5,CPU_USAGE_6,CPU_USAGE_7,CPU_USAGE_8,CPU_USAGE_9,TOTAL_MEMORY,TOTAL_SWAP,USED_MEMORY,USED_SWAP
0,1776620216257,99.94932556152344,1860.0000000000002,1,0.66875,4366.98762512207,1819,1819,1819,1819,1901,1819,1819,1819,1819,1819,1901,1901,1819,1819,1819,1819,53.71259689331055,69.37947845458984,1.0016860961914063,1.0027923583984375,74.94754791259766,83.64744567871094,74.86707305908203,73.30390930175781,1.1042098999023438,1.4334487915039063,64.12007141113281,57.10716247558594,0.7040481567382813,0.7036819458007813,78.63423919677734,69.80535888671875,16441667584,16151695360,13493395456,8180072448
198,1776620216258,176.63119506835938,1860.0000000000002,1,0.66875,4367.075088500977,1819,1819,1819,1819,1901,1819,1819,1819,1819,1819,1901,1901,1819,1819,1819,1819,70.01358795166016,38.16000747680664,3.1486587524414063,3.141204833984375,84.7943115234375,71.81364440917969,83.91458129882813,55.20552062988281,4.3614044189453125,4.744941711425781,60.749019622802734,43.154293060302734,3.9298171997070313,3.9289932250976563,69.03692626953125,74.44622802734375,16441667584,16151695360,13493219328,8174645248
1,1776620216458,380.5178680419922,1860.0000000000002,1,0.675,4368.315032958984,1819,1819,1819,1819,1901,1819,1819,1819,1819,1819,1901,1901,1819,1819,1819,1819,35.58954620361328,39.72954559326172,0.5809173583984375,0.5808639526367188,44.01885223388672,46.72177505493164,16.931015014648438,15.714675903320313,0.5796661376953125,0.5302658081054688,43.93483352661133,42.42545700073242,0.5443954467773438,0.5442886352539063,50.844993591308594,59.63878631591797,16441667584,16151695360,13489045504,8180301824
