Delta,Time,CORE0_ENERGY (J),CORE0_FREQ (MHZ),CORE0_PSTATE,CORE0_VOLT (V),CPU_ENERGY (J),CPU_FREQUENCY_0,CPU_FREQUENCY_1,CPU_FREQUENCY_10,CPU_FREQUENCY_11,CPU_FREQUENCY_12,CPU_FREQUENCY_13,CPU_FREQUENCY_14,CPU_FREQUENCY_15,CPU_FREQUENCY_2,CPU_FREQUENCY_3,CPU_FREQUENCY_4,CPU_FREQUENCY_5,CPU_FREQUENCY_6,CPU_FREQUENCY_7,CPU_FREQUENCY_8,CPU_FREQUENCY_9,CPU_USAGE_0,CPU_USAGE_1,CPU_USAGE_10,CPU_USAGE_11,CPU_USAGE_12,CPU_USAGE_13,CPU_USAGE_14,CPU_USAGE_15,CPU_USAGE_2,CPU_USAGE_3,CPU_USAGE_4,CPU_USAGE_5,CPU_USAGE_6,CPU_USAGE_7,CPU_USAGE_8,CPU_USAGE_9,TOTAL_MEMORY,TOTAL_SWAP,USED_MEMORY,USED_SWAP
0,1776620188511,366.75575256347656,1550,2,0.63125,4229.238433837891,1819,1819,1819,1819,1901,1901,1819,1819,1819,1819,1819,1819,1819,1819,1901,1901,32.784584045410156,31.73560333251953,0,0,18.65801239013672,18.113494873046875,26.946365356445313,24.36456298828125,0,1.8659591674804688,23.033203125,12.626266479492188,0,0,42.6926155090332,40.78144454956055,16441667584,16151695360,13494104064,8174215168
199,1776620188512,367.53953552246094,1860.0000000000002,1,0.675,4229.295806884766,1819,1819,1819,1819,1901,1901,1819,1819,1819,1819,1819,1819,1819,1819,1901,1901,30.87653350830078,12.543235778808594,0,0,28.255722045898438,2.1239776611328125,20.548049926757813,4.720909118652344,1.4179000854492188,0.43282318115234375,26.94770050048828,6.146453857421875,0,0,62.92637252807617,2.5052108764648438,16441667584,16151695360,13494104064,8174993408
1,1776620188712,366.82249450683594,1860.0000000000002,1,0.675,4230.292144775391,1819,1819,1819,1819,1901,1901,1819,1819,1819,1819,1819,1819,1819,1819,1901,1901,14.461029052734375,16.821372985839844,0,0,63.702430725097656,8.580482482910156,4.151924133300781,5.257286071777344,0,0,18.686767578125,19.4906005859375,0,0,22.89739990234375,20.86248779296875,16441667584,16151695360,13490991104,8176259072
