Delta,Time,CORE0_ENERGY (J),CORE0_FREQ (MHZ),CORE0_PSTATE,CORE0_VOLT (V),CPU_ENERGY (J),CPU_FREQUENCY_0,CPU_FREQUENCY_1,CPU_FREQUENCY_10,CPU_FREQUENCY_11,CPU_FREQUENCY_12,CPU_FREQUENCY_13,CPU_FREQUENCY_14,CPU_FREQUENCY_15,CPU_FREQUENCY_2,CPU_FREQUENCY_3,CPU_FREQUENCY_4,CPU_FREQUENCY_5,CPU_FREQUENCY_6,CPU_FREQUENCY_7,CPU_FREQUENCY_8,CPU_FREQUENCY_9,CPU_USAGE_0,CPU_USAGE_1,CPU_USAGE_10,CPU_USAGE_11,CPU_USAGE_12,CPU_USAGE_13,CPU_USAGE_14,CPU_USAGE_15,CPU_USAGE_2,CPU_USAGE_3,CPU_USAGE_4,CPU_USAGE_5,CPU_USAGE_6,CPU_USAGE_7,CPU_USAGE_8,CPU_USAGE_9,TOTAL_MEMORY,TOTAL_SWAP,USED_MEMORY,USED_SWAP
0,1776620180566,362.9813537597656,1860.0000000000002,1,0.675,4191.494216918945,1819,1819,1819,1819,1901,1901,1819,1819,1819,1819,1819,1819,1819,1819,1819,1819,75.75919342041016,74.25572204589844,0,0,85.81270599365234,80.25334167480469,71.2603988647461,72.2845458984375,0,0,47.288902282714844,62.841331481933594,0,0,59.916534423828125,62.84249496459961,16441667584,16151695360,13493211136,8175747072
199,1776620180568,97.727294921875,1860.0000000000002,1,0.66875,4191.579208374023,1819,1819,1819,1819,1901,1901,1819,1819,1819,1819,1819,1819,1819,1819,1819,1819,58.391502380371094,76.23127746582031,0,0,73.66498565673828,99.69312286376953,72.33052062988281,84.56011199951172,0,0,74.10260772705078,57.815574645996094,0,0,92.21468353271484,68.53997039794922,16441667584,16151695360,13493129216,8176332800
1,1776620180768,239.63894653320313,1860.0000000000002,1,0.66875,4192.865493774414,1819,1819,1819,1819,1901,1901,1819,1819,1819,1819,1819,1819,1819,1819,1819,1819,27.67450714111328,31.463706970214844,0,0,66.68348693847656,55.08504104614258,38.546966552734375,42.23190689086914,0,0,35.499794006347656,45.11005401611328,0,0,56.217559814453125,59.72380065917969,16441667584,16151695360,13487706112,8174301184
