Delta,Time,CORE0_ENERGY (J),CORE0_FREQ (MHZ),CORE0_PSTATE,CORE0_VOLT (V),CPU_ENERGY (J),CPU_FREQUENCY_0,CPU_FREQUENCY_1,CPU_FREQUENCY_10,CPU_FREQUENCY_11,CPU_FREQUENCY_12,CPU_FREQUENCY_13,CPU_FREQUENCY_14,CPU_FREQUENCY_15,CPU_FREQUENCY_2,CPU_FREQUENCY_3,CPU_FREQUENCY_4,CPU_FREQUENCY_5,CPU_FREQUENCY_6,CPU_FREQUENCY_7,CPU_FREQUENCY_8,CPU_FREQUENCY_9,CPU_USAGE_0,CPU_USAGE_1,CPU_USAGE_10,CPU_USAGE_11,CPU_USAGE_12,CPU_USAGE_13,CPU_USAGE_14,CPU_USAGE_15,CPU_USAGE_2,CPU_USAGE_3,CPU_USAGE_4,CPU_USAGE_5,CPU_USAGE_6,CPU_USAGE_7,CPU_USAGE_8,CPU_USAGE_9,TOTAL_MEMORY,TOTAL_SWAP,USED_MEMORY,USED_SWAP
0,1776620176579,97.62413024902344,1860.0000000000002,1,0.66875,4172.523727416992,1819,1819,1819,1819,1901,1901,1819,1819,1819,1819,1819,1819,1819,1819,1901,1901,42.04603958129883,35.916290283203125,18.27507781982422,13.034599304199219,4.7068328857421875,38.351531982421875,34.19103240966797,15.793327331542969,0,0,63.72089767456055,3.47589111328125,0,0,36.19960403442383,27.79107666015625,16441667584,16151695360,13491412992,8176574464
199,1776620176580,97.62728881835938,1860.0000000000002,1,0.66875,4172.597991943359,1819,1819,1819,1819,1901,1901,1819,1819,1819,1819,1819,1819,1819,1819,1901,1901,16.90332794189453,12.021736145019531,18.20343017578125,27.292320251464844,19.77033233642578,53.03367233276367,31.57030487060547,10.716789245605469,3.435272216796875,4.737449645996094,33.13304901123047,22.84801483154297,3.9751358032226563,3.9779052734375,32.34717559814453,20.936676025390625,16441667584,16151695360,13491347456,8178409472
1,1776620176781,238.37991333007813,1550,2,0.63125,4173.536178588867,1819,1819,1819,1819,1901,1901,1819,1819,1819,1819,1819,1819,1819,1819,1901,1901,12.537376403808594,10.180976867675781,0.36339569091796875,1.0218963623046875,8.573432922363281,9.172134399414063,2.1196441650390625,0.3995513916015625,0.15799713134765625,0.1584014892578125,15.830970764160156,9.938980102539063,0.15975189208984375,0.160552978515625,26.36064910888672,44.622711181640625,16441667584,16151695360,13485592576,8174424064
