Delta,Time,CORE0_ENERGY (J),CORE0_FREQ (MHZ),CORE0_PSTATE,CORE0_VOLT (V),CPU_ENERGY (J),CPU_FREQUENCY_0,CPU_FREQUENCY_1,CPU_FREQUENCY_10,CPU_FREQUENCY_11,CPU_FREQUENCY_12,CPU_FREQUENCY_13,CPU_FREQUENCY_14,CPU_FREQUENCY_15,CPU_FREQUENCY_2,CPU_FREQUENCY_3,CPU_FREQUENCY_4,CPU_FREQUENCY_5,CPU_FREQUENCY_6,CPU_FREQUENCY_7,CPU_FREQUENCY_8,CPU_FREQUENCY_9,CPU_USAGE_0,CPU_USAGE_1,CPU_USAGE_10,CPU_USAGE_11,CPU_USAGE_12,CPU_USAGE_13,CPU_USAGE_14,CPU_USAGE_15,CPU_USAGE_2,CPU_USAGE_3,CPU_USAGE_4,CPU_USAGE_5,CPU_USAGE_6,CPU_USAGE_7,CPU_USAGE_8,CPU_USAGE_9,TOTAL_MEMORY,TOTAL_SWAP,USED_MEMORY,USED_SWAP
0,1776620196435,370.4731750488281,1860.0000000000002,1,0.675,4267.888671875,1819,1819,1819,1819,1901,1901,1819,1819,1819,1819,1901,1819,1819,1819,1901,1819,43.58916091918945,34.73518371582031,0,0,63.78420639038086,48.04583740234375,64.99923706054688,64.1005630493164,0,0,46.88626480102539,69.38600158691406,0,0,80.79345703125,86.1878662109375,16441667584,16151695360,13495123968,8183918592
199,1776620196437,244.15426635742188,1860.0000000000002,1,0.66875,4267.964141845703,1819,1819,1819,1819,1901,1901,1819,1819,1819,1819,1901,1819,1819,1819,1901,1819,55.35442352294922,30.85173797607422,2.8071365356445313,2.8043670654296875,61.07854461669922,27.85260009765625,51.70634460449219,42.373836517333984,3.1080703735351563,3.9093170166015625,16.878822326660156,47.6650276184082,2.6751327514648438,2.6751327514648438,68.74024963378906,84.56397247314453,16441667584,16151695360,13495144448,8184168448
1,1776620196637,370.6300354003906,1860.0000000000002,1,0.675,4269.236709594727,1819,1819,1819,1819,1901,1901,1819,1819,1819,1819,1901,1819,1819,1819,1901,1819,50.99477005004883,53.245262145996094,0.12000274658203125,0.1202545166015625,49.47899627685547,62.663917541503906,9.809661865234375,9.434638977050781,0.09436798095703125,0.0709075927734375,38.10034942626953,41.01325225830078,0.07190704345703125,0.07186126708984375,62.021610260009766,64.14888763427734,16441667584,16151695360,13492490240,8178798592
