Delta,Time,CORE0_ENERGY (J),CORE0_FREQ (MHZ),CORE0_PSTATE,CORE0_VOLT (V),CPU_ENERGY (J),CPU_FREQUENCY_0,CPU_FREQUENCY_1,CPU_FREQUENCY_10,CPU_FREQUENCY_11,CPU_FREQUENCY_12,CPU_FREQUENCY_13,CPU_FREQUENCY_14,CPU_FREQUENCY_15,CPU_FREQUENCY_2,CPU_FREQUENCY_3,CPU_FREQUENCY_4,CPU_FREQUENCY_5,CPU_FREQUENCY_6,CPU_FREQUENCY_7,CPU_FREQUENCY_8,CPU_FREQUENCY_9,CPU_USAGE_0,CPU_USAGE_1,CPU_USAGE_10,CPU_USAGE_11,CPU_USAGE_12,CPU_USAGE_13,CPU_USAGE_14,CPU_USAGE_15,CPU_USAGE_2,CPU_USAGE_3,CPU_USAGE_4,CPU_USAGE_5,CPU_USAGE_6,CPU_USAGE_7,CPU_USAGE_8,CPU_USAGE_9,TOTAL_MEMORY,TOTAL_SWAP,USED_MEMORY,USED_SWAP
0,1776620156679,96.23287963867188,1860.0000000000002,1,0.66875,4075.059768676758,1819,1819,1819,1819,1901,1819,1819,1819,1819,1819,1819,1901,1819,1819,1901,1819,44.051856994628906,46.01526641845703,0,0,73.34611511230469,69.12626647949219,68.38370513916016,42.7270622253418,0,0,46.28413772583008,65.00153350830078,0,0,84.81167602539063,85.31681823730469,16441667584,16151695360,13498195968,8191856640
199,1776620156680,351.2589569091797,1860.0000000000002,1,0.675,4075.133590698242,1819,1819,1819,1819,1901,1819,1819,1819,1819,1819,1819,1901,1819,1819,1901,1819,25.367774963378906,48.54697036743164,5.491943359375,5.491943359375,65.00326538085938,28.662353515625,88.95755004882813,73.38663482666016,6.179168701171875,5.922431945800781,35.971923828125,41.455081939697266,4.8447418212890625,4.8447418212890625,63.256900787353516,46.01477813720703,16441667584,16151695360,13498183680,8192917504
1,1776620156880,166.6609649658203,1860.0000000000002,1,0.66875,4076.346221923828,1819,1819,1819,1819,1901,1819,1819,1819,1819,1819,1819,1901,1819,1819,1901,1819,49.14833068847656,47.47503662109375,0.36930084228515625,0.36865234375,55.536136627197266,46.98967361450195,2.7908782958984375,3.1914825439453125,0.37609100341796875,0.35272979736328125,50.26077651977539,33.96051788330078,0.35253143310546875,0.352630615234375,62.10704803466797,42.07852554321289,16441667584,16151695360,13497188352,8191553536
