Delta,Time,CORE0_ENERGY (J),CORE0_FREQ (MHZ),CORE0_PSTATE,CORE0_VOLT (V),CPU_ENERGY (J),CPU_FREQUENCY_0,CPU_FREQUENCY_1,CPU_FREQUENCY_10,CPU_FREQUENCY_11,CPU_FREQUENCY_12,CPU_FREQUENCY_13,CPU_FREQUENCY_14,CPU_FREQUENCY_15,CPU_FREQUENCY_2,CPU_FREQUENCY_3,CPU_FREQUENCY_4,CPU_FREQUENCY_5,CPU_FREQUENCY_6,CPU_FREQUENCY_7,CPU_FREQUENCY_8,CPU_FREQUENCY_9,CPU_USAGE_0,CPU_USAGE_1,CPU_USAGE_10,CPU_USAGE_11,CPU_USAGE_12,CPU_USAGE_13,CPU_USAGE_14,CPU_USAGE_15,CPU_USAGE_2,CPU_USAGE_3,CPU_USAGE_4,CPU_USAGE_5,CPU_USAGE_6,CPU_USAGE_7,CPU_USAGE_8,CPU_USAGE_9,TOTAL_MEMORY,TOTAL_SWAP,USED_MEMORY,USED_SWAP
0,1776620212252,249.41334533691406,1860.0000000000002,1,0.66875,4347.220733642578,1819,1819,1819,1819,1901,1901,1819,1819,1819,1819,1819,1819,1819,1819,1819,1819,67.95067596435547,71.85292053222656,0.07155609130859375,0.0718841552734375,77.64408111572266,73.62663269042969,60.54366683959961,63.04439926147461,0.1857757568359375,0.1844635009765625,76.16806030273438,72.44831085205078,0,0,74.41600799560547,94.33257293701172,16441667584,16151695360,13490348032,8181211136
198,1776620212253,175.83834838867188,1860.0000000000002,1,0.66875,4347.280776977539,1819,1819,1819,1819,1901,1901,1819,1819,1819,1819,1819,1819,1819,1819,1819,1819,91.45787811279297,84.23135375976563,0,0,66.99568176269531,66.87284088134766,53.44541931152344,55.6395149230957,0,0,85.24840545654297,76.88626861572266,0,0,78.4832763671875,50.289974212646484,16441667584,16151695360,13490372608,8181211136
1,1776620212453,249.53944396972656,1860.0000000000002,1,0.66875,4348.633102416992,1819,1819,1819,1819,1901,1901,1819,1819,1819,1819,1819,1819,1819,1819,1819,1819,51.781761169433594,49.69691848754883,0.299835205078125,0.320343017578125,60.48379135131836,59.435943603515625,47.80455017089844,42.04801559448242,0.24555206298828125,0.22815704345703125,53.23058319091797,48.02943801879883,0.26334381103515625,0.2487640380859375,48.467105865478516,64.88932037353516,16441667584,16151695360,13497155584,8197042176
