Delta,Time,CORE0_ENERGY (J),CORE0_FREQ (MHZ),CORE0_PSTATE,CORE0_VOLT (V),CPU_ENERGY (J),CPU_FREQUENCY_0,CPU_FREQUENCY_1,CPU_FREQUENCY_10,CPU_FREQUENCY_11,CPU_FREQUENCY_12,CPU_FREQUENCY_13,CPU_FREQUENCY_14,CPU_FREQUENCY_15,CPU_FREQUENCY_2,CPU_FREQUENCY_3,CPU_FREQUENCY_4,CPU_FREQUENCY_5,CPU_FREQUENCY_6,CPU_FREQUENCY_7,CPU_FREQUENCY_8,CPU_FREQUENCY_9,CPU_USAGE_0,CPU_USAGE_1,CPU_USAGE_10,CPU_USAGE_11,CPU_USAGE_12,CPU_USAGE_13,CPU_USAGE_14,CPU_USAGE_15,CPU_USAGE_2,CPU_USAGE_3,CPU_USAGE_4,CPU_USAGE_5,CPU_USAGE_6,CPU_USAGE_7,CPU_USAGE_8,CPU_USAGE_9,TOTAL_MEMORY,TOTAL_SWAP,USED_MEMORY,USED_SWAP
0,1776620104478,91.78935241699219,1550,2,0.63125,3809.289352416992,1901,1819,1819,1819,1901,1901,1901,1901,1819,1819,1901,1901,1819,1819,1901,1901,30.71466827392578,33.68541717529297,6.1046295166015625,44.515411376953125,9.563941955566406,18.70343780517578,22.099853515625,22.825401306152344,0.6610260009765625,0,24.44123077392578,17.37854766845703,0,0,33.39933776855469,14.85943603515625,16441667584,16151695360,13486125056,8205787136
199,1776620104479,91.7939453125,1860.0000000000002,1,0.66875,3809.3527069091797,1901,1819,1819,1819,1901,1901,1901,1901,1819,1819,1901,1901,1819,1819,1901,1901,22.593101501464844,28.577102661132813,38.660274505615234,3.9850311279296875,32.3953857421875,17.087501525878906,29.41777801513672,23.875457763671875,0,0,0.00893402099609375,36.1719856262207,0,0,44.083492279052734,24.580154418945313,16441667584,16151695360,13486145536,8205656064
1,1776620104681,213.79591369628906,1860.0000000000002,1,0.675,3810.3636322021484,1901,1819,1819,1819,1901,1901,1901,1901,1819,1819,1901,1901,1819,1819,1901,1901,13.768646240234375,16.229095458984375,8.600082397460938,3.3558578491210938,21.13793182373047,13.285430908203125,15.185554504394531,8.123344421386719,0,0,15.596900939941406,12.324172973632813,0,0,32.545318603515625,31.296127319335938,16441667584,16151695360,13500608512,8205545472
