Delta,Time,CORE0_ENERGY (J),CORE0_FREQ (MHZ),CORE0_PSTATE,CORE0_VOLT (V),CPU_ENERGY (J),CPU_FREQUENCY_0,CPU_FREQUENCY_1,CPU_FREQUENCY_10,CPU_FREQUENCY_11,CPU_FREQUENCY_12,CPU_FREQUENCY_13,CPU_FREQUENCY_14,CPU_FREQUENCY_15,CPU_FREQUENCY_2,CPU_FREQUENCY_3,CPU_FREQUENCY_4,CPU_FREQUENCY_5,CPU_FREQUENCY_6,CPU_FREQUENCY_7,CPU_FREQUENCY_8,CPU_FREQUENCY_9,CPU_USAGE_0,CPU_USAGE_1,CPU_USAGE_10,CPU_USAGE_11,CPU_USAGE_12,CPU_USAGE_13,CPU_USAGE_14,CPU_USAGE_15,CPU_USAGE_2,CPU_USAGE_3,CPU_USAGE_4,CPU_USAGE_5,CPU_USAGE_6,CPU_USAGE_7,CPU_USAGE_8,CPU_USAGE_9,TOTAL_MEMORY,TOTAL_SWAP,USED_MEMORY,USED_SWAP
0,1776620124641,335.94151306152344,1860.0000000000002,1,0.675,3914.2527465820313,1819,1819,1819,1819,1901,1819,1819,1819,1819,1819,1901,1819,1819,1819,1819,1901,58.96337127685547,59.455955505371094,45.787750244140625,30.230209350585938,40.208839416503906,19.195045471191406,30.017669677734375,38.960594177246094,3.8546676635742188,3.853515625,22.910079956054688,40.80403137207031,3.8538970947265625,3.8538970947265625,57.46940994262695,50.037803649902344,16441667584,16151695360,13508583424,8207818752
199,1776620124642,160.66067504882813,1860.0000000000002,1,0.66875,3914.3243255615234,1819,1819,1819,1819,1901,1819,1819,1819,1819,1819,1901,1819,1819,1819,1819,1901,18.11199188232422,40.75764846801758,40.48094940185547,36.746826171875,16.215248107910156,47.840091705322266,68.07052612304688,5.8953399658203125,4.5310516357421875,4.8557586669921875,29.22882080078125,34.17884826660156,3.74896240234375,3.74896240234375,64.88717651367188,5.883125305175781,16441667584,16151695360,13508616192,8208101376
0,1776620124842,221.3976287841797,1860.0000000000002,1,0.6625,3915.4168395996094,1819,1819,1819,1819,1901,1819,1819,1819,1819,1819,1901,1819,1819,1819,1819,1901,26.793258666992188,14.396148681640625,11.849998474121094,9.948600769042969,50.38798141479492,9.331825256347656,11.423194885253906,12.690353393554688,0.265655517578125,0.09488677978515625,24.5535888671875,19.800010681152344,0.1370697021484375,0.117706298828125,24.68634796142578,53.82164001464844,16441667584,16151695360,13516279808,8226717696
