Delta,Time,CORE0_ENERGY (J),CORE0_FREQ (MHZ),CORE0_PSTATE,CORE0_VOLT (V),CPU_ENERGY (J),CPU_FREQUENCY_0,CPU_FREQUENCY_1,CPU_FREQUENCY_10,CPU_FREQUENCY_11,CPU_FREQUENCY_12,CPU_FREQUENCY_13,CPU_FREQUENCY_14,CPU_FREQUENCY_15,CPU_FREQUENCY_2,CPU_FREQUENCY_3,CPU_FREQUENCY_4,CPU_FREQUENCY_5,CPU_FREQUENCY_6,CPU_FREQUENCY_7,CPU_FREQUENCY_8,CPU_FREQUENCY_9,CPU_USAGE_0,CPU_USAGE_1,CPU_USAGE_10,CPU_USAGE_11,CPU_USAGE_12,CPU_USAGE_13,CPU_USAGE_14,CPU_USAGE_15,CPU_USAGE_2,CPU_USAGE_3,CPU_USAGE_4,CPU_USAGE_5,CPU_USAGE_6,CPU_USAGE_7,CPU_USAGE_8,CPU_USAGE_9,TOTAL_MEMORY,TOTAL_SWAP,USED_MEMORY,USED_SWAP
0,1776620168625,357.7843933105469,1860.0000000000002,1,0.675,4133.805313110352,1819,1819,1819,1819,1901,1901,1819,1819,1819,1819,1819,1819,1819,1819,1901,1901,61.41452407836914,49.94632339477539,0,0,44.666236877441406,71.69026947021484,28.515029907226563,32.67536926269531,0,0,61.42564392089844,69.54187774658203,0,0,69.63426208496094,83.15804290771484,16441667584,16151695360,13488889856,8171950080
199,1776620168626,168.43093872070313,1860.0000000000002,1,0.66875,4133.877456665039,1819,1819,1819,1819,1901,1901,1819,1819,1819,1819,1819,1819,1819,1819,1901,1901,51.49656295776367,21.979507446289063,0.7603607177734375,0.758392333984375,59.71360778808594,39.03687286376953,43.23612594604492,28.048599243164063,0,0,42.90279006958008,34.92046356201172,0.48126983642578125,0.4950714111328125,96.57886505126953,91.61332702636719,16441667584,16151695360,13488914432,8172240896
0,1776620168826,168.5168914794922,1860.0000000000002,1,0.66875,4135.095275878906,1819,1819,1819,1819,1901,1901,1819,1819,1819,1819,1819,1819,1819,1819,1901,1901,32.45306396484375,36.10470962524414,0.24581146240234375,0.24495697021484375,44.97909927368164,49.12102127075195,24.228317260742188,38.541259765625,0.2985992431640625,0.264556884765625,38.87205505371094,44.04310607910156,0.22951507568359375,0.22866058349609375,44.1174430847168,37.20703125,16441667584,16151695360,13484855296,8172191744
