Delta,Time,CORE0_ENERGY (J),CORE0_FREQ (MHZ),CORE0_PSTATE,CORE0_VOLT (V),CPU_ENERGY (J),CPU_FREQUENCY_0,CPU_FREQUENCY_1,CPU_FREQUENCY_10,CPU_FREQUENCY_11,CPU_FREQUENCY_12,CPU_FREQUENCY_13,CPU_FREQUENCY_14,CPU_FREQUENCY_15,CPU_FREQUENCY_2,CPU_FREQUENCY_3,CPU_FREQUENCY_4,CPU_FREQUENCY_5,CPU_FREQUENCY_6,CPU_FREQUENCY_7,CPU_FREQUENCY_8,CPU_FREQUENCY_9,CPU_USAGE_0,CPU_USAGE_1,CPU_USAGE_10,CPU_USAGE_11,CPU_USAGE_12,CPU_USAGE_13,CPU_USAGE_14,CPU_USAGE_15,CPU_USAGE_2,CPU_USAGE_3,CPU_USAGE_4,CPU_USAGE_5,CPU_USAGE_6,CPU_USAGE_7,CPU_USAGE_8,CPU_USAGE_9,TOTAL_MEMORY,TOTAL_SWAP,USED_MEMORY,USED_SWAP
0,1776620136614,71.00872802734375,1860.0000000000002,1,0.675,3975.6696166992188,1819,1901,1819,1819,1819,1901,1819,1819,1819,1819,1819,1901,1819,1819,1901,1819,77.05659484863281,47.03883743286133,75.37294006347656,81.02508544921875,77.04401397705078,81.80522155761719,80.57105255126953,58.828956604003906,0,0,39.41119384765625,67.30524444580078,0,0,68.55933380126953,80.5144271850586,16441667584,16151695360,13514256384,8246796288
199,1776620136615,163.07752990722656,1860.0000000000002,1,0.66875,3975.7166748046875,1819,1901,1819,1819,1819,1901,1819,1819,1819,1819,1819,1901,1819,1819,1901,1819,40.30764389038086,43.35980987548828,63.63589096069336,80.07769012451172,26.678688049316406,100,64.05903625488281,58.809654235839844,7.129234313964844,7.132698059082031,74.96704864501953,86.86181640625,6.81707763671875,6.818809509277344,67.30195617675781,34.095794677734375,16441667584,16151695360,13514293248,8246796288
1,1776620136815,341.53778076171875,1860.0000000000002,1,0.675,3976.9296875,1819,1901,1819,1819,1819,1901,1819,1819,1819,1819,1819,1901,1819,1819,1901,1819,24.193031311035156,35.17243957519531,14.256690979003906,15.176445007324219,57.1046142578125,59.95559310913086,10.389785766601563,10.526763916015625,0.12676239013671875,0.0598297119140625,45.2656364440918,32.37147521972656,0.0880126953125,0.08786773681640625,58.442161560058594,34.03765106201172,16441667584,16151695360,13506883584,8227385344
