Delta,Time,CORE0_ENERGY (J),CORE0_FREQ (MHZ),CORE0_PSTATE,CORE0_VOLT (V),CPU_ENERGY (J),CPU_FREQUENCY_0,CPU_FREQUENCY_1,CPU_FREQUENCY_10,CPU_FREQUENCY_11,CPU_FREQUENCY_12,CPU_FREQUENCY_13,CPU_FREQUENCY_14,CPU_FREQUENCY_15,CPU_FREQUENCY_2,CPU_FREQUENCY_3,CPU_FREQUENCY_4,CPU_FREQUENCY_5,CPU_FREQUENCY_6,CPU_FREQUENCY_7,CPU_FREQUENCY_8,CPU_FREQUENCY_9,CPU_USAGE_0,CPU_USAGE_1,CPU_USAGE_10,CPU_USAGE_11,CPU_USAGE_12,CPU_USAGE_13,CPU_USAGE_14,CPU_USAGE_15,CPU_USAGE_2,CPU_USAGE_3,CPU_USAGE_4,CPU_USAGE_5,CPU_USAGE_6,CPU_USAGE_7,CPU_USAGE_8,CPU_USAGE_9,TOTAL_MEMORY,TOTAL_SWAP,USED_MEMORY,USED_SWAP
0,1776620160646,96.40556335449219,1860.0000000000002,1,0.66875,4094.75732421875,1819,1819,1819,1819,1819,1901,1819,1819,1819,1819,1901,1819,1819,1819,1819,1901,70.46150970458984,52.57158660888672,52.39018249511719,37.548072814941406,57.05899429321289,67.42533874511719,45.09269332885742,47.824649810791016,0,0,47.461090087890625,62.43314743041992,0,0,94.7670669555664,87.34037780761719,16441667584,16151695360,13508182016,8193482752
198,1776620160647,96.41255187988281,1860.0000000000002,1,0.66875,4094.855514526367,1819,1819,1819,1819,1819,1901,1819,1819,1819,1819,1901,1819,1819,1819,1819,1901,21.656585693359375,36.64902877807617,72.46226501464844,38.364173889160156,53.464107513427734,38.5457878112793,33.671852111816406,43.39655685424805,0,0,40.204410552978516,45.593536376953125,0,0,88.42764282226563,100,16441667584,16151695360,13507006464,8192098304
1,1776620160847,233.6412811279297,1860.0000000000002,1,0.66875,4096.107025146484,1819,1819,1819,1819,1819,1901,1819,1819,1819,1819,1901,1819,1819,1819,1819,1901,40.08835220336914,24.793350219726563,10.273178100585938,9.232528686523438,86.31520080566406,20.861328125,27.119033813476563,32.09089660644531,0.2079315185546875,0.24985504150390625,38.215938568115234,33.17945098876953,0.27069091796875,0.27099609375,61.161781311035156,54.06322479248047,16441667584,16151695360,13502943232,8192520192
