Delta,Time,CORE0_ENERGY (J),CORE0_FREQ (MHZ),CORE0_PSTATE,CORE0_VOLT (V),CPU_ENERGY (J),CPU_FREQUENCY_0,CPU_FREQUENCY_1,CPU_FREQUENCY_10,CPU_FREQUENCY_11,CPU_FREQUENCY_12,CPU_FREQUENCY_13,CPU_FREQUENCY_14,CPU_FREQUENCY_15,CPU_FREQUENCY_2,CPU_FREQUENCY_3,CPU_FREQUENCY_4,CPU_FREQUENCY_5,CPU_FREQUENCY_6,CPU_FREQUENCY_7,CPU_FREQUENCY_8,CPU_FREQUENCY_9,CPU_USAGE_0,CPU_USAGE_1,CPU_USAGE_10,CPU_USAGE_11,CPU_USAGE_12,CPU_USAGE_13,CPU_USAGE_14,CPU_USAGE_15,CPU_USAGE_2,CPU_USAGE_3,CPU_USAGE_4,CPU_USAGE_5,CPU_USAGE_6,CPU_USAGE_7,CPU_USAGE_8,CPU_USAGE_9,TOTAL_MEMORY,TOTAL_SWAP,USED_MEMORY,USED_SWAP
0,1776620120585,333.353515625,1860.0000000000002,1,0.675,3893.786148071289,1819,1819,1819,1819,1819,1901,1819,1819,1819,1819,1819,1819,1819,1819,1901,1819,38.72426223754883,34.63524627685547,49.15413284301758,33.27027130126953,88.81649780273438,72.34532928466797,45.09546661376953,43.76832962036133,0,0,50.69135665893555,47.521915435791016,0,0,90.86652374267578,83.69754028320313,16441667584,16151695360,13503021056,8233861120
199,1776620120586,159.98007202148438,1860.0000000000002,1,0.66875,3893.8597869873047,1819,1819,1819,1819,1819,1901,1819,1819,1819,1819,1819,1819,1819,1819,1901,1819,8.899894714355469,45.35444641113281,13.390525817871094,29.61859130859375,45.223060607910156,24.630844116210938,25.903518676757813,12.891456604003906,0,0,24.700462341308594,86.29767608642578,0,0,97.23306274414063,100,16441667584,16151695360,13503193088,8234205184
1,1776620120787,93.98234558105469,1860.0000000000002,1,0.66875,3895.1576080322266,1819,1819,1819,1819,1819,1901,1819,1819,1819,1819,1819,1819,1819,1819,1901,1819,45.46847152709961,42.31769943237305,10.824127197265625,11.59259033203125,46.61787414550781,36.71661376953125,40.658084869384766,27.56342315673828,0.4944610595703125,0.47147369384765625,49.53358459472656,39.824310302734375,0.4308929443359375,0.4315948486328125,57.823238372802734,41.73858642578125,16441667584,16151695360,13509812224,8234348544
