Delta,Time,CORE0_ENERGY (J),CORE0_FREQ (MHZ),CORE0_PSTATE,CORE0_VOLT (V),CPU_ENERGY (J),CPU_FREQUENCY_0,CPU_FREQUENCY_1,CPU_FREQUENCY_10,CPU_FREQUENCY_11,CPU_FREQUENCY_12,CPU_FREQUENCY_13,CPU_FREQUENCY_14,CPU_FREQUENCY_15,CPU_FREQUENCY_2,CPU_FREQUENCY_3,CPU_FREQUENCY_4,CPU_FREQUENCY_5,CPU_FREQUENCY_6,CPU_FREQUENCY_7,CPU_FREQUENCY_8,CPU_FREQUENCY_9,CPU_USAGE_0,CPU_USAGE_1,CPU_USAGE_10,CPU_USAGE_11,CPU_USAGE_12,CPU_USAGE_13,CPU_USAGE_14,CPU_USAGE_15,CPU_USAGE_2,CPU_USAGE_3,CPU_USAGE_4,CPU_USAGE_5,CPU_USAGE_6,CPU_USAGE_7,CPU_USAGE_8,CPU_USAGE_9,TOTAL_MEMORY,TOTAL_SWAP,USED_MEMORY,USED_SWAP
0,1776620152698,349.48570251464844,1860.0000000000002,1,0.675,4055.290985107422,1819,1819,1819,1819,1901,1901,1819,1819,1819,1819,1819,1819,1819,1819,1819,1819,47.789100646972656,53.12656021118164,1.69647216796875,1.6943740844726563,89.80648803710938,59.0718994140625,46.11848068237305,47.602195739746094,2.2484512329101563,3.1221923828125,60.2813720703125,43.046592712402344,1.8176956176757813,1.817352294921875,65.20170593261719,68.87483215332031,16441667584,16151695360,13496115200,8192946176
198,1776620152699,349.4926300048828,1860.0000000000002,1,0.675,4055.3587036132813,1819,1819,1819,1819,1901,1901,1819,1819,1819,1819,1819,1819,1819,1819,1819,1819,36.3139762878418,47.897891998291016,0.12552642822265625,0.123565673828125,55.15107345581055,64.36073303222656,69.35735321044922,49.10904312133789,0,0.26282501220703125,54.9912223815918,23.008956909179688,0,0,48.05872344970703,48.11854553222656,16441667584,16151695360,13496152064,8193732608
1,1776620152899,349.45001220703125,1860.0000000000002,1,0.675,4056.615447998047,1819,1819,1819,1819,1901,1901,1819,1819,1819,1819,1819,1819,1819,1819,1819,1819,44.144493103027344,45.62538146972656,0.1320648193359375,0.1320648193359375,57.379276275634766,58.041259765625,31.56079864501953,37.365989685058594,0.20417022705078125,0.11489105224609375,35.28363037109375,33.896644592285156,0.106353759765625,0.106658935546875,59.41880416870117,28.31903076171875,16441667584,16151695360,13495578624,8192598016
