Delta,Time,CORE0_ENERGY (J),CORE0_FREQ (MHZ),CORE0_PSTATE,CORE0_VOLT (V),CPU_ENERGY (J),CPU_FREQUENCY_0,CPU_FREQUENCY_1,CPU_FREQUENCY_10,CPU_FREQUENCY_11,CPU_FREQUENCY_12,CPU_FREQUENCY_13,CPU_FREQUENCY_14,CPU_FREQUENCY_15,CPU_FREQUENCY_2,CPU_FREQUENCY_3,CPU_FREQUENCY_4,CPU_FREQUENCY_5,CPU_FREQUENCY_6,CPU_FREQUENCY_7,CPU_FREQUENCY_8,CPU_FREQUENCY_9,CPU_USAGE_0,CPU_USAGE_1,CPU_USAGE_10,CPU_USAGE_11,CPU_USAGE_12,CPU_USAGE_13,CPU_USAGE_14,CPU_USAGE_15,CPU_USAGE_2,CPU_USAGE_3,CPU_USAGE_4,CPU_USAGE_5,CPU_USAGE_6,CPU_USAGE_7,CPU_USAGE_8,CPU_USAGE_9,TOTAL_MEMORY,TOTAL_SWAP,USED_MEMORY,USED_SWAP
0,1776620116587,331.97203063964844,1860.0000000000002,1,0.675,3873.6512908935547,1819,1819,1819,1819,1901,1901,1819,1819,1819,1819,1819,1901,1819,1819,1901,1901,42.46240997314453,68.73507690429688,0,0,57.115562438964844,26.466049194335938,49.71322250366211,41.332740783691406,0.32785797119140625,0,76.89118194580078,21.10486602783203,0,0,29.426834106445313,18.128196716308594,16441667584,16151695360,13571772416,8272678912
199,1776620116588,159.24505615234375,1860.0000000000002,1,0.66875,3873.7069244384766,1819,1819,1819,1819,1901,1901,1819,1819,1819,1819,1819,1901,1819,1819,1901,1901,17.16527557373047,22.400115966796875,0,0,26.58246612548828,51.163063049316406,30.16839599609375,30.19603729248047,0,0,32.497711181640625,78.19097900390625,0,0,62.217472076416016,17.00048828125,16441667584,16151695360,13571805184,8273465344
1,1776620116788,331.2637023925781,1860.0000000000002,1,0.675,3874.665252685547,1819,1819,1819,1819,1901,1901,1819,1819,1819,1819,1819,1901,1819,1819,1901,1901,11.177017211914063,9.411125183105469,0,0,17.425918579101563,66.21700286865234,5.315650939941406,4.775413513183594,0,0,14.299835205078125,7.9051055908203125,0,0,24.159133911132813,26.189971923828125,16441667584,16151695360,13569085440,8273203200
