Delta,Time,CORE0_ENERGY (J),CORE0_FREQ (MHZ),CORE0_PSTATE,CORE0_VOLT (V),CPU_ENERGY (J),CPU_FREQUENCY_0,CPU_FREQUENCY_1,CPU_FREQUENCY_10,CPU_FREQUENCY_11,CPU_FREQUENCY_12,CPU_FREQUENCY_13,CPU_FREQUENCY_14,CPU_FREQUENCY_15,CPU_FREQUENCY_2,CPU_FREQUENCY_3,CPU_FREQUENCY_4,CPU_FREQUENCY_5,CPU_FREQUENCY_6,CPU_FREQUENCY_7,CPU_FREQUENCY_8,CPU_FREQUENCY_9,CPU_USAGE_0,CPU_USAGE_1,CPU_USAGE_10,CPU_USAGE_11,CPU_USAGE_12,CPU_USAGE_13,CPU_USAGE_14,CPU_USAGE_15,CPU_USAGE_2,CPU_USAGE_3,CPU_USAGE_4,CPU_USAGE_5,CPU_USAGE_6,CPU_USAGE_7,CPU_USAGE_8,CPU_USAGE_9,TOTAL_MEMORY,TOTAL_SWAP,USED_MEMORY,USED_SWAP
0,1776620140675,226.8839874267578,1860.0000000000002,1,0.66875,3995.9044494628906,1819,1819,1819,1819,1901,1819,1901,1901,1819,1819,1819,1819,1819,1819,1819,1901,5.973716735839844,4.700904846191406,15.402565002441406,18.9976806640625,34.36875915527344,23.20160675048828,6.617340087890625,5.239356994628906,14.357872009277344,6.922859191894531,67.29066467285156,51.50296401977539,2.5674667358398438,2.5674667358398438,47.93117904663086,38.40049362182617,16441667584,16151695360,13523271680,8222269440
198,1776620140677,226.89015197753906,1860.0000000000002,1,0.66875,3995.969955444336,1819,1819,1819,1819,1901,1819,1901,1901,1819,1819,1819,1819,1819,1819,1819,1901,0,0,0,0,71.86858367919922,26.27344512939453,0,0,0,4.295257568359375,34.32640075683594,57.31620407104492,0,0,58.49309158325195,18.65540313720703,16441667584,16151695360,13523312640,8222437376
0,1776620140876,343.6758270263672,1860.0000000000002,1,0.6625,3996.870346069336,1819,1819,1819,1819,1901,1819,1901,1901,1819,1819,1819,1819,1819,1819,1819,1901,0,0,0,0,32.260597229003906,45.288307189941406,0,0,0,2.55767822265625,15.300254821777344,15.746124267578125,0,0,22.085670471191406,11.374305725097656,16441667584,16151695360,13518995456,8219217920
