Delta,Time,CORE0_ENERGY (J),CORE0_FREQ (MHZ),CORE0_PSTATE,CORE0_VOLT (V),CPU_ENERGY (J),CPU_FREQUENCY_0,CPU_FREQUENCY_1,CPU_FREQUENCY_10,CPU_FREQUENCY_11,CPU_FREQUENCY_12,CPU_FREQUENCY_13,CPU_FREQUENCY_14,CPU_FREQUENCY_15,CPU_FREQUENCY_2,CPU_FREQUENCY_3,CPU_FREQUENCY_4,CPU_FREQUENCY_5,CPU_FREQUENCY_6,CPU_FREQUENCY_7,CPU_FREQUENCY_8,CPU_FREQUENCY_9,CPU_USAGE_0,CPU_USAGE_1,CPU_USAGE_10,CPU_USAGE_11,CPU_USAGE_12,CPU_USAGE_13,CPU_USAGE_14,CPU_USAGE_15,CPU_USAGE_2,CPU_USAGE_3,CPU_USAGE_4,CPU_USAGE_5,CPU_USAGE_6,CPU_USAGE_7,CPU_USAGE_8,CPU_USAGE_9,TOTAL_MEMORY,TOTAL_SWAP,USED_MEMORY,USED_SWAP
0,1776620108517,92.01602172851563,1860.0000000000002,1,0.66875,3829.282516479492,1819,1819,1819,1819,1819,1901,1819,1819,1819,1819,1901,1819,1819,1819,1901,1819,49.32550048828125,49.118099212646484,100,69.16857147216797,43.857025146484375,99.14754486083984,57.39059829711914,51.118934631347656,0.361968994140625,0.36054229736328125,52.437950134277344,63.57373046875,0.31235504150390625,0.31270599365234375,35.15687561035156,89.65170288085938,16441667584,16151695360,13508435968,8221655040
198,1776620108519,327.7234344482422,1860.0000000000002,1,0.675,3829.354522705078,1819,1819,1819,1819,1819,1901,1819,1819,1819,1819,1901,1819,1819,1819,1901,1819,59.946556091308594,29.386817932128906,91.9032211303711,14.314971923828125,94.20264434814453,51.60495376586914,33.75843811035156,87.70922088623047,0,0,4.192405700683594,71.41325378417969,0,0,47.07331848144531,93.43136596679688,16441667584,16151695360,13508608000,8221523968
1,1776620108718,215.23529052734375,1860.0000000000002,1,0.66875,3830.796585083008,1819,1819,1819,1819,1819,1901,1819,1819,1819,1819,1901,1819,1819,1819,1901,1819,44.625492095947266,48.1071891784668,17.74005889892578,26.58966827392578,77.56271362304688,50.89766311645508,54.849544525146484,34.10542297363281,0.6939468383789063,0.9408645629882813,59.535499572753906,50.36494827270508,0.6658477783203125,0.6659469604492188,69.40029907226563,53.023048400878906,16441667584,16151695360,13511036928,8225861632
