Delta,Time,CORE0_ENERGY (J),CORE0_FREQ (MHZ),CORE0_PSTATE,CORE0_VOLT (V),CPU_ENERGY (J),CPU_FREQUENCY_0,CPU_FREQUENCY_1,CPU_FREQUENCY_10,CPU_FREQUENCY_11,CPU_FREQUENCY_12,CPU_FREQUENCY_13,CPU_FREQUENCY_14,CPU_FREQUENCY_15,CPU_FREQUENCY_2,CPU_FREQUENCY_3,CPU_FREQUENCY_4,CPU_FREQUENCY_5,CPU_FREQUENCY_6,CPU_FREQUENCY_7,CPU_FREQUENCY_8,CPU_FREQUENCY_9,CPU_USAGE_0,CPU_USAGE_1,CPU_USAGE_10,CPU_USAGE_11,CPU_USAGE_12,CPU_USAGE_13,CPU_USAGE_14,CPU_USAGE_15,CPU_USAGE_2,CPU_USAGE_3,CPU_USAGE_4,CPU_USAGE_5,CPU_USAGE_6,CPU_USAGE_7,CPU_USAGE_8,CPU_USAGE_9,TOTAL_MEMORY,TOTAL_SWAP,USED_MEMORY,USED_SWAP
0,1776620144700,95.47154235839844,1860.0000000000002,1,0.66875,4015.489715576172,1901,1819,1819,1819,1901,1819,1819,1819,1819,1819,1901,1901,1819,1819,1901,1901,38.06281280517578,27.026710510253906,48.766029357910156,9.252944946289063,35.572364807128906,27.500823974609375,27.83526611328125,15.911849975585938,1.5410614013671875,1.7967376708984375,16.689361572265625,23.829757690429688,1.3781051635742188,1.3757781982421875,29.31890106201172,19.63568878173828,16441667584,16151695360,13522472960,8219435008
199,1776620144701,345.53672790527344,1550,2,0.63125,4015.5550231933594,1901,1819,1819,1819,1901,1819,1819,1819,1819,1819,1901,1901,1819,1819,1901,1901,37.54256057739258,17.07940673828125,0,0,20.098037719726563,17.740272521972656,0.746673583984375,21.831443786621094,0,0,58.311500549316406,12.049873352050781,0,0,13.899208068847656,8.279098510742188,16441667584,16151695360,13522501632,8221208576
1,1776620144902,345.5631561279297,1860.0000000000002,1,0.675,4016.5118408203125,1901,1819,1819,1819,1901,1819,1819,1819,1819,1819,1901,1901,1819,1819,1901,1901,12.645751953125,9.447410583496094,0.2553558349609375,0.2553558349609375,10.396278381347656,10.408065795898438,3.177154541015625,0.27649688720703125,0.32381439208984375,0.23307037353515625,14.850006103515625,8.482154846191406,0.23431396484375,0.2352142333984375,73.5821762084961,5.738105773925781,16441667584,16151695360,13518688256,8218550272
