Delta,Time,CORE0_ENERGY (J),CORE0_FREQ (MHZ),CORE0_PSTATE,CORE0_VOLT (V),CPU_ENERGY (J),CPU_FREQUENCY_0,CPU_FREQUENCY_1,CPU_FREQUENCY_10,CPU_FREQUENCY_11,CPU_FREQUENCY_12,CPU_FREQUENCY_13,CPU_FREQUENCY_14,CPU_FREQUENCY_15,CPU_FREQUENCY_2,CPU_FREQUENCY_3,CPU_FREQUENCY_4,CPU_FREQUENCY_5,CPU_FREQUENCY_6,CPU_FREQUENCY_7,CPU_FREQUENCY_8,CPU_FREQUENCY_9,CPU_USAGE_0,CPU_USAGE_1,CPU_USAGE_10,CPU_USAGE_11,CPU_USAGE_12,CPU_USAGE_13,CPU_USAGE_14,CPU_USAGE_15,CPU_USAGE_2,CPU_USAGE_3,CPU_USAGE_4,CPU_USAGE_5,CPU_USAGE_6,CPU_USAGE_7,CPU_USAGE_8,CPU_USAGE_9,TOTAL_MEMORY,TOTAL_SWAP,USED_MEMORY,USED_SWAP
0,1776620172571,358.94622802734375,1860.0000000000002,1,0.675,4152.987762451172,1819,1819,1819,1819,1901,1901,1819,1819,1819,1819,1819,1819,1819,1819,1901,1819,84.86817932128906,76.3934555053711,0.3662261962890625,0.3662261962890625,79.18355560302734,86.10809326171875,39.32508850097656,51.32499694824219,0.49243927001953125,0.4916839599609375,44.45341873168945,72.85662078857422,0.36698150634765625,0.366607666015625,40.950767517089844,46.704505920410156,16441667584,16151695360,13490569216,8175288320
198,1776620172572,237.1200714111328,1860.0000000000002,1,0.66875,4153.090438842773,1819,1819,1819,1819,1901,1901,1819,1819,1819,1819,1819,1819,1819,1819,1901,1819,52.352294921875,58.976341247558594,0,0,51.315677642822266,52.35151290893555,55.663536071777344,38.99491882324219,0,0,82.10586547851563,62.1829833984375,0,0,88.79704284667969,47.21682357788086,16441667584,16151695360,13490253824,8177328128
1,1776620172772,168.94451904296875,1550,2,0.63125,4154.370681762695,1819,1819,1819,1819,1901,1901,1819,1819,1819,1819,1819,1819,1819,1819,1901,1819,38.406532287597656,40.38944625854492,0.5228424072265625,0.5227432250976563,66.9902572631836,42.40769577026367,37.465118408203125,45.20851516723633,0.4986724853515625,0.6310501098632813,39.98936462402344,41.09077072143555,0.49846649169921875,0.49842071533203125,41.00962829589844,51.747833251953125,16441667584,16151695360,13486702592,8174850048
