Delta,Time,CORE0_ENERGY (J),CORE0_FREQ (MHZ),CORE0_PSTATE,CORE0_VOLT (V),CPU_ENERGY (J),CPU_FREQUENCY_0,CPU_FREQUENCY_1,CPU_FREQUENCY_10,CPU_FREQUENCY_11,CPU_FREQUENCY_12,CPU_FREQUENCY_13,CPU_FREQUENCY_14,CPU_FREQUENCY_15,CPU_FREQUENCY_2,CPU_FREQUENCY_3,CPU_FREQUENCY_4,CPU_FREQUENCY_5,CPU_FREQUENCY_6,CPU_FREQUENCY_7,CPU_FREQUENCY_8,CPU_FREQUENCY_9,CPU_USAGE_0,CPU_USAGE_1,CPU_USAGE_10,CPU_USAGE_11,CPU_USAGE_12,CPU_USAGE_13,CPU_USAGE_14,CPU_USAGE_15,CPU_USAGE_2,CPU_USAGE_3,CPU_USAGE_4,CPU_USAGE_5,CPU_USAGE_6,CPU_USAGE_7,CPU_USAGE_8,CPU_USAGE_9,TOTAL_MEMORY,TOTAL_SWAP,USED_MEMORY,USED_SWAP
0,1776620128684,222.5572967529297,1550,2,0.63125,3933.871810913086,1819,1819,1819,1819,1901,1901,1819,1819,1819,1819,1901,1819,1819,1819,1901,1819,16.302810668945313,36.8475227355957,63.08177947998047,42.00590896606445,40.24363327026367,30.97956085205078,36.986328125,34.377891540527344,0,0,39.692481994628906,23.07282257080078,0,0,39.45114517211914,35.405792236328125,16441667584,16151695360,13504114688,8204349440
199,1776620128685,70.49526977539063,1550,2,0.63125,3933.9404296875,1819,1819,1819,1819,1901,1901,1819,1819,1819,1819,1901,1819,1819,1819,1901,1819,20.61463165283203,24.063560485839844,28.79169464111328,0,35.188934326171875,11.969940185546875,17.243453979492188,12.173721313476563,0,0,47.59706115722656,17.81238555908203,0,0,33.00273132324219,15.685073852539063,16441667584,16151695360,13504147456,8204349440
0,1776620128885,222.61367797851563,1860.0000000000002,1,0.675,3934.892288208008,1819,1819,1819,1819,1901,1901,1819,1819,1819,1819,1901,1819,1819,1819,1901,1819,8.083732604980469,6.632110595703125,10.60968017578125,5.048347473144531,43.73191833496094,9.87109375,5.717277526855469,6.536201477050781,0.5123825073242188,0.4763031005859375,21.46772003173828,14.713302612304688,0.5197219848632813,0.52001953125,36.30582809448242,15.82958984375,16441667584,16151695360,13502640128,8204587008
