Delta,Time,CORE0_ENERGY (J),CORE0_FREQ (MHZ),CORE0_PSTATE,CORE0_VOLT (V),CPU_ENERGY (J),CPU_FREQUENCY_0,CPU_FREQUENCY_1,CPU_FREQUENCY_10,CPU_FREQUENCY_11,CPU_FREQUENCY_12,CPU_FREQUENCY_13,CPU_FREQUENCY_14,CPU_FREQUENCY_15,CPU_FREQUENCY_2,CPU_FREQUENCY_3,CPU_FREQUENCY_4,CPU_FREQUENCY_5,CPU_FREQUENCY_6,CPU_FREQUENCY_7,CPU_FREQUENCY_8,CPU_FREQUENCY_9,CPU_USAGE_0,CPU_USAGE_1,CPU_USAGE_10,CPU_USAGE_11,CPU_USAGE_12,CPU_USAGE_13,CPU_USAGE_14,CPU_USAGE_15,CPU_USAGE_2,CPU_USAGE_3,CPU_USAGE_4,CPU_USAGE_5,CPU_USAGE_6,CPU_USAGE_7,CPU_USAGE_8,CPU_USAGE_9,TOTAL_MEMORY,TOTAL_SWAP,USED_MEMORY,USED_SWAP
0,1776620112553,93.28073120117188,1860.0000000000002,1,0.66875,3854.2872009277344,1819,1819,1819,1819,1819,1901,1819,1819,1819,1819,1901,1901,1819,1819,1819,1901,19.73523712158203,20.67938232421875,23.14061737060547,11.943168640136719,19.612449645996094,17.309898376464844,19.65576934814453,24.15038299560547,0,0,8.20941162109375,11.59478759765625,0,0,22.625350952148438,23.07037353515625,16441667584,16151695360,13572296704,8299896832
199,1776620112553,330.1452331542969,1860.0000000000002,1,0.675,3854.3150787353516,1819,1819,1819,1819,1819,1901,1819,1819,1819,1819,1901,1901,1819,1819,1819,1901,24.48480987548828,55.363460540771484,84.67192077636719,17.166358947753906,24.118247985839844,27.99358367919922,17.226539611816406,62.19316482543945,17.17547607421875,15.809532165527344,21.340774536132813,29.013023376464844,17.284896850585938,17.29401397705078,27.320640563964844,22.82525634765625,16441667584,16151695360,13572329472,8299896832
1,1776620112754,329.2460632324219,1860.0000000000002,1,0.675,3855.257049560547,1819,1819,1819,1819,1819,1901,1819,1819,1819,1819,1901,1901,1819,1819,1819,1901,6.732856750488281,5.841255187988281,6.990882873535156,4.458915710449219,42.4527587890625,7.7714385986328125,6.6972808837890625,2.7944717407226563,0.27339935302734375,0.15578460693359375,13.684288024902344,11.30322265625,0.1387176513671875,0.1387176513671875,23.699607849121094,36.423431396484375,16441667584,16151695360,13574696960,8299200512
