Delta,Time,CORE0_ENERGY (J),CORE0_FREQ (MHZ),CORE0_PSTATE,CORE0_VOLT (V),CPU_ENERGY (J),CPU_FREQUENCY_0,CPU_FREQUENCY_1,CPU_FREQUENCY_10,CPU_FREQUENCY_11,CPU_FREQUENCY_12,CPU_FREQUENCY_13,CPU_FREQUENCY_14,CPU_FREQUENCY_15,CPU_FREQUENCY_2,CPU_FREQUENCY_3,CPU_FREQUENCY_4,CPU_FREQUENCY_5,CPU_FREQUENCY_6,CPU_FREQUENCY_7,CPU_FREQUENCY_8,CPU_FREQUENCY_9,CPU_USAGE_0,CPU_USAGE_1,CPU_USAGE_10,CPU_USAGE_11,CPU_USAGE_12,CPU_USAGE_13,CPU_USAGE_14,CPU_USAGE_15,CPU_USAGE_2,CPU_USAGE_3,CPU_USAGE_4,CPU_USAGE_5,CPU_USAGE_6,CPU_USAGE_7,CPU_USAGE_8,CPU_USAGE_9,TOTAL_MEMORY,TOTAL_SWAP,USED_MEMORY,USED_SWAP
0,1776620164625,167.7440948486328,1860.0000000000002,1,0.66875,4113.993423461914,1819,1819,1819,1819,1901,1901,1819,1819,1819,1819,1901,1901,1819,1819,1901,1901,47.526729583740234,35.171417236328125,47.912818908691406,45.79100036621094,47.89784240722656,30.771995544433594,53.1417236328125,36.18589401245117,0,0,50.9974365234375,63.50590896606445,0,0,82.93707275390625,63.82496643066406,16441667584,16151695360,13490098176,8176103424
199,1776620164626,355.7349090576172,1860.0000000000002,1,0.675,4114.046081542969,1819,1819,1819,1819,1901,1901,1819,1819,1819,1819,1901,1901,1819,1819,1901,1901,82.1379165649414,20.351707458496094,17.1065673828125,63.68476867675781,72.49369049072266,52.13710021972656,55.51738357543945,56.2273063659668,0,0,68.6412124633789,17.82300567626953,0,0,83.93063354492188,37.555973052978516,16441667584,16151695360,13490122752,8175874048
1,1776620164827,355.0880889892578,1860.0000000000002,1,0.675,4115.341323852539,1819,1819,1819,1819,1901,1901,1819,1819,1819,1819,1901,1901,1819,1819,1901,1901,25.572364807128906,31.573997497558594,13.374519348144531,22.94646453857422,48.247039794921875,51.26930236816406,39.923622131347656,45.189598083496094,0.0506134033203125,0.08794403076171875,39.29945755004883,30.364402770996094,0,0,53.2280387878418,45.081912994384766,16441667584,16151695360,13489270784,8171712512
