Delta,Time,CORE0_ENERGY (J),CORE0_FREQ (MHZ),CORE0_PSTATE,CORE0_VOLT (V),CPU_ENERGY (J),CPU_FREQUENCY_0,CPU_FREQUENCY_1,CPU_FREQUENCY_10,CPU_FREQUENCY_11,CPU_FREQUENCY_12,CPU_FREQUENCY_13,CPU_FREQUENCY_14,CPU_FREQUENCY_15,CPU_FREQUENCY_2,CPU_FREQUENCY_3,CPU_FREQUENCY_4,CPU_FREQUENCY_5,CPU_FREQUENCY_6,CPU_FREQUENCY_7,CPU_FREQUENCY_8,CPU_FREQUENCY_9,CPU_USAGE_0,CPU_USAGE_1,CPU_USAGE_10,CPU_USAGE_11,CPU_USAGE_12,CPU_USAGE_13,CPU_USAGE_14,CPU_USAGE_15,CPU_USAGE_2,CPU_USAGE_3,CPU_USAGE_4,CPU_USAGE_5,CPU_USAGE_6,CPU_USAGE_7,CPU_USAGE_8,CPU_USAGE_9,TOTAL_MEMORY,TOTAL_SWAP,USED_MEMORY,USED_SWAP
0,1776620260362,264.62841796875,1860.0000000000002,1,0.66875,4571.450546264648,1819,1819,1819,1819,1819,1901,1819,1819,1819,1819,1819,1901,1819,1819,1819,1901,61.15472412109375,79.58809661865234,0,0,83.42172241210938,55.560752868652344,89.7464828491211,80.38768768310547,0,0,73.26765441894531,70.19903564453125,0,0,39.20222091674805,72.42561340332031,16441667584,16151695360,13484105728,8164372480
198,1776620260363,183.36962890625,1550,2,0.63125,4571.527481079102,1819,1819,1819,1819,1819,1901,1819,1819,1819,1819,1819,1901,1819,1819,1819,1901,33.778221130371094,48.84058380126953,5.030113220214844,5.02923583984375,97.68815612792969,96.92250061035156,48.374717712402344,51.10435104370117,5.474998474121094,6.205696105957031,52.15582275390625,43.98178482055664,4.84918212890625,4.8483123779296875,30.43151092529297,96.85432434082031,16441667584,16151695360,13484105728,8166117376
1,1776620260564,400.53546142578125,1860.0000000000002,1,0.675,4572.779830932617,1819,1819,1819,1819,1819,1901,1819,1819,1819,1819,1819,1901,1819,1819,1819,1901,45.74269104003906,49.54084777832031,0,0,64.96003723144531,58.6624755859375,7.4082183837890625,10.114547729492188,0,0,48.0787353515625,50.676544189453125,0,0,46.285400390625,62.74678421020508,16441667584,16151695360,13484650496,8163958784
