Delta,Time,CORE0_ENERGY (J),CORE0_FREQ (MHZ),CORE0_PSTATE,CORE0_VOLT (V),CPU_ENERGY (J),CPU_FREQUENCY_0,CPU_FREQUENCY_1,CPU_FREQUENCY_10,CPU_FREQUENCY_11,CPU_FREQUENCY_12,CPU_FREQUENCY_13,CPU_FREQUENCY_14,CPU_FREQUENCY_15,CPU_FREQUENCY_2,CPU_FREQUENCY_3,CPU_FREQUENCY_4,CPU_FREQUENCY_5,CPU_FREQUENCY_6,CPU_FREQUENCY_7,CPU_FREQUENCY_8,CPU_FREQUENCY_9,CPU_USAGE_0,CPU_USAGE_1,CPU_USAGE_10,CPU_USAGE_11,CPU_USAGE_12,CPU_USAGE_13,CPU_USAGE_14,CPU_USAGE_15,CPU_USAGE_2,CPU_USAGE_3,CPU_USAGE_4,CPU_USAGE_5,CPU_USAGE_6,CPU_USAGE_7,CPU_USAGE_8,CPU_USAGE_9,TOTAL_MEMORY,TOTAL_SWAP,USED_MEMORY,USED_SWAP
0,1776620244555,258.9322967529297,1550,2,0.63125,4492.29084777832,1819,1819,1819,1819,1901,1901,1819,1819,1819,1819,1819,1819,1819,1819,1819,1901,53.589195251464844,37.031524658203125,0,0,67.93663024902344,70.60992431640625,0,0,0.13521575927734375,0,45.79212188720703,39.30342102050781,0,0,49.948551177978516,44.62279510498047,16441667584,16151695360,13481320448,8152297472
199,1776620244556,180.59925842285156,1860.0000000000002,1,0.66875,4492.330612182617,1819,1819,1819,1819,1901,1901,1819,1819,1819,1819,1819,1819,1819,1819,1819,1901,32.65363311767578,19.381423950195313,2.6445083618164063,2.6458511352539063,29.529891967773438,63.903133392333984,2.9639968872070313,2.9666824340820313,3.519744873046875,1.7316818237304688,83.91682434082031,10.352508544921875,1.2725830078125,1.2725830078125,18.98273468017578,29.07884979248047,16441667584,16151695360,13481267200,8152276992
0,1776620244757,392.51197814941406,1860.0000000000002,1,0.6625,4493.206893920898,1819,1819,1819,1819,1901,1901,1819,1819,1819,1819,1819,1819,1819,1819,1819,1901,5.229217529296875,5.252166748046875,0.515869140625,0.515716552734375,31.839195251464844,30.372825622558594,0.5317153930664063,0.5316162109375,0.5648574829101563,0.4997711181640625,24.126731872558594,14.528274536132813,0.51611328125,0.5160140991210938,14.540397644042969,15.572181701660156,16441667584,16151695360,13479288832,8151937024
