Delta,Time,CORE0_ENERGY (J),CORE0_FREQ (MHZ),CORE0_PSTATE,CORE0_VOLT (V),CPU_ENERGY (J),CPU_FREQUENCY_0,CPU_FREQUENCY_1,CPU_FREQUENCY_10,CPU_FREQUENCY_11,CPU_FREQUENCY_12,CPU_FREQUENCY_13,CPU_FREQUENCY_14,CPU_FREQUENCY_15,CPU_FREQUENCY_2,CPU_FREQUENCY_3,CPU_FREQUENCY_4,CPU_FREQUENCY_5,CPU_FREQUENCY_6,CPU_FREQUENCY_7,CPU_FREQUENCY_8,CPU_FREQUENCY_9,CPU_USAGE_0,CPU_USAGE_1,CPU_USAGE_10,CPU_USAGE_11,CPU_USAGE_12,CPU_USAGE_13,CPU_USAGE_14,CPU_USAGE_15,CPU_USAGE_2,CPU_USAGE_3,CPU_USAGE_4,CPU_USAGE_5,CPU_USAGE_6,CPU_USAGE_7,CPU_USAGE_8,CPU_USAGE_9,TOTAL_MEMORY,TOTAL_SWAP,USED_MEMORY,USED_SWAP
0,1776620280243,187.57327270507813,1860.0000000000002,1,0.66875,4672.325271606445,1819,1819,1819,1819,1901,1901,1819,1819,1819,1819,1819,1901,1819,1819,1819,1901,52.735084533691406,64.99212646484375,2.6376571655273438,2.6383590698242188,73.14619445800781,77.77796936035156,76.63105773925781,78.03072357177734,3.4061431884765625,2.4675064086914063,69.46611785888672,64.23916625976563,2.4307937622070313,2.4314956665039063,57.929908752441406,84.85961151123047,16441667584,16151695360,13438132224,8125677568
199,1776620280244,271.5935363769531,1860.0000000000002,1,0.66875,4672.405807495117,1819,1819,1819,1819,1901,1901,1819,1819,1819,1819,1819,1901,1819,1819,1819,1901,79.7147216796875,57.979705810546875,0,0,59.727630615234375,43.27977752685547,37.647701263427734,52.755958557128906,0,0,82.41171264648438,70.44326782226563,0,0,91.46509552001953,80.11526489257813,16441667584,16151695360,13437288448,8125677568
1,1776620280444,409.12384033203125,1550,2,0.63125,4673.720764160156,1819,1819,1819,1819,1901,1901,1819,1819,1819,1819,1819,1901,1819,1819,1819,1901,51.75299072265625,42.539180755615234,0.15680694580078125,0.1565093994140625,65.51948547363281,54.99296951293945,46.53787612915039,41.87644577026367,0.04085540771484375,0.10974884033203125,47.24827194213867,52.33546829223633,0.0669403076171875,0.06703948974609375,43.1368293762207,60.090431213378906,16441667584,16151695360,13437394944,8127574016
