Delta,Time,CORE0_ENERGY (J),CORE0_FREQ (MHZ),CORE0_PSTATE,CORE0_VOLT (V),CPU_ENERGY (J),CPU_FREQUENCY_0,CPU_FREQUENCY_1,CPU_FREQUENCY_10,CPU_FREQUENCY_11,CPU_FREQUENCY_12,CPU_FREQUENCY_13,CPU_FREQUENCY_14,CPU_FREQUENCY_15,CPU_FREQUENCY_2,CPU_FREQUENCY_3,CPU_FREQUENCY_4,CPU_FREQUENCY_5,CPU_FREQUENCY_6,CPU_FREQUENCY_7,CPU_FREQUENCY_8,CPU_FREQUENCY_9,CPU_USAGE_0,CPU_USAGE_1,CPU_USAGE_10,CPU_USAGE_11,CPU_USAGE_12,CPU_USAGE_13,CPU_USAGE_14,CPU_USAGE_15,CPU_USAGE_2,CPU_USAGE_3,CPU_USAGE_4,CPU_USAGE_5,CPU_USAGE_6,CPU_USAGE_7,CPU_USAGE_8,CPU_USAGE_9,TOTAL_MEMORY,TOTAL_SWAP,USED_MEMORY,USED_SWAP
0,1776620311971,106.64321899414063,1860.0000000000002,1,0.66875,4833.718109130859,1819,1819,1819,1819,1819,1901,1819,1819,1819,1819,1901,1819,1819,1819,1819,1901,56.90799331665039,62.72213363647461,2.4205093383789063,2.420867919921875,53.60871505737305,51.51426315307617,57.17621612548828,60.90928268432617,2.8983917236328125,2.6529464721679688,50.614524841308594,61.386444091796875,2.4367752075195313,2.4364166259765625,79.50736999511719,58.78916549682617,16441667584,16151695360,13444444160,8110989312
199,1776620311972,424.4718933105469,1550,2,0.63125,4833.770553588867,1819,1819,1819,1819,1819,1901,1819,1819,1819,1819,1901,1819,1819,1819,1819,1901,71.32158660888672,88.94621276855469,0,0,27.76042938232422,73.80290985107422,87.90744018554688,51.88514709472656,0,0,77.81305694580078,66.08113098144531,0,0,53.912654876708984,75.71825408935547,16441667584,16151695360,13444890624,8110989312
1,1776620312173,282.4797058105469,1860.0000000000002,1,0.66875,4835.033432006836,1819,1819,1819,1819,1819,1901,1819,1819,1819,1819,1901,1819,1819,1819,1819,1901,32.944786071777344,41.157135009765625,0.3942718505859375,0.39402008056640625,53.48305130004883,51.43193435668945,23.58295440673828,36.60149002075195,0.3997650146484375,0.46179962158203125,51.87481689453125,36.80086898803711,0.44228363037109375,0.44223785400390625,52.29689025878906,42.17216491699219,16441667584,16151695360,13444788224,8111509504
