Delta,Time,CORE0_ENERGY (J),CORE0_FREQ (MHZ),CORE0_PSTATE,CORE0_VOLT (V),CPU_ENERGY (J),CPU_FREQUENCY_0,CPU_FREQUENCY_1,CPU_FREQUENCY_10,CPU_FREQUENCY_11,CPU_FREQUENCY_12,CPU_FREQUENCY_13,CPU_FREQUENCY_14,CPU_FREQUENCY_15,CPU_FREQUENCY_2,CPU_FREQUENCY_3,CPU_FREQUENCY_4,CPU_FREQUENCY_5,CPU_FREQUENCY_6,CPU_FREQUENCY_7,CPU_FREQUENCY_8,CPU_FREQUENCY_9,CPU_USAGE_0,CPU_USAGE_1,CPU_USAGE_10,CPU_USAGE_11,CPU_USAGE_12,CPU_USAGE_13,CPU_USAGE_14,CPU_USAGE_15,CPU_USAGE_2,CPU_USAGE_3,CPU_USAGE_4,CPU_USAGE_5,CPU_USAGE_6,CPU_USAGE_7,CPU_USAGE_8,CPU_USAGE_9,TOTAL_MEMORY,TOTAL_SWAP,USED_MEMORY,USED_SWAP
0,1776620308056,193.67601013183594,1860.0000000000002,1,0.66875,4814.391662597656,1819,1819,1819,1819,1819,1819,1819,1819,1819,1819,1901,1819,1819,1819,1901,1901,59.25897979736328,71.38758850097656,0,0,83.47198486328125,81.91026306152344,68.18819427490234,86.0949935913086,0,0,51.01915740966797,59.28581237792969,0,0,83.35065460205078,92.55048370361328,16441667584,16151695360,13447716864,8108208128
199,1776620308057,193.68118286132813,1860.0000000000002,1,0.66875,4814.460906982422,1819,1819,1819,1819,1819,1819,1819,1819,1819,1819,1901,1819,1819,1819,1901,1901,57.268943786621094,12.286933898925781,0,0,61.54598617553711,67.78727722167969,41.95412826538086,60.96919250488281,0,0,65.32044219970703,15.898361206054688,0,0,94.2039566040039,100,16441667584,16151695360,13447725056,8109322240
1,1776620308257,193.77232360839844,1550,2,0.63125,4815.746932983398,1819,1819,1819,1819,1819,1819,1819,1819,1819,1819,1901,1819,1819,1819,1901,1901,39.530426025390625,38.691715240478516,0.06519317626953125,0.06494140625,62.26673889160156,42.456886291503906,51.24108123779297,51.416629791259766,0.06418609619140625,0.0640869140625,49.691829681396484,48.05611038208008,0.063232421875,0.06308746337890625,42.277320861816406,44.55050277709961,16441667584,16151695360,13444599808,8108195840
