Delta,Time,CORE0_ENERGY (J),CORE0_FREQ (MHZ),CORE0_PSTATE,CORE0_VOLT (V),CPU_ENERGY (J),CPU_FREQUENCY_0,CPU_FREQUENCY_1,CPU_FREQUENCY_10,CPU_FREQUENCY_11,CPU_FREQUENCY_12,CPU_FREQUENCY_13,CPU_FREQUENCY_14,CPU_FREQUENCY_15,CPU_FREQUENCY_2,CPU_FREQUENCY_3,CPU_FREQUENCY_4,CPU_FREQUENCY_5,CPU_FREQUENCY_6,CPU_FREQUENCY_7,CPU_FREQUENCY_8,CPU_FREQUENCY_9,CPU_USAGE_0,CPU_USAGE_1,CPU_USAGE_10,CPU_USAGE_11,CPU_USAGE_12,CPU_USAGE_13,CPU_USAGE_14,CPU_USAGE_15,CPU_USAGE_2,CPU_USAGE_3,CPU_USAGE_4,CPU_USAGE_5,CPU_USAGE_6,CPU_USAGE_7,CPU_USAGE_8,CPU_USAGE_9,TOTAL_MEMORY,TOTAL_SWAP,USED_MEMORY,USED_SWAP
0,1776620264364,68.69371032714844,1860.0000000000002,1,0.68125,4592.463806152344,1901,1819,1819,1819,1901,1819,1819,1819,1819,1819,1901,1901,1819,1819,1901,1901,22.234153747558594,26.06793212890625,20.908241271972656,53.859779357910156,39.83627700805664,32.86937713623047,58.607147216796875,43.925209045410156,37.098514556884766,17.746849060058594,19.35845184326172,25.08612060546875,0,0,16.874710083007813,26.73993682861328,16441667584,16151695360,13486354432,8170774528
199,1776620264365,401.5018005371094,1860.0000000000002,1,0.675,4592.52978515625,1901,1819,1819,1819,1901,1819,1819,1819,1819,1819,1901,1901,1819,1819,1901,1901,7.08062744140625,17.871780395507813,41.290225982666016,49.613739013671875,50.81633758544922,30.43762969970703,23.087074279785156,35.029457092285156,33.456214904785156,25.15686798095703,0,67.79170989990234,0,0,4.899024963378906,24.34607696533203,16441667584,16151695360,13486346240,8171429888
1,1776620264566,402.51416015625,1860.0000000000002,1,0.675,4593.595397949219,1901,1819,1819,1819,1901,1819,1819,1819,1819,1819,1901,1901,1819,1819,1901,1901,14.938667297363281,18.275901794433594,4.946266174316406,8.026565551757813,35.14215087890625,39.64418411254883,9.175979614257813,8.693344116210938,8.556427001953125,12.516769409179688,14.650947570800781,16.490097045898438,0.15776824951171875,0.09189605712890625,40.795448303222656,11.603591918945313,16441667584,16151695360,13510610944,8189313024
