Delta,Time,CORE0_ENERGY (J),CORE0_FREQ (MHZ),CORE0_PSTATE,CORE0_VOLT (V),CPU_ENERGY (J),CPU_FREQUENCY_0,CPU_FREQUENCY_1,CPU_FREQUENCY_10,CPU_FREQUENCY_11,CPU_FREQUENCY_12,CPU_FREQUENCY_13,CPU_FREQUENCY_14,CPU_FREQUENCY_15,CPU_FREQUENCY_2,CPU_FREQUENCY_3,CPU_FREQUENCY_4,CPU_FREQUENCY_5,CPU_FREQUENCY_6,CPU_FREQUENCY_7,CPU_FREQUENCY_8,CPU_FREQUENCY_9,CPU_USAGE_0,CPU_USAGE_1,CPU_USAGE_10,CPU_USAGE_11,CPU_USAGE_12,CPU_USAGE_13,CPU_USAGE_14,CPU_USAGE_15,CPU_USAGE_2,CPU_USAGE_3,CPU_USAGE_4,CPU_USAGE_5,CPU_USAGE_6,CPU_USAGE_7,CPU_USAGE_8,CPU_USAGE_9,TOTAL_MEMORY,TOTAL_SWAP,USED_MEMORY,USED_SWAP
0,1776620316026,107.20144653320313,1860.0000000000002,1,0.66875,4854.289535522461,1901,1901,1819,1819,1819,1901,1819,1819,1819,1819,1819,1819,1819,1819,1901,1901,43.02425003051758,50.1408805847168,22.32323455810547,16.475372314453125,54.92342758178711,58.38291931152344,31.518295288085938,13.763381958007813,2.0610275268554688,0.672088623046875,57.59770584106445,22.50389862060547,0.669189453125,0.668365478515625,49.24835205078125,42.89745330810547,16441667584,16151695360,13447643136,8109268992
199,1776620316028,428.36622619628906,1860.0000000000002,1,0.675,4854.359420776367,1901,1901,1819,1819,1819,1901,1819,1819,1819,1819,1819,1819,1819,1819,1901,1901,26.96631622314453,0,0,0,20.58525848388672,0,39.48875427246094,0,0,0,42.22549819946289,0,0,0,19.63957977294922,0,16441667584,16151695360,13447634944,8110206976
1,1776620316228,428.42332458496094,1550,2,0.63125,4855.328384399414,1901,1901,1819,1819,1819,1901,1819,1819,1819,1819,1819,1819,1819,1819,1901,1901,16.294952392578125,15.305465698242188,0.07926177978515625,0.07940673828125,31.004867553710938,13.339759826660156,22.328834533691406,11.835990905761719,0.083465576171875,0.08386993408203125,27.67076873779297,18.783355712890625,0.1038055419921875,0.103912353515625,22.349319458007813,35.52936553955078,16441667584,16151695360,13447954432,8117583872
