Delta,Time,CORE0_ENERGY (J),CORE0_FREQ (MHZ),CORE0_PSTATE,CORE0_VOLT (V),CPU_ENERGY (J),CPU_FREQUENCY_0,CPU_FREQUENCY_1,CPU_FREQUENCY_10,CPU_FREQUENCY_11,CPU_FREQUENCY_12,CPU_FREQUENCY_13,CPU_FREQUENCY_14,CPU_FREQUENCY_15,CPU_FREQUENCY_2,CPU_FREQUENCY_3,CPU_FREQUENCY_4,CPU_FREQUENCY_5,CPU_FREQUENCY_6,CPU_FREQUENCY_7,CPU_FREQUENCY_8,CPU_FREQUENCY_9,CPU_USAGE_0,CPU_USAGE_1,CPU_USAGE_10,CPU_USAGE_11,CPU_USAGE_12,CPU_USAGE_13,CPU_USAGE_14,CPU_USAGE_15,CPU_USAGE_2,CPU_USAGE_3,CPU_USAGE_4,CPU_USAGE_5,CPU_USAGE_6,CPU_USAGE_7,CPU_USAGE_8,CPU_USAGE_9,TOTAL_MEMORY,TOTAL_SWAP,USED_MEMORY,USED_SWAP
0,1776620327897,108.20649719238281,1860.0000000000002,1,0.66875,4911.6632080078125,1819,1819,1819,1819,1901,1819,1819,1819,1819,1819,1819,1901,1819,1819,1901,1819,48.720672607421875,48.13292694091797,0,0,70.20489501953125,84.47566223144531,82.77584075927734,75.5144271850586,0,0,66.79811096191406,55.201332092285156,0,0,60.276634216308594,72.70687866210938,16441667584,16151695360,13455388672,8116707328
199,1776620327899,287.37608337402344,1860.0000000000002,1,0.66875,4911.749282836914,1819,1819,1819,1819,1901,1819,1819,1819,1819,1819,1819,1901,1819,1819,1901,1819,64.16555786132813,58.8795166015625,1.731536865234375,1.7279510498046875,84.88397979736328,86.99821472167969,90.76780700683594,49.43939971923828,2.7801437377929688,3.7274703979492188,84.90011596679688,79.30308532714844,2.2907943725585938,2.28631591796875,66.85786437988281,68.78926849365234,16441667584,16151695360,13455314944,8118341632
2,1776620328099,434.33154296875,1860.0000000000002,1,0.675,4913.019622802734,1819,1819,1819,1819,1901,1819,1819,1819,1819,1819,1819,1901,1819,1819,1901,1819,40.47785186767578,35.28070068359375,0.16876983642578125,0.16876983642578125,56.46884536743164,53.64610290527344,44.08335494995117,38.846378326416016,0.18837738037109375,0.31191253662109375,37.84027862548828,39.794647216796875,0.18817901611328125,0.188232421875,47.72135925292969,42.564579010009766,16441667584,16151695360,13452574720,8117559296
