Delta,Time,CORE0_ENERGY (J),CORE0_FREQ (MHZ),CORE0_PSTATE,CORE0_VOLT (V),CPU_ENERGY (J),CPU_FREQUENCY_0,CPU_FREQUENCY_1,CPU_FREQUENCY_10,CPU_FREQUENCY_11,CPU_FREQUENCY_12,CPU_FREQUENCY_13,CPU_FREQUENCY_14,CPU_FREQUENCY_15,CPU_FREQUENCY_2,CPU_FREQUENCY_3,CPU_FREQUENCY_4,CPU_FREQUENCY_5,CPU_FREQUENCY_6,CPU_FREQUENCY_7,CPU_FREQUENCY_8,CPU_FREQUENCY_9,CPU_USAGE_0,CPU_USAGE_1,CPU_USAGE_10,CPU_USAGE_11,CPU_USAGE_12,CPU_USAGE_13,CPU_USAGE_14,CPU_USAGE_15,CPU_USAGE_2,CPU_USAGE_3,CPU_USAGE_4,CPU_USAGE_5,CPU_USAGE_6,CPU_USAGE_7,CPU_USAGE_8,CPU_USAGE_9,TOTAL_MEMORY,TOTAL_SWAP,USED_MEMORY,USED_SWAP
0,1776620351687,109.71662902832031,1860.0000000000002,1,0.66875,5028.33154296875,1819,1819,1819,1819,1819,1901,1819,1819,1819,1819,1819,1819,1819,1819,1901,1901,67.98408508300781,64.73710632324219,1.500091552734375,1.501495361328125,56.124473571777344,56.824493408203125,86.0582275390625,90.85234832763672,2.112701416015625,1.1560516357421875,59.02460479736328,51.05652618408203,0.968231201171875,0.968231201171875,94.03754425048828,78.63850402832031,16441667584,16151695360,13456662528,8113729536
198,1776620351689,446.3968505859375,1860.0000000000002,1,0.675,5028.411926269531,1819,1819,1819,1819,1819,1901,1819,1819,1819,1819,1819,1819,1819,1819,1901,1901,44.05289077758789,55.04324722290039,1.9798049926757813,1.9743728637695313,49.94520568847656,78.83802032470703,43.20880126953125,64.41606140136719,2.8202667236328125,4.828147888183594,95.84929656982422,81.44183349609375,2.7677383422851563,2.763214111328125,38.6197509765625,66.82334899902344,16441667584,16151695360,13456728064,8114761728
1,1776620351888,109.81309509277344,1860.0000000000002,1,0.66875,5029.639617919922,1819,1819,1819,1819,1819,1901,1819,1819,1819,1819,1819,1819,1819,1819,1901,1901,42.306270599365234,31.11742401123047,0,0,49.36289978027344,38.301151275634766,37.94015884399414,40.625484466552734,0,0,43.96055603027344,39.82682800292969,0,0,28.969406127929688,57.09461212158203,16441667584,16151695360,13451829248,8114417664
