Delta,Time,CORE0_ENERGY (J),CORE0_FREQ (MHZ),CORE0_PSTATE,CORE0_VOLT (V),CPU_ENERGY (J),CPU_FREQUENCY_0,CPU_FREQUENCY_1,CPU_FREQUENCY_10,CPU_FREQUENCY_11,CPU_FREQUENCY_12,CPU_FREQUENCY_13,CPU_FREQUENCY_14,CPU_FREQUENCY_15,CPU_FREQUENCY_2,CPU_FREQUENCY_3,CPU_FREQUENCY_4,CPU_FREQUENCY_5,CPU_FREQUENCY_6,CPU_FREQUENCY_7,CPU_FREQUENCY_8,CPU_FREQUENCY_9,CPU_USAGE_0,CPU_USAGE_1,CPU_USAGE_10,CPU_USAGE_11,CPU_USAGE_12,CPU_USAGE_13,CPU_USAGE_14,CPU_USAGE_15,CPU_USAGE_2,CPU_USAGE_3,CPU_USAGE_4,CPU_USAGE_5,CPU_USAGE_6,CPU_USAGE_7,CPU_USAGE_8,CPU_USAGE_9,TOTAL_MEMORY,TOTAL_SWAP,USED_MEMORY,USED_SWAP
0,1776620323967,286.2185363769531,1860.0000000000002,1,0.66875,4892.758773803711,1819,1819,1819,1819,1901,1901,1819,1819,1819,1819,1819,1901,1819,1819,1901,1819,46.28480529785156,69.66496276855469,52.375606536865234,50.915061950683594,89.54258728027344,87.54407501220703,53.49898147583008,53.004093170166016,0,0,58.26995849609375,45.185543060302734,0,0,35.93095397949219,33.17192840576172,16441667584,16151695360,13452439552,8121167872
199,1776620323968,286.2215270996094,1860.0000000000002,1,0.66875,4892.836837768555,1819,1819,1819,1819,1901,1901,1819,1819,1819,1819,1819,1901,1819,1819,1901,1819,51.73514175415039,28.560714721679688,21.4945068359375,46.459293365478516,96.37773132324219,94.0412368774414,32.973304748535156,38.4072151184082,0,0,32.52545928955078,7.1908416748046875,0,0,60.66973876953125,29.6053466796875,16441667584,16151695360,13452431360,8121769984
1,1776620324168,108.02452087402344,1860.0000000000002,1,0.66875,4894.095886230469,1819,1819,1819,1819,1901,1901,1819,1819,1819,1819,1819,1901,1819,1819,1901,1819,38.119651794433594,37.5760383605957,2.7223281860351563,0.1402435302734375,54.3664436340332,47.24135208129883,26.441818237304688,40.409603118896484,0,0,34.99812316894531,35.72825622558594,0,0,41.599525451660156,72.29863739013672,16441667584,16151695360,13447725056,8118005760
