Delta,Time,CORE0_ENERGY (J),CORE0_FREQ (MHZ),CORE0_PSTATE,CORE0_VOLT (V),CPU_ENERGY (J),CPU_FREQUENCY_0,CPU_FREQUENCY_1,CPU_FREQUENCY_10,CPU_FREQUENCY_11,CPU_FREQUENCY_12,CPU_FREQUENCY_13,CPU_FREQUENCY_14,CPU_FREQUENCY_15,CPU_FREQUENCY_2,CPU_FREQUENCY_3,CPU_FREQUENCY_4,CPU_FREQUENCY_5,CPU_FREQUENCY_6,CPU_FREQUENCY_7,CPU_FREQUENCY_8,CPU_FREQUENCY_9,CPU_USAGE_0,CPU_USAGE_1,CPU_USAGE_10,CPU_USAGE_11,CPU_USAGE_12,CPU_USAGE_13,CPU_USAGE_14,CPU_USAGE_15,CPU_USAGE_2,CPU_USAGE_3,CPU_USAGE_4,CPU_USAGE_5,CPU_USAGE_6,CPU_USAGE_7,CPU_USAGE_8,CPU_USAGE_9,TOTAL_MEMORY,TOTAL_SWAP,USED_MEMORY,USED_SWAP
0,1776620300109,73.33401489257813,1860.0000000000002,1,0.66875,4774.900039672852,1819,1819,1819,1819,1901,1901,1819,1819,1819,1819,1901,1901,1819,1819,1901,1901,51.34483337402344,62.41874694824219,85.61962127685547,82.37995910644531,91.07875061035156,93.2559814453125,43.352760314941406,50.7013053894043,0.45645904541015625,0.702392578125,74.26980590820313,67.34703063964844,0.9049835205078125,0.9064254760742188,52.53871154785156,66.34671020507813,16441667584,16151695360,13457031168,8129757184
199,1776620300110,192.13829040527344,1860.0000000000002,1,0.66875,4774.974868774414,1819,1819,1819,1819,1901,1901,1819,1819,1819,1819,1901,1901,1819,1819,1901,1901,25.94330596923828,56.284210205078125,39.95400619506836,69.35940551757813,62.103271484375,73.93806457519531,61.19586181640625,24.84027099609375,2.6379318237304688,2.6389694213867188,31.438735961914063,43.802162170410156,2.2778854370117188,2.2737197875976563,100,78.1878890991211,16441667584,16151695360,13457805312,8130048000
1,1776620300310,105.71881103515625,1550,2,0.63125,4776.210678100586,1819,1819,1819,1819,1901,1901,1819,1819,1819,1819,1901,1901,1819,1819,1901,1901,34.305267333984375,33.21221923828125,16.37694549560547,21.327293395996094,34.782073974609375,44.263675689697266,31.302818298339844,38.39801788330078,0.1095123291015625,0.0753326416015625,31.68402099609375,29.50432586669922,0.07167816162109375,0.07167816162109375,37.70869445800781,43.900394439697266,16441667584,16151695360,13443432448,8111067136
