Delta,Time,CORE0_ENERGY (J),CORE0_FREQ (MHZ),CORE0_PSTATE,CORE0_VOLT (V),CPU_ENERGY (J),CPU_FREQUENCY_0,CPU_FREQUENCY_1,CPU_FREQUENCY_10,CPU_FREQUENCY_11,CPU_FREQUENCY_12,CPU_FREQUENCY_13,CPU_FREQUENCY_14,CPU_FREQUENCY_15,CPU_FREQUENCY_2,CPU_FREQUENCY_3,CPU_FREQUENCY_4,CPU_FREQUENCY_5,CPU_FREQUENCY_6,CPU_FREQUENCY_7,CPU_FREQUENCY_8,CPU_FREQUENCY_9,CPU_USAGE_0,CPU_USAGE_1,CPU_USAGE_10,CPU_USAGE_11,CPU_USAGE_12,CPU_USAGE_13,CPU_USAGE_14,CPU_USAGE_15,CPU_USAGE_2,CPU_USAGE_3,CPU_USAGE_4,CPU_USAGE_5,CPU_USAGE_6,CPU_USAGE_7,CPU_USAGE_8,CPU_USAGE_9,TOTAL_MEMORY,TOTAL_SWAP,USED_MEMORY,USED_SWAP
0,1776620359684,297.23182678222656,1860.0000000000002,1,0.66875,5068.6451416015625,1819,1819,1819,1819,1901,1819,1819,1819,1819,1819,1901,1901,1819,1819,1901,1901,50.20480728149414,68.89862823486328,32.76319122314453,30.18413543701172,50.24883270263672,60.79741287231445,67.01362609863281,18.619552612304688,0,0,51.63655090332031,36.9163932800293,0,0,49.33274459838867,36.98912811279297,16441667584,16151695360,13451182080,8108711936
199,1776620359685,446.5739440917969,1550,2,0.63125,5068.724090576172,1819,1819,1819,1819,1901,1819,1819,1819,1819,1819,1901,1901,1819,1819,1901,1901,9.856712341308594,53.713863372802734,58.39589309692383,25.1497802734375,38.049949645996094,5.201751708984375,51.73782730102539,55.02309799194336,4.269676208496094,4.2164459228515625,74.34583282470703,4.913917541503906,3.241058349609375,3.2401580810546875,71.0118408203125,16.98938751220703,16441667584,16151695360,13451194368,8109740032
0,1776620359886,297.28028869628906,1860.0000000000002,1,0.65625,5069.685150146484,1819,1819,1819,1819,1901,1819,1819,1819,1819,1819,1901,1901,1819,1819,1901,1901,8.745063781738281,12.512779235839844,7.483360290527344,10.890419006347656,14.169639587402344,15.715309143066406,7.711761474609375,12.367584228515625,0,0,16.724998474121094,13.294059753417969,0,0,31.93962860107422,23.606666564941406,16441667584,16151695360,13447938048,8109084672
