Delta,Time,CORE0_ENERGY (J),CORE0_FREQ (MHZ),CORE0_PSTATE,CORE0_VOLT (V),CPU_ENERGY (J),CPU_FREQUENCY_0,CPU_FREQUENCY_1,CPU_FREQUENCY_10,CPU_FREQUENCY_11,CPU_FREQUENCY_12,CPU_FREQUENCY_13,CPU_FREQUENCY_14,CPU_FREQUENCY_15,CPU_FREQUENCY_2,CPU_FREQUENCY_3,CPU_FREQUENCY_4,CPU_FREQUENCY_5,CPU_FREQUENCY_6,CPU_FREQUENCY_7,CPU_FREQUENCY_8,CPU_FREQUENCY_9,CPU_USAGE_0,CPU_USAGE_1,CPU_USAGE_10,CPU_USAGE_11,CPU_USAGE_12,CPU_USAGE_13,CPU_USAGE_14,CPU_USAGE_15,CPU_USAGE_2,CPU_USAGE_3,CPU_USAGE_4,CPU_USAGE_5,CPU_USAGE_6,CPU_USAGE_7,CPU_USAGE_8,CPU_USAGE_9,TOTAL_MEMORY,TOTAL_SWAP,USED_MEMORY,USED_SWAP
0,1776620347720,109.31983947753906,1860.0000000000002,1,0.66875,5009.237976074219,1819,1819,1819,1819,1901,1819,1819,1819,1819,1819,1901,1901,1819,1819,1901,1901,57.89438247680664,42.40575408935547,25.792396545410156,38.76738739013672,74.62541961669922,61.947017669677734,63.197322845458984,73.20175170898438,0,0,41.10015869140625,33.615699768066406,0,0,29.259376525878906,28.05487823486328,16441667584,16151695360,13450076160,8114458624
199,1776620347721,441.0825958251953,1860.0000000000002,1,0.675,5009.308013916016,1819,1819,1819,1819,1901,1819,1819,1819,1819,1819,1901,1901,1819,1819,1901,1901,63.824649810791016,63.37354278564453,2.2939529418945313,42.48208236694336,78.58609008789063,49.935791015625,25.380584716796875,23.837379455566406,0,0,20.145103454589844,28.80176544189453,0,0,7.2989501953125,24.0755615234375,16441667584,16151695360,13450178560,8116199424
1,1776620347921,293.51820373535156,1860.0000000000002,1,0.66875,5010.563201904297,1819,1819,1819,1819,1901,1819,1819,1819,1819,1819,1901,1901,1819,1819,1901,1901,25.863067626953125,32.79988098144531,13.751014709472656,7.669647216796875,43.62031555175781,44.187171936035156,53.5311164855957,44.03237533569336,0,0,32.74012756347656,34.09901428222656,0,0,51.54536819458008,44.36372756958008,16441667584,16151695360,13458067456,8109916160
