Delta,Time,CORE0_ENERGY (J),CORE0_FREQ (MHZ),CORE0_PSTATE,CORE0_VOLT (V),CPU_ENERGY (J),CPU_FREQUENCY_0,CPU_FREQUENCY_1,CPU_FREQUENCY_10,CPU_FREQUENCY_11,CPU_FREQUENCY_12,CPU_FREQUENCY_13,CPU_FREQUENCY_14,CPU_FREQUENCY_15,CPU_FREQUENCY_2,CPU_FREQUENCY_3,CPU_FREQUENCY_4,CPU_FREQUENCY_5,CPU_FREQUENCY_6,CPU_FREQUENCY_7,CPU_FREQUENCY_8,CPU_FREQUENCY_9,CPU_USAGE_0,CPU_USAGE_1,CPU_USAGE_10,CPU_USAGE_11,CPU_USAGE_12,CPU_USAGE_13,CPU_USAGE_14,CPU_USAGE_15,CPU_USAGE_2,CPU_USAGE_3,CPU_USAGE_4,CPU_USAGE_5,CPU_USAGE_6,CPU_USAGE_7,CPU_USAGE_8,CPU_USAGE_9,TOTAL_MEMORY,TOTAL_SWAP,USED_MEMORY,USED_SWAP
0,1776620276327,72.69709777832031,1860.0000000000002,1,0.66875,4653.85139465332,1819,1819,1819,1819,1901,1819,1819,1819,1819,1819,1819,1819,1819,1819,1819,1901,42.3935432434082,43.13551330566406,52.49676513671875,40.58767318725586,98.45005798339844,49.555076599121094,33.52128601074219,50.603492736816406,0,0,71.988525390625,69.89537811279297,0,0,52.6796760559082,12.305519104003906,16441667584,16151695360,13451345920,8140242944
199,1776620276328,186.92726135253906,1860.0000000000002,1,0.66875,4653.887756347656,1819,1819,1819,1819,1901,1819,1819,1819,1819,1819,1819,1819,1819,1819,1819,1901,11.616844177246094,83.52464294433594,83.23651123046875,0,29.249435424804688,68.81324768066406,56.61309814453125,9.632682800292969,0,0,33.79169464111328,32.304161071777344,0,0,78.4717025756836,0,16441667584,16151695360,13451358208,8140111872
1,1776620276529,102.99650573730469,1860.0000000000002,1,0.66875,4654.837585449219,1819,1819,1819,1819,1901,1819,1819,1819,1819,1819,1819,1819,1819,1819,1819,1901,15.741035461425781,20.936622619628906,0.10128021240234375,0.7094879150390625,19.706710815429688,15.243995666503906,14.859527587890625,12.9345703125,0,0,14.606307983398438,11.325386047363281,0,0,35.16795349121094,20.927627563476563,16441667584,16151695360,13431009280,8120541184
