Delta,Time,CORE0_ENERGY (J),CORE0_FREQ (MHZ),CORE0_PSTATE,CORE0_VOLT (V),CPU_ENERGY (J),CPU_FREQUENCY_0,CPU_FREQUENCY_1,CPU_FREQUENCY_10,CPU_FREQUENCY_11,CPU_FREQUENCY_12,CPU_FREQUENCY_13,CPU_FREQUENCY_14,CPU_FREQUENCY_15,CPU_FREQUENCY_2,CPU_FREQUENCY_3,CPU_FREQUENCY_4,CPU_FREQUENCY_5,CPU_FREQUENCY_6,CPU_FREQUENCY_7,CPU_FREQUENCY_8,CPU_FREQUENCY_9,CPU_USAGE_0,CPU_USAGE_1,CPU_USAGE_10,CPU_USAGE_11,CPU_USAGE_12,CPU_USAGE_13,CPU_USAGE_14,CPU_USAGE_15,CPU_USAGE_2,CPU_USAGE_3,CPU_USAGE_4,CPU_USAGE_5,CPU_USAGE_6,CPU_USAGE_7,CPU_USAGE_8,CPU_USAGE_9,TOTAL_MEMORY,TOTAL_SWAP,USED_MEMORY,USED_SWAP
0,1776620331882,197.89358520507813,1860.0000000000002,1,0.66875,4931.170745849609,1819,1819,1819,1819,1819,1901,1819,1819,1819,1819,1819,1819,1819,1819,1901,1901,65.94916534423828,75.22590637207031,0,0,82.83479309082031,82.90650177001953,70.35005187988281,46.020713806152344,0.1994171142578125,0,90.66242980957031,86.66078186035156,0,0,62.18964385986328,63.8043212890625,16441667584,16151695360,13457149952,8116772864
198,1776620331883,108.56271362304688,1860.0000000000002,1,0.66875,4931.255325317383,1819,1819,1819,1819,1819,1901,1819,1819,1819,1819,1819,1819,1819,1819,1901,1901,62.63612365722656,52.35944747924805,5.311431884765625,5.3151702880859375,74.38716125488281,93.35324096679688,79.88336181640625,57.83418273925781,4.952178955078125,5.666961669921875,53.82447814941406,63.32197952270508,4.66943359375,4.671302795410156,72.0645751953125,95.3091049194336,16441667584,16151695360,13457182720,8116772864
1,1776620332083,288.5765075683594,1860.0000000000002,1,0.66875,4932.518341064453,1819,1819,1819,1819,1819,1901,1819,1819,1819,1819,1819,1819,1819,1819,1901,1901,45.712398529052734,40.97825622558594,0.0971527099609375,0.09720611572265625,50.00412368774414,38.30911636352539,35.672462463378906,34.2889404296875,0.08221435546875,0.1495513916015625,53.650020599365234,42.11658477783203,0.1045989990234375,0.10469818115234375,58.44596481323242,59.961490631103516,16441667584,16151695360,13454880768,8117633024
