Delta,Time,CORE0_ENERGY (J),CORE0_FREQ (MHZ),CORE0_PSTATE,CORE0_VOLT (V),CPU_ENERGY (J),CPU_FREQUENCY_0,CPU_FREQUENCY_1,CPU_FREQUENCY_10,CPU_FREQUENCY_11,CPU_FREQUENCY_12,CPU_FREQUENCY_13,CPU_FREQUENCY_14,CPU_FREQUENCY_15,CPU_FREQUENCY_2,CPU_FREQUENCY_3,CPU_FREQUENCY_4,CPU_FREQUENCY_5,CPU_FREQUENCY_6,CPU_FREQUENCY_7,CPU_FREQUENCY_8,CPU_FREQUENCY_9,CPU_USAGE_0,CPU_USAGE_1,CPU_USAGE_10,CPU_USAGE_11,CPU_USAGE_12,CPU_USAGE_13,CPU_USAGE_14,CPU_USAGE_15,CPU_USAGE_2,CPU_USAGE_3,CPU_USAGE_4,CPU_USAGE_5,CPU_USAGE_6,CPU_USAGE_7,CPU_USAGE_8,CPU_USAGE_9,TOTAL_MEMORY,TOTAL_SWAP,USED_MEMORY,USED_SWAP
0,1776620320049,73.62863159179688,1860.0000000000002,1,0.66875,4874.021713256836,1901,1819,1819,1819,1901,1901,1819,1819,1819,1819,1901,1901,1819,1819,1901,1901,25.31658172607422,27.448829650878906,12.88067626953125,12.898193359375,2.9814910888671875,8.455284118652344,24.0408935546875,11.468955993652344,30.348861694335938,26.05706024169922,22.36034393310547,9.534652709960938,0,0,31.11255645751953,4.6094970703125,16441667584,16151695360,13452914688,8119136256
199,1776620320050,430.3285827636719,1860.0000000000002,1,0.675,4874.057769775391,1901,1819,1819,1819,1901,1901,1819,1819,1819,1819,1901,1901,1819,1819,1901,1901,20.262954711914063,16.531044006347656,66.42481994628906,12.983528137207031,36.677757263183594,7.638191223144531,14.901588439941406,69.70578002929688,40.97887420654297,15.506874084472656,73.32946014404297,35.206634521484375,2.12249755859375,2.116485595703125,8.528076171875,48.68320846557617,16441667584,16151695360,13452947456,8119136256
1,1776620320251,428.09278869628906,1860.0000000000002,1,0.675,4874.968170166016,1901,1819,1819,1819,1901,1901,1819,1819,1819,1819,1901,1901,1819,1819,1901,1901,4.4457244873046875,6.083221435546875,2.8414382934570313,8.318862915039063,43.52460861206055,5.931724548339844,4.58001708984375,2.6529464721679688,7.278007507324219,8.073585510253906,15.417526245117188,10.989707946777344,0.210968017578125,0.21091461181640625,15.520004272460938,7.4600830078125,16441667584,16151695360,13449781248,8119513088
