Delta,Time,CORE0_ENERGY (J),CORE0_FREQ (MHZ),CORE0_PSTATE,CORE0_VOLT (V),CPU_ENERGY (J),CPU_FREQUENCY_0,CPU_FREQUENCY_1,CPU_FREQUENCY_10,CPU_FREQUENCY_11,CPU_FREQUENCY_12,CPU_FREQUENCY_13,CPU_FREQUENCY_14,CPU_FREQUENCY_15,CPU_FREQUENCY_2,CPU_FREQUENCY_3,CPU_FREQUENCY_4,CPU_FREQUENCY_5,CPU_FREQUENCY_6,CPU_FREQUENCY_7,CPU_FREQUENCY_8,CPU_FREQUENCY_9,CPU_USAGE_0,CPU_USAGE_1,CPU_USAGE_10,CPU_USAGE_11,CPU_USAGE_12,CPU_USAGE_13,CPU_USAGE_14,CPU_USAGE_15,CPU_USAGE_2,CPU_USAGE_3,CPU_USAGE_4,CPU_USAGE_5,CPU_USAGE_6,CPU_USAGE_7,CPU_USAGE_8,CPU_USAGE_9,TOTAL_MEMORY,TOTAL_SWAP,USED_MEMORY,USED_SWAP
0,1776620272345,405.29017639160156,1860.0000000000002,1,0.675,4633.6055908203125,1819,1819,1819,1819,1901,1819,1819,1819,1819,1819,1819,1819,1819,1819,1901,1901,58.06317138671875,69.07457733154297,0.2093505859375,0.20867919921875,74.3873519897461,85.67890930175781,45.41691207885742,43.78002166748047,0.00406646728515625,0.00372314453125,70.78971862792969,81.62869262695313,0.10738372802734375,0.1060333251953125,72.3717269897461,73.54925537109375,16441667584,16151695360,13430509568,8123478016
198,1776620272347,269.0159606933594,1860.0000000000002,1,0.66875,4633.658447265625,1819,1819,1819,1819,1901,1819,1819,1819,1819,1819,1819,1819,1819,1819,1901,1901,81.28494262695313,54.9384651184082,6.8534393310546875,7.3675994873046875,95.59293365478516,95.82527923583984,88.80394744873047,71.15618133544922,5.819129943847656,6.531158447265625,76.09089660644531,46.75840377807617,6.970367431640625,6.979362487792969,62.77825164794922,87.33341979980469,16441667584,16151695360,13430796288,8123478016
1,1776620272547,269.11766052246094,1860.0000000000002,1,0.66875,4634.912780761719,1819,1819,1819,1819,1901,1819,1819,1819,1819,1819,1819,1819,1819,1819,1901,1901,30.439346313476563,33.58751678466797,0.013153076171875,0.01305389404296875,43.92036819458008,54.525108337402344,35.17192840576172,27.704666137695313,0,0,41.29541778564453,45.796180725097656,0,0,54.57102966308594,70.2723388671875,16441667584,16151695360,13433344000,8123928576
