Delta,Time,CORE0_ENERGY (J),CORE0_FREQ (MHZ),CORE0_PSTATE,CORE0_VOLT (V),CPU_ENERGY (J),CPU_FREQUENCY_0,CPU_FREQUENCY_1,CPU_FREQUENCY_10,CPU_FREQUENCY_11,CPU_FREQUENCY_12,CPU_FREQUENCY_13,CPU_FREQUENCY_14,CPU_FREQUENCY_15,CPU_FREQUENCY_2,CPU_FREQUENCY_3,CPU_FREQUENCY_4,CPU_FREQUENCY_5,CPU_FREQUENCY_6,CPU_FREQUENCY_7,CPU_FREQUENCY_8,CPU_FREQUENCY_9,CPU_USAGE_0,CPU_USAGE_1,CPU_USAGE_10,CPU_USAGE_11,CPU_USAGE_12,CPU_USAGE_13,CPU_USAGE_14,CPU_USAGE_15,CPU_USAGE_2,CPU_USAGE_3,CPU_USAGE_4,CPU_USAGE_5,CPU_USAGE_6,CPU_USAGE_7,CPU_USAGE_8,CPU_USAGE_9,TOTAL_MEMORY,TOTAL_SWAP,USED_MEMORY,USED_SWAP
0,1776620288096,274.1571960449219,1860.0000000000002,1,0.66875,4711.401214599609,1819,1819,1819,1819,1901,1819,1819,1819,1819,1819,1819,1901,1819,1819,1819,1819,68.59187316894531,82.29762268066406,2.3459701538085938,2.3456268310546875,78.62249755859375,73.18875122070313,79.59280395507813,44.55606460571289,3.2897872924804688,2.3609085083007813,63.7125358581543,59.3740234375,2.2227249145507813,2.2223892211914063,78.17333984375,55.19813537597656,16441667584,16151695360,13448462336,8137093120
198,1776620288097,188.9379119873047,1860.0000000000002,1,0.66875,4711.463195800781,1819,1819,1819,1819,1901,1819,1819,1819,1819,1819,1819,1901,1819,1819,1819,1819,90.93358612060547,79.3092269897461,3.0743408203125,3.0701065063476563,86.09422302246094,91.37096405029297,80.20232391357422,77.17172241210938,7.496086120605469,6.25872802734375,48.9143180847168,80.72012329101563,4.136741638183594,4.132514953613281,63.18833923339844,63.397151947021484,16441667584,16151695360,13449527296,8138313728
2,1776620288297,189.05447387695313,1860.0000000000002,1,0.66875,4712.731826782227,1819,1819,1819,1819,1901,1819,1819,1819,1819,1819,1819,1901,1819,1819,1819,1819,57.75173568725586,47.778656005859375,0.24987030029296875,0.25017547607421875,60.49687194824219,50.224857330322266,20.928199768066406,22.408370971679688,0.20494842529296875,0.24896240234375,54.17194747924805,49.500362396240234,0.23708343505859375,0.2372894287109375,65.9290771484375,44.403263092041016,16441667584,16151695360,13444915200,8119992320
