Delta,Time,CORE0_ENERGY (J),CORE0_FREQ (MHZ),CORE0_PSTATE,CORE0_VOLT (V),CPU_ENERGY (J),CPU_FREQUENCY_0,CPU_FREQUENCY_1,CPU_FREQUENCY_10,CPU_FREQUENCY_11,CPU_FREQUENCY_12,CPU_FREQUENCY_13,CPU_FREQUENCY_14,CPU_FREQUENCY_15,CPU_FREQUENCY_2,CPU_FREQUENCY_3,CPU_FREQUENCY_4,CPU_FREQUENCY_5,CPU_FREQUENCY_6,CPU_FREQUENCY_7,CPU_FREQUENCY_8,CPU_FREQUENCY_9,CPU_USAGE_0,CPU_USAGE_1,CPU_USAGE_10,CPU_USAGE_11,CPU_USAGE_12,CPU_USAGE_13,CPU_USAGE_14,CPU_USAGE_15,CPU_USAGE_2,CPU_USAGE_3,CPU_USAGE_4,CPU_USAGE_5,CPU_USAGE_6,CPU_USAGE_7,CPU_USAGE_8,CPU_USAGE_9,TOTAL_MEMORY,TOTAL_SWAP,USED_MEMORY,USED_SWAP
0,1776620248510,181.149658203125,1860.0000000000002,1,0.66875,4511.117263793945,1819,1819,1819,1819,1901,1901,1819,1819,1819,1819,1901,1901,1819,1819,1901,1901,39.718177795410156,61.93191909790039,0,0,64.07716369628906,76.8628921508789,40.05729675292969,58.96482467651367,0,0,43.906776428222656,51.561370849609375,0,0,58.547508239746094,54.97435760498047,16441667584,16151695360,13490946048,8167174144
199,1776620248511,181.154052734375,1860.0000000000002,1,0.66875,4511.161529541016,1819,1819,1819,1819,1901,1901,1819,1819,1819,1819,1901,1901,1819,1819,1901,1901,54.20607376098633,57.50972366333008,6.610992431640625,6.625740051269531,29.55957794189453,95.21597290039063,69.63848114013672,72.44068145751953,5.1287689208984375,5.838539123535156,58.53105545043945,63.042236328125,5.521446228027344,5.514076232910156,27.891159057617188,69.62004089355469,16441667584,16151695360,13490966528,8167174144
1,1776620248712,100.95124816894531,1860.0000000000002,1,0.66875,4512.417221069336,1819,1819,1819,1819,1901,1901,1819,1819,1819,1819,1901,1901,1819,1819,1901,1901,34.82695770263672,36.5331916809082,0.816192626953125,0.81634521484375,53.84190368652344,82.01854705810547,46.14067840576172,34.73291778564453,0.8110198974609375,0.73822021484375,32.301002502441406,33.14446258544922,0.8107681274414063,0.7747421264648438,54.01422119140625,36.45920181274414,16441667584,16151695360,13490298880,8167292928
