Delta,Time,CORE0_ENERGY (J),CORE0_FREQ (MHZ),CORE0_PSTATE,CORE0_VOLT (V),CPU_ENERGY (J),CPU_FREQUENCY_0,CPU_FREQUENCY_1,CPU_FREQUENCY_10,CPU_FREQUENCY_11,CPU_FREQUENCY_12,CPU_FREQUENCY_13,CPU_FREQUENCY_14,CPU_FREQUENCY_15,CPU_FREQUENCY_2,CPU_FREQUENCY_3,CPU_FREQUENCY_4,CPU_FREQUENCY_5,CPU_FREQUENCY_6,CPU_FREQUENCY_7,CPU_FREQUENCY_8,CPU_FREQUENCY_9,CPU_USAGE_0,CPU_USAGE_1,CPU_USAGE_10,CPU_USAGE_11,CPU_USAGE_12,CPU_USAGE_13,CPU_USAGE_14,CPU_USAGE_15,CPU_USAGE_2,CPU_USAGE_3,CPU_USAGE_4,CPU_USAGE_5,CPU_USAGE_6,CPU_USAGE_7,CPU_USAGE_8,CPU_USAGE_9,TOTAL_MEMORY,TOTAL_SWAP,USED_MEMORY,USED_SWAP
0,1776620339787,199.0367431640625,1860.0000000000002,1,0.66875,4969.7259521484375,1819,1819,1819,1819,1901,1819,1819,1819,1819,1819,1819,1819,1819,1819,1901,1819,37.03834915161133,29.303611755371094,0.7255477905273438,0.7263107299804688,51.862213134765625,67.31075286865234,70.34732055664063,28.95073699951172,0.6044998168945313,0.6037368774414063,50.47773361206055,53.31559371948242,0.266845703125,0.266082763671875,57.63005447387695,61.62589645385742,16441667584,16151695360,13445996544,8112852992
198,1776620339789,109.1197509765625,1860.0000000000002,1,0.66875,4969.822189331055,1819,1819,1819,1819,1901,1819,1819,1819,1819,1819,1819,1819,1819,1819,1901,1819,61.437564849853516,37.9066047668457,0,0,90.03933715820313,68.63728332519531,91.35354614257813,56.21299362182617,0.3788909912109375,0,66.36395263671875,39.15795135498047,0,0,73.60784149169922,45.99491882324219,16441667584,16151695360,13446025216,8113569792
2,1776620339989,440.4458770751953,1860.0000000000002,1,0.675,4971.05729675293,1819,1819,1819,1819,1901,1819,1819,1819,1819,1819,1819,1819,1819,1819,1901,1819,31.979042053222656,22.734390258789063,0.08870697021484375,0.08855438232421875,65.09326171875,46.36737823486328,25.642677307128906,22.78820037841797,0.22695159912109375,0.2279052734375,50.600982666015625,46.69617462158203,0.1063079833984375,0.105804443359375,54.392765045166016,53.38520812988281,16441667584,16151695360,13445496832,8112455680
