Delta,Time,CORE0_ENERGY (J),CORE0_FREQ (MHZ),CORE0_PSTATE,CORE0_VOLT (V),CPU_ENERGY (J),CPU_FREQUENCY_0,CPU_FREQUENCY_1,CPU_FREQUENCY_10,CPU_FREQUENCY_11,CPU_FREQUENCY_12,CPU_FREQUENCY_13,CPU_FREQUENCY_14,CPU_FREQUENCY_15,CPU_FREQUENCY_2,CPU_FREQUENCY_3,CPU_FREQUENCY_4,CPU_FREQUENCY_5,CPU_FREQUENCY_6,CPU_FREQUENCY_7,CPU_FREQUENCY_8,CPU_FREQUENCY_9,CPU_USAGE_0,CPU_USAGE_1,CPU_USAGE_10,CPU_USAGE_11,CPU_USAGE_12,CPU_USAGE_13,CPU_USAGE_14,CPU_USAGE_15,CPU_USAGE_2,CPU_USAGE_3,CPU_USAGE_4,CPU_USAGE_5,CPU_USAGE_6,CPU_USAGE_7,CPU_USAGE_8,CPU_USAGE_9,TOTAL_MEMORY,TOTAL_SWAP,USED_MEMORY,USED_SWAP
0,1776620284157,103.80113220214844,1860.0000000000002,1,0.66875,4692.270233154297,1819,1819,1819,1819,1901,1819,1819,1819,1819,1819,1819,1819,1819,1819,1901,1901,59.8293571472168,65.60977172851563,0,0,38.517948150634766,55.521610260009766,58.62652587890625,42.9423713684082,0.850006103515625,0,52.82846450805664,55.25377655029297,0,0,66.30621337890625,84.58448028564453,16441667584,16151695360,13440512000,8120279040
199,1776620284158,411.0263977050781,1860.0000000000002,1,0.675,4692.345550537109,1819,1819,1819,1819,1901,1819,1819,1819,1819,1819,1819,1819,1819,1819,1901,1901,68.2325439453125,20.749313354492188,0,0,60.465091705322266,63.10459518432617,85.93689727783203,20.63006591796875,0,0,38.80745315551758,23.529937744140625,0,0,27.606460571289063,37.82658386230469,16441667584,16151695360,13440536576,8120279040
2,1776620284359,273.1571960449219,1860.0000000000002,1,0.66875,4693.60270690918,1819,1819,1819,1819,1901,1819,1819,1819,1819,1819,1819,1819,1819,1819,1901,1901,34.37586212158203,30.801345825195313,0,0,54.54323959350586,52.31589126586914,32.90827178955078,32.471107482910156,0,0,45.695552825927734,38.005924224853516,0,0,50.64878463745117,61.256900787353516,16441667584,16151695360,13437943808,8121290752
