Delta,Time,CORE0_ENERGY (J),CORE0_FREQ (MHZ),CORE0_PSTATE,CORE0_VOLT (V),CPU_ENERGY (J),CPU_FREQUENCY_0,CPU_FREQUENCY_1,CPU_FREQUENCY_10,CPU_FREQUENCY_11,CPU_FREQUENCY_12,CPU_FREQUENCY_13,CPU_FREQUENCY_14,CPU_FREQUENCY_15,CPU_FREQUENCY_2,CPU_FREQUENCY_3,CPU_FREQUENCY_4,CPU_FREQUENCY_5,CPU_FREQUENCY_6,CPU_FREQUENCY_7,CPU_FREQUENCY_8,CPU_FREQUENCY_9,CPU_USAGE_0,CPU_USAGE_1,CPU_USAGE_10,CPU_USAGE_11,CPU_USAGE_12,CPU_USAGE_13,CPU_USAGE_14,CPU_USAGE_15,CPU_USAGE_2,CPU_USAGE_3,CPU_USAGE_4,CPU_USAGE_5,CPU_USAGE_6,CPU_USAGE_7,CPU_USAGE_8,CPU_USAGE_9,TOTAL_MEMORY,TOTAL_SWAP,USED_MEMORY,USED_SWAP
0,1776620296098,277.5487365722656,1860.0000000000002,1,0.66875,4755.386154174805,1819,1819,1819,1819,1901,1901,1819,1819,1819,1819,1819,1901,1819,1819,1901,1901,75.19710540771484,58.96355438232422,0.9527359008789063,0.9527359008789063,80.23300170898438,81.15153503417969,60.83940887451172,47.13156509399414,0.9241790771484375,0.9224166870117188,75.0437240600586,59.866573333740234,0.7253036499023438,0.7242507934570313,71.73982238769531,57.3898811340332,16441667584,16151695360,13445271552,8110870528
199,1776620296099,105.27102661132813,1860.0000000000002,1,0.66875,4755.472686767578,1819,1819,1819,1819,1901,1901,1819,1819,1819,1819,1819,1901,1819,1819,1901,1901,59.48284149169922,88.46197509765625,0,0,45.610111236572266,55.7874870300293,56.60141372680664,24.156227111816406,0,0,54.745208740234375,68.2559814453125,0,0,50.71538162231445,33.953643798828125,16441667584,16151695360,13445304320,8106283008
1,1776620296299,105.35595703125,1860.0000000000002,1,0.66875,4756.716018676758,1819,1819,1819,1819,1901,1901,1819,1819,1819,1819,1819,1901,1819,1819,1901,1901,44.66520690917969,35.25682830810547,0,0,51.60093688964844,62.029335021972656,37.944026947021484,28.901939392089844,0.0064697265625,0.08031463623046875,41.78518295288086,31.79199981689453,0.025482177734375,0.02553558349609375,41.867401123046875,30.832778930664063,16441667584,16151695360,13444976640,8111296512
