Delta,Time,CORE0_ENERGY (J),CORE0_FREQ (MHZ),CORE0_PSTATE,CORE0_VOLT (V),CPU_ENERGY (J),CPU_FREQUENCY_0,CPU_FREQUENCY_1,CPU_FREQUENCY_10,CPU_FREQUENCY_11,CPU_FREQUENCY_12,CPU_FREQUENCY_13,CPU_FREQUENCY_14,CPU_FREQUENCY_15,CPU_FREQUENCY_2,CPU_FREQUENCY_3,CPU_FREQUENCY_4,CPU_FREQUENCY_5,CPU_FREQUENCY_6,CPU_FREQUENCY_7,CPU_FREQUENCY_8,CPU_FREQUENCY_9,CPU_USAGE_0,CPU_USAGE_1,CPU_USAGE_10,CPU_USAGE_11,CPU_USAGE_12,CPU_USAGE_13,CPU_USAGE_14,CPU_USAGE_15,CPU_USAGE_2,CPU_USAGE_3,CPU_USAGE_4,CPU_USAGE_5,CPU_USAGE_6,CPU_USAGE_7,CPU_USAGE_8,CPU_USAGE_9,TOTAL_MEMORY,TOTAL_SWAP,USED_MEMORY,USED_SWAP
0,1776620292149,415.14366149902344,1860.0000000000002,1,0.675,4734.155197143555,1901,1819,1819,1819,1819,1901,1819,1819,1819,1819,1819,1901,1819,1819,1819,1901,58.61724090576172,69.81759643554688,75.98963165283203,66.77809143066406,67.238525390625,71.29302978515625,82.8729019165039,78.1924819946289,0,0,52.266841888427734,46.47396469116211,0,0,74.79883575439453,58.31568145751953,16441667584,16151695360,13441933312,8118808576
199,1776620292150,104.93807983398438,1860.0000000000002,1,0.66875,4734.249725341797,1901,1819,1819,1819,1819,1901,1819,1819,1819,1819,1819,1901,1819,1819,1819,1901,89.41592407226563,52.08348846435547,56.32731246948242,52.24886703491211,93.69983673095703,81.80360412597656,88.55145263671875,24.370445251464844,8.468429565429688,7.5062408447265625,40.259925842285156,70.83030700683594,8.013229370117188,8.018241882324219,39.37541198730469,68.90843200683594,16441667584,16151695360,13441933312,8119115776
2,1776620292351,105.04830932617188,1550,2,0.63125,4735.659606933594,1901,1819,1819,1819,1819,1901,1819,1819,1819,1819,1819,1901,1819,1819,1819,1901,56.380126953125,63.09065628051758,11.765960693359375,15.781280517578125,58.302032470703125,70.97840118408203,50.52370071411133,53.798423767089844,0,0,52.20033645629883,64.480224609375,0.01889801025390625,0.01905059814453125,63.19937515258789,63.090206146240234,16441667584,16151695360,13435957248,8117805056
