Delta,Time,CORE0_ENERGY (J),CORE0_FREQ (MHZ),CORE0_PSTATE,CORE0_VOLT (V),CPU_ENERGY (J),CPU_FREQUENCY_0,CPU_FREQUENCY_1,CPU_FREQUENCY_10,CPU_FREQUENCY_11,CPU_FREQUENCY_12,CPU_FREQUENCY_13,CPU_FREQUENCY_14,CPU_FREQUENCY_15,CPU_FREQUENCY_2,CPU_FREQUENCY_3,CPU_FREQUENCY_4,CPU_FREQUENCY_5,CPU_FREQUENCY_6,CPU_FREQUENCY_7,CPU_FREQUENCY_8,CPU_FREQUENCY_9,CPU_USAGE_0,CPU_USAGE_1,CPU_USAGE_10,CPU_USAGE_11,CPU_USAGE_12,CPU_USAGE_13,CPU_USAGE_14,CPU_USAGE_15,CPU_USAGE_2,CPU_USAGE_3,CPU_USAGE_4,CPU_USAGE_5,CPU_USAGE_6,CPU_USAGE_7,CPU_USAGE_8,CPU_USAGE_9,TOTAL_MEMORY,TOTAL_SWAP,USED_MEMORY,USED_SWAP
0,1776620268392,404.4292755126953,1550,2,0.63125,4613.203033447266,1901,1901,1819,1819,1901,1901,1819,1819,1819,1819,1901,1901,1819,1819,1901,1901,13.339439392089844,36.10344314575195,25.874847412109375,36.376678466796875,26.948898315429688,14.188072204589844,46.867252349853516,35.88365173339844,1.4959564208984375,1.4955520629882813,40.473175048828125,30.75127410888672,1.4364852905273438,1.4360885620117188,58.41661071777344,85.16058349609375,16441667584,16151695360,13467987968,8145977344
199,1776620268393,267.52220153808594,1860.0000000000002,1,0.66875,4613.268264770508,1901,1901,1819,1819,1901,1901,1819,1819,1819,1819,1901,1901,1819,1819,1901,1901,36.71421432495117,0,0,5.180305480957031,20.91974639892578,19.48790740966797,0,6.7373046875,0,0,16.38684844970703,52.056583404541016,0,0,92.470703125,0,16441667584,16151695360,13467987968,8146911232
0,1776620268593,267.5538787841797,1860.0000000000002,1,0.66875,4614.272155761719,1901,1901,1819,1819,1901,1901,1819,1819,1819,1819,1901,1901,1819,1819,1901,1901,61.63522720336914,32.30567169189453,0,0,52.73548889160156,14.21722412109375,0.00902557373046875,0.0089263916015625,0.0366058349609375,0,10.194625854492188,13.120452880859375,0,0,27.44548797607422,15.545707702636719,16441667584,16151695360,13469528064,8147640320
