Delta,Time,CORE0_ENERGY (J),CORE0_FREQ (MHZ),CORE0_PSTATE,CORE0_VOLT (V),CPU_ENERGY (J),CPU_FREQUENCY_0,CPU_FREQUENCY_1,CPU_FREQUENCY_10,CPU_FREQUENCY_11,CPU_FREQUENCY_12,CPU_FREQUENCY_13,CPU_FREQUENCY_14,CPU_FREQUENCY_15,CPU_FREQUENCY_2,CPU_FREQUENCY_3,CPU_FREQUENCY_4,CPU_FREQUENCY_5,CPU_FREQUENCY_6,CPU_FREQUENCY_7,CPU_FREQUENCY_8,CPU_FREQUENCY_9,CPU_USAGE_0,CPU_USAGE_1,CPU_USAGE_10,CPU_USAGE_11,CPU_USAGE_12,CPU_USAGE_13,CPU_USAGE_14,CPU_USAGE_15,CPU_USAGE_2,CPU_USAGE_3,CPU_USAGE_4,CPU_USAGE_5,CPU_USAGE_6,CPU_USAGE_7,CPU_USAGE_8,CPU_USAGE_9,TOTAL_MEMORY,TOTAL_SWAP,USED_MEMORY,USED_SWAP
0,1776620343749,442.3622283935547,1860.0000000000002,1,0.675,4989.374938964844,1819,1819,1819,1819,1901,1901,1819,1819,1819,1819,1819,1819,1819,1819,1819,1819,70.24618530273438,72.12325286865234,0,0,65.90547180175781,94.10493469238281,0,0,0,0,71.81301879882813,74.14152526855469,0,0,84.15585327148438,83.15705871582031,16441667584,16151695360,13458386944,8111087616
198,1776620343751,292.1600799560547,1860.0000000000002,1,0.66875,4989.455902099609,1819,1819,1819,1819,1901,1901,1819,1819,1819,1819,1819,1819,1819,1819,1819,1819,72.4207763671875,51.46990966796875,5.072296142578125,5.0714111328125,77.55524444580078,76.65908813476563,4.979042053222656,4.9825897216796875,3.9834060668945313,3.9825210571289063,69.51914978027344,61.925357818603516,4.6717376708984375,4.678840637207031,73.42706298828125,66.89729309082031,16441667584,16151695360,13458358272,8111087616
1,1776620343951,439.25811767578125,1860.0000000000002,1,0.675,4990.662734985352,1819,1819,1819,1819,1901,1901,1819,1819,1819,1819,1819,1819,1819,1819,1819,1819,52.753211975097656,56.27219772338867,0,0,66.22689819335938,50.61542510986328,0.01486968994140625,0.014923095703125,0.0209503173828125,0,43.292518615722656,37.486297607421875,0,0,54.35232925415039,54.69905090332031,16441667584,16151695360,13455654912,8115884032
