Delta,Time,CORE0_ENERGY (J),CORE0_FREQ (MHZ),CORE0_PSTATE,CORE0_VOLT (V),CPU_ENERGY (J),CPU_FREQUENCY_0,CPU_FREQUENCY_1,CPU_FREQUENCY_10,CPU_FREQUENCY_11,CPU_FREQUENCY_12,CPU_FREQUENCY_13,CPU_FREQUENCY_14,CPU_FREQUENCY_15,CPU_FREQUENCY_2,CPU_FREQUENCY_3,CPU_FREQUENCY_4,CPU_FREQUENCY_5,CPU_FREQUENCY_6,CPU_FREQUENCY_7,CPU_FREQUENCY_8,CPU_FREQUENCY_9,CPU_USAGE_0,CPU_USAGE_1,CPU_USAGE_10,CPU_USAGE_11,CPU_USAGE_12,CPU_USAGE_13,CPU_USAGE_14,CPU_USAGE_15,CPU_USAGE_2,CPU_USAGE_3,CPU_USAGE_4,CPU_USAGE_5,CPU_USAGE_6,CPU_USAGE_7,CPU_USAGE_8,CPU_USAGE_9,TOTAL_MEMORY,TOTAL_SWAP,USED_MEMORY,USED_SWAP
0,1776620335799,289.66481018066406,1860.0000000000002,1,0.66875,4950.264953613281,1819,1819,1819,1819,1901,1901,1819,1819,1819,1819,1901,1819,1819,1819,1819,1819,45.89491271972656,26.732864379882813,42.5243034362793,22.330856323242188,7.717414855957031,10.73626708984375,24.175064086914063,33.02086639404297,0,0,29.829307556152344,40.42009353637695,0,0,21.427772521972656,16.876556396484375,16441667584,16151695360,13451591680,8117235712
198,1776620335800,108.83332824707031,1860.0000000000002,1,0.66875,4950.3245849609375,1819,1819,1819,1819,1901,1901,1819,1819,1819,1819,1901,1819,1819,1819,1819,1819,47.072898864746094,57.60138702392578,78.93890380859375,14.372154235839844,71.10991668701172,57.711402893066406,25.368209838867188,34.493995666503906,7.628204345703125,7.670829772949219,68.81609344482422,49.61563491821289,8.666473388671875,8.707733154296875,76.2957763671875,68.97561645507813,16441667584,16151695360,13451812864,8117235712
1,1776620336000,108.93009948730469,1860.0000000000002,1,0.66875,4951.751052856445,1819,1819,1819,1819,1901,1901,1819,1819,1819,1819,1901,1819,1819,1819,1819,1819,49.477325439453125,47.00999450683594,37.01142120361328,38.436771392822266,72.09292602539063,46.69828796386719,38.05088806152344,38.263771057128906,0.2659912109375,0.24909210205078125,56.89365005493164,61.5504035949707,0.2172088623046875,0.217254638671875,74.93482208251953,69.1159439086914,16441667584,16151695360,13453414400,8119058432
