Delta,Time,CORE0_ENERGY (J),CORE0_FREQ (MHZ),CORE0_PSTATE,CORE0_VOLT (V),CPU_ENERGY (J),CPU_FREQUENCY_0,CPU_FREQUENCY_1,CPU_FREQUENCY_10,CPU_FREQUENCY_11,CPU_FREQUENCY_12,CPU_FREQUENCY_13,CPU_FREQUENCY_14,CPU_FREQUENCY_15,CPU_FREQUENCY_2,CPU_FREQUENCY_3,CPU_FREQUENCY_4,CPU_FREQUENCY_5,CPU_FREQUENCY_6,CPU_FREQUENCY_7,CPU_FREQUENCY_8,CPU_FREQUENCY_9,CPU_USAGE_0,CPU_USAGE_1,CPU_USAGE_10,CPU_USAGE_11,CPU_USAGE_12,CPU_USAGE_13,CPU_USAGE_14,CPU_USAGE_15,CPU_USAGE_2,CPU_USAGE_3,CPU_USAGE_4,CPU_USAGE_5,CPU_USAGE_6,CPU_USAGE_7,CPU_USAGE_8,CPU_USAGE_9,TOTAL_MEMORY,TOTAL_SWAP,USED_MEMORY,USED_SWAP
0,1776620252447,182.00115966796875,1860.0000000000002,1,0.66875,4530.766296386719,1819,1819,1819,1819,1819,1901,1819,1819,1819,1819,1819,1901,1819,1819,1819,1901,87.70962524414063,96.42078399658203,4.135063171386719,4.1356964111328125,73.54816436767578,74.14302062988281,92.54964447021484,88.25509643554688,4.251457214355469,4.458763122558594,94.32730102539063,97.62843322753906,4.0702667236328125,4.069007873535156,87.7618408203125,97.03703308105469,16441667584,16151695360,13486157824,8167100416
198,1776620252449,101.19950866699219,1860.0000000000002,1,0.66875,4530.851959228516,1819,1819,1819,1819,1819,1901,1819,1819,1819,1819,1819,1901,1819,1819,1819,1901,84.41974639892578,81.88148498535156,6.9033966064453125,6.9033966064453125,96.22132110595703,93.2739486694336,83.61060333251953,69.2979736328125,6.6273040771484375,6.625282287597656,73.63388061523438,89.24739074707031,7.4434967041015625,7.4445037841796875,83.40000915527344,96.56089782714844,16441667584,16151695360,13485404160,8167100416
1,1776620252648,396.35072326660156,1550,2,0.63125,4532.248947143555,1819,1819,1819,1819,1819,1901,1819,1819,1819,1819,1819,1901,1819,1819,1819,1901,37.897247314453125,38.60969161987305,44.953914642333984,48.45716094970703,53.243003845214844,36.4814567565918,43.05033874511719,35.67393493652344,0.4537811279296875,0.38060760498046875,45.84737014770508,39.834678649902344,0.41907501220703125,0.41912841796875,73.4615478515625,75.43061828613281,16441667584,16151695360,13487693824,8168673280
