Delta,Time,CORE0_ENERGY (J),CORE0_FREQ (MHZ),CORE0_PSTATE,CORE0_VOLT (V),CPU_ENERGY (J),CPU_FREQUENCY_0,CPU_FREQUENCY_1,CPU_FREQUENCY_10,CPU_FREQUENCY_11,CPU_FREQUENCY_12,CPU_FREQUENCY_13,CPU_FREQUENCY_14,CPU_FREQUENCY_15,CPU_FREQUENCY_2,CPU_FREQUENCY_3,CPU_FREQUENCY_4,CPU_FREQUENCY_5,CPU_FREQUENCY_6,CPU_FREQUENCY_7,CPU_FREQUENCY_8,CPU_FREQUENCY_9,CPU_USAGE_0,CPU_USAGE_1,CPU_USAGE_10,CPU_USAGE_11,CPU_USAGE_12,CPU_USAGE_13,CPU_USAGE_14,CPU_USAGE_15,CPU_USAGE_2,CPU_USAGE_3,CPU_USAGE_4,CPU_USAGE_5,CPU_USAGE_6,CPU_USAGE_7,CPU_USAGE_8,CPU_USAGE_9,TOTAL_MEMORY,TOTAL_SWAP,USED_MEMORY,USED_SWAP
0,1776620256425,72.20855712890625,1860.0000000000002,1,0.675,4551.540222167969,1819,1819,1819,1819,1819,1901,1819,1819,1819,1819,1901,1819,1819,1819,1819,1819,32.070350646972656,23.70970916748047,57.725894927978516,48.83018493652344,51.80475997924805,47.120628356933594,55.66598129272461,64.2969970703125,0,0,35.2767333984375,49.09812927246094,0,0,48.38158416748047,51.51286315917969,16441667584,16151695360,13499375616,8179253248
199,1776620256426,101.59228515625,1860.0000000000002,1,0.66875,4551.633285522461,1819,1819,1819,1819,1819,1901,1819,1819,1819,1819,1901,1819,1819,1819,1819,1819,39.837120056152344,14.810272216796875,44.13638687133789,56.88652038574219,82.18185424804688,100,56.953643798828125,8.02667236328125,0,0,20.642562866210938,19.093429565429688,0,0,26.24395751953125,26.266334533691406,16441667584,16151695360,13499355136,8179494912
2,1776620256627,397.6335906982422,1860.0000000000002,1,0.675,4552.8892822265625,1819,1819,1819,1819,1819,1901,1819,1819,1819,1819,1901,1819,1819,1819,1819,1819,43.36520767211914,37.83181381225586,15.495841979980469,7.816688537597656,62.62504577636719,49.5916748046875,20.415771484375,18.621559143066406,0,0,42.18305969238281,40.63966369628906,0,0,47.38738250732422,38.94656753540039,16441667584,16151695360,13500141568,8177332224
