Delta,Time,CORE0_ENERGY (J),CORE0_FREQ (MHZ),CORE0_PSTATE,CORE0_VOLT (V),CPU_ENERGY (J),CPU_FREQUENCY_0,CPU_FREQUENCY_1,CPU_FREQUENCY_10,CPU_FREQUENCY_11,CPU_FREQUENCY_12,CPU_FREQUENCY_13,CPU_FREQUENCY_14,CPU_FREQUENCY_15,CPU_FREQUENCY_2,CPU_FREQUENCY_3,CPU_FREQUENCY_4,CPU_FREQUENCY_5,CPU_FREQUENCY_6,CPU_FREQUENCY_7,CPU_FREQUENCY_8,CPU_FREQUENCY_9,CPU_USAGE_0,CPU_USAGE_1,CPU_USAGE_10,CPU_USAGE_11,CPU_USAGE_12,CPU_USAGE_13,CPU_USAGE_14,CPU_USAGE_15,CPU_USAGE_2,CPU_USAGE_3,CPU_USAGE_4,CPU_USAGE_5,CPU_USAGE_6,CPU_USAGE_7,CPU_USAGE_8,CPU_USAGE_9,TOTAL_MEMORY,TOTAL_SWAP,USED_MEMORY,USED_SWAP
0,1776620304085,279.84913635253906,1860.0000000000002,1,0.66875,4794.588272094727,1819,1819,1819,1819,1901,1901,1819,1819,1819,1819,1819,1819,1819,1819,1901,1901,74.70845031738281,82.18254089355469,4.2737274169921875,4.272987365722656,59.654014587402344,74.96830749511719,66.98381805419922,86.17701721191406,4.4023590087890625,4.403099060058594,66.98904418945313,64.54664611816406,4.545524597167969,4.5458984375,92.0084228515625,78.70964050292969,16441667584,16151695360,13434953728,8111968256
198,1776620304087,105.90046691894531,1860.0000000000002,1,0.66875,4794.676574707031,1819,1819,1819,1819,1901,1901,1819,1819,1819,1819,1819,1819,1819,1819,1901,1901,64.27470397949219,60.751319885253906,5.3310699462890625,5.330268859863281,97.93891143798828,72.03002166748047,41.66888427734375,56.316829681396484,5.5989990234375,6.856315612792969,65.7031021118164,53.443084716796875,5.4779510498046875,5.4779510498046875,84.85575103759766,80.88770294189453,16441667584,16151695360,13435064320,8112160768
1,1776620304287,105.99636840820313,1860.0000000000002,1,0.66875,4795.9019775390625,1819,1819,1819,1819,1901,1901,1819,1819,1819,1819,1819,1819,1819,1819,1901,1901,36.598812103271484,30.88402557373047,0.4223175048828125,0.42105865478515625,53.33622360229492,43.83647155761719,43.25384521484375,40.95265197753906,0.4153900146484375,0.41533660888671875,36.311214447021484,29.580589294433594,0.44535064697265625,0.44535064697265625,58.16512680053711,49.8458366394043,16441667584,16151695360,13435883520,8111595520
