Delta,Time,CORE0_ENERGY (J),CORE0_FREQ (MHZ),CORE0_PSTATE,CORE0_VOLT (V),CPU_ENERGY (J),CPU_FREQUENCY_0,CPU_FREQUENCY_1,CPU_FREQUENCY_10,CPU_FREQUENCY_11,CPU_FREQUENCY_12,CPU_FREQUENCY_13,CPU_FREQUENCY_14,CPU_FREQUENCY_15,CPU_FREQUENCY_2,CPU_FREQUENCY_3,CPU_FREQUENCY_4,CPU_FREQUENCY_5,CPU_FREQUENCY_6,CPU_FREQUENCY_7,CPU_FREQUENCY_8,CPU_FREQUENCY_9,CPU_USAGE_0,CPU_USAGE_1,CPU_USAGE_10,CPU_USAGE_11,CPU_USAGE_12,CPU_USAGE_13,CPU_USAGE_14,CPU_USAGE_15,CPU_USAGE_2,CPU_USAGE_3,CPU_USAGE_4,CPU_USAGE_5,CPU_USAGE_6,CPU_USAGE_7,CPU_USAGE_8,CPU_USAGE_9,TOTAL_MEMORY,TOTAL_SWAP,USED_MEMORY,USED_SWAP
0,1776620355671,69.31752014160156,1860.0000000000002,1,0.68125,5048.725646972656,1901,1901,1819,1819,1901,1901,1819,1819,1819,1819,1901,1901,1819,1819,1901,1901,14.099983215332031,5.895942687988281,18.1595458984375,3.5674591064453125,21.918495178222656,19.98700714111328,29.681808471679688,53.29783630371094,48.95888900756836,15.290977478027344,20.989906311035156,48.264251708984375,0,0,29.79729461669922,17.302711486816406,16441667584,16151695360,13456211968,8113270784
199,1776620355672,110.26429748535156,1550,2,0.63125,5048.795303344727,1901,1901,1819,1819,1901,1901,1819,1819,1819,1819,1901,1901,1819,1819,1901,1901,33.86431884765625,20.79552459716797,11.607780456542969,0,57.41071701049805,0,5.8172760009765625,0,30.13720703125,15.343498229980469,0,0,0,0,38.595401763916016,0,16441667584,16151695360,13456166912,8114642944
1,1776620355873,448.57716369628906,1860.0000000000002,1,0.675,5049.700607299805,1901,1901,1819,1819,1901,1901,1819,1819,1819,1819,1901,1901,1819,1819,1901,1901,2.4076766967773438,2.42236328125,3.3012924194335938,1.5971145629882813,27.911712646484375,8.066764831542969,5.346382141113281,3.6782608032226563,6.0408477783203125,2.97021484375,14.002998352050781,10.182319641113281,0.2122802734375,0.2123260498046875,29.660232543945313,9.113677978515625,16441667584,16151695360,13450223616,8111407104
