Delta,Time,CORE0_ENERGY (J),CORE0_FREQ (MHZ),CORE0_PSTATE,CORE0_VOLT (V),CPU_ENERGY (J),CPU_FREQUENCY_0,CPU_FREQUENCY_1,CPU_FREQUENCY_10,CPU_FREQUENCY_11,CPU_FREQUENCY_12,CPU_FREQUENCY_13,CPU_FREQUENCY_14,CPU_FREQUENCY_15,CPU_FREQUENCY_2,CPU_FREQUENCY_3,CPU_FREQUENCY_4,CPU_FREQUENCY_5,CPU_FREQUENCY_6,CPU_FREQUENCY_7,CPU_FREQUENCY_8,CPU_FREQUENCY_9,CPU_USAGE_0,CPU_USAGE_1,CPU_USAGE_10,CPU_USAGE_11,CPU_USAGE_12,CPU_USAGE_13,CPU_USAGE_14,CPU_USAGE_15,CPU_USAGE_2,CPU_USAGE_3,CPU_USAGE_4,CPU_USAGE_5,CPU_USAGE_6,CPU_USAGE_7,CPU_USAGE_8,CPU_USAGE_9,TOTAL_MEMORY,TOTAL_SWAP,USED_MEMORY,USED_SWAP
0,1776621283052,171.822021484375,1550,2,0.63125,9562.043472290039,1819,1819,1819,1819,1901,1819,1819,1819,1819,1819,1819,1819,1819,1819,1901,1901,34.3157958984375,32.96220397949219,0,0,14.044631958007813,6.60296630859375,20.539222717285156,40.61663818359375,0,0,31.097251892089844,23.53217315673828,0,0,62.37807846069336,1.8123092651367188,16441667584,16151695360,13231955968,5943320576
199,1776621283053,590.9559631347656,1550,2,0.63125,9562.106018066406,1819,1819,1819,1819,1901,1819,1819,1819,1819,1819,1819,1819,1819,1819,1901,1901,35.09358215332031,6.256507873535156,0,0,31.588134765625,9.715087890625,26.053024291992188,7.512672424316406,0,0,53.976837158203125,5.411834716796875,0,0,24.12493896484375,0,16441667584,16151695360,13231951872,5943652352
198,1776621283253,591.0015563964844,1860.0000000000002,1,0.675,9563.052856445313,1819,1819,1819,1819,1901,1819,1819,1819,1819,1819,1819,1819,1819,1819,1901,1901,13.049652099609375,3.08563232421875,0,0,45.19247055053711,7.673820495605469,5.021171569824219,3.7730636596679688,0,0,21.220428466796875,7.970252990722656,0,0,10.922187805175781,58.68370056152344,16441667584,16151695360,13241229312,6462353408
204,1776621283453,848.5259552001953,1860.0000000000002,1,0.675,9563.977600097656,1819,1819,1819,1819,1901,1819,1819,1819,1819,1819,1819,1819,1819,1819,1901,1901,0,0,0,0,31.05054473876953,29.833663940429688,0,0,0,0,21.513755798339844,14.010101318359375,0,0,48.02454376220703,46.244571685791016,16441667584,16151695360,13253042176,6500163584
35,1776621283674,591.1100311279297,1860.0000000000002,1,0.66875,9565.264678955078,1819,1819,1819,1819,1901,1819,1819,1819,1819,1819,1819,1819,1819,1819,1901,1901,0,0,0,0,75.30714416503906,56.55170822143555,0,0,0,0,13.46826171875,13.069374084472656,0,0,47.3638916015625,49.00727081298828,16441667584,16151695360,13221416960,5952077824
