Delta,Time,CORE0_ENERGY (J),CORE0_FREQ (MHZ),CORE0_PSTATE,CORE0_VOLT (V),CPU_ENERGY (J),CPU_FREQUENCY_0,CPU_FREQUENCY_1,CPU_FREQUENCY_10,CPU_FREQUENCY_11,CPU_FREQUENCY_12,CPU_FREQUENCY_13,CPU_FREQUENCY_14,CPU_FREQUENCY_15,CPU_FREQUENCY_2,CPU_FREQUENCY_3,CPU_FREQUENCY_4,CPU_FREQUENCY_5,CPU_FREQUENCY_6,CPU_FREQUENCY_7,CPU_FREQUENCY_8,CPU_FREQUENCY_9,CPU_USAGE_0,CPU_USAGE_1,CPU_USAGE_10,CPU_USAGE_11,CPU_USAGE_12,CPU_USAGE_13,CPU_USAGE_14,CPU_USAGE_15,CPU_USAGE_2,CPU_USAGE_3,CPU_USAGE_4,CPU_USAGE_5,CPU_USAGE_6,CPU_USAGE_7,CPU_USAGE_8,CPU_USAGE_9,TOTAL_MEMORY,TOTAL_SWAP,USED_MEMORY,USED_SWAP
0,1776624331984,4723.5692138671875,3550,0,1,39367.14065551758,1901,1901,1901,1901,1901,1901,1901,1901,1901,1901,1901,1901,1901,1901,1901,1901,19.63568115234375,24.78424072265625,33.5843505859375,26.906158447265625,99.49417114257813,38.44170379638672,17.35071563720703,11.806282043457031,27.104095458984375,20.129379272460938,42.38901138305664,10.796890258789063,16.748573303222656,19.26104736328125,88.60551452636719,35.95122528076172,16441667584,16046157824,13158703104,3024084992
199,1776624331985,4629.593826293945,3525,0,0.99375,39367.219314575195,1901,1901,1901,1901,1901,1901,1901,1901,1901,1901,1901,1901,1901,1901,1901,1901,23.931922912597656,6.339630126953125,0,0,18.993865966796875,66.41972351074219,9.933677673339844,0,0,0,55.489925384521484,0.1001129150390625,0,0,30.714553833007813,11.905891418457031,16441667584,16046157824,13158887424,3024084992
0,1776624332185,4630.117599487305,3675,0,1.0375,39369.66110229492,1901,1901,1901,1901,1901,1901,1901,1901,1901,1901,1901,1901,1901,1901,1901,1901,5.118415832519531,2.4813003540039063,1.2982101440429688,1.5219650268554688,70.5504379272461,1.56304931640625,2.935699462890625,2.5539321899414063,1.4033889770507813,1.1540908813476563,8.6666259765625,3.2226333618164063,5.36151123046875,2.9551925659179688,7.334175109863281,48.28738021850586,16441667584,16046157824,13140103168,3001638912
