Delta,Time,CORE0_ENERGY (J),CORE0_FREQ (MHZ),CORE0_PSTATE,CORE0_VOLT (V),CPU_ENERGY (J),CPU_FREQUENCY_0,CPU_FREQUENCY_1,CPU_FREQUENCY_10,CPU_FREQUENCY_11,CPU_FREQUENCY_12,CPU_FREQUENCY_13,CPU_FREQUENCY_14,CPU_FREQUENCY_15,CPU_FREQUENCY_2,CPU_FREQUENCY_3,CPU_FREQUENCY_4,CPU_FREQUENCY_5,CPU_FREQUENCY_6,CPU_FREQUENCY_7,CPU_FREQUENCY_8,CPU_FREQUENCY_9,CPU_USAGE_0,CPU_USAGE_1,CPU_USAGE_10,CPU_USAGE_11,CPU_USAGE_12,CPU_USAGE_13,CPU_USAGE_14,CPU_USAGE_15,CPU_USAGE_2,CPU_USAGE_3,CPU_USAGE_4,CPU_USAGE_5,CPU_USAGE_6,CPU_USAGE_7,CPU_USAGE_8,CPU_USAGE_9,TOTAL_MEMORY,TOTAL_SWAP,USED_MEMORY,USED_SWAP
0,1776624368212,4789.051681518555,3675,0,1.0375,39821.894607543945,1901,1901,1901,1901,1901,1901,1901,1901,1901,1901,1901,1901,1901,1901,1901,1901,8.366607666015625,8.835678100585938,4.209320068359375,1.5660171508789063,27.344207763671875,7.825843811035156,4.042427062988281,6.696907043457031,2.0227584838867188,5.472389221191406,9.467796325683594,3.9194717407226563,26.315872192382813,18.80877685546875,25.164962768554688,5.294319152832031,16441667584,16046157824,13137707008,2992365568
199,1776624368213,4699.361145019531,3675,0,1.0375,39821.925689697266,1901,1901,1901,1901,1901,1901,1901,1901,1901,1901,1901,1901,1901,1901,1901,1901,43.20826721191406,4.0630035400390625,1.6603164672851563,1.6603164672851563,77.11677551269531,1.6603164672851563,22.04052734375,1.6603164672851563,1.755615234375,2.6886062622070313,22.59229278564453,20.78150177001953,2.6133651733398438,4.740165710449219,64.12519836425781,1.6603164672851563,16441667584,16046157824,13137817600,2992365568
0,1776624368414,4699.9708251953125,3675,0,1.0125000000000002,39825.06327819824,1901,1901,1901,1901,1901,1901,1901,1901,1901,1901,1901,1901,1901,1901,1901,1901,3.420989990234375,3.4515914916992188,1.411224365234375,0.9504241943359375,45.5784797668457,12.409065246582031,1.9655380249023438,1.9950027465820313,1.68316650390625,0.700592041015625,4.17022705078125,4.272331237792969,3.5654296875,5.109222412109375,59.009220123291016,1.143157958984375,16441667584,16046157824,13135372288,2992254976
