Delta,Time,CORE0_ENERGY (J),CORE0_FREQ (MHZ),CORE0_PSTATE,CORE0_VOLT (V),CPU_ENERGY (J),CPU_FREQUENCY_0,CPU_FREQUENCY_1,CPU_FREQUENCY_10,CPU_FREQUENCY_11,CPU_FREQUENCY_12,CPU_FREQUENCY_13,CPU_FREQUENCY_14,CPU_FREQUENCY_15,CPU_FREQUENCY_2,CPU_FREQUENCY_3,CPU_FREQUENCY_4,CPU_FREQUENCY_5,CPU_FREQUENCY_6,CPU_FREQUENCY_7,CPU_FREQUENCY_8,CPU_FREQUENCY_9,CPU_USAGE_0,CPU_USAGE_1,CPU_USAGE_10,CPU_USAGE_11,CPU_USAGE_12,CPU_USAGE_13,CPU_USAGE_14,CPU_USAGE_15,CPU_USAGE_2,CPU_USAGE_3,CPU_USAGE_4,CPU_USAGE_5,CPU_USAGE_6,CPU_USAGE_7,CPU_USAGE_8,CPU_USAGE_9,TOTAL_MEMORY,TOTAL_SWAP,USED_MEMORY,USED_SWAP
0,1776624389343,4739.028167724609,3675,0,1.0375,40093.0418548584,1901,1901,1901,1901,1901,1901,1901,1901,1901,1901,1901,1901,1901,1901,1901,1901,5.7694244384765625,8.909194946289063,6.861228942871094,10.960487365722656,53.10149002075195,5.7169952392578125,14.7069091796875,2.6521224975585938,1.7217559814453125,1.2424240112304688,37.007354736328125,24.280174255371094,47.163970947265625,16.57013702392578,47.67076110839844,1.1192626953125,16441667584,16046157824,13140226048,2990399488
200,1776624389344,4829.659622192383,3200,0,0.9125,40093.075759887695,1901,1901,1901,1901,1901,1901,1901,1901,1901,1901,1901,1901,1901,1901,1901,1901,0,9.013389587402344,4.097908020019531,2.52294921875,84.82720947265625,0,10.051666259765625,4.724884033203125,3.2753143310546875,4.263427734375,41.716407775878906,0.0501556396484375,0,0,69.86006164550781,0,16441667584,16046157824,13140250624,2990399488
0,1776624389544,4830.6607666015625,4275,0,1.28125,40097.1487121582,1901,1901,1901,1901,1901,1901,1901,1901,1901,1901,1901,1901,1901,1901,1901,1901,5.482025146484375,5.4451141357421875,1.694061279296875,2.5096969604492188,9.185791015625,54.923824310302734,2.1125564575195313,3.201080322265625,1.9938430786132813,2.3152618408203125,11.628303527832031,9.791633605957031,3.4735183715820313,6.4914398193359375,78.80467224121094,7.2396392822265625,16441667584,16046157824,13160112128,3010363392
