Delta,Time,CORE0_ENERGY (J),CORE0_FREQ (MHZ),CORE0_PSTATE,CORE0_VOLT (V),CPU_ENERGY (J),CPU_FREQUENCY_0,CPU_FREQUENCY_1,CPU_FREQUENCY_10,CPU_FREQUENCY_11,CPU_FREQUENCY_12,CPU_FREQUENCY_13,CPU_FREQUENCY_14,CPU_FREQUENCY_15,CPU_FREQUENCY_2,CPU_FREQUENCY_3,CPU_FREQUENCY_4,CPU_FREQUENCY_5,CPU_FREQUENCY_6,CPU_FREQUENCY_7,CPU_FREQUENCY_8,CPU_FREQUENCY_9,CPU_USAGE_0,CPU_USAGE_1,CPU_USAGE_10,CPU_USAGE_11,CPU_USAGE_12,CPU_USAGE_13,CPU_USAGE_14,CPU_USAGE_15,CPU_USAGE_2,CPU_USAGE_3,CPU_USAGE_4,CPU_USAGE_5,CPU_USAGE_6,CPU_USAGE_7,CPU_USAGE_8,CPU_USAGE_9,TOTAL_MEMORY,TOTAL_SWAP,USED_MEMORY,USED_SWAP
0,1776624401449,4763.790908813477,3675,0,1.0375,40248.54429626465,1901,1901,1901,1901,1901,1901,1901,1901,1901,1901,1901,1901,1901,1901,1901,1901,12.084014892578125,14.157821655273438,11.244834899902344,6.375572204589844,37.06163024902344,29.235008239746094,19.73937225341797,10.169784545898438,7.972190856933594,6.5694122314453125,11.399749755859375,14.13836669921875,64.87049865722656,45.757789611816406,59.490577697753906,15.2850341796875,16441667584,16046157824,13144035328,2996285440
199,1776624401450,4850.7236328125,4350,0,1.3,40248.82113647461,1901,1901,1901,1901,1901,1901,1901,1901,1901,1901,1901,1901,1901,1901,1901,1901,0,0,0,0,56.28898620605469,9.117156982421875,0,0,0,0,0.30222320556640625,3.3042373657226563,0,0.1220703125,49.70745849609375,0,16441667584,16046157824,13144346624,3001458688
0,1776624401650,4764.647399902344,3550,0,1.00625,40253.22221374512,1901,1901,1901,1901,1901,1901,1901,1901,1901,1901,1901,1901,1901,1901,1901,1901,29.722900390625,26.21147918701172,24.221458435058594,23.212989807128906,36.783485412597656,75.08856964111328,24.296592712402344,19.651336669921875,13.173805236816406,10.69757080078125,41.38488006591797,25.29889678955078,7.066352844238281,5.112419128417969,28.587257385253906,68.48226928710938,16441667584,16046157824,13143826432,2991566848
