Delta,Time,CORE0_ENERGY (J),CORE0_FREQ (MHZ),CORE0_PSTATE,CORE0_VOLT (V),CPU_ENERGY (J),CPU_FREQUENCY_0,CPU_FREQUENCY_1,CPU_FREQUENCY_10,CPU_FREQUENCY_11,CPU_FREQUENCY_12,CPU_FREQUENCY_13,CPU_FREQUENCY_14,CPU_FREQUENCY_15,CPU_FREQUENCY_2,CPU_FREQUENCY_3,CPU_FREQUENCY_4,CPU_FREQUENCY_5,CPU_FREQUENCY_6,CPU_FREQUENCY_7,CPU_FREQUENCY_8,CPU_FREQUENCY_9,CPU_USAGE_0,CPU_USAGE_1,CPU_USAGE_10,CPU_USAGE_11,CPU_USAGE_12,CPU_USAGE_13,CPU_USAGE_14,CPU_USAGE_15,CPU_USAGE_2,CPU_USAGE_3,CPU_USAGE_4,CPU_USAGE_5,CPU_USAGE_6,CPU_USAGE_7,CPU_USAGE_8,CPU_USAGE_9,TOTAL_MEMORY,TOTAL_SWAP,USED_MEMORY,USED_SWAP
0,1776624377299,4805.657516479492,3200,0,0.9125,39937.5069732666,1901,1901,1901,1901,1901,1901,1901,1901,1901,1901,1901,1901,1901,1901,1901,1901,31.10015869140625,37.170291900634766,27.6865234375,28.116317749023438,53.93587112426758,71.72589874267578,25.274948120117188,14.082588195800781,17.54156494140625,14.816184997558594,23.375015258789063,26.126304626464844,55.974754333496094,40.07818603515625,79.64297485351563,32.72985076904297,16441667584,16046157824,13137002496,2991648768
199,1776624377299,4716.61767578125,3150,0,0.9,39937.5456237793,1901,1901,1901,1901,1901,1901,1901,1901,1901,1901,1901,1901,1901,1901,1901,1901,80.04900360107422,0,0,0,38.81694030761719,82.51412963867188,0,13.955696105957031,29.91649627685547,3.0751571655273438,18.620933532714844,35.30176544189453,0,0,78.08890533447266,0,16441667584,16046157824,13137055744,2991648768
0,1776624377500,4717.099365234375,3675,0,1.0375,39940.070724487305,1901,1901,1901,1901,1901,1901,1901,1901,1901,1901,1901,1901,1901,1901,1901,1901,8.003120422363281,5.999794006347656,1.106475830078125,0.7968673706054688,68.39449310302734,7.46624755859375,3.3750534057617188,4.098052978515625,1.5555496215820313,0.7076644897460938,4.535804748535156,6.0941619873046875,5.57818603515625,11.837425231933594,15.204208374023438,47.114261627197266,16441667584,16046157824,13138878464,2991218688
