Delta,Time,CORE0_ENERGY (J),CORE0_FREQ (MHZ),CORE0_PSTATE,CORE0_VOLT (V),CPU_ENERGY (J),CPU_FREQUENCY_0,CPU_FREQUENCY_1,CPU_FREQUENCY_10,CPU_FREQUENCY_11,CPU_FREQUENCY_12,CPU_FREQUENCY_13,CPU_FREQUENCY_14,CPU_FREQUENCY_15,CPU_FREQUENCY_2,CPU_FREQUENCY_3,CPU_FREQUENCY_4,CPU_FREQUENCY_5,CPU_FREQUENCY_6,CPU_FREQUENCY_7,CPU_FREQUENCY_8,CPU_FREQUENCY_9,CPU_USAGE_0,CPU_USAGE_1,CPU_USAGE_10,CPU_USAGE_11,CPU_USAGE_12,CPU_USAGE_13,CPU_USAGE_14,CPU_USAGE_15,CPU_USAGE_2,CPU_USAGE_3,CPU_USAGE_4,CPU_USAGE_5,CPU_USAGE_6,CPU_USAGE_7,CPU_USAGE_8,CPU_USAGE_9,TOTAL_MEMORY,TOTAL_SWAP,USED_MEMORY,USED_SWAP
0,1776624347049,4750.153991699219,4225,0,1.275,39556.80749511719,1901,1901,1901,1901,1901,1901,1901,1901,1901,1901,1901,1901,1901,1901,1901,1901,13.171195983886719,14.653480529785156,14.890708923339844,25.035179138183594,28.649261474609375,22.833839416503906,44.983802795410156,22.98926544189453,6.747161865234375,5.5045623779296875,28.980560302734375,11.148193359375,98.49236297607422,62.421878814697266,39.5225944519043,18.07123565673828,16441667584,16046157824,13136769024,2997293056
199,1776624347050,4659.879623413086,3379.9999999999995,0,0.95625,39556.87942504883,1901,1901,1901,1901,1901,1901,1901,1901,1901,1901,1901,1901,1901,1901,1901,1901,6.062431335449219,10.31817626953125,10.087326049804688,3.7789840698242188,5.174140930175781,73.7227783203125,14.890090942382813,5.1992340087890625,5.786407470703125,6.895515441894531,55.86168670654297,5.0737762451171875,93.60132598876953,49.854461669921875,87.59911346435547,6.1377105712890625,16441667584,16046157824,13136752640,2997293056
0,1776624347250,4660.351348876953,2940,0,0.85625,39559.939056396484,1901,1901,1901,1901,1901,1901,1901,1901,1901,1901,1901,1901,1901,1901,1901,1901,4.914215087890625,2.4404754638671875,1.9466018676757813,0.5256423950195313,47.919673919677734,2.81304931640625,3.4422225952148438,1.70867919921875,0.8497848510742188,0.5107803344726563,3.4477767944335938,4.6699371337890625,7.720161437988281,7.531425476074219,67.474365234375,1.272003173828125,16441667584,16046157824,13140680704,2997817344
