Delta,Time,CORE0_ENERGY (J),CORE0_FREQ (MHZ),CORE0_PSTATE,CORE0_VOLT (V),CPU_ENERGY (J),CPU_FREQUENCY_0,CPU_FREQUENCY_1,CPU_FREQUENCY_10,CPU_FREQUENCY_11,CPU_FREQUENCY_12,CPU_FREQUENCY_13,CPU_FREQUENCY_14,CPU_FREQUENCY_15,CPU_FREQUENCY_2,CPU_FREQUENCY_3,CPU_FREQUENCY_4,CPU_FREQUENCY_5,CPU_FREQUENCY_6,CPU_FREQUENCY_7,CPU_FREQUENCY_8,CPU_FREQUENCY_9,CPU_USAGE_0,CPU_USAGE_1,CPU_USAGE_10,CPU_USAGE_11,CPU_USAGE_12,CPU_USAGE_13,CPU_USAGE_14,CPU_USAGE_15,CPU_USAGE_2,CPU_USAGE_3,CPU_USAGE_4,CPU_USAGE_5,CPU_USAGE_6,CPU_USAGE_7,CPU_USAGE_8,CPU_USAGE_9,TOTAL_MEMORY,TOTAL_SWAP,USED_MEMORY,USED_SWAP
0,1776624356116,4674.441619873047,3675,0,1.0375,39669.29266357422,1901,1901,1901,1901,1901,1901,1901,1901,1901,1901,1901,1901,1901,1901,1901,1901,7.976051330566406,9.486473083496094,7.2257232666015625,0,33.419952392578125,26.491355895996094,8.351219177246094,9.401329040527344,0,0,1.8838119506835938,6.6376953125,37.202659606933594,32.039024353027344,24.65631866455078,20.61286163330078,16441667584,16046157824,13132263424,2999062528
199,1776624356117,4674.448333740234,3700,0,1.0437500000000002,39669.3401184082,1901,1901,1901,1901,1901,1901,1901,1901,1901,1901,1901,1901,1901,1901,1901,1901,22.365280151367188,0,0,0,20.6146240234375,37.308475494384766,7.72210693359375,0,0,0,0,6.8773651123046875,0,0,0,58.033790588378906,16441667584,16046157824,13132337152,2999062528
1,1776624356317,2227.313720703125,3475,0,0.9875,39673.43327331543,1901,1901,1901,1901,1901,1901,1901,1901,1901,1901,1901,1901,1901,1901,1901,1901,10.138877868652344,8.118568420410156,4.108604431152344,3.2284317016601563,51.747108459472656,27.47901153564453,9.849998474121094,10.83026123046875,0.9340286254882813,0.6521682739257813,6.0273284912109375,4.904716491699219,3.9411239624023438,3.0106277465820313,27.92243194580078,46.36482620239258,16441667584,16046157824,13142192128,3007188992
