Delta,Time,CORE0_ENERGY (J),CORE0_FREQ (MHZ),CORE0_PSTATE,CORE0_VOLT (V),CPU_ENERGY (J),CPU_FREQUENCY_0,CPU_FREQUENCY_1,CPU_FREQUENCY_10,CPU_FREQUENCY_11,CPU_FREQUENCY_12,CPU_FREQUENCY_13,CPU_FREQUENCY_14,CPU_FREQUENCY_15,CPU_FREQUENCY_2,CPU_FREQUENCY_3,CPU_FREQUENCY_4,CPU_FREQUENCY_5,CPU_FREQUENCY_6,CPU_FREQUENCY_7,CPU_FREQUENCY_8,CPU_FREQUENCY_9,CPU_USAGE_0,CPU_USAGE_1,CPU_USAGE_10,CPU_USAGE_11,CPU_USAGE_12,CPU_USAGE_13,CPU_USAGE_14,CPU_USAGE_15,CPU_USAGE_2,CPU_USAGE_3,CPU_USAGE_4,CPU_USAGE_5,CPU_USAGE_6,CPU_USAGE_7,CPU_USAGE_8,CPU_USAGE_9,TOTAL_MEMORY,TOTAL_SWAP,USED_MEMORY,USED_SWAP
0,1776624371263,4793.986846923828,3675,0,1.0375,39860.281494140625,1901,1901,1901,1901,1901,1901,1901,1901,1901,1901,1901,1901,1901,1901,1901,1901,6.931480407714844,5.086662292480469,0.864166259765625,7.912956237792969,35.44554901123047,12.272598266601563,19.416404724121094,46.792850494384766,5.6955413818359375,5.837646484375,22.63677215576172,21.76434326171875,21.329788208007813,64.63459014892578,26.1124267578125,25.635726928710938,16441667584,16046157824,13137993728,2993209344
199,1776624371263,4705.23518371582,4400,0,1.30625,39860.33801269531,1901,1901,1901,1901,1901,1901,1901,1901,1901,1901,1901,1901,1901,1901,1901,1901,0,0,0,0,74.8778076171875,0,0,0,0,0,0,7.66583251953125,0,0,41.4413948059082,0,16441667584,16046157824,13138096128,2993209344
0,1776624371464,4705.717086791992,3675,0,1.0125000000000002,39863.318115234375,1901,1901,1901,1901,1901,1901,1901,1901,1901,1901,1901,1901,1901,1901,1901,1901,3.453643798828125,2.1269607543945313,1.8039321899414063,2.0890426635742188,46.77595901489258,1.942138671875,1.6200942993164063,1.6243743896484375,0.8472442626953125,0.683441162109375,4.063636779785156,3.56561279296875,3.6049270629882813,3.358673095703125,62.445159912109375,2.47027587890625,16441667584,16046157824,13135732736,2994208768
