Delta,Time,CORE0_ENERGY (J),CORE0_FREQ (MHZ),CORE0_PSTATE,CORE0_VOLT (V),CPU_ENERGY (J),CPU_FREQUENCY_0,CPU_FREQUENCY_1,CPU_FREQUENCY_10,CPU_FREQUENCY_11,CPU_FREQUENCY_12,CPU_FREQUENCY_13,CPU_FREQUENCY_14,CPU_FREQUENCY_15,CPU_FREQUENCY_2,CPU_FREQUENCY_3,CPU_FREQUENCY_4,CPU_FREQUENCY_5,CPU_FREQUENCY_6,CPU_FREQUENCY_7,CPU_FREQUENCY_8,CPU_FREQUENCY_9,CPU_USAGE_0,CPU_USAGE_1,CPU_USAGE_10,CPU_USAGE_11,CPU_USAGE_12,CPU_USAGE_13,CPU_USAGE_14,CPU_USAGE_15,CPU_USAGE_2,CPU_USAGE_3,CPU_USAGE_4,CPU_USAGE_5,CPU_USAGE_6,CPU_USAGE_7,CPU_USAGE_8,CPU_USAGE_9,TOTAL_MEMORY,TOTAL_SWAP,USED_MEMORY,USED_SWAP
0,1776624325953,4617.704986572266,4375,0,1.3125,39288.0637512207,1901,1901,1901,1901,1901,1901,1901,1901,1901,1901,1901,1901,1901,1901,1901,1901,19.47344207763672,16.564834594726563,13.677375793457031,15.029571533203125,50.40639114379883,27.38404083251953,33.69267272949219,16.751144409179688,7.708831787109375,6.241912841796875,29.932228088378906,24.102806091308594,34.77638244628906,43.69096374511719,66.67019653320313,70.96761322021484,16441667584,16046157824,13141520384,3002499072
200,1776624325953,4617.732574462891,3625,0,1.025,39288.26991271973,1901,1901,1901,1901,1901,1901,1901,1901,1901,1901,1901,1901,1901,1901,1901,1901,23.088897705078125,44.00876235961914,6.071723937988281,0,19.642715454101563,58.2288818359375,0,25.07586669921875,1.9922409057617188,0,68.47771453857422,100,11.219886779785156,21.096656799316406,23.666778564453125,47.25967788696289,16441667584,16046157824,13141553152,3002499072
0,1776624326154,4618.476119995117,3675,0,1.0375,39291.4404296875,1901,1901,1901,1901,1901,1901,1901,1901,1901,1901,1901,1901,1901,1901,1901,1901,7.285774230957031,4.988739013671875,1.8398513793945313,1.3812789916992188,68.84812927246094,2.747222900390625,3.2160263061523438,3.3669815063476563,1.8345947265625,2.14910888671875,8.633010864257813,7.2221527099609375,6.07281494140625,4.4928436279296875,45.36408996582031,3.1000518798828125,16441667584,16046157824,13135319040,3000799232
