Delta,Time,CORE0_ENERGY (J),CORE0_FREQ (MHZ),CORE0_PSTATE,CORE0_VOLT (V),CPU_ENERGY (J),CPU_FREQUENCY_0,CPU_FREQUENCY_1,CPU_FREQUENCY_10,CPU_FREQUENCY_11,CPU_FREQUENCY_12,CPU_FREQUENCY_13,CPU_FREQUENCY_14,CPU_FREQUENCY_15,CPU_FREQUENCY_2,CPU_FREQUENCY_3,CPU_FREQUENCY_4,CPU_FREQUENCY_5,CPU_FREQUENCY_6,CPU_FREQUENCY_7,CPU_FREQUENCY_8,CPU_FREQUENCY_9,CPU_USAGE_0,CPU_USAGE_1,CPU_USAGE_10,CPU_USAGE_11,CPU_USAGE_12,CPU_USAGE_13,CPU_USAGE_14,CPU_USAGE_15,CPU_USAGE_2,CPU_USAGE_3,CPU_USAGE_4,CPU_USAGE_5,CPU_USAGE_6,CPU_USAGE_7,CPU_USAGE_8,CPU_USAGE_9,TOTAL_MEMORY,TOTAL_SWAP,USED_MEMORY,USED_SWAP
0,1776624374286,4800.942413330078,3450,0,0.975,39899.656021118164,1901,1901,1901,1901,1901,1901,1901,1901,1901,1901,1901,1901,1901,1901,1901,1901,12.598701477050781,9.710800170898438,18.291183471679688,5.754364013671875,51.67622375488281,26.430130004882813,36.584842681884766,16.620323181152344,18.989234924316406,7.38726806640625,16.316680908203125,7.9508209228515625,27.62738037109375,48.69672775268555,64.79804992675781,59.74421310424805,16441667584,16046157824,13138403328,2993090560
200,1776624374287,4710.059173583984,3450,0,0.975,39899.733139038086,1901,1901,1901,1901,1901,1901,1901,1901,1901,1901,1901,1901,1901,1901,1901,1901,8.538070678710938,3.0866470336914063,0.5999069213867188,0,84.98992156982422,0,27.49359130859375,14.562019348144531,0,0,32.68363952636719,0,0,0,59.940757751464844,0,16441667584,16046157824,13138743296,2993090560
0,1776624374488,4710.431350708008,3675,0,1.0375,39902.197814941406,1901,1901,1901,1901,1901,1901,1901,1901,1901,1901,1901,1901,1901,1901,1901,1901,4.193687438964844,2.098236083984375,1.0809326171875,1.1418228149414063,7.4911651611328125,44.65892028808594,2.2859344482421875,2.8801803588867188,1.2508316040039063,0.7877578735351563,6.9824066162109375,5.558052062988281,4.261589050292969,6.2528076171875,68.22586059570313,1.8501968383789063,16441667584,16046157824,13139705856,2993012736
