Delta,Time,CORE0_ENERGY (J),CORE0_FREQ (MHZ),CORE0_PSTATE,CORE0_VOLT (V),CPU_ENERGY (J),CPU_FREQUENCY_0,CPU_FREQUENCY_1,CPU_FREQUENCY_10,CPU_FREQUENCY_11,CPU_FREQUENCY_12,CPU_FREQUENCY_13,CPU_FREQUENCY_14,CPU_FREQUENCY_15,CPU_FREQUENCY_2,CPU_FREQUENCY_3,CPU_FREQUENCY_4,CPU_FREQUENCY_5,CPU_FREQUENCY_6,CPU_FREQUENCY_7,CPU_FREQUENCY_8,CPU_FREQUENCY_9,CPU_USAGE_0,CPU_USAGE_1,CPU_USAGE_10,CPU_USAGE_11,CPU_USAGE_12,CPU_USAGE_13,CPU_USAGE_14,CPU_USAGE_15,CPU_USAGE_2,CPU_USAGE_3,CPU_USAGE_4,CPU_USAGE_5,CPU_USAGE_6,CPU_USAGE_7,CPU_USAGE_8,CPU_USAGE_9,TOTAL_MEMORY,TOTAL_SWAP,USED_MEMORY,USED_SWAP
0,1776624359133,4772.290466308594,3675,0,1.0375,39706.88676452637,1901,1901,1901,1901,1901,1901,1901,1901,1901,1901,1901,1901,1901,1901,1901,1901,17.261817932128906,18.446487426757813,15.356979370117188,18.367408752441406,44.42098617553711,14.212997436523438,10.513870239257813,10.98681640625,8.069282531738281,10.817138671875,42.152217864990234,26.63170623779297,57.20438766479492,30.710113525390625,62.297786712646484,10.437095642089844,16441667584,16046157824,13133635584,2991390720
200,1776624359133,4772.301712036133,4275,0,1.275,39706.95959472656,1901,1901,1901,1901,1901,1901,1901,1901,1901,1901,1901,1901,1901,1901,1901,1901,33.867088317871094,13.065704345703125,8.349624633789063,5.9113922119140625,63.020599365234375,5.966522216796875,10.24908447265625,8.274444580078125,5.918907165527344,6.4877471923828125,20.247581481933594,5.916404724121094,6.773414611816406,7.239509582519531,73.13687133789063,7.492607116699219,16441667584,16046157824,13133656064,2991390720
1,1776624359334,964.7444305419922,4075,0,1.175,39710.115234375,1901,1901,1901,1901,1901,1901,1901,1901,1901,1901,1901,1901,1901,1901,1901,1901,2.9714508056640625,2.2393875122070313,1.1197662353515625,1.136138916015625,48.04517364501953,3.3734207153320313,1.0495834350585938,0.794586181640625,0,0,3.4402008056640625,3.8144378662109375,3.6438369750976563,4.195442199707031,71.26226043701172,6.900627136230469,16441667584,16046157824,13131010048,2992115712
