Delta,Time,CORE0_ENERGY (J),CORE0_FREQ (MHZ),CORE0_PSTATE,CORE0_VOLT (V),CPU_ENERGY (J),CPU_FREQUENCY_0,CPU_FREQUENCY_1,CPU_FREQUENCY_10,CPU_FREQUENCY_11,CPU_FREQUENCY_12,CPU_FREQUENCY_13,CPU_FREQUENCY_14,CPU_FREQUENCY_15,CPU_FREQUENCY_2,CPU_FREQUENCY_3,CPU_FREQUENCY_4,CPU_FREQUENCY_5,CPU_FREQUENCY_6,CPU_FREQUENCY_7,CPU_FREQUENCY_8,CPU_FREQUENCY_9,CPU_USAGE_0,CPU_USAGE_1,CPU_USAGE_10,CPU_USAGE_11,CPU_USAGE_12,CPU_USAGE_13,CPU_USAGE_14,CPU_USAGE_15,CPU_USAGE_2,CPU_USAGE_3,CPU_USAGE_4,CPU_USAGE_5,CPU_USAGE_6,CPU_USAGE_7,CPU_USAGE_8,CPU_USAGE_9,TOTAL_MEMORY,TOTAL_SWAP,USED_MEMORY,USED_SWAP
0,1776624398422,4846.205276489258,4300,0,1.29375,40211.1720123291,1901,1901,1901,1901,1901,1901,1901,1901,1901,1901,1901,1901,1901,1901,1901,1901,12.866790771484375,7.291557312011719,0.43146514892578125,0,52.383060455322266,4.239158630371094,3.1426849365234375,11.494255065917969,3.7746963500976563,0,18.128623962402344,12.268638610839844,18.64690399169922,13.356422424316406,21.10810089111328,27.978607177734375,16441667584,16046157824,13163720704,3012726784
199,1776624398423,4757.519821166992,3420.0000000000005,0,0.96875,40211.21647644043,1901,1901,1901,1901,1901,1901,1901,1901,1901,1901,1901,1901,1901,1901,1901,1901,10.076545715332031,9.165069580078125,0.13092803955078125,1.329437255859375,81.92668151855469,1.8481216430664063,7.2011260986328125,3.5602798461914063,1.6215133666992188,1.0826873779296875,1.8833694458007813,38.26165771484375,2.3567352294921875,4.209892272949219,46.73179626464844,34.54527282714844,16441667584,16046157824,13163884544,3012726784
0,1776624398623,4846.803115844727,3675,0,1.0375,40214.37870788574,1901,1901,1901,1901,1901,1901,1901,1901,1901,1901,1901,1901,1901,1901,1901,1901,5.7777557373046875,3.3554611206054688,0.7147598266601563,0.6664199829101563,56.60059356689453,4.562042236328125,2.1412887573242188,1.888519287109375,1.7515335083007813,2.0387725830078125,6.996063232421875,4.299293518066406,4.6867523193359375,8.513481140136719,56.91716766357422,2.1088180541992188,16441667584,16046157824,13148463104,2991988736
