Delta,Time,CORE0_ENERGY (J),CORE0_FREQ (MHZ),CORE0_PSTATE,CORE0_VOLT (V),CPU_ENERGY (J),CPU_FREQUENCY_0,CPU_FREQUENCY_1,CPU_FREQUENCY_10,CPU_FREQUENCY_11,CPU_FREQUENCY_12,CPU_FREQUENCY_13,CPU_FREQUENCY_14,CPU_FREQUENCY_15,CPU_FREQUENCY_2,CPU_FREQUENCY_3,CPU_FREQUENCY_4,CPU_FREQUENCY_5,CPU_FREQUENCY_6,CPU_FREQUENCY_7,CPU_FREQUENCY_8,CPU_FREQUENCY_9,CPU_USAGE_0,CPU_USAGE_1,CPU_USAGE_10,CPU_USAGE_11,CPU_USAGE_12,CPU_USAGE_13,CPU_USAGE_14,CPU_USAGE_15,CPU_USAGE_2,CPU_USAGE_3,CPU_USAGE_4,CPU_USAGE_5,CPU_USAGE_6,CPU_USAGE_7,CPU_USAGE_8,CPU_USAGE_9,TOTAL_MEMORY,TOTAL_SWAP,USED_MEMORY,USED_SWAP
0,1776624344040,4745.139602661133,4325,0,1.30625,39517.0107421875,1901,1901,1901,1901,1901,1901,1901,1901,1901,1901,1901,1901,1901,1901,1901,1901,5.92230224609375,4.0970306396484375,2.4611663818359375,8.766181945800781,35.58580017089844,11.061500549316406,0.4680938720703125,2.7428054809570313,11.637535095214844,1.1157684326171875,37.3973274230957,16.86309814453125,34.658447265625,28.364227294921875,55.734375,1.6761016845703125,16441667584,16046157824,13143416832,3002130432
200,1776624344041,4745.160385131836,4325,0,1.30625,39517.11291503906,1901,1901,1901,1901,1901,1901,1901,1901,1901,1901,1901,1901,1901,1901,1901,1901,19.440521240234375,0.31978607177734375,0,0,59.39039611816406,0,0,0.5387344360351563,0,0,18.582008361816406,0,0,0,77.37028503417969,0,16441667584,16046157824,13143449600,3002130432
0,1776624344241,4653.208236694336,3675,0,1.0375,39520.11854553223,1901,1901,1901,1901,1901,1901,1901,1901,1901,1901,1901,1901,1901,1901,1901,1901,5.339866638183594,2.9402999877929688,1.1727218627929688,0.9005889892578125,54.9180793762207,6.7728729248046875,2.0634078979492188,1.4788589477539063,1.1727752685546875,1.0849838256835938,3.5833969116210938,2.3128280639648438,3.26983642578125,4.768272399902344,49.6662483215332,1.6722640991210938,16441667584,16046157824,13142683648,3002314752
