Delta,Time,CORE0_ENERGY (J),CORE0_FREQ (MHZ),CORE0_PSTATE,CORE0_VOLT (V),CPU_ENERGY (J),CPU_FREQUENCY_0,CPU_FREQUENCY_1,CPU_FREQUENCY_10,CPU_FREQUENCY_11,CPU_FREQUENCY_12,CPU_FREQUENCY_13,CPU_FREQUENCY_14,CPU_FREQUENCY_15,CPU_FREQUENCY_2,CPU_FREQUENCY_3,CPU_FREQUENCY_4,CPU_FREQUENCY_5,CPU_FREQUENCY_6,CPU_FREQUENCY_7,CPU_FREQUENCY_8,CPU_FREQUENCY_9,CPU_USAGE_0,CPU_USAGE_1,CPU_USAGE_10,CPU_USAGE_11,CPU_USAGE_12,CPU_USAGE_13,CPU_USAGE_14,CPU_USAGE_15,CPU_USAGE_2,CPU_USAGE_3,CPU_USAGE_4,CPU_USAGE_5,CPU_USAGE_6,CPU_USAGE_7,CPU_USAGE_8,CPU_USAGE_9,TOTAL_MEMORY,TOTAL_SWAP,USED_MEMORY,USED_SWAP
0,1776624386341,4731.866226196289,3675,0,1.0375,40053.08157348633,1901,1901,1901,1901,1901,1901,1901,1901,1901,1901,1901,1901,1901,1901,1901,1901,8.292701721191406,7.864067077636719,24.133804321289063,14.255332946777344,33.171630859375,30.71031951904297,5.984230041503906,4.579551696777344,4.621086120605469,5.1361083984375,37.502803802490234,22.64771270751953,22.72081756591797,22.85289764404297,45.33447265625,7.899787902832031,16441667584,16046157824,13137264640,2992197632
200,1776624386342,4731.873031616211,3675,0,1.0375,40053.11277770996,1901,1901,1901,1901,1901,1901,1901,1901,1901,1901,1901,1901,1901,1901,1901,1901,10.79107666015625,19.972000122070313,9.725975036621094,9.725975036621094,73.21231842041016,9.725975036621094,16.681671142578125,20.567054748535156,9.670967102050781,9.665969848632813,11.026100158691406,54.54045486450195,11.426139831542969,12.131210327148438,94.16441345214844,11.35113525390625,16441667584,16046157824,13137637376,2992197632
0,1776624386543,4732.337371826172,3675,0,1.0375,40056.03077697754,1901,1901,1901,1901,1901,1901,1901,1901,1901,1901,1901,1901,1901,1901,1901,1901,4.342216491699219,1.8548126220703125,3.0955429077148438,1.040679931640625,4.01336669921875,42.3162841796875,0.6345367431640625,0.7040481567382813,0.6529998779296875,0.38597869873046875,2.9189453125,2.8243331909179688,4.284873962402344,2.2811660766601563,31.603591918945313,36.715274810791016,16441667584,16046157824,13138931712,2992730112
