Delta,Time,CORE0_ENERGY (J),CORE0_FREQ (MHZ),CORE0_PSTATE,CORE0_VOLT (V),CPU_ENERGY (J),CPU_FREQUENCY_0,CPU_FREQUENCY_1,CPU_FREQUENCY_10,CPU_FREQUENCY_11,CPU_FREQUENCY_12,CPU_FREQUENCY_13,CPU_FREQUENCY_14,CPU_FREQUENCY_15,CPU_FREQUENCY_2,CPU_FREQUENCY_3,CPU_FREQUENCY_4,CPU_FREQUENCY_5,CPU_FREQUENCY_6,CPU_FREQUENCY_7,CPU_FREQUENCY_8,CPU_FREQUENCY_9,CPU_USAGE_0,CPU_USAGE_1,CPU_USAGE_10,CPU_USAGE_11,CPU_USAGE_12,CPU_USAGE_13,CPU_USAGE_14,CPU_USAGE_15,CPU_USAGE_2,CPU_USAGE_3,CPU_USAGE_4,CPU_USAGE_5,CPU_USAGE_6,CPU_USAGE_7,CPU_USAGE_8,CPU_USAGE_9,TOTAL_MEMORY,TOTAL_SWAP,USED_MEMORY,USED_SWAP
0,1776624328983,4622.286666870117,4350,0,1.3,39326.361404418945,1901,1901,1901,1901,1901,1901,1901,1901,1901,1901,1901,1901,1901,1901,1901,1901,40.98125457763672,34.641197204589844,14.33148193359375,4.79150390625,52.326416015625,25.63121795654297,28.476470947265625,19.193923950195313,29.367507934570313,16.178909301757813,45.465919494628906,46.31232452392578,30.75188446044922,22.251976013183594,100,66.00596618652344,16441667584,16046157824,13142622208,3002626048
199,1776624328983,4622.324966430664,4325,0,1.29375,39326.702087402344,1901,1901,1901,1901,1901,1901,1901,1901,1901,1901,1901,1901,1901,1901,1901,1901,13.219291687011719,0,3.1604385375976563,0,31.65081024169922,0.08612823486328125,29.94013214111328,15.922080993652344,0,0,5.053489685058594,12.358039855957031,3.8899612426757813,0,54.63933181762695,26.81262969970703,16441667584,16046157824,13142687744,3007684608
0,1776624329184,4622.811798095703,3675,0,1.0375,39329.76721191406,1901,1901,1901,1901,1901,1901,1901,1901,1901,1901,1901,1901,1901,1901,1901,1901,7.309791564941406,2.942413330078125,1.100250244140625,1.6114578247070313,9.2994384765625,40.323089599609375,2.47027587890625,2.0064620971679688,1.3243255615234375,1.4921112060546875,3.68109130859375,2.1688156127929688,2.521514892578125,2.0010299682617188,61.14153289794922,2.025726318359375,16441667584,16046157824,13136314368,3002707968
