Delta,Time,CORE0_ENERGY (J),CORE0_FREQ (MHZ),CORE0_PSTATE,CORE0_VOLT (V),CPU_ENERGY (J),CPU_FREQUENCY_0,CPU_FREQUENCY_1,CPU_FREQUENCY_10,CPU_FREQUENCY_11,CPU_FREQUENCY_12,CPU_FREQUENCY_13,CPU_FREQUENCY_14,CPU_FREQUENCY_15,CPU_FREQUENCY_2,CPU_FREQUENCY_3,CPU_FREQUENCY_4,CPU_FREQUENCY_5,CPU_FREQUENCY_6,CPU_FREQUENCY_7,CPU_FREQUENCY_8,CPU_FREQUENCY_9,CPU_USAGE_0,CPU_USAGE_1,CPU_USAGE_10,CPU_USAGE_11,CPU_USAGE_12,CPU_USAGE_13,CPU_USAGE_14,CPU_USAGE_15,CPU_USAGE_2,CPU_USAGE_3,CPU_USAGE_4,CPU_USAGE_5,CPU_USAGE_6,CPU_USAGE_7,CPU_USAGE_8,CPU_USAGE_9,TOTAL_MEMORY,TOTAL_SWAP,USED_MEMORY,USED_SWAP
0,1776624380299,4811.935104370117,3675,0,1.0375,39973.334564208984,1901,1901,1901,1901,1901,1901,1901,1901,1901,1901,1901,1901,1901,1901,1901,1901,9.455696105957031,6.314521789550781,7.030158996582031,4.1015625,17.03887939453125,34.31489562988281,11.201164245605469,15.929435729980469,9.1160888671875,11.157974243164063,18.532821655273438,6.550811767578125,35.16688537597656,44.78433609008789,62.21025085449219,3.079345703125,16441667584,16046157824,13137625088,2990899200
200,1776624380299,4811.942962646484,3675,0,1.0375,39973.37001037598,1901,1901,1901,1901,1901,1901,1901,1901,1901,1901,1901,1901,1901,1901,1901,1901,47.5411491394043,0.350189208984375,0,4.247337341308594,0,95.6476058959961,0,13.807594299316406,0,0,10.355697631835938,15.303413391113281,22.562408447265625,6.318473815917969,95.06228637695313,2.9115982055664063,16441667584,16046157824,13137551360,2990862336
0,1776624380500,4720.7864990234375,4275,0,1.275,39976.7889251709,1901,1901,1901,1901,1901,1901,1901,1901,1901,1901,1901,1901,1901,1901,1901,1901,4.51678466796875,2.1356048583984375,1.5079193115234375,1.562774658203125,2.5533599853515625,43.778255462646484,2.0552749633789063,1.6250991821289063,2.1698074340820313,0.7956695556640625,2.1137161254882813,2.6002349853515625,24.456253051757813,6.211250305175781,67.56319427490234,0.9347381591796875,16441667584,16046157824,13136338944,2986766336
