Delta,Time,CORE0_ENERGY (J),CORE0_FREQ (MHZ),CORE0_PSTATE,CORE0_VOLT (V),CPU_ENERGY (J),CPU_FREQUENCY_0,CPU_FREQUENCY_1,CPU_FREQUENCY_10,CPU_FREQUENCY_11,CPU_FREQUENCY_12,CPU_FREQUENCY_13,CPU_FREQUENCY_14,CPU_FREQUENCY_15,CPU_FREQUENCY_2,CPU_FREQUENCY_3,CPU_FREQUENCY_4,CPU_FREQUENCY_5,CPU_FREQUENCY_6,CPU_FREQUENCY_7,CPU_FREQUENCY_8,CPU_FREQUENCY_9,CPU_USAGE_0,CPU_USAGE_1,CPU_USAGE_10,CPU_USAGE_11,CPU_USAGE_12,CPU_USAGE_13,CPU_USAGE_14,CPU_USAGE_15,CPU_USAGE_2,CPU_USAGE_3,CPU_USAGE_4,CPU_USAGE_5,CPU_USAGE_6,CPU_USAGE_7,CPU_USAGE_8,CPU_USAGE_9,TOTAL_MEMORY,TOTAL_SWAP,USED_MEMORY,USED_SWAP
0,1776624404476,4854.754180908203,3675,0,1.0375,40285.75468444824,1901,1901,1901,1901,1901,1901,1901,1901,1901,1901,1901,1901,1901,1901,1901,1901,6.748542785644531,8.199195861816406,9.299308776855469,2.778106689453125,53.19581985473633,7.029930114746094,11.440719604492188,1.6485824584960938,0.38631439208984375,2.2360000610351563,33.86351776123047,30.21581268310547,14.402450561523438,18.102615356445313,29.728546142578125,19.38158416748047,16441667584,16046157824,13138378752,2984251392
200,1776624404476,4770.410079956055,4350,0,1.3,40286.042053222656,1901,1901,1901,1901,1901,1901,1901,1901,1901,1901,1901,1901,1901,1901,1901,1901,0,0.7334136962890625,0,0,21.219390869140625,21.168838500976563,0,0,0,0,2.4470062255859375,2.7057571411132813,2.4581451416015625,0,39.71331787109375,29.0650634765625,16441667584,16046157824,13139124224,2990108672
0,1776624404677,4770.979446411133,3675,0,1.0375,40290.49314880371,1901,1901,1901,1901,1901,1901,1901,1901,1901,1901,1901,1901,1901,1901,1901,1901,39.12801742553711,31.545127868652344,17.06139373779297,15.042343139648438,46.61855697631836,47.12587356567383,15.394943237304688,20.069183349609375,15.215873718261719,13.590042114257813,48.090370178222656,44.57366180419922,7.4563140869140625,5.365562438964844,46.826812744140625,67.03834533691406,16441667584,16046157824,13142831104,2980667392
