Delta,Time,CORE0_ENERGY (J),CORE0_FREQ (MHZ),CORE0_PSTATE,CORE0_VOLT (V),CPU_ENERGY (J),CPU_FREQUENCY_0,CPU_FREQUENCY_1,CPU_FREQUENCY_10,CPU_FREQUENCY_11,CPU_FREQUENCY_12,CPU_FREQUENCY_13,CPU_FREQUENCY_14,CPU_FREQUENCY_15,CPU_FREQUENCY_2,CPU_FREQUENCY_3,CPU_FREQUENCY_4,CPU_FREQUENCY_5,CPU_FREQUENCY_6,CPU_FREQUENCY_7,CPU_FREQUENCY_8,CPU_FREQUENCY_9,CPU_USAGE_0,CPU_USAGE_1,CPU_USAGE_10,CPU_USAGE_11,CPU_USAGE_12,CPU_USAGE_13,CPU_USAGE_14,CPU_USAGE_15,CPU_USAGE_2,CPU_USAGE_3,CPU_USAGE_4,CPU_USAGE_5,CPU_USAGE_6,CPU_USAGE_7,CPU_USAGE_8,CPU_USAGE_9,TOTAL_MEMORY,TOTAL_SWAP,USED_MEMORY,USED_SWAP
0,1776624341036,4739.642227172852,4350,0,1.30625,39478.980895996094,1901,1901,1901,1901,1901,1901,1901,1901,1901,1901,1901,1901,1901,1901,1901,1901,10.246200561523438,3.5038833618164063,4.558082580566406,0,46.03016662597656,28.096473693847656,12.254104614257813,5.767753601074219,0,0.16306304931640625,8.1453857421875,5.129737854003906,50.78448486328125,23.47771453857422,53.116615295410156,13.701736450195313,16441667584,16046157824,13143547904,3003486208
199,1776624341036,4739.656814575195,4325,0,1.30625,39479.04539489746,1901,1901,1901,1901,1901,1901,1901,1901,1901,1901,1901,1901,1901,1901,1901,1901,0,0,0,0,0,73.93914794921875,0,0,0,0,0,0,0,0,95.34627532958984,0,16441667584,16046157824,13143568384,3003486208
0,1776624341237,4647.08122253418,3675,0,1.0375,39482.07391357422,1901,1901,1901,1901,1901,1901,1901,1901,1901,1901,1901,1901,1901,1901,1901,1901,4.52020263671875,3.0599212646484375,0.814666748046875,0.8679733276367188,32.21421813964844,37.370601654052734,1.9059982299804688,1.6482696533203125,1.7407150268554688,1.6436996459960938,4.4205474853515625,3.7766265869140625,5.499259948730469,2.6631393432617188,14.777679443359375,25.009063720703125,16441667584,16046157824,13152923648,3003387904
