Delta,Time,CORE0_ENERGY (J),CORE0_FREQ (MHZ),CORE0_PSTATE,CORE0_VOLT (V),CPU_ENERGY (J),CPU_FREQUENCY_0,CPU_FREQUENCY_1,CPU_FREQUENCY_10,CPU_FREQUENCY_11,CPU_FREQUENCY_12,CPU_FREQUENCY_13,CPU_FREQUENCY_14,CPU_FREQUENCY_15,CPU_FREQUENCY_2,CPU_FREQUENCY_3,CPU_FREQUENCY_4,CPU_FREQUENCY_5,CPU_FREQUENCY_6,CPU_FREQUENCY_7,CPU_FREQUENCY_8,CPU_FREQUENCY_9,CPU_USAGE_0,CPU_USAGE_1,CPU_USAGE_10,CPU_USAGE_11,CPU_USAGE_12,CPU_USAGE_13,CPU_USAGE_14,CPU_USAGE_15,CPU_USAGE_2,CPU_USAGE_3,CPU_USAGE_4,CPU_USAGE_5,CPU_USAGE_6,CPU_USAGE_7,CPU_USAGE_8,CPU_USAGE_9,TOTAL_MEMORY,TOTAL_SWAP,USED_MEMORY,USED_SWAP
0,1776624350057,4756.632553100586,4300,0,1.3,39593.66645812988,1901,1901,1901,1901,1901,1901,1901,1901,1901,1901,1901,1901,1901,1901,1901,1901,12.802131652832031,4.253265380859375,3.2987899780273438,2.7566604614257813,34.240562438964844,11.122360229492188,12.15875244140625,5.715812683105469,11.863296508789063,7.481178283691406,35.70587158203125,14.988128662109375,41.30754852294922,29.67803955078125,60.796531677246094,1.0695266723632813,16441667584,16046157824,13136277504,2999504896
199,1776624350058,4756.646957397461,4275,0,1.29375,39593.74691772461,1901,1901,1901,1901,1901,1901,1901,1901,1901,1901,1901,1901,1901,1901,1901,1901,4.386573791503906,9.942680358886719,2.6571273803710938,2.6571273803710938,72.3221664428711,4.148033142089844,3.8697280883789063,3.13421630859375,3.727264404296875,3.15740966796875,3.1540908813476563,27.62482452392578,100,4.230857849121094,75.80094909667969,3.2468643188476563,16441667584,16046157824,13136404480,2999451648
0,1776624350258,4665.1265869140625,3675,0,1.0125000000000002,39596.87217712402,1901,1901,1901,1901,1901,1901,1901,1901,1901,1901,1901,1901,1901,1901,1901,1901,4.245391845703125,3.2578964233398438,0.248504638671875,0.393035888671875,65.253662109375,2.584564208984375,1.6240158081054688,1.0785751342773438,0.879791259765625,0.8078994750976563,4.756706237792969,2.7024917602539063,4.398048400878906,2.6121139526367188,3.9198150634765625,43.09015655517578,16441667584,16046157824,13136019456,2998906880
