Delta,Time,CORE0_ENERGY (J),CORE0_FREQ (MHZ),CORE0_PSTATE,CORE0_VOLT (V),CPU_ENERGY (J),CPU_FREQUENCY_0,CPU_FREQUENCY_1,CPU_FREQUENCY_10,CPU_FREQUENCY_11,CPU_FREQUENCY_12,CPU_FREQUENCY_13,CPU_FREQUENCY_14,CPU_FREQUENCY_15,CPU_FREQUENCY_2,CPU_FREQUENCY_3,CPU_FREQUENCY_4,CPU_FREQUENCY_5,CPU_FREQUENCY_6,CPU_FREQUENCY_7,CPU_FREQUENCY_8,CPU_FREQUENCY_9,CPU_USAGE_0,CPU_USAGE_1,CPU_USAGE_10,CPU_USAGE_11,CPU_USAGE_12,CPU_USAGE_13,CPU_USAGE_14,CPU_USAGE_15,CPU_USAGE_2,CPU_USAGE_3,CPU_USAGE_4,CPU_USAGE_5,CPU_USAGE_6,CPU_USAGE_7,CPU_USAGE_8,CPU_USAGE_9,TOTAL_MEMORY,TOTAL_SWAP,USED_MEMORY,USED_SWAP
0,1776624353117,4669.7523193359375,3500,0,0.99375,39630.510833740234,1901,1901,1901,1901,1901,1901,1901,1901,1901,1901,1901,1901,1901,1901,1901,1901,32.91072082519531,14.000045776367188,9.899009704589844,9.210517883300781,72.66970825195313,35.832130432128906,31.249671936035156,7.968841552734375,6.2083740234375,5.766571044921875,22.398727416992188,20.630783081054688,62.14799880981445,32.74626159667969,57.75691223144531,11.840385437011719,16441667584,16046157824,13134016512,2999468032
200,1776624353117,4761.295455932617,4350,0,1.3,39630.76095581055,1901,1901,1901,1901,1901,1901,1901,1901,1901,1901,1901,1901,1901,1901,1901,1901,0.5056686401367188,0,0,0,57.31478500366211,12.005134582519531,0,0,0,0,0.8960647583007813,4.36328125,2.4366607666015625,0,35.59532165527344,8.679397583007813,16441667584,16046157824,13134651392,3003699200
0,1776624353318,4670.541076660156,3675,0,1.0125000000000002,39633.66076660156,1901,1901,1901,1901,1901,1901,1901,1901,1901,1901,1901,1901,1901,1901,1901,1901,4.791358947753906,3.3041152954101563,0.8185882568359375,0.7912750244140625,61.079097747802734,1.4301300048828125,0.836517333984375,0.9424057006835938,1.6429443359375,1.65655517578125,2.8354721069335938,3.2212753295898438,3.275909423828125,7.312446594238281,7.887725830078125,41.117916107177734,16441667584,16046157824,13133967360,2998169600
