Delta,Time,CORE0_ENERGY (J),CORE0_FREQ (MHZ),CORE0_PSTATE,CORE0_VOLT (V),CPU_ENERGY (J),CPU_FREQUENCY_0,CPU_FREQUENCY_1,CPU_FREQUENCY_10,CPU_FREQUENCY_11,CPU_FREQUENCY_12,CPU_FREQUENCY_13,CPU_FREQUENCY_14,CPU_FREQUENCY_15,CPU_FREQUENCY_2,CPU_FREQUENCY_3,CPU_FREQUENCY_4,CPU_FREQUENCY_5,CPU_FREQUENCY_6,CPU_FREQUENCY_7,CPU_FREQUENCY_8,CPU_FREQUENCY_9,CPU_USAGE_0,CPU_USAGE_1,CPU_USAGE_10,CPU_USAGE_11,CPU_USAGE_12,CPU_USAGE_13,CPU_USAGE_14,CPU_USAGE_15,CPU_USAGE_2,CPU_USAGE_3,CPU_USAGE_4,CPU_USAGE_5,CPU_USAGE_6,CPU_USAGE_7,CPU_USAGE_8,CPU_USAGE_9,TOTAL_MEMORY,TOTAL_SWAP,USED_MEMORY,USED_SWAP
0,1776624392366,4834.81086730957,3675,0,1.0375,40132.64535522461,1901,1901,1901,1901,1901,1901,1901,1901,1901,1901,1901,1901,1901,1901,1901,1901,15.821212768554688,18.612953186035156,15.90863037109375,7.7495269775390625,48.710166931152344,14.2452392578125,10.039421081542969,5.9056396484375,7.0752716064453125,6.9902801513671875,30.973831176757813,32.146705627441406,23.619308471679688,22.974998474121094,67.09648132324219,5.1382904052734375,16441667584,16046157824,13141590016,2993233920
200,1776624392366,4746.186386108398,4400,0,1.30625,40132.702209472656,1901,1901,1901,1901,1901,1901,1901,1901,1901,1901,1901,1901,1901,1901,1901,1901,0,7.91278076171875,0,0,84.58777618408203,0,0,0,0,0,0,15.823081970214844,0,0,59.082244873046875,0,16441667584,16046157824,13141614592,2993233920
0,1776624392568,4746.988189697266,3675,0,1.0375,40135.92646789551,1901,1901,1901,1901,1901,1901,1901,1901,1901,1901,1901,1901,1901,1901,1901,1901,5.7594451904296875,3.3420257568359375,1.1255035400390625,1.0170974731445313,64.46807861328125,3.2729415893554688,1.6829605102539063,1.890472412109375,0.9087371826171875,2.3545074462890625,3.9340591430664063,3.4253082275390625,2.6329421997070313,4.037712097167969,5.697776794433594,43.551124572753906,16441667584,16046157824,13142749184,2994364416
