Delta,Time,CORE0_ENERGY (J),CORE0_FREQ (MHZ),CORE0_PSTATE,CORE0_VOLT (V),CPU_ENERGY (J),CPU_FREQUENCY_0,CPU_FREQUENCY_1,CPU_FREQUENCY_10,CPU_FREQUENCY_11,CPU_FREQUENCY_12,CPU_FREQUENCY_13,CPU_FREQUENCY_14,CPU_FREQUENCY_15,CPU_FREQUENCY_2,CPU_FREQUENCY_3,CPU_FREQUENCY_4,CPU_FREQUENCY_5,CPU_FREQUENCY_6,CPU_FREQUENCY_7,CPU_FREQUENCY_8,CPU_FREQUENCY_9,CPU_USAGE_0,CPU_USAGE_1,CPU_USAGE_10,CPU_USAGE_11,CPU_USAGE_12,CPU_USAGE_13,CPU_USAGE_14,CPU_USAGE_15,CPU_USAGE_2,CPU_USAGE_3,CPU_USAGE_4,CPU_USAGE_5,CPU_USAGE_6,CPU_USAGE_7,CPU_USAGE_8,CPU_USAGE_9,TOTAL_MEMORY,TOTAL_SWAP,USED_MEMORY,USED_SWAP
0,1776624316905,4697.605194091797,3675,0,1.0375,39172.63737487793,1901,1901,1901,1901,1901,1901,1901,1901,1901,1901,1901,1901,1901,1901,1901,1901,36.991180419921875,25.92168426513672,0,8.263191223144531,42.444698333740234,7.7918243408203125,8.608299255371094,2.3896484375,3.8997039794921875,0.8998031616210938,30.847442626953125,9.439918518066406,59.84983825683594,22.319114685058594,47.004310607910156,0,16441667584,16046157824,13132091392,2995453952
200,1776624316905,1949.1763763427734,3520.0000000000005,0,0.99375,39172.74166870117,1901,1901,1901,1901,1901,1901,1901,1901,1901,1901,1901,1901,1901,1901,1901,1901,23.519439697265625,7.310569763183594,7.701896667480469,7.111167907714844,6.5677947998046875,97.9237289428711,6.208869934082031,14.374374389648438,6.114158630371094,6.7372894287109375,25.373878479003906,42.178462982177734,7.923728942871094,11.238784790039063,86.46560668945313,5.805084228515625,16441667584,16046157824,13132115968,2995453952
0,1776624317106,4597.974411010742,3675,0,1.0125000000000002,39176.240814208984,1901,1901,1901,1901,1901,1901,1901,1901,1901,1901,1901,1901,1901,1901,1901,1901,4.8131866455078125,2.9091262817382813,2.9180221557617188,2.824920654296875,52.45677185058594,3.0451278686523438,3.2868118286132813,2.4589614868164063,1.0860977172851563,1.1569290161132813,7.014305114746094,5.693878173828125,6.726387023925781,3.1716384887695313,57.54261016845703,4.5906829833984375,16441667584,16046157824,13127266304,2991558656
