Delta,Time,CORE0_ENERGY (J),CORE0_FREQ (MHZ),CORE0_PSTATE,CORE0_VOLT (V),CPU_ENERGY (J),CPU_FREQUENCY_0,CPU_FREQUENCY_1,CPU_FREQUENCY_10,CPU_FREQUENCY_11,CPU_FREQUENCY_12,CPU_FREQUENCY_13,CPU_FREQUENCY_14,CPU_FREQUENCY_15,CPU_FREQUENCY_2,CPU_FREQUENCY_3,CPU_FREQUENCY_4,CPU_FREQUENCY_5,CPU_FREQUENCY_6,CPU_FREQUENCY_7,CPU_FREQUENCY_8,CPU_FREQUENCY_9,CPU_USAGE_0,CPU_USAGE_1,CPU_USAGE_10,CPU_USAGE_11,CPU_USAGE_12,CPU_USAGE_13,CPU_USAGE_14,CPU_USAGE_15,CPU_USAGE_2,CPU_USAGE_3,CPU_USAGE_4,CPU_USAGE_5,CPU_USAGE_6,CPU_USAGE_7,CPU_USAGE_8,CPU_USAGE_9,TOTAL_MEMORY,TOTAL_SWAP,USED_MEMORY,USED_SWAP
0,1776624322932,4707.160797119141,3675,0,1.0375,39249.683044433594,1901,1901,1901,1901,1901,1901,1901,1901,1901,1901,1901,1901,1901,1901,1901,1901,41.550537109375,25.629127502441406,8.829338073730469,2.36700439453125,45.866886138916016,11.24102783203125,7.612922668457031,2.2239913940429688,1.9940338134765625,0.3510284423828125,19.490196228027344,14.042755126953125,47.60171127319336,25.263473510742188,49.48767852783203,6.462333679199219,16441667584,16046157824,13137260544,3002503168
199,1776624322933,4610.861526489258,4400,0,1.30625,39249.778579711914,1901,1901,1901,1901,1901,1901,1901,1901,1901,1901,1901,1901,1901,1901,1901,1901,56.08089828491211,1.841461181640625,0.10406494140625,24.346214294433594,53.063072204589844,33.53089904785156,2.4929885864257813,11.81793212890625,1.911590576171875,1.0270538330078125,21.939193725585938,8.777488708496094,0.5044784545898438,1.5745162963867188,31.76183319091797,34.840736389160156,16441667584,16046157824,13137293312,3002474496
0,1776624323133,4611.692947387695,2400,0,0.75,39253.68617248535,1901,1901,1901,1901,1901,1901,1901,1901,1901,1901,1901,1901,1901,1901,1901,1901,15.995216369628906,11.479751586914063,4.792030334472656,4.36859130859375,74.41287231445313,11.008811950683594,6.088203430175781,4.7025909423828125,5.507682800292969,4.059837341308594,22.267044067382813,13.846321105957031,6.3617095947265625,5.521232604980469,36.186302185058594,26.968284606933594,16441667584,16046157824,13156737024,3022364672
