Delta,Time,CORE0_ENERGY (J),CORE0_FREQ (MHZ),CORE0_PSTATE,CORE0_VOLT (V),CPU_ENERGY (J),CPU_FREQUENCY_0,CPU_FREQUENCY_1,CPU_FREQUENCY_10,CPU_FREQUENCY_11,CPU_FREQUENCY_12,CPU_FREQUENCY_13,CPU_FREQUENCY_14,CPU_FREQUENCY_15,CPU_FREQUENCY_2,CPU_FREQUENCY_3,CPU_FREQUENCY_4,CPU_FREQUENCY_5,CPU_FREQUENCY_6,CPU_FREQUENCY_7,CPU_FREQUENCY_8,CPU_FREQUENCY_9,CPU_USAGE_0,CPU_USAGE_1,CPU_USAGE_10,CPU_USAGE_11,CPU_USAGE_12,CPU_USAGE_13,CPU_USAGE_14,CPU_USAGE_15,CPU_USAGE_2,CPU_USAGE_3,CPU_USAGE_4,CPU_USAGE_5,CPU_USAGE_6,CPU_USAGE_7,CPU_USAGE_8,CPU_USAGE_9,TOTAL_MEMORY,TOTAL_SWAP,USED_MEMORY,USED_SWAP
0,1776624362148,4779.239440917969,4400,0,1.3125,39744.575912475586,1901,1901,1901,1901,1901,1901,1901,1901,1901,1901,1901,1901,1901,1901,1901,1901,6.922737121582031,7.447624206542969,4.18914794921875,3.7756881713867188,48.86414337158203,15.405540466308594,10.808319091796875,10.298027038574219,17.22844696044922,4.419700622558594,22.849327087402344,23.079879760742188,31.30370330810547,42.30952453613281,27.12761688232422,26.99236297607422,16441667584,16046157824,13134626816,2991403008
200,1776624362148,4685.980484008789,4400,0,1.3125,39744.65855407715,1901,1901,1901,1901,1901,1901,1901,1901,1901,1901,1901,1901,1901,1901,1901,1901,0,11.883155822753906,9.151657104492188,8.533119201660156,0,90.7986831665039,1.1558074951171875,0,17.328094482421875,25.910873413085938,22.18158721923828,0.17607879638671875,8.289314270019531,10.713798522949219,78.29247283935547,0,16441667584,16046157824,13134393344,2991931392
0,1776624362349,4686.455047607422,3675,0,1.0375,39747.5700378418,1901,1901,1901,1901,1901,1901,1901,1901,1901,1901,1901,1901,1901,1901,1901,1901,3.4905014038085938,2.0528793334960938,1.3049392700195313,1.0347671508789063,43.698734283447266,2.759765625,0.9321823120117188,1.0427017211914063,0.9584121704101563,0.7980194091796875,3.204315185546875,3.2706069946289063,3.9396133422851563,3.0191268920898438,63.011009216308594,5.893531799316406,16441667584,16046157824,13130891264,2993852416
