Delta,Time,CORE0_ENERGY (J),CORE0_FREQ (MHZ),CORE0_PSTATE,CORE0_VOLT (V),CPU_ENERGY (J),CPU_FREQUENCY_0,CPU_FREQUENCY_1,CPU_FREQUENCY_10,CPU_FREQUENCY_11,CPU_FREQUENCY_12,CPU_FREQUENCY_13,CPU_FREQUENCY_14,CPU_FREQUENCY_15,CPU_FREQUENCY_2,CPU_FREQUENCY_3,CPU_FREQUENCY_4,CPU_FREQUENCY_5,CPU_FREQUENCY_6,CPU_FREQUENCY_7,CPU_FREQUENCY_8,CPU_FREQUENCY_9,CPU_USAGE_0,CPU_USAGE_1,CPU_USAGE_10,CPU_USAGE_11,CPU_USAGE_12,CPU_USAGE_13,CPU_USAGE_14,CPU_USAGE_15,CPU_USAGE_2,CPU_USAGE_3,CPU_USAGE_4,CPU_USAGE_5,CPU_USAGE_6,CPU_USAGE_7,CPU_USAGE_8,CPU_USAGE_9,TOTAL_MEMORY,TOTAL_SWAP,USED_MEMORY,USED_SWAP
0,1776624395379,4751.386276245117,3675,0,1.0375,40172.744232177734,1901,1901,1901,1901,1901,1901,1901,1901,1901,1901,1901,1901,1901,1901,1901,1901,9.069282531738281,10.970657348632813,18.44788360595703,16.578170776367188,26.19709014892578,34.634742736816406,7.853118896484375,5.999641418457031,15.433448791503906,9.121246337890625,41.74582290649414,23.11932373046875,53.2523078918457,22.274993896484375,48.31133270263672,11.652618408203125,16441667584,16046157824,13143322624,2998669312
200,1776624395379,4841.519821166992,3675,0,1.0375,40172.77928161621,1901,1901,1901,1901,1901,1901,1901,1901,1901,1901,1901,1901,1901,1901,1901,1901,29.408531188964844,7.2646331787109375,8.349578857421875,2.07989501953125,56.42717742919922,28.933555603027344,23.978797912597656,1.4049301147460938,0.8349609375,1.814910888671875,45.79771041870117,0.8299560546875,0.8249588012695313,2.2248916625976563,46.34768295288086,41.37293243408203,16441667584,16046157824,13143351296,2998538240
0,1776624395580,4751.881286621094,3675,0,0.85625,40175.81555175781,1901,1901,1901,1901,1901,1901,1901,1901,1901,1901,1901,1901,1901,1901,1901,1901,3.945220947265625,2.7553176879882813,1.3573455810546875,1.7388076782226563,3.28619384765625,45.622127532958984,1.6195526123046875,2.9270248413085938,1.0223159790039063,1.98095703125,3.8902359008789063,5.198799133300781,5.171379089355469,3.473846435546875,68.56149291992188,2.8030014038085938,16441667584,16046157824,13146804224,2995466240
