Delta,Time,CORE0_ENERGY (J),CORE0_FREQ (MHZ),CORE0_PSTATE,CORE0_VOLT (V),CPU_ENERGY (J),CPU_FREQUENCY_0,CPU_FREQUENCY_1,CPU_FREQUENCY_10,CPU_FREQUENCY_11,CPU_FREQUENCY_12,CPU_FREQUENCY_13,CPU_FREQUENCY_14,CPU_FREQUENCY_15,CPU_FREQUENCY_2,CPU_FREQUENCY_3,CPU_FREQUENCY_4,CPU_FREQUENCY_5,CPU_FREQUENCY_6,CPU_FREQUENCY_7,CPU_FREQUENCY_8,CPU_FREQUENCY_9,CPU_USAGE_0,CPU_USAGE_1,CPU_USAGE_10,CPU_USAGE_11,CPU_USAGE_12,CPU_USAGE_13,CPU_USAGE_14,CPU_USAGE_15,CPU_USAGE_2,CPU_USAGE_3,CPU_USAGE_4,CPU_USAGE_5,CPU_USAGE_6,CPU_USAGE_7,CPU_USAGE_8,CPU_USAGE_9,TOTAL_MEMORY,TOTAL_SWAP,USED_MEMORY,USED_SWAP
0,1776624338008,4735.318923950195,4325,0,1.3,39440.54658508301,1901,1901,1901,1901,1901,1901,1901,1901,1901,1901,1901,1901,1901,1901,1901,1901,22.710060119628906,0,0,0,8.671905517578125,20.531166076660156,0,0,3.4430999755859375,0,28.06720733642578,21.29022979736328,28.329330444335938,10.101753234863281,56.972660064697266,0,16441667584,16046157824,13141491712,3002966016
199,1776624338009,4735.326889038086,4325,0,1.30625,39440.57460021973,1901,1901,1901,1901,1901,1901,1901,1901,1901,1901,1901,1901,1901,1901,1901,1901,14.208358764648438,0,0,0,0,91.40062713623047,0,0,0,0,0,0,0,0,91.6026840209961,0,16441667584,16046157824,13141598208,3002966016
0,1776624338209,4640.176025390625,3675,0,0.66875,39443.741149902344,1901,1901,1901,1901,1901,1901,1901,1901,1901,1901,1901,1901,1901,1901,1901,1901,5.0652313232421875,3.0151824951171875,0.7649993896484375,1.0790557861328125,64.24821472167969,1.1641693115234375,1.4935760498046875,1.7656021118164063,1.1393280029296875,1.8204574584960938,4.183570861816406,4.249351501464844,3.7611007690429688,1.91192626953125,45.30017852783203,4.2664947509765625,16441667584,16046157824,13147021312,3003883520
