Delta,Time,CORE0_ENERGY (J),CORE0_FREQ (MHZ),CORE0_PSTATE,CORE0_VOLT (V),CPU_ENERGY (J),CPU_FREQUENCY_0,CPU_FREQUENCY_1,CPU_FREQUENCY_10,CPU_FREQUENCY_11,CPU_FREQUENCY_12,CPU_FREQUENCY_13,CPU_FREQUENCY_14,CPU_FREQUENCY_15,CPU_FREQUENCY_2,CPU_FREQUENCY_3,CPU_FREQUENCY_4,CPU_FREQUENCY_5,CPU_FREQUENCY_6,CPU_FREQUENCY_7,CPU_FREQUENCY_8,CPU_FREQUENCY_9,CPU_USAGE_0,CPU_USAGE_1,CPU_USAGE_10,CPU_USAGE_11,CPU_USAGE_12,CPU_USAGE_13,CPU_USAGE_14,CPU_USAGE_15,CPU_USAGE_2,CPU_USAGE_3,CPU_USAGE_4,CPU_USAGE_5,CPU_USAGE_6,CPU_USAGE_7,CPU_USAGE_8,CPU_USAGE_9,TOTAL_MEMORY,TOTAL_SWAP,USED_MEMORY,USED_SWAP
0,1776624383342,4727.206939697266,3675,0,1.0375,40014.24670410156,1901,1901,1901,1901,1901,1901,1901,1901,1901,1901,1901,1901,1901,1901,1901,1901,14.719947814941406,14.460792541503906,13.167350769042969,13.813690185546875,61.46358871459961,7.264717102050781,23.21794891357422,10.359107971191406,17.016830444335938,13.417251586914063,35.196754455566406,27.216285705566406,56.203433990478516,31.88409423828125,46.755210876464844,17.01451873779297,16441667584,16046157824,13143588864,2996277248
200,1776624383343,4817.376556396484,4350,0,1.3,40014.573150634766,1901,1901,1901,1901,1901,1901,1901,1901,1901,1901,1901,1901,1901,1901,1901,1901,0,0.6725997924804688,0,0,82.23880004882813,0,0,0,0,0,3.375244140625,3.7128372192382813,0,1.9048309326171875,19.14447021484375,18.894027709960938,16441667584,16046157824,13145391104,3001794560
0,1776624383543,4728.034820556641,3675,0,1.0375,40017.54969787598,1901,1901,1901,1901,1901,1901,1901,1901,1901,1901,1901,1901,1901,1901,1901,1901,3.2066574096679688,1.5356597900390625,0.8809127807617188,1.6923980712890625,62.73708724975586,0.7419967651367188,2.23809814453125,1.9130325317382813,0.9369049072265625,1.5565643310546875,4.083244323730469,2.723968505859375,2.5539016723632813,8.788681030273438,15.873619079589844,30.81395721435547,16441667584,16046157824,13140459520,2989981696
