Delta,Time,CORE0_ENERGY (J),CORE0_FREQ (MHZ),CORE0_PSTATE,CORE0_VOLT (V),CPU_ENERGY (J),CPU_FREQUENCY_0,CPU_FREQUENCY_1,CPU_FREQUENCY_10,CPU_FREQUENCY_11,CPU_FREQUENCY_12,CPU_FREQUENCY_13,CPU_FREQUENCY_14,CPU_FREQUENCY_15,CPU_FREQUENCY_2,CPU_FREQUENCY_3,CPU_FREQUENCY_4,CPU_FREQUENCY_5,CPU_FREQUENCY_6,CPU_FREQUENCY_7,CPU_FREQUENCY_8,CPU_FREQUENCY_9,CPU_USAGE_0,CPU_USAGE_1,CPU_USAGE_10,CPU_USAGE_11,CPU_USAGE_12,CPU_USAGE_13,CPU_USAGE_14,CPU_USAGE_15,CPU_USAGE_2,CPU_USAGE_3,CPU_USAGE_4,CPU_USAGE_5,CPU_USAGE_6,CPU_USAGE_7,CPU_USAGE_8,CPU_USAGE_9,TOTAL_MEMORY,TOTAL_SWAP,USED_MEMORY,USED_SWAP
0,1776624334999,4634.485809326172,4250,0,1.28125,39404.716720581055,1901,1901,1901,1901,1901,1901,1901,1901,1901,1901,1901,1901,1901,1901,1901,1901,13.764373779296875,22.183486938476563,6.440818786621094,4.354057312011719,68.61652374267578,13.22198486328125,8.093673706054688,13.848014831542969,5.38916015625,6.28265380859375,16.02338409423828,34.30412292480469,46.100975036621094,58.77228546142578,40.82526779174805,96.3721694946289,16441667584,16046157824,13142568960,3000823808
199,1776624334999,4729.826370239258,4275,0,1.29375,39404.78073120117,1901,1901,1901,1901,1901,1901,1901,1901,1901,1901,1901,1901,1901,1901,1901,1901,22.318260192871094,10.597053527832031,39.97501754760742,7.474395751953125,50.79690170288086,24.296775817871094,52.02598190307617,8.413688659667969,7.829124450683594,9.29302978515625,71.51636505126953,6.8798370361328125,9.502876281738281,6.8648529052734375,42.36322784423828,40.354732513427734,16441667584,16046157824,13142593536,3000692736
0,1776624335200,4635.08984375,3675,0,1.0375,39407.90962219238,1901,1901,1901,1901,1901,1901,1901,1901,1901,1901,1901,1901,1901,1901,1901,1901,5.6704864501953125,2.20458984375,1.9500503540039063,1.1816024780273438,54.36395263671875,3.9025802612304688,1.9211044311523438,1.226806640625,2.1234893798828125,1.0615234375,3.2099151611328125,4.264373779296875,4.029327392578125,4.800758361816406,43.864662170410156,15.572837829589844,16441667584,16046157824,13141827584,3000311808
