Delta,Time,CORE0_ENERGY (J),CORE0_FREQ (MHZ),CORE0_PSTATE,CORE0_VOLT (V),CPU_ENERGY (J),CPU_FREQUENCY_0,CPU_FREQUENCY_1,CPU_FREQUENCY_10,CPU_FREQUENCY_11,CPU_FREQUENCY_12,CPU_FREQUENCY_13,CPU_FREQUENCY_14,CPU_FREQUENCY_15,CPU_FREQUENCY_2,CPU_FREQUENCY_3,CPU_FREQUENCY_4,CPU_FREQUENCY_5,CPU_FREQUENCY_6,CPU_FREQUENCY_7,CPU_FREQUENCY_8,CPU_FREQUENCY_9,CPU_USAGE_0,CPU_USAGE_1,CPU_USAGE_10,CPU_USAGE_11,CPU_USAGE_12,CPU_USAGE_13,CPU_USAGE_14,CPU_USAGE_15,CPU_USAGE_2,CPU_USAGE_3,CPU_USAGE_4,CPU_USAGE_5,CPU_USAGE_6,CPU_USAGE_7,CPU_USAGE_8,CPU_USAGE_9,TOTAL_MEMORY,TOTAL_SWAP,USED_MEMORY,USED_SWAP
0,1776624319923,4702.38200378418,3675,0,1.0375,39209.88636779785,1901,1901,1901,1901,1901,1901,1901,1901,1901,1901,1901,1901,1901,1901,1901,1901,10.952995300292969,7.011749267578125,13.852272033691406,32.813812255859375,28.384376525878906,45.8762321472168,10.850257873535156,10.360603332519531,6.992805480957031,9.306259155273438,28.116233825683594,28.66126251220703,25.676002502441406,31.297500610351563,56.9261360168457,5.625144958496094,16441667584,16046157824,13140041728,3000279040
199,1776624319924,625.2814331054688,3520.0000000000005,0,1,39210.09436035156,1901,1901,1901,1901,1901,1901,1901,1901,1901,1901,1901,1901,1901,1901,1901,1901,4.664176940917969,22.862808227539063,0,0,46.42856979370117,19.84441375732422,0,3.5231246948242188,0,0,0,51.82902526855469,0,0,53.071693420410156,26.500869750976563,16441667584,16046157824,13140029440,3002589184
0,1776624320125,4604.5067138671875,2940,0,0.85625,39213.48094177246,1901,1901,1901,1901,1901,1901,1901,1901,1901,1901,1901,1901,1901,1901,1901,1901,5.4022674560546875,4.647666931152344,2.4277496337890625,1.7139434814453125,23.482093811035156,39.66932678222656,2.209259033203125,1.9834976196289063,3.4658966064453125,3.5212936401367188,5.2235870361328125,6.397880554199219,7.2371673583984375,5.989646911621094,54.85208511352539,10.611404418945313,16441667584,16046157824,13133574144,2995359744
