Delta,Time,CORE0_ENERGY (J),CORE0_FREQ (MHZ),CORE0_PSTATE,CORE0_VOLT (V),CPU_ENERGY (J),CPU_FREQUENCY_0,CPU_FREQUENCY_1,CPU_FREQUENCY_10,CPU_FREQUENCY_11,CPU_FREQUENCY_12,CPU_FREQUENCY_13,CPU_FREQUENCY_14,CPU_FREQUENCY_15,CPU_FREQUENCY_2,CPU_FREQUENCY_3,CPU_FREQUENCY_4,CPU_FREQUENCY_5,CPU_FREQUENCY_6,CPU_FREQUENCY_7,CPU_FREQUENCY_8,CPU_FREQUENCY_9,CPU_USAGE_0,CPU_USAGE_1,CPU_USAGE_10,CPU_USAGE_11,CPU_USAGE_12,CPU_USAGE_13,CPU_USAGE_14,CPU_USAGE_15,CPU_USAGE_2,CPU_USAGE_3,CPU_USAGE_4,CPU_USAGE_5,CPU_USAGE_6,CPU_USAGE_7,CPU_USAGE_8,CPU_USAGE_9,TOTAL_MEMORY,TOTAL_SWAP,USED_MEMORY,USED_SWAP
0,1776624365150,4784.524612426758,4275,0,1.2875,39784.3977355957,1901,1901,1901,1901,1901,1901,1901,1901,1901,1901,1901,1901,1901,1901,1901,1901,34.93785858154297,44.053401947021484,0,0.7445755004882813,35.66816711425781,39.39768600463867,3.8759613037109375,10.10736083984375,0,0,22.19739532470703,32.280029296875,57.707706451416016,26.572586059570313,56.846168518066406,27.314308166503906,16441667584,16046157824,13137371136,2993786880
200,1776624365151,2388.6077423095703,4050,0,1.175,39784.524490356445,1901,1901,1901,1901,1901,1901,1901,1901,1901,1901,1901,1901,1901,1901,1901,1901,29.19959259033203,59.085391998291016,27.041893005371094,7.290611267089844,37.07236099243164,46.6618766784668,34.79822540283203,6.5944976806640625,4.394676208496094,13.226150512695313,48.326602935791016,34.597564697265625,12.56719970703125,22.40691375732422,35.209449768066406,39.5025634765625,16441667584,16046157824,13137448960,2993786880
0,1776624365352,4693.709197998047,3675,0,1.0375,39787.562591552734,1901,1901,1901,1901,1901,1901,1901,1901,1901,1901,1901,1901,1901,1901,1901,1901,7.056854248046875,5.16693115234375,2.7271957397460938,2.2946624755859375,68.99357604980469,4.842750549316406,4.7224884033203125,2.752105712890625,3.8220901489257813,5.198616027832031,10.172698974609375,5.764122009277344,6.408294677734375,3.5771255493164063,65.02277374267578,10.339546203613281,16441667584,16046157824,13137944576,2994167808
