Delta,Time,CPU_FREQUENCY_0,CPU_FREQUENCY_1,CPU_FREQUENCY_10,CPU_FREQUENCY_11,CPU_FREQUENCY_12,CPU_FREQUENCY_13,CPU_FREQUENCY_14,CPU_FREQUENCY_15,CPU_FREQUENCY_2,CPU_FREQUENCY_3,CPU_FREQUENCY_4,CPU_FREQUENCY_5,CPU_FREQUENCY_6,CPU_FREQUENCY_7,CPU_FREQUENCY_8,CPU_FREQUENCY_9,CPU_USAGE_0,CPU_USAGE_1,CPU_USAGE_10,CPU_USAGE_11,CPU_USAGE_12,CPU_USAGE_13,CPU_USAGE_14,CPU_USAGE_15,CPU_USAGE_2,CPU_USAGE_3,CPU_USAGE_4,CPU_USAGE_5,CPU_USAGE_6,CPU_USAGE_7,CPU_USAGE_8,CPU_USAGE_9,DRAM_ENERGY (J),PACKAGE_ENERGY (J),PP0_ENERGY (J),TOTAL_MEMORY,TOTAL_SWAP,USED_MEMORY,USED_SWAP
0,1780500544306,800,2000,800,800,800,1619,800,800,1000,2100,821,800,1946,800,1350,952,0,10.714285850524902,0,0,0,0,3.5714287757873535,0,0,0,10.714285850524902,0,0,6.896551609039307,3.7037036418914795,0,208313.09423828125,198982.4041748047,0,404331982848,8589930496,4114145280,0
199,1780500544306,800,2000,800,800,800,1619,800,800,1000,2100,821,800,1946,800,1350,952,0,10.714285850524902,0,0,0,0,3.5714287757873535,0,0,0,10.714285850524902,0,0,6.896551609039307,3.7037036418914795,0,208313.1055908203,198982.4291381836,0,404331982848,8589930496,4114145280,0
199,1780500544506,800,2000,800,800,800,1619,800,800,1000,2100,821,800,1946,800,1350,952,50,5,0,0,0,0,4.761904716491699,28.571430206298828,33.333335876464844,55,50,38.095237731933594,0,0,33.333335876464844,4.761904716491699,208315.51971435547,198989.40368652344,0,404331982848,8589930496,4124721152,0
199,1780500544707,800,2000,800,800,800,1619,800,800,1000,2100,821,800,1946,800,1350,952,0,0,0,0,0,0,0,0,42.105262756347656,75,89.47368621826172,84.21052551269531,26.3157901763916,0,25,4.761904716491699,208318.18634033203,198997.87896728516,0,404331982848,8589930496,4124721152,0
199,1780500544907,800,2000,800,800,800,1619,800,800,1000,2100,821,800,1946,800,1350,952,0,9.523809432983398,0,0,0,0,0,0,4.761904716491699,60.000003814697266,80.95238494873047,85,90.47618865966797,0,25,0,208320.89514160156,199006.69116210938,0,404331982848,8589930496,4124721152,0
0,1780500545107,800,2000,800,800,800,1619,800,800,1000,2100,821,800,1946,800,1350,952,0,0,0,0,0,0,0,10.526315689086914,0,57.142860412597656,65,71.42857360839844,66.66667175292969,5,0,0,208323.19213867188,199014.3719482422,0,404331982848,8589930496,4124721152,0
