Delta,Time,CPU_FREQUENCY_0,CPU_FREQUENCY_1,CPU_FREQUENCY_10,CPU_FREQUENCY_11,CPU_FREQUENCY_12,CPU_FREQUENCY_13,CPU_FREQUENCY_14,CPU_FREQUENCY_15,CPU_FREQUENCY_2,CPU_FREQUENCY_3,CPU_FREQUENCY_4,CPU_FREQUENCY_5,CPU_FREQUENCY_6,CPU_FREQUENCY_7,CPU_FREQUENCY_8,CPU_FREQUENCY_9,CPU_USAGE_0,CPU_USAGE_1,CPU_USAGE_10,CPU_USAGE_11,CPU_USAGE_12,CPU_USAGE_13,CPU_USAGE_14,CPU_USAGE_15,CPU_USAGE_2,CPU_USAGE_3,CPU_USAGE_4,CPU_USAGE_5,CPU_USAGE_6,CPU_USAGE_7,CPU_USAGE_8,CPU_USAGE_9,DRAM_ENERGY (J),PACKAGE_ENERGY (J),PP0_ENERGY (J),TOTAL_MEMORY,TOTAL_SWAP,USED_MEMORY,USED_SWAP
0,1780500106471,800,1038,2055,800,800,800,800,800,3200,2100,2099,1628,2100,1086,800,800,3.7037036418914795,7.692307949066162,3.7037036418914795,7.142857551574707,3.846153974533081,7.142857551574707,3.5714287757873535,0,3.846153974533081,0,3.7037036418914795,0,0,3.7037036418914795,7.142857551574707,3.7037036418914795,208189.45220947266,192997.59588623047,0,404331982848,8589930496,4106276864,0
199,1780500106471,800,1038,2055,800,800,800,800,800,3200,2100,2099,1628,2100,1086,800,800,3.7037036418914795,7.692307949066162,3.7037036418914795,7.142857551574707,3.846153974533081,7.142857551574707,3.5714287757873535,0,3.846153974533081,0,3.7037036418914795,0,0,3.7037036418914795,7.142857551574707,3.7037036418914795,208189.46282958984,192997.61950683594,0,404331982848,8589930496,4106276864,0
199,1780500106671,800,1038,2055,800,800,800,800,800,3200,2100,2099,1628,2100,1086,800,800,65,0,0,0,0,0,0,26.3157901763916,52.6315803527832,38.095237731933594,20,0,0,0,26.3157901763916,45,208191.64434814453,193003.8910522461,0,404331982848,8589930496,4134125568,0
199,1780500106871,800,1038,2055,800,800,800,800,800,3200,2100,2099,1628,2100,1086,800,800,15.000000953674316,5,0,0,0,0,0,4.761904716491699,76.19047546386719,84.21052551269531,85,50,5,0,31.57894515991211,0,208194.24743652344,193012.29766845703,0,404331982848,8589930496,4134125568,0
199,1780500107071,800,1038,2055,800,800,800,800,800,3200,2100,2099,1628,2100,1086,800,800,0,5,0,0,0,0,0,0,70,90,90,95,9.523809432983398,5,14.285715103149414,0,208197.06030273438,193021.37927246094,0,404331982848,8589930496,4134125568,0
0,1780500107271,800,1038,2055,800,800,800,800,800,3200,2100,2099,1628,2100,1086,800,800,5,0,0,0,0,0,0,15.000000953674316,57.142860412597656,65,65,65,0,0,5.263157844543457,0,208199.43896484375,193029.0379638672,0,404331982848,8589930496,4134580224,0
