Delta,Time,CPU_FREQUENCY_0,CPU_FREQUENCY_1,CPU_FREQUENCY_10,CPU_FREQUENCY_11,CPU_FREQUENCY_12,CPU_FREQUENCY_13,CPU_FREQUENCY_14,CPU_FREQUENCY_15,CPU_FREQUENCY_2,CPU_FREQUENCY_3,CPU_FREQUENCY_4,CPU_FREQUENCY_5,CPU_FREQUENCY_6,CPU_FREQUENCY_7,CPU_FREQUENCY_8,CPU_FREQUENCY_9,CPU_USAGE_0,CPU_USAGE_1,CPU_USAGE_10,CPU_USAGE_11,CPU_USAGE_12,CPU_USAGE_13,CPU_USAGE_14,CPU_USAGE_15,CPU_USAGE_2,CPU_USAGE_3,CPU_USAGE_4,CPU_USAGE_5,CPU_USAGE_6,CPU_USAGE_7,CPU_USAGE_8,CPU_USAGE_9,DRAM_ENERGY (J),PACKAGE_ENERGY (J),PP0_ENERGY (J),TOTAL_MEMORY,TOTAL_SWAP,USED_MEMORY,USED_SWAP
0,1780500012614,2100,1265,1719,1169,2000,800,800,2000,1017,1228,838,835,1532,800,2100,1000,6.6666669845581055,3.3333334922790527,0,3.22580623626709,3.22580623626709,10,0,3.125,6.6666669845581055,3.3333334922790527,3.3333334922790527,3.22580623626709,0,0,0,3.22580623626709,208162.1372680664,191719.77227783203,0,404331982848,8589930496,4114452480,0
199,1780500012614,2100,1265,1719,1169,2000,800,800,2000,1017,1228,838,835,1532,800,2100,1000,6.6666669845581055,3.3333334922790527,0,3.22580623626709,3.22580623626709,10,0,3.125,6.6666669845581055,3.3333334922790527,3.3333334922790527,3.22580623626709,0,0,0,3.22580623626709,208162.13983154297,191719.79486083984,0,404331982848,8589930496,4114452480,0
199,1780500012814,2100,1265,1719,1169,2000,800,800,2000,1017,1228,838,835,1532,800,2100,1000,61.904762268066406,0,0,0,0,0,0,75,0,0,0,0,70,0,57.142860412597656,0,208162.5340576172,191724.8139038086,0,404331982848,8589930496,4125274112,0
199,1780500013014,2100,1265,1719,1169,2000,800,800,2000,1017,1228,838,835,1532,800,2100,1000,50,0,9.523809432983398,75,47.619049072265625,10,0,78.94737243652344,0,0,0,0,19.047618865966797,0,68.42105102539063,5,208163.42755126953,191730.64923095703,0,404331982848,8589930496,4125274112,0
199,1780500013214,2100,1265,1719,1169,2000,800,800,2000,1017,1228,838,835,1532,800,2100,1000,5.263157844543457,5,5,75,80,90.47618865966797,0,76.19047546386719,0,0,0,0,0,0,0,5,208164.60205078125,191736.18426513672,0,404331982848,8589930496,4126433280,0
199,1780500013415,2100,1265,1719,1169,2000,800,800,2000,1017,1228,838,835,1532,800,2100,1000,20,0,5,65,80,84.21052551269531,5.263157844543457,75,0,0,0,0,0,0,0,5,208166.1714477539,191741.90393066406,0,404331982848,8589930496,4126433280,0
0,1780500013615,2100,1265,1719,1169,2000,800,800,2000,1017,1228,838,835,1532,800,2100,1000,0,0,0,0,0,0,9.523809432983398,0,0,0,0,0,0,0,0,0,208166.22967529297,191744.7362060547,0,404331982848,8589930496,4126433280,0
