Delta,Time,CPU_FREQUENCY_0,CPU_FREQUENCY_1,CPU_FREQUENCY_10,CPU_FREQUENCY_11,CPU_FREQUENCY_12,CPU_FREQUENCY_13,CPU_FREQUENCY_14,CPU_FREQUENCY_15,CPU_FREQUENCY_2,CPU_FREQUENCY_3,CPU_FREQUENCY_4,CPU_FREQUENCY_5,CPU_FREQUENCY_6,CPU_FREQUENCY_7,CPU_FREQUENCY_8,CPU_FREQUENCY_9,CPU_USAGE_0,CPU_USAGE_1,CPU_USAGE_10,CPU_USAGE_11,CPU_USAGE_12,CPU_USAGE_13,CPU_USAGE_14,CPU_USAGE_15,CPU_USAGE_2,CPU_USAGE_3,CPU_USAGE_4,CPU_USAGE_5,CPU_USAGE_6,CPU_USAGE_7,CPU_USAGE_8,CPU_USAGE_9,DRAM_ENERGY (J),PACKAGE_ENERGY (J),PP0_ENERGY (J),TOTAL_MEMORY,TOTAL_SWAP,USED_MEMORY,USED_SWAP
0,1780500669282,800,800,800,800,800,1550,1000,836,800,2100,1836,1165,2015,800,853,800,3.3333334922790527,0,0,3.4482758045196533,0,0,6.6666669845581055,3.5714287757873535,0,3.5714287757873535,0,6.896551609039307,0,6.896551609039307,3.4482758045196533,10.714285850524902,208346.2783203125,200694.45581054688,0,404331982848,8589930496,4125417472,0
199,1780500669282,800,800,800,800,800,1550,1000,836,800,2100,1836,1165,2015,800,853,800,3.3333334922790527,0,0,3.4482758045196533,0,0,6.6666669845581055,3.5714287757873535,0,3.5714287757873535,0,6.896551609039307,0,6.896551609039307,3.4482758045196533,10.714285850524902,208346.28125,200694.47821044922,0,404331982848,8589930496,4125417472,0
199,1780500669482,800,800,800,800,800,1550,1000,836,800,2100,1836,1165,2015,800,853,800,40,0,80,55,0,9.090909004211426,20,0,65,4.761904716491699,0,0,0,0,0,0,208346.65856933594,200699.35083007813,0,404331982848,8589930496,4135223296,0
199,1780500669682,800,800,800,800,800,1550,1000,836,800,2100,1836,1165,2015,800,853,800,0,0,75,60.000003814697266,5,0,89.47368621826172,75,15.000000953674316,0,0,0,0,0,20,0,208346.9617919922,200704.65911865234,0,404331982848,8589930496,4135739392,0
199,1780500669882,800,800,800,800,800,1550,1000,836,800,2100,1836,1165,2015,800,853,800,40,4.761904716491699,78.94737243652344,0,5,5.263157844543457,80,80,0,0,0,0,0,0,52.6315803527832,0,208347.45526123047,200710.3524169922,0,404331982848,8589930496,4135739392,0
0,1780500670082,800,800,800,800,800,1550,1000,836,800,2100,1836,1165,2015,800,853,800,15.000000953674316,0,75,19.047618865966797,0,5,80,75,0,0,0,0,0,0,66.66667175292969,0,208348.56573486328,200716.01556396484,0,404331982848,8589930496,4135739392,0
