Delta,Time,CPU_FREQUENCY_0,CPU_FREQUENCY_1,CPU_FREQUENCY_10,CPU_FREQUENCY_11,CPU_FREQUENCY_12,CPU_FREQUENCY_13,CPU_FREQUENCY_14,CPU_FREQUENCY_15,CPU_FREQUENCY_2,CPU_FREQUENCY_3,CPU_FREQUENCY_4,CPU_FREQUENCY_5,CPU_FREQUENCY_6,CPU_FREQUENCY_7,CPU_FREQUENCY_8,CPU_FREQUENCY_9,CPU_USAGE_0,CPU_USAGE_1,CPU_USAGE_10,CPU_USAGE_11,CPU_USAGE_12,CPU_USAGE_13,CPU_USAGE_14,CPU_USAGE_15,CPU_USAGE_2,CPU_USAGE_3,CPU_USAGE_4,CPU_USAGE_5,CPU_USAGE_6,CPU_USAGE_7,CPU_USAGE_8,CPU_USAGE_9,DRAM_ENERGY (J),PACKAGE_ENERGY (J),PP0_ENERGY (J),TOTAL_MEMORY,TOTAL_SWAP,USED_MEMORY,USED_SWAP
0,1780499073988,2099,2100,800,800,800,2028,800,800,1816,891,800,2100,800,800,2099,800,10.714285850524902,3.7037036418914795,10.714285850524902,0,0,7.142857551574707,3.5714287757873535,3.7037036418914795,7.142857551574707,3.5714287757873535,3.7037036418914795,0,0,3.5714287757873535,7.142857551574707,0,207913.76251220703,178947.31970214844,0,404331982848,8589930496,4177645568,0
200,1780499073988,2099,2100,800,800,800,2028,800,800,1816,891,800,2100,800,800,2099,800,10.714285850524902,3.7037036418914795,10.714285850524902,0,0,7.142857551574707,3.5714287757873535,3.7037036418914795,7.142857551574707,3.5714287757873535,3.7037036418914795,0,0,3.5714287757873535,7.142857551574707,0,207913.76727294922,178947.3428955078,0,404331982848,8589930496,4177645568,0
200,1780499074188,2099,2100,800,800,800,2028,800,800,1816,891,800,2100,800,800,2099,800,90,35,15.000000953674316,0,65,0,0,0,15.000000953674316,45,0,0,0,0,0,0,207915.5450439453,178953.1806640625,0,404331982848,8589930496,4196454400,0
199,1780499074388,2099,2100,800,800,800,2028,800,800,1816,891,800,2100,800,800,2099,800,75,70,0,0,95,0,0,0,80,5,5,0,0,0,0,0,207918.11346435547,178960.57342529297,0,404331982848,8589930496,4196196352,0
199,1780499074588,2099,2100,800,800,800,2028,800,800,1816,891,800,2100,800,800,2099,800,30.000001907348633,45,0,0,0,5,0,0,75,4.761904716491699,5,80.95238494873047,0,0,70,25,207920.75897216797,178968.34814453125,0,404331982848,8589930496,4196196352,0
199,1780499074788,2099,2100,800,800,800,2028,800,800,1816,891,800,2100,800,800,2099,800,45,0,0,0,0,0,0,0,75,5.263157844543457,5,85,90,50,15.000000953674316,0,207923.56762695313,178977.06060791016,0,404331982848,8589930496,4196196352,0
0,1780499074989,2099,2100,800,800,800,2028,800,800,1816,891,800,2100,800,800,2099,800,5,0,0,0,0,0,0,0,14.285715103149414,0,0,5,10,5,0,0,207924.23852539063,178980.66033935547,0,404331982848,8589930496,4196196352,0
