Delta,Time,CPU_FREQUENCY_0,CPU_FREQUENCY_1,CPU_FREQUENCY_10,CPU_FREQUENCY_11,CPU_FREQUENCY_12,CPU_FREQUENCY_13,CPU_FREQUENCY_14,CPU_FREQUENCY_15,CPU_FREQUENCY_2,CPU_FREQUENCY_3,CPU_FREQUENCY_4,CPU_FREQUENCY_5,CPU_FREQUENCY_6,CPU_FREQUENCY_7,CPU_FREQUENCY_8,CPU_FREQUENCY_9,CPU_USAGE_0,CPU_USAGE_1,CPU_USAGE_10,CPU_USAGE_11,CPU_USAGE_12,CPU_USAGE_13,CPU_USAGE_14,CPU_USAGE_15,CPU_USAGE_2,CPU_USAGE_3,CPU_USAGE_4,CPU_USAGE_5,CPU_USAGE_6,CPU_USAGE_7,CPU_USAGE_8,CPU_USAGE_9,DRAM_ENERGY (J),PACKAGE_ENERGY (J),PP0_ENERGY (J),TOTAL_MEMORY,TOTAL_SWAP,USED_MEMORY,USED_SWAP
0,1780499918898,2081,2043,841,804,800,2000,800,1287,1000,2000,800,800,800,800,2100,1085,0,3.846153974533081,7.142857551574707,0,0,3.7037036418914795,3.7037036418914795,3.7037036418914795,3.7037036418914795,3.7037036418914795,3.5714287757873535,3.7037036418914795,3.7037036418914795,3.846153974533081,3.7037036418914795,3.5714287757873535,208132.87567138672,190437.55731201172,0,404331982848,8589930496,4111929344,0
199,1780499918898,2081,2043,841,804,800,2000,800,1287,1000,2000,800,800,800,800,2100,1085,0,3.846153974533081,7.142857551574707,0,0,3.7037036418914795,3.7037036418914795,3.7037036418914795,3.7037036418914795,3.7037036418914795,3.5714287757873535,3.7037036418914795,3.7037036418914795,3.846153974533081,3.7037036418914795,3.5714287757873535,208132.8787841797,190437.57904052734,0,404331982848,8589930496,4111929344,0
199,1780499919098,2081,2043,841,804,800,2000,800,1287,1000,2000,800,800,800,800,2100,1085,57.142860412597656,5,0,30.000001907348633,19.047618865966797,35,4.761904716491699,0,14.285715103149414,35,25,0,0,66.66667175292969,5,0,208133.95581054688,190443.10522460938,0,404331982848,8589930496,4130246656,0
199,1780499919298,2081,2043,841,804,800,2000,800,1287,1000,2000,800,800,800,800,2100,1085,0,5,0,4.761904716491699,0,0,0,4.761904716491699,35,55,76.19047546386719,0,0,70,52.38095474243164,30.000001907348633,208136.58575439453,190450.8699951172,0,404331982848,8589930496,4131991552,0
199,1780499919498,2081,2043,841,804,800,2000,800,1287,1000,2000,800,800,800,800,2100,1085,0,5,0,0,0,0,0,0,70,85,89.47368621826172,0,0,85,25,0,208139.3109741211,190459.53442382813,0,404331982848,8589930496,4131991552,0
0,1780499919698,2081,2043,841,804,800,2000,800,1287,1000,2000,800,800,800,800,2100,1085,5,5,0,14.285715103149414,0,0,0,0,57.894737243652344,75,75,0,0,70,10.526315689086914,0,208141.86138916016,190467.67364501953,0,404331982848,8589930496,4132249600,0
