Delta,Time,CPU_FREQUENCY_0,CPU_FREQUENCY_1,CPU_FREQUENCY_10,CPU_FREQUENCY_11,CPU_FREQUENCY_12,CPU_FREQUENCY_13,CPU_FREQUENCY_14,CPU_FREQUENCY_15,CPU_FREQUENCY_2,CPU_FREQUENCY_3,CPU_FREQUENCY_4,CPU_FREQUENCY_5,CPU_FREQUENCY_6,CPU_FREQUENCY_7,CPU_FREQUENCY_8,CPU_FREQUENCY_9,CPU_USAGE_0,CPU_USAGE_1,CPU_USAGE_10,CPU_USAGE_11,CPU_USAGE_12,CPU_USAGE_13,CPU_USAGE_14,CPU_USAGE_15,CPU_USAGE_2,CPU_USAGE_3,CPU_USAGE_4,CPU_USAGE_5,CPU_USAGE_6,CPU_USAGE_7,CPU_USAGE_8,CPU_USAGE_9,DRAM_ENERGY (J),PACKAGE_ENERGY (J),PP0_ENERGY (J),TOTAL_MEMORY,TOTAL_SWAP,USED_MEMORY,USED_SWAP
0,1780499793347,800,1076,800,1182,800,800,800,800,800,800,2000,2100,2000,2099,800,800,0,7.407407283782959,0,3.5714287757873535,3.5714287757873535,0,0,7.407407283782959,7.142857551574707,3.5714287757873535,3.4482758045196533,0,3.5714287757873535,7.142857551574707,3.4482758045196533,0,208090.70574951172,188712.87664794922,0,404331982848,8589930496,4111282176,0
199,1780499793347,800,1076,800,1182,800,800,800,800,800,800,2000,2100,2000,2099,800,800,0,7.407407283782959,0,3.5714287757873535,3.5714287757873535,0,0,7.407407283782959,7.142857551574707,3.5714287757873535,3.4482758045196533,0,3.5714287757873535,7.142857551574707,3.4482758045196533,0,208090.7198486328,188712.89959716797,0,404331982848,8589930496,4111282176,0
199,1780499793548,800,1076,800,1182,800,800,800,800,800,800,2000,2100,2000,2099,800,800,42.85714340209961,0,0,0,33.333335876464844,4.761904716491699,63.6363639831543,0,10,61.904762268066406,50,0,0,0,21.052631378173828,0,208092.0912475586,188718.2840576172,0,404331982848,8589930496,4129341440,0
199,1780499793748,800,1076,800,1182,800,800,800,800,800,800,2000,2100,2000,2099,800,800,0,0,0,0,0,0,21.052631378173828,0,5,71.42857360839844,73.68421173095703,61.904762268066406,47.619049072265625,5,40,0,208094.52282714844,188725.91088867188,0,404331982848,8589930496,4129341440,0
199,1780499793948,800,1076,800,1182,800,800,800,800,800,800,2000,2100,2000,2099,800,800,0,0,0,0,0,0,0,0,0,84.21052551269531,90.47618865966797,94.73684692382813,94.73684692382813,5,5,0,208097.29174804688,188734.88244628906,0,404331982848,8589930496,4129341440,0
0,1780499794148,800,1076,800,1182,800,800,800,800,800,800,2000,2100,2000,2099,800,800,5,4.761904716491699,0,0,0,0,15.000000953674316,0,5,61.904762268066406,70,75,75,5,5,0,208099.8296508789,188743.18048095703,0,404331982848,8589930496,4129599488,0
