Delta,Time,CPU_FREQUENCY_0,CPU_FREQUENCY_1,CPU_FREQUENCY_10,CPU_FREQUENCY_11,CPU_FREQUENCY_12,CPU_FREQUENCY_13,CPU_FREQUENCY_14,CPU_FREQUENCY_15,CPU_FREQUENCY_2,CPU_FREQUENCY_3,CPU_FREQUENCY_4,CPU_FREQUENCY_5,CPU_FREQUENCY_6,CPU_FREQUENCY_7,CPU_FREQUENCY_8,CPU_FREQUENCY_9,CPU_USAGE_0,CPU_USAGE_1,CPU_USAGE_10,CPU_USAGE_11,CPU_USAGE_12,CPU_USAGE_13,CPU_USAGE_14,CPU_USAGE_15,CPU_USAGE_2,CPU_USAGE_3,CPU_USAGE_4,CPU_USAGE_5,CPU_USAGE_6,CPU_USAGE_7,CPU_USAGE_8,CPU_USAGE_9,DRAM_ENERGY (J),PACKAGE_ENERGY (J),PP0_ENERGY (J),TOTAL_MEMORY,TOTAL_SWAP,USED_MEMORY,USED_SWAP
0,1780500794413,800,1098,854,913,1051,800,800,2099,800,2100,1776,1999,856,885,800,1496,3.7037036418914795,8,0,3.7037036418914795,3.846153974533081,0,3.846153974533081,0,7.407407283782959,0,3.846153974533081,3.846153974533081,3.7037036418914795,4,0,0,208378.28057861328,202402.31909179688,0,404331982848,8589930496,4138553344,0
199,1780500794413,800,1098,854,913,1051,800,800,2099,800,2100,1776,1999,856,885,800,1496,3.7037036418914795,8,0,3.7037036418914795,3.846153974533081,0,3.846153974533081,0,7.407407283782959,0,3.846153974533081,3.846153974533081,3.7037036418914795,4,0,0,208378.28326416016,202402.34173583984,0,404331982848,8589930496,4138553344,0
199,1780500794613,800,1098,854,913,1051,800,800,2099,800,2100,1776,1999,856,885,800,1496,68.42105102539063,52.38095474243164,4.761904716491699,0,0,75,0,0,0,4.761904716491699,4.761904716491699,0,0,0,52.38095474243164,0,208380.16442871094,202407.69451904297,0,404331982848,8589930496,4144484352,0
199,1780500794814,800,1098,854,913,1051,800,800,2099,800,2100,1776,1999,856,885,800,1496,35,0,0,89.47368621826172,78.94737243652344,75,10,0,0,0,0,0,0,0,55,0,208380.80596923828,202413.26904296875,0,404331982848,8589930496,4144484352,0
199,1780500795014,800,1098,854,913,1051,800,800,2099,800,2100,1776,1999,856,885,800,1496,0,0,5,76.19047546386719,75,75,95,5,0,0,0,0,0,0,0,0,208381.1339111328,202418.5747680664,0,404331982848,8589930496,4144484352,0
199,1780500795214,800,1098,854,913,1051,800,800,2099,800,2100,1776,1999,856,885,800,1496,70,23.809524536132813,0,21.052631378173828,55,70,75,9.523809432983398,5,0,0,0,0,0,0,0,208382.35052490234,202424.67767333984,0,404331982848,8589930496,4145172480,0
0,1780500795414,800,1098,854,913,1051,800,800,2099,800,2100,1776,1999,856,885,800,1496,15.000000953674316,5.263157844543457,0,0,0,5,5,5.263157844543457,0,0,0,0,0,0,0,0,208382.94049072266,202428.38635253906,0,404331982848,8589930496,4145172480,0
