Delta,Time,CPU_FREQUENCY_0,CPU_FREQUENCY_1,CPU_FREQUENCY_10,CPU_FREQUENCY_11,CPU_FREQUENCY_12,CPU_FREQUENCY_13,CPU_FREQUENCY_14,CPU_FREQUENCY_15,CPU_FREQUENCY_2,CPU_FREQUENCY_3,CPU_FREQUENCY_4,CPU_FREQUENCY_5,CPU_FREQUENCY_6,CPU_FREQUENCY_7,CPU_FREQUENCY_8,CPU_FREQUENCY_9,CPU_USAGE_0,CPU_USAGE_1,CPU_USAGE_10,CPU_USAGE_11,CPU_USAGE_12,CPU_USAGE_13,CPU_USAGE_14,CPU_USAGE_15,CPU_USAGE_2,CPU_USAGE_3,CPU_USAGE_4,CPU_USAGE_5,CPU_USAGE_6,CPU_USAGE_7,CPU_USAGE_8,CPU_USAGE_9,DRAM_ENERGY (J),PACKAGE_ENERGY (J),PP0_ENERGY (J),TOTAL_MEMORY,TOTAL_SWAP,USED_MEMORY,USED_SWAP
0,1780500325077,889,1000,1000,800,2000,800,800,1445,800,2100,2099,827,1432,800,1517,2000,10.714285850524902,10.344827651977539,0,3.7037036418914795,3.4482758045196533,0,0,0,3.5714287757873535,3.4482758045196533,3.7037036418914795,0,0,0,0,0,208241.80450439453,195967.55572509766,0,404331982848,8589930496,4133879808,0
199,1780500325077,889,1000,1000,800,2000,800,800,1445,800,2100,2099,827,1432,800,1517,2000,10.714285850524902,10.344827651977539,0,3.7037036418914795,3.4482758045196533,0,0,0,3.5714287757873535,3.4482758045196533,3.7037036418914795,0,0,0,0,0,208241.8087158203,195967.57537841797,0,404331982848,8589930496,4133879808,0
199,1780500325277,889,1000,1000,800,2000,800,800,1445,800,2100,2099,827,1432,800,1517,2000,0,57.894737243652344,80,66.66667175292969,5,0,0,0,0,65,0,0,0,0,0,0,208243.05401611328,195972.8292236328,0,404331982848,8589930496,4141330432,0
199,1780500325477,889,1000,1000,800,2000,800,800,1445,800,2100,2099,827,1432,800,1517,2000,50,4.761904716491699,36.842105865478516,71.42857360839844,0,9.523809432983398,78.94737243652344,65,0,5.263157844543457,0,0,0,0,0,0,208243.75048828125,195978.51318359375,0,404331982848,8589930496,4141330432,0
199,1780500325677,889,1000,1000,800,2000,800,800,1445,800,2100,2099,827,1432,800,1517,2000,25,0,0,80,5,5,85,85,4.761904716491699,0,0,0,0,0,70,0,208244.2255859375,195984.02478027344,0,404331982848,8589930496,4141330432,0
199,1780500325877,889,1000,1000,800,2000,800,800,1445,800,2100,2099,827,1432,800,1517,2000,31.57894515991211,0,9.523809432983398,70,5,5,75,75,0,4.761904716491699,0,0,0,0,57.142860412597656,0,208244.7640991211,195989.5961303711,0,404331982848,8589930496,4141330432,0
0,1780500326078,889,1000,1000,800,2000,800,800,1445,800,2100,2099,827,1432,800,1517,2000,0,0,10,0,0,0,0,0,0,0,0,0,0,0,0,0,208244.91040039063,195992.74670410156,0,404331982848,8589930496,4141330432,0
