Delta,Time,CPU_FREQUENCY_0,CPU_FREQUENCY_1,CPU_FREQUENCY_10,CPU_FREQUENCY_11,CPU_FREQUENCY_12,CPU_FREQUENCY_13,CPU_FREQUENCY_14,CPU_FREQUENCY_15,CPU_FREQUENCY_2,CPU_FREQUENCY_3,CPU_FREQUENCY_4,CPU_FREQUENCY_5,CPU_FREQUENCY_6,CPU_FREQUENCY_7,CPU_FREQUENCY_8,CPU_FREQUENCY_9,CPU_USAGE_0,CPU_USAGE_1,CPU_USAGE_10,CPU_USAGE_11,CPU_USAGE_12,CPU_USAGE_13,CPU_USAGE_14,CPU_USAGE_15,CPU_USAGE_2,CPU_USAGE_3,CPU_USAGE_4,CPU_USAGE_5,CPU_USAGE_6,CPU_USAGE_7,CPU_USAGE_8,CPU_USAGE_9,DRAM_ENERGY (J),PACKAGE_ENERGY (J),PP0_ENERGY (J),TOTAL_MEMORY,TOTAL_SWAP,USED_MEMORY,USED_SWAP
0,1780500419142,2000,800,2000,800,800,1097,800,800,2000,2100,1387,1201,1854,954,1382,800,7.407407283782959,7.407407283782959,3.7037036418914795,3.5714287757873535,0,0,3.7037036418914795,0,0,3.7037036418914795,7.142857551574707,3.5714287757873535,0,7.142857551574707,3.7037036418914795,3.7037036418914795,208270.94189453125,197255.81274414063,0,404331982848,8589930496,4102610944,0
199,1780500419142,2000,800,2000,800,800,1097,800,800,2000,2100,1387,1201,1854,954,1382,800,7.407407283782959,7.407407283782959,3.7037036418914795,3.5714287757873535,0,0,3.7037036418914795,0,0,3.7037036418914795,7.142857551574707,3.5714287757873535,0,7.142857551574707,3.7037036418914795,3.7037036418914795,208270.94189453125,197255.81274414063,0,404331982848,8589930496,4103786496,0
200,1780500419342,2000,800,2000,800,800,1097,800,800,2000,2100,1387,1201,1854,954,1382,800,5,40,61.904762268066406,0,4.761904716491699,0,0,0,60.000003814697266,52.38095474243164,4.761904716491699,0,0,0,15.000000953674316,30.000001907348633,208272.81774902344,197261.626953125,0,404331982848,8589930496,4115652608,0
199,1780500419542,2000,800,2000,800,800,1097,800,800,2000,2100,1387,1201,1854,954,1382,800,0,28.571430206298828,30.000001907348633,0,0,0,0,0,73.68421173095703,70,50,0,0,0,60.000003814697266,0,208275.1749267578,197269.26153564453,0,404331982848,8589930496,4115652608,0
200,1780500419742,2000,800,2000,800,800,1097,800,800,2000,2100,1387,1201,1854,954,1382,800,0,28.571430206298828,30.000001907348633,0,0,0,0,0,73.68421173095703,70,50,0,0,0,60.000003814697266,0,208277.93676757813,197278.0694580078,0,404331982848,8589930496,4115652608,0
0,1780500419942,2000,800,2000,800,800,1097,800,800,2000,2100,1387,1201,1854,954,1382,800,2.5641026496887207,57.5,0,0,0,0,0,0,82.92682647705078,80,84.61538696289063,5,2.5,0,20,10,208280.48931884766,197286.24603271484,0,404331982848,8589930496,4115652608,0
