Delta,Time,CPU_FREQUENCY_0,CPU_FREQUENCY_1,CPU_FREQUENCY_10,CPU_FREQUENCY_11,CPU_FREQUENCY_12,CPU_FREQUENCY_13,CPU_FREQUENCY_14,CPU_FREQUENCY_15,CPU_FREQUENCY_2,CPU_FREQUENCY_3,CPU_FREQUENCY_4,CPU_FREQUENCY_5,CPU_FREQUENCY_6,CPU_FREQUENCY_7,CPU_FREQUENCY_8,CPU_FREQUENCY_9,CPU_USAGE_0,CPU_USAGE_1,CPU_USAGE_10,CPU_USAGE_11,CPU_USAGE_12,CPU_USAGE_13,CPU_USAGE_14,CPU_USAGE_15,CPU_USAGE_2,CPU_USAGE_3,CPU_USAGE_4,CPU_USAGE_5,CPU_USAGE_6,CPU_USAGE_7,CPU_USAGE_8,CPU_USAGE_9,DRAM_ENERGY (J),PACKAGE_ENERGY (J),PP0_ENERGY (J),TOTAL_MEMORY,TOTAL_SWAP,USED_MEMORY,USED_SWAP
0,1780499168049,800,800,800,918,1859,800,800,800,2100,800,800,2100,800,800,800,800,6.6666669845581055,3.4482758045196533,3.4482758045196533,3.4482758045196533,0,7.142857551574707,3.5714287757873535,10,3.5714287757873535,3.5714287757873535,0,0,3.5714287757873535,3.4482758045196533,3.4482758045196533,10.714285850524902,207949.05096435547,180237.9048461914,0,404331982848,8589930496,4150620160,0
199,1780499168049,800,800,800,918,1859,800,800,800,2100,800,800,2100,800,800,800,800,6.6666669845581055,3.4482758045196533,3.4482758045196533,3.4482758045196533,0,7.142857551574707,3.5714287757873535,10,3.5714287757873535,3.5714287757873535,0,0,3.5714287757873535,3.4482758045196533,3.4482758045196533,10.714285850524902,207949.05517578125,180237.92657470703,0,404331982848,8589930496,4150620160,0
200,1780499168249,800,800,800,918,1859,800,800,800,2100,800,800,2100,800,800,800,800,78.94737243652344,0,0,0,0,65,0,55,52.38095474243164,0,0,0,0,0,0,0,207950.43768310547,180243.3628540039,0,404331982848,8589930496,4168044544,0
200,1780499168449,800,800,800,918,1859,800,800,800,2100,800,800,2100,800,800,800,800,55,0,0,0,0,0,0,10,80,5,5,80,76.19047546386719,0,30.000001907348633,0,207953.03283691406,180251.46881103516,0,404331982848,8589930496,4168044544,0
199,1780499168649,800,800,800,918,1859,800,800,800,2100,800,800,2100,800,800,800,800,5,0,0,0,0,0,0,0,66.66667175292969,5,0,80,85,80,25,5,207955.80053710938,180260.20281982422,0,404331982848,8589930496,4168044544,0
199,1780499168849,800,800,800,918,1859,800,800,800,2100,800,800,2100,800,800,800,800,80,0,0,0,0,0,0,0,5.263157844543457,5,9.523809432983398,85.71428680419922,89.47368621826172,85.71428680419922,0,0,207958.5909423828,180268.86407470703,0,404331982848,8589930496,4168044544,0
0,1780499169050,800,800,800,918,1859,800,800,800,2100,800,800,2100,800,800,800,800,0,0,0,0,0,0,0,0,5,0,0,0,0,0,0,0,207958.85327148438,180271.79357910156,0,404331982848,8589930496,4168044544,0
