Delta,Time,CPU_FREQUENCY_0,CPU_FREQUENCY_1,CPU_FREQUENCY_10,CPU_FREQUENCY_11,CPU_FREQUENCY_12,CPU_FREQUENCY_13,CPU_FREQUENCY_14,CPU_FREQUENCY_15,CPU_FREQUENCY_2,CPU_FREQUENCY_3,CPU_FREQUENCY_4,CPU_FREQUENCY_5,CPU_FREQUENCY_6,CPU_FREQUENCY_7,CPU_FREQUENCY_8,CPU_FREQUENCY_9,CPU_USAGE_0,CPU_USAGE_1,CPU_USAGE_10,CPU_USAGE_11,CPU_USAGE_12,CPU_USAGE_13,CPU_USAGE_14,CPU_USAGE_15,CPU_USAGE_2,CPU_USAGE_3,CPU_USAGE_4,CPU_USAGE_5,CPU_USAGE_6,CPU_USAGE_7,CPU_USAGE_8,CPU_USAGE_9,DRAM_ENERGY (J),PACKAGE_ENERGY (J),PP0_ENERGY (J),TOTAL_MEMORY,TOTAL_SWAP,USED_MEMORY,USED_SWAP
0,1780499324680,799,2000,949,814,2000,1100,800,800,800,800,800,800,2100,2100,834,811,0,3.5714287757873535,0,0,0,7.407407283782959,0,0,3.5714287757873535,0,0,7.142857551574707,7.142857551574707,7.142857551574707,3.5714287757873535,0,207988.7387084961,182364.12475585938,0,404331982848,8589930496,4107784192,0
199,1780499324680,799,2000,949,814,2000,1100,800,800,800,800,800,800,2100,2100,834,811,0,3.5714287757873535,0,0,0,7.407407283782959,0,0,3.5714287757873535,0,0,7.142857551574707,7.142857551574707,7.142857551574707,3.5714287757873535,0,207988.74237060547,182364.14587402344,0,404331982848,8589930496,4107784192,0
199,1780499324881,799,2000,949,814,2000,1100,800,800,800,800,800,800,2100,2100,834,811,65,25,0,30.000001907348633,40,0,30.000001907348633,0,25,0,0,0,35,31.57894515991211,0,0,207989.38745117188,182369.4765625,0,404331982848,8589930496,4118077440,0
199,1780499325081,799,2000,949,814,2000,1100,800,800,800,800,800,800,2100,2100,834,811,15.000000953674316,75,0,0,0,0,0,0,89.47368621826172,5,0,4.761904716491699,80,90,0,5,207992.12524414063,182377.76110839844,0,404331982848,8589930496,4120141824,0
199,1780499325281,799,2000,949,814,2000,1100,800,800,800,800,800,800,2100,2100,834,811,20,0,0,5,0,85,70,0,5,0,0,0,20,0,80,65,207993.6177368164,182383.7445678711,0,404331982848,8589930496,4121628672,0
0,1780499325481,799,2000,949,814,2000,1100,800,800,800,800,800,800,2100,2100,834,811,30.000001907348633,0,5,0,19.047618865966797,75,65,60.000003814697266,0,0,0,0,0,0,0,60.000003814697266,207995.02642822266,182389.60498046875,0,404331982848,8589930496,4121628672,0
