Delta,Time,CPU_FREQUENCY_0,CPU_FREQUENCY_1,CPU_FREQUENCY_10,CPU_FREQUENCY_11,CPU_FREQUENCY_12,CPU_FREQUENCY_13,CPU_FREQUENCY_14,CPU_FREQUENCY_15,CPU_FREQUENCY_2,CPU_FREQUENCY_3,CPU_FREQUENCY_4,CPU_FREQUENCY_5,CPU_FREQUENCY_6,CPU_FREQUENCY_7,CPU_FREQUENCY_8,CPU_FREQUENCY_9,CPU_USAGE_0,CPU_USAGE_1,CPU_USAGE_10,CPU_USAGE_11,CPU_USAGE_12,CPU_USAGE_13,CPU_USAGE_14,CPU_USAGE_15,CPU_USAGE_2,CPU_USAGE_3,CPU_USAGE_4,CPU_USAGE_5,CPU_USAGE_6,CPU_USAGE_7,CPU_USAGE_8,CPU_USAGE_9,DRAM_ENERGY (J),PACKAGE_ENERGY (J),PP0_ENERGY (J),TOTAL_MEMORY,TOTAL_SWAP,USED_MEMORY,USED_SWAP
0,1780500199911,800,800,800,800,800,800,800,800,2000,2100,808,831,1016,800,800,1590,0,7.692307949066162,3.7037036418914795,7.407407283782959,0,3.7037036418914795,0,0,3.7037036418914795,7.407407283782959,3.7037036418914795,0,0,3.7037036418914795,3.7037036418914795,3.7037036418914795,208211.6400756836,194264.82849121094,0,404331982848,8589930496,4138209280,0
200,1780500199911,800,800,800,800,800,800,800,800,2000,2100,808,831,1016,800,800,1590,0,7.692307949066162,3.7037036418914795,7.407407283782959,0,3.7037036418914795,0,0,3.7037036418914795,7.407407283782959,3.7037036418914795,0,0,3.7037036418914795,3.7037036418914795,3.7037036418914795,208211.64263916016,194264.85125732422,0,404331982848,8589930496,4138209280,0
199,1780500200111,800,800,800,800,800,800,800,800,2000,2100,808,831,1016,800,800,1590,45,4.761904716491699,0,0,80,55,4.761904716491699,0,4.761904716491699,0,0,0,0,65,9.523809432983398,0,208212.37799072266,194269.80505371094,0,404331982848,8589930496,4141768704,0
199,1780500200311,800,800,800,800,800,800,800,800,2000,2100,808,831,1016,800,800,1590,50,5,0,0,70,70,0,0,0,0,0,0,0,90,30.000001907348633,0,208214.28924560547,194276.24627685547,0,404331982848,8589930496,4143489024,0
199,1780500200511,800,800,800,800,800,800,800,800,2000,2100,808,831,1016,800,800,1590,5.263157844543457,0,0,0,94.73684692382813,85.71428680419922,0,10,0,0,0,0,0,0,85,90,208215.3334350586,194281.79669189453,0,404331982848,8589930496,4143489024,0
199,1780500200712,800,800,800,800,800,800,800,800,2000,2100,808,831,1016,800,800,1590,5,0,0,0,85,80,14.285715103149414,5,0,0,0,0,0,0,85,90,208216.18017578125,194287.3272705078,0,404331982848,8589930496,4143489024,0
0,1780500200912,800,800,800,800,800,800,800,800,2000,2100,808,831,1016,800,800,1590,0,0,0,0,0,0,5,0,0,0,0,0,0,0,0,0,208216.3099975586,194290.35705566406,0,404331982848,8589930496,4143489024,0
