Delta,Time,CPU_FREQUENCY_0,CPU_FREQUENCY_1,CPU_FREQUENCY_10,CPU_FREQUENCY_11,CPU_FREQUENCY_12,CPU_FREQUENCY_13,CPU_FREQUENCY_14,CPU_FREQUENCY_15,CPU_FREQUENCY_2,CPU_FREQUENCY_3,CPU_FREQUENCY_4,CPU_FREQUENCY_5,CPU_FREQUENCY_6,CPU_FREQUENCY_7,CPU_FREQUENCY_8,CPU_FREQUENCY_9,CPU_USAGE_0,CPU_USAGE_1,CPU_USAGE_10,CPU_USAGE_11,CPU_USAGE_12,CPU_USAGE_13,CPU_USAGE_14,CPU_USAGE_15,CPU_USAGE_2,CPU_USAGE_3,CPU_USAGE_4,CPU_USAGE_5,CPU_USAGE_6,CPU_USAGE_7,CPU_USAGE_8,CPU_USAGE_9,DRAM_ENERGY (J),PACKAGE_ENERGY (J),PP0_ENERGY (J),TOTAL_MEMORY,TOTAL_SWAP,USED_MEMORY,USED_SWAP
0,1780500575395,897,1296,800,800,800,1481,1493,1000,800,2099,2000,816,800,800,1881,1000,0,3.5714287757873535,3.5714287757873535,3.5714287757873535,3.5714287757873535,7.692307949066162,0,0,0,0,10.714285850524902,0,3.5714287757873535,3.7037036418914795,3.5714287757873535,0,208325.6182861328,199412.8207397461,0,404331982848,8589930496,4117979136,0
199,1780500575395,897,1296,800,800,800,1481,1493,1000,800,2099,2000,816,800,800,1881,1000,0,3.5714287757873535,3.5714287757873535,3.5714287757873535,3.5714287757873535,7.692307949066162,0,0,0,0,10.714285850524902,0,3.5714287757873535,3.7037036418914795,3.5714287757873535,0,208325.62963867188,199412.84405517578,0,404331982848,8589930496,4117979136,0
199,1780500575596,897,1296,800,800,800,1481,1493,1000,800,2099,2000,816,800,800,1881,1000,0,70,0,0,0,90,52.6315803527832,25,42.85714340209961,0,4.761904716491699,0,0,0,5,0,208326.44659423828,199417.78021240234,0,404331982848,8589930496,4138614784,0
199,1780500575796,897,1296,800,800,800,1481,1493,1000,800,2099,2000,816,800,800,1881,1000,10,15.000000953674316,45,0,0,76.19047546386719,71.42857360839844,80,0,0,0,0,0,0,9.523809432983398,30.000001907348633,208326.85186767578,199423.1332397461,0,404331982848,8589930496,4138614784,0
199,1780500575996,897,1296,800,800,800,1481,1493,1000,800,2099,2000,816,800,800,1881,1000,50,0,35,0,0,75,70,75,0,0,0,0,0,0,5,15.000000953674316,208327.24841308594,199428.7908935547,0,404331982848,8589930496,4138614784,0
199,1780500576196,897,1296,800,800,800,1481,1493,1000,800,2099,2000,816,800,800,1881,1000,10,0,80,0,0,90,85,89.47368621826172,0,0,0,0,0,0,0,10,208327.61584472656,199434.19207763672,0,404331982848,8589930496,4138598400,0
0,1780500576396,897,1296,800,800,800,1481,1493,1000,800,2099,2000,816,800,800,1881,1000,4.761904716491699,0,0,0,0,5,0,0,0,0,0,0,0,0,14.285715103149414,5,208327.70739746094,199437.37524414063,0,404331982848,8589930496,4138598400,0
