Delta,Time,CPU_FREQUENCY_0,CPU_FREQUENCY_1,CPU_FREQUENCY_10,CPU_FREQUENCY_11,CPU_FREQUENCY_12,CPU_FREQUENCY_13,CPU_FREQUENCY_14,CPU_FREQUENCY_15,CPU_FREQUENCY_2,CPU_FREQUENCY_3,CPU_FREQUENCY_4,CPU_FREQUENCY_5,CPU_FREQUENCY_6,CPU_FREQUENCY_7,CPU_FREQUENCY_8,CPU_FREQUENCY_9,CPU_USAGE_0,CPU_USAGE_1,CPU_USAGE_10,CPU_USAGE_11,CPU_USAGE_12,CPU_USAGE_13,CPU_USAGE_14,CPU_USAGE_15,CPU_USAGE_2,CPU_USAGE_3,CPU_USAGE_4,CPU_USAGE_5,CPU_USAGE_6,CPU_USAGE_7,CPU_USAGE_8,CPU_USAGE_9,DRAM_ENERGY (J),PACKAGE_ENERGY (J),PP0_ENERGY (J),TOTAL_MEMORY,TOTAL_SWAP,USED_MEMORY,USED_SWAP
0,1780500606691,800,1075,800,2099,800,800,2000,800,800,2099,800,2000,1506,800,1635,800,0,3.5714287757873535,3.4482758045196533,3.4482758045196533,13.793103218078613,3.5714287757873535,0,6.6666669845581055,10.714285850524902,0,6.896551609039307,6.896551609039307,3.5714287757873535,3.5714287757873535,3.4482758045196533,6.896551609039307,208328.4575805664,199836.25451660156,0,404331982848,8589930496,4122562560,0
199,1780500606691,800,1075,800,2099,800,800,2000,800,800,2099,800,2000,1506,800,1635,800,0,3.5714287757873535,3.4482758045196533,3.4482758045196533,13.793103218078613,3.5714287757873535,0,6.6666669845581055,10.714285850524902,0,6.896551609039307,6.896551609039307,3.5714287757873535,3.5714287757873535,3.4482758045196533,6.896551609039307,208328.46124267578,199836.27618408203,0,404331982848,8589930496,4122562560,0
199,1780500606891,800,1075,800,2099,800,800,2000,800,800,2099,800,2000,1506,800,1635,800,45,0,31.57894515991211,20,0,0,0,0,0,63.6363639831543,57.894737243652344,45,0,0,23.809524536132813,0,208329.28216552734,199841.96520996094,0,404331982848,8589930496,4143718400,0
199,1780500607092,800,1075,800,2099,800,800,2000,800,800,2099,800,2000,1506,800,1635,800,5,0,4.761904716491699,0,0,0,0,0,5,65,75,80,65,0,35,0,208331.64379882813,199849.82452392578,0,404331982848,8589930496,4143718400,0
199,1780500607292,800,1075,800,2099,800,800,2000,800,800,2099,800,2000,1506,800,1635,800,5,0,0,0,0,0,0,0,0,78.94737243652344,90.47618865966797,90,95,5,10,0,208334.42553710938,199858.99542236328,0,404331982848,8589930496,4144201728,0
0,1780500607492,800,1075,800,2099,800,800,2000,800,800,2099,800,2000,1506,800,1635,800,0,0,0,18.18181800842285,0,0,0,0,0,55,75,70,75,0,15.000000953674316,0,208336.93536376953,199867.1703491211,0,404331982848,8589930496,4144201728,0
