Delta,Time,CPU_FREQUENCY_0,CPU_FREQUENCY_1,CPU_FREQUENCY_10,CPU_FREQUENCY_11,CPU_FREQUENCY_12,CPU_FREQUENCY_13,CPU_FREQUENCY_14,CPU_FREQUENCY_15,CPU_FREQUENCY_2,CPU_FREQUENCY_3,CPU_FREQUENCY_4,CPU_FREQUENCY_5,CPU_FREQUENCY_6,CPU_FREQUENCY_7,CPU_FREQUENCY_8,CPU_FREQUENCY_9,CPU_USAGE_0,CPU_USAGE_1,CPU_USAGE_10,CPU_USAGE_11,CPU_USAGE_12,CPU_USAGE_13,CPU_USAGE_14,CPU_USAGE_15,CPU_USAGE_2,CPU_USAGE_3,CPU_USAGE_4,CPU_USAGE_5,CPU_USAGE_6,CPU_USAGE_7,CPU_USAGE_8,CPU_USAGE_9,DRAM_ENERGY (J),PACKAGE_ENERGY (J),PP0_ENERGY (J),TOTAL_MEMORY,TOTAL_SWAP,USED_MEMORY,USED_SWAP
0,1780499605832,2100,808,800,1804,810,800,800,2100,834,2015,800,800,800,2000,800,800,7.407407283782959,3.7037036418914795,0,7.407407283782959,0,3.5714287757873535,3.5714287757873535,3.5714287757873535,0,3.5714287757873535,3.5714287757873535,7.407407283782959,3.7037036418914795,3.7037036418914795,3.5714287757873535,6.896551609039307,208041.65728759766,186157.95666503906,0,404331982848,8589930496,4135555072,0
199,1780499605832,2100,808,800,1804,810,800,800,2100,834,2015,800,800,800,2000,800,800,7.407407283782959,3.7037036418914795,0,7.407407283782959,0,3.5714287757873535,3.5714287757873535,3.5714287757873535,0,3.5714287757873535,3.5714287757873535,7.407407283782959,3.7037036418914795,3.7037036418914795,3.5714287757873535,6.896551609039307,208041.66131591797,186157.97827148438,0,404331982848,8589930496,4135555072,0
199,1780499606032,2100,808,800,1804,810,800,800,2100,834,2015,800,800,800,2000,800,800,35,25,0,85,60.000003814697266,36.842105865478516,5,0,0,0,0,0,0,0,28.571430206298828,0,208042.75372314453,186162.90002441406,0,404331982848,8589930496,4145102848,0
199,1780499606232,2100,808,800,1804,810,800,800,2100,834,2015,800,800,800,2000,800,800,10,4.761904716491699,0,80,85.71428680419922,85.71428680419922,5,20,0,0,0,0,4.761904716491699,0,68.42105102539063,0,208043.71124267578,186168.43017578125,0,404331982848,8589930496,4146073600,0
199,1780499606432,2100,808,800,1804,810,800,800,2100,834,2015,800,800,800,2000,800,800,10.526315689086914,0,0,76.19047546386719,80,85,5,35,0,0,0,0,0,0,50,0,208044.70196533203,186174.0333251953,0,404331982848,8589930496,4146073600,0
0,1780499606632,2100,808,800,1804,810,800,800,2100,834,2015,800,800,800,2000,800,800,9.523809432983398,0,0,65,68.42105102539063,70,5,28.571430206298828,0,0,0,0,0,0,57.894737243652344,0,208045.53051757813,186179.37884521484,0,404331982848,8589930496,4146073600,0
