Delta,Time,CPU_FREQUENCY_0,CPU_FREQUENCY_1,CPU_FREQUENCY_10,CPU_FREQUENCY_11,CPU_FREQUENCY_12,CPU_FREQUENCY_13,CPU_FREQUENCY_14,CPU_FREQUENCY_15,CPU_FREQUENCY_2,CPU_FREQUENCY_3,CPU_FREQUENCY_4,CPU_FREQUENCY_5,CPU_FREQUENCY_6,CPU_FREQUENCY_7,CPU_FREQUENCY_8,CPU_FREQUENCY_9,CPU_USAGE_0,CPU_USAGE_1,CPU_USAGE_10,CPU_USAGE_11,CPU_USAGE_12,CPU_USAGE_13,CPU_USAGE_14,CPU_USAGE_15,CPU_USAGE_2,CPU_USAGE_3,CPU_USAGE_4,CPU_USAGE_5,CPU_USAGE_6,CPU_USAGE_7,CPU_USAGE_8,CPU_USAGE_9,DRAM_ENERGY (J),PACKAGE_ENERGY (J),PP0_ENERGY (J),TOTAL_MEMORY,TOTAL_SWAP,USED_MEMORY,USED_SWAP
0,1780499512178,800,1722,800,800,800,1000,800,1571,800,1100,800,2100,1132,800,1400,800,0,3.846153974533081,0,0,7.692307949066162,3.846153974533081,7.407407283782959,3.846153974533081,4,3.7037036418914795,0,4,11.538461685180664,0,3.7037036418914795,0,208024.99279785156,184892.94213867188,0,404331982848,8589930496,4125315072,0
199,1780499512178,800,1722,800,800,800,1000,800,1571,800,1100,800,2100,1132,800,1400,800,0,3.846153974533081,0,0,7.692307949066162,3.846153974533081,7.407407283782959,3.846153974533081,4,3.7037036418914795,0,4,11.538461685180664,0,3.7037036418914795,0,208025.00341796875,184892.96710205078,0,404331982848,8589930496,4125315072,0
199,1780499512378,800,1722,800,800,800,1000,800,1571,800,1100,800,2100,1132,800,1400,800,52.38095474243164,0,0,0,80.95238494873047,52.6315803527832,0,4.761904716491699,4.761904716491699,0,0,0,66.66667175292969,0,0,5.263157844543457,208026.01568603516,184897.9702758789,0,404331982848,8589930496,4130217984,0
199,1780499512579,800,1722,800,800,800,1000,800,1571,800,1100,800,2100,1132,800,1400,800,21.052631378173828,0,25,0,78.94737243652344,71.42857360839844,5,0,0,0,0,0,60.000003814697266,0,0,60.000003814697266,208027.4536743164,184903.81817626953,0,404331982848,8589930496,4130217984,0
199,1780499512779,800,1722,800,800,800,1000,800,1571,800,1100,800,2100,1132,800,1400,800,30.000001907348633,0,95,0,90.47618865966797,89.47368621826172,5,0,0,0,0,0,0,0,5,60.000003814697266,208029.01196289063,184909.7387084961,0,404331982848,8589930496,4130217984,0
0,1780499512979,800,1722,800,800,800,1000,800,1571,800,1100,800,2100,1132,800,1400,800,5.263157844543457,0,75,0,73.68421173095703,70,15.789472579956055,0,0,0,0,0,0,0,0,65,208029.98779296875,184915.19317626953,0,404331982848,8589930496,4130217984,0
