Delta,Time,CPU_FREQUENCY_0,CPU_FREQUENCY_1,CPU_FREQUENCY_10,CPU_FREQUENCY_11,CPU_FREQUENCY_12,CPU_FREQUENCY_13,CPU_FREQUENCY_14,CPU_FREQUENCY_15,CPU_FREQUENCY_2,CPU_FREQUENCY_3,CPU_FREQUENCY_4,CPU_FREQUENCY_5,CPU_FREQUENCY_6,CPU_FREQUENCY_7,CPU_FREQUENCY_8,CPU_FREQUENCY_9,CPU_USAGE_0,CPU_USAGE_1,CPU_USAGE_10,CPU_USAGE_11,CPU_USAGE_12,CPU_USAGE_13,CPU_USAGE_14,CPU_USAGE_15,CPU_USAGE_2,CPU_USAGE_3,CPU_USAGE_4,CPU_USAGE_5,CPU_USAGE_6,CPU_USAGE_7,CPU_USAGE_8,CPU_USAGE_9,DRAM_ENERGY (J),PACKAGE_ENERGY (J),PP0_ENERGY (J),TOTAL_MEMORY,TOTAL_SWAP,USED_MEMORY,USED_SWAP
0,1780500731852,1442,1012,800,1094,1307,1000,1000,800,2000,800,2100,1218,1291,799,800,1122,3.7037036418914795,3.5714287757873535,3.5714287757873535,3.7037036418914795,0,3.7037036418914795,3.7037036418914795,0,3.7037036418914795,0,7.407407283782959,3.7037036418914795,0,7.142857551574707,3.7037036418914795,3.7037036418914795,208352.22064208984,201540.18951416016,0,404331982848,8589930496,4140716032,0
200,1780500731853,1442,1012,800,1094,1307,1000,1000,800,2000,800,2100,1218,1291,799,800,1122,3.7037036418914795,3.5714287757873535,3.5714287757873535,3.7037036418914795,0,3.7037036418914795,3.7037036418914795,0,3.7037036418914795,0,7.407407283782959,3.7037036418914795,0,7.142857551574707,3.7037036418914795,3.7037036418914795,208352.2308959961,201540.21282958984,0,404331982848,8589930496,4140716032,0
199,1780500732053,1442,1012,800,1094,1307,1000,1000,800,2000,800,2100,1218,1291,799,800,1122,45,20,40,0,0,0,0,0,0,0,0,5,42.85714340209961,63.15789031982422,30.000001907348633,45,208352.9243774414,201545.48553466797,0,404331982848,8589930496,4151263232,0
199,1780500732253,1442,1012,800,1094,1307,1000,1000,800,2000,800,2100,1218,1291,799,800,1122,75,85,0,0,0,0,0,0,0,0,0,0,75,80.95238494873047,20,0,208355.52124023438,201553.6513671875,0,404331982848,8589930496,4151492608,0
199,1780500732453,1442,1012,800,1094,1307,1000,1000,800,2000,800,2100,1218,1291,799,800,1122,50,85,0,0,0,0,0,0,5,0,4.761904716491699,5,80,85,45,0,208358.10571289063,201562.17572021484,0,404331982848,8589930496,4151492608,0
0,1780500732653,1442,1012,800,1094,1307,1000,1000,800,2000,800,2100,1218,1291,799,800,1122,65,80,0,0,0,0,0,0,5.263157844543457,0,0,0,70,75,25,0,208360.9080810547,201570.6600341797,0,404331982848,8589930496,4151488512,0
