Delta,Time,CPU_FREQUENCY_0,CPU_FREQUENCY_1,CPU_FREQUENCY_10,CPU_FREQUENCY_11,CPU_FREQUENCY_12,CPU_FREQUENCY_13,CPU_FREQUENCY_14,CPU_FREQUENCY_15,CPU_FREQUENCY_2,CPU_FREQUENCY_3,CPU_FREQUENCY_4,CPU_FREQUENCY_5,CPU_FREQUENCY_6,CPU_FREQUENCY_7,CPU_FREQUENCY_8,CPU_FREQUENCY_9,CPU_USAGE_0,CPU_USAGE_1,CPU_USAGE_10,CPU_USAGE_11,CPU_USAGE_12,CPU_USAGE_13,CPU_USAGE_14,CPU_USAGE_15,CPU_USAGE_2,CPU_USAGE_3,CPU_USAGE_4,CPU_USAGE_5,CPU_USAGE_6,CPU_USAGE_7,CPU_USAGE_8,CPU_USAGE_9,DRAM_ENERGY (J),PACKAGE_ENERGY (J),PP0_ENERGY (J),TOTAL_MEMORY,TOTAL_SWAP,USED_MEMORY,USED_SWAP
0,1780499668198,2100,964,1508,875,800,1000,800,1483,928,1297,2000,800,967,800,800,800,7.692307949066162,11.111111640930176,0,0,0,0,3.7037036418914795,0,3.846153974533081,0,7.407407283782959,3.846153974533081,0,0,0,0,208062.20086669922,187013.41967773438,0,404331982848,8589930496,4139225088,0
199,1780499668198,2100,964,1508,875,800,1000,800,1483,928,1297,2000,800,967,800,800,800,7.692307949066162,11.111111640930176,0,0,0,0,3.7037036418914795,0,3.846153974533081,0,7.407407283782959,3.846153974533081,0,0,0,0,208062.20086669922,187013.41967773438,0,404331982848,8589930496,4139225088,0
200,1780499668398,2100,964,1508,875,800,1000,800,1483,928,1297,2000,800,967,800,800,800,66.66667175292969,47.36842346191406,76.19047546386719,52.38095474243164,0,4.761904716491699,0,0,5,0,0,0,0,0,0,0,208064.12561035156,187018.86755371094,0,404331982848,8589930496,4153126912,0
199,1780499668598,2100,964,1508,875,800,1000,800,1483,928,1297,2000,800,967,800,800,800,95,5,75,68.42105102539063,0,0,75,0,0,0,0,0,0,0,0,0,208065.28912353516,187024.9473876953,0,404331982848,8589930496,4153126912,0
199,1780499668798,2100,964,1508,875,800,1000,800,1483,928,1297,2000,800,967,800,800,800,15.000000953674316,0,89.47368621826172,80.95238494873047,9.523809432983398,5,84.21052551269531,80,0,0,0,0,0,0,0,0,208065.8028564453,187030.3955078125,0,404331982848,8589930496,4153126912,0
199,1780499668999,2100,964,1508,875,800,1000,800,1483,928,1297,2000,800,967,800,800,800,63.15789031982422,28.571430206298828,9.523809432983398,45,0,5,70,73.68421173095703,5,4.761904716491699,0,0,0,0,23.809524536132813,0,208066.93896484375,187036.5701904297,0,404331982848,8589930496,4153126912,0
0,1780499669199,2100,964,1508,875,800,1000,800,1483,928,1297,2000,800,967,800,800,800,0,10,5.263157844543457,10.526315689086914,0,0,15.000000953674316,15.000000953674316,0,0,0,0,0,0,15.789472579956055,0,208067.40270996094,187040.45123291016,0,404331982848,8589930496,4153384960,0
