Delta,Time,CPU_FREQUENCY_0,CPU_FREQUENCY_1,CPU_FREQUENCY_10,CPU_FREQUENCY_11,CPU_FREQUENCY_12,CPU_FREQUENCY_13,CPU_FREQUENCY_14,CPU_FREQUENCY_15,CPU_FREQUENCY_2,CPU_FREQUENCY_3,CPU_FREQUENCY_4,CPU_FREQUENCY_5,CPU_FREQUENCY_6,CPU_FREQUENCY_7,CPU_FREQUENCY_8,CPU_FREQUENCY_9,CPU_USAGE_0,CPU_USAGE_1,CPU_USAGE_10,CPU_USAGE_11,CPU_USAGE_12,CPU_USAGE_13,CPU_USAGE_14,CPU_USAGE_15,CPU_USAGE_2,CPU_USAGE_3,CPU_USAGE_4,CPU_USAGE_5,CPU_USAGE_6,CPU_USAGE_7,CPU_USAGE_8,CPU_USAGE_9,DRAM_ENERGY (J),PACKAGE_ENERGY (J),PP0_ENERGY (J),TOTAL_MEMORY,TOTAL_SWAP,USED_MEMORY,USED_SWAP
0,1780500168830,800,800,2000,1000,800,1000,800,1000,2000,2100,895,1126,1103,800,2100,1346,7.407407283782959,11.111111640930176,3.7037036418914795,0,7.407407283782959,0,0,0,3.846153974533081,0,0,3.846153974533081,7.692307949066162,3.846153974533081,3.7037036418914795,3.846153974533081,208205.98266601563,193848.04656982422,0,404331982848,8589930496,4134096896,0
199,1780500168830,800,800,2000,1000,800,1000,800,1000,2000,2100,895,1126,1103,800,2100,1346,7.407407283782959,11.111111640930176,3.7037036418914795,0,7.407407283782959,0,0,0,3.846153974533081,0,0,3.846153974533081,7.692307949066162,3.846153974533081,3.7037036418914795,3.846153974533081,208205.99139404297,193848.06958007813,0,404331982848,8589930496,4134096896,0
199,1780500169030,800,800,2000,1000,800,1000,800,1000,2000,2100,895,1126,1103,800,2100,1346,35,0,0,0,0,75,52.38095474243164,9.090909004211426,0,0,0,66.66667175292969,0,0,5,23.809524536132813,208207.24676513672,193853.24255371094,0,404331982848,8589930496,4140990464,0
199,1780500169230,800,800,2000,1000,800,1000,800,1000,2000,2100,895,1126,1103,800,2100,1346,10.526315689086914,0,80,0,0,78.94737243652344,84.21052551269531,0,0,0,0,15.000000953674316,0,0,5,73.68421173095703,208208.30859375,193858.9174194336,0,404331982848,8589930496,4141248512,0
199,1780500169430,800,800,2000,1000,800,1000,800,1000,2000,2100,895,1126,1103,800,2100,1346,10,0,90.47618865966797,0,0,85,85,5,4.761904716491699,0,0,0,0,0,5,85,208209.3712158203,193864.4819946289,0,404331982848,8589930496,4141764608,0
0,1780500169630,800,800,2000,1000,800,1000,800,1000,2000,2100,895,1126,1103,800,2100,1346,0,0,68.42105102539063,0,0,65,66.66667175292969,20,0,0,0,0,0,0,5,66.66667175292969,208210.01489257813,193869.69854736328,0,404331982848,8589930496,4141764608,0
