Delta,Time,CPU_FREQUENCY_0,CPU_FREQUENCY_1,CPU_FREQUENCY_10,CPU_FREQUENCY_11,CPU_FREQUENCY_12,CPU_FREQUENCY_13,CPU_FREQUENCY_14,CPU_FREQUENCY_15,CPU_FREQUENCY_2,CPU_FREQUENCY_3,CPU_FREQUENCY_4,CPU_FREQUENCY_5,CPU_FREQUENCY_6,CPU_FREQUENCY_7,CPU_FREQUENCY_8,CPU_FREQUENCY_9,CPU_USAGE_0,CPU_USAGE_1,CPU_USAGE_10,CPU_USAGE_11,CPU_USAGE_12,CPU_USAGE_13,CPU_USAGE_14,CPU_USAGE_15,CPU_USAGE_2,CPU_USAGE_3,CPU_USAGE_4,CPU_USAGE_5,CPU_USAGE_6,CPU_USAGE_7,CPU_USAGE_8,CPU_USAGE_9,DRAM_ENERGY (J),PACKAGE_ENERGY (J),PP0_ENERGY (J),TOTAL_MEMORY,TOTAL_SWAP,USED_MEMORY,USED_SWAP
0,1780586205965,800,2100,1230,1000,1500,800,800,1123,976,800,799,2000,3200,800,811,1101,0,7.692307949066162,7.407407283782959,3.846153974533081,3.7037036418914795,0,0,3.846153974533081,3.7037036418914795,3.7037036418914795,4,10.714285850524902,0,3.7037036418914795,0,11.111111640930176,221722.30688476563,24778.026489257813,0,404331982848,8589930496,4200026112,0
199,1780586205965,800,2100,1230,1000,1500,800,800,1123,976,800,799,2000,3200,800,811,1101,0,7.692307949066162,7.407407283782959,3.846153974533081,3.7037036418914795,0,0,3.846153974533081,3.7037036418914795,3.7037036418914795,4,10.714285850524902,0,3.7037036418914795,0,11.111111640930176,221722.31018066406,24778.0478515625,0,404331982848,8589930496,4200026112,0
199,1780586206165,800,2100,1230,1000,1500,800,800,1123,976,800,799,2000,3200,800,811,1101,0,0,0,0,0,0,100,0,0,0,0,0,0,0,0,0,221722.6841430664,24782.809020996094,0,404331982848,8589930496,4203896832,0
199,1780586206365,800,2100,1230,1000,1500,800,800,1123,976,800,799,2000,3200,800,811,1101,0,0,0,0,0,0,100,0,0,0,0,0,0,0,0,0,221723.0753173828,24788.122192382813,0,404331982848,8589930496,4204138496,0
199,1780586206565,800,2100,1230,1000,1500,800,800,1123,976,800,799,2000,3200,800,811,1101,0,0,0,0,0,0,100,0,0,0,0,0,0,0,0,0,221723.4810180664,24793.43292236328,0,404331982848,8589930496,4204138496,0
199,1780586206765,800,2100,1230,1000,1500,800,800,1123,976,800,799,2000,3200,800,811,1101,0,0,0,0,0,0,100,0,0,0,0,0,0,0,0,0,221723.8582763672,24798.74658203125,0,404331982848,8589930496,4204138496,0
199,1780586206965,800,2100,1230,1000,1500,800,800,1123,976,800,799,2000,3200,800,811,1101,0,0,0,0,0,0,100,0,0,0,0,0,0,0,0,0,221724.23565673828,24804.182678222656,0,404331982848,8589930496,4204138496,0
0,1780586207166,800,2100,1230,1000,1500,800,800,1123,976,800,799,2000,3200,800,811,1101,0,0,0,0,0,0,95,0,0,0,0,0,0,0,0,0,221724.60388183594,24809.494506835938,0,404331982848,8589930496,4204138496,0
