Delta,Time,CPU_FREQUENCY_0,CPU_FREQUENCY_1,CPU_FREQUENCY_10,CPU_FREQUENCY_11,CPU_FREQUENCY_12,CPU_FREQUENCY_13,CPU_FREQUENCY_14,CPU_FREQUENCY_15,CPU_FREQUENCY_2,CPU_FREQUENCY_3,CPU_FREQUENCY_4,CPU_FREQUENCY_5,CPU_FREQUENCY_6,CPU_FREQUENCY_7,CPU_FREQUENCY_8,CPU_FREQUENCY_9,CPU_USAGE_0,CPU_USAGE_1,CPU_USAGE_10,CPU_USAGE_11,CPU_USAGE_12,CPU_USAGE_13,CPU_USAGE_14,CPU_USAGE_15,CPU_USAGE_2,CPU_USAGE_3,CPU_USAGE_4,CPU_USAGE_5,CPU_USAGE_6,CPU_USAGE_7,CPU_USAGE_8,CPU_USAGE_9,DRAM_ENERGY (J),PACKAGE_ENERGY (J),PP0_ENERGY (J),TOTAL_MEMORY,TOTAL_SWAP,USED_MEMORY,USED_SWAP
0,1780586269121,2100,800,800,1515,800,800,800,2100,2100,1437,830,1000,1621,799,800,1000,3.846153974533081,11.111111640930176,0,0,3.7037036418914795,0,0,0,0,3.846153974533081,0,0,0,3.846153974533081,7.407407283782959,0,221727.59545898438,25628.756713867188,0,404331982848,8589930496,4177412096,0
199,1780586269121,2100,800,800,1515,800,800,800,2100,2100,1437,830,1000,1621,799,800,1000,3.846153974533081,11.111111640930176,0,0,3.7037036418914795,0,0,0,0,3.846153974533081,0,0,0,3.846153974533081,7.407407283782959,0,221727.59765625,25628.778930664063,0,404331982848,8589930496,4178857984,0
199,1780586269321,2100,800,800,1515,800,800,800,2100,2100,1437,830,1000,1621,799,800,1000,0,0,0,0,0,0,100,0,0,0,0,0,0,0,0,0,221727.94989013672,25633.66925048828,0,404331982848,8589930496,4178857984,0
199,1780586269521,2100,800,800,1515,800,800,800,2100,2100,1437,830,1000,1621,799,800,1000,0,0,0,0,0,0,100,0,0,4.761904716491699,0,0,0,0,0,0,221728.30395507813,25638.97235107422,0,404331982848,8589930496,4178857984,0
199,1780586269721,2100,800,800,1515,800,800,800,2100,2100,1437,830,1000,1621,799,800,1000,0,0,0,0,0,0,100,0,0,0,0,0,0,0,0,0,221728.65838623047,25644.270080566406,0,404331982848,8589930496,4178857984,0
199,1780586269921,2100,800,800,1515,800,800,800,2100,2100,1437,830,1000,1621,799,800,1000,0,0,0,0,0,0,100,0,0,0,0,0,0,0,0,0,221729.0177001953,25649.577758789063,0,404331982848,8589930496,4178857984,0
199,1780586270122,2100,800,800,1515,800,800,800,2100,2100,1437,830,1000,1621,799,800,1000,0,0,0,0,0,0,100,0,0,0,0,0,0,0,0,0,221729.3848876953,25654.879638671875,0,404331982848,8589930496,4178857984,0
0,1780586270322,2100,800,800,1515,800,800,800,2100,2100,1437,830,1000,1621,799,800,1000,0,0,0,0,0,0,95,0,0,0,0,0,0,0,0,0,221729.77502441406,25660.177673339844,0,404331982848,8589930496,4178857984,0
