Delta,Time,CPU_FREQUENCY_0,CPU_FREQUENCY_1,CPU_FREQUENCY_10,CPU_FREQUENCY_11,CPU_FREQUENCY_12,CPU_FREQUENCY_13,CPU_FREQUENCY_14,CPU_FREQUENCY_15,CPU_FREQUENCY_2,CPU_FREQUENCY_3,CPU_FREQUENCY_4,CPU_FREQUENCY_5,CPU_FREQUENCY_6,CPU_FREQUENCY_7,CPU_FREQUENCY_8,CPU_FREQUENCY_9,CPU_USAGE_0,CPU_USAGE_1,CPU_USAGE_10,CPU_USAGE_11,CPU_USAGE_12,CPU_USAGE_13,CPU_USAGE_14,CPU_USAGE_15,CPU_USAGE_2,CPU_USAGE_3,CPU_USAGE_4,CPU_USAGE_5,CPU_USAGE_6,CPU_USAGE_7,CPU_USAGE_8,CPU_USAGE_9,DRAM_ENERGY (J),PACKAGE_ENERGY (J),PP0_ENERGY (J),TOTAL_MEMORY,TOTAL_SWAP,USED_MEMORY,USED_SWAP
0,1780586363994,800,2100,800,811,2000,800,800,2100,2088,1374,1495,799,1513,800,800,800,7.407407283782959,3.7037036418914795,0,0,0,0,3.7037036418914795,3.5714287757873535,3.5714287757873535,7.407407283782959,0,0,0,7.407407283782959,0,0,221737.81567382813,26914.552978515625,0,404331982848,8589930496,4153622528,0
199,1780586363994,800,2100,800,811,2000,800,800,2100,2088,1374,1495,799,1513,800,800,800,7.407407283782959,3.7037036418914795,0,0,0,0,3.7037036418914795,3.5714287757873535,3.5714287757873535,7.407407283782959,0,0,0,7.407407283782959,0,0,221737.81951904297,26914.574829101563,0,404331982848,8589930496,4153622528,0
199,1780586364194,800,2100,800,811,2000,800,800,2100,2088,1374,1495,799,1513,800,800,800,0,0,100,0,0,0,0,0,0,0,0,0,0,0,0,0,221738.22882080078,26919.252502441406,0,404331982848,8589930496,4157747200,0
199,1780586364394,800,2100,800,811,2000,800,800,2100,2088,1374,1495,799,1513,800,800,800,0,0,100,0,0,0,0,0,0,0,4.761904716491699,0,0,0,0,0,221738.60565185547,26924.56103515625,0,404331982848,8589930496,4157747200,0
199,1780586364594,800,2100,800,811,2000,800,800,2100,2088,1374,1495,799,1513,800,800,800,0,0,100,0,0,0,0,0,0,0,0,0,0,0,0,0,221738.9962158203,26929.87139892578,0,404331982848,8589930496,4157988864,0
199,1780586364795,800,2100,800,811,2000,800,800,2100,2088,1374,1495,799,1513,800,800,800,0,0,100,0,0,0,0,0,0,0,0,0,0,0,0,0,221739.35766601563,26935.194274902344,0,404331982848,8589930496,4157988864,0
199,1780586364995,800,2100,800,811,2000,800,800,2100,2088,1374,1495,799,1513,800,800,800,0,0,100,0,0,0,0,0,0,0,0,0,0,0,0,0,221739.72729492188,26940.50958251953,0,404331982848,8589930496,4157988864,0
0,1780586365195,800,2100,800,811,2000,800,800,2100,2088,1374,1495,799,1513,800,800,800,0,0,100,0,0,0,0,0,0,0,0,0,0,0,0,0,221740.08422851563,26945.821350097656,0,404331982848,8589930496,4157988864,0
