Delta,Time,CPU_FREQUENCY_0,CPU_FREQUENCY_1,CPU_FREQUENCY_10,CPU_FREQUENCY_11,CPU_FREQUENCY_12,CPU_FREQUENCY_13,CPU_FREQUENCY_14,CPU_FREQUENCY_15,CPU_FREQUENCY_2,CPU_FREQUENCY_3,CPU_FREQUENCY_4,CPU_FREQUENCY_5,CPU_FREQUENCY_6,CPU_FREQUENCY_7,CPU_FREQUENCY_8,CPU_FREQUENCY_9,CPU_USAGE_0,CPU_USAGE_1,CPU_USAGE_10,CPU_USAGE_11,CPU_USAGE_12,CPU_USAGE_13,CPU_USAGE_14,CPU_USAGE_15,CPU_USAGE_2,CPU_USAGE_3,CPU_USAGE_4,CPU_USAGE_5,CPU_USAGE_6,CPU_USAGE_7,CPU_USAGE_8,CPU_USAGE_9,DRAM_ENERGY (J),PACKAGE_ENERGY (J),PP0_ENERGY (J),TOTAL_MEMORY,TOTAL_SWAP,USED_MEMORY,USED_SWAP
0,1778240473827,800,800,800,2000,2100,925,808,800,1500,800,882,1180,925,1000,897,800,4.1666669845581055,4.1666669845581055,0,4.1666669845581055,4.34782600402832,8,4.1666669845581055,4.1666669845581055,4.1666669845581055,4.1666669845581055,4,0,4,0,0,0,171394.48724365234,60277.51965332031,0,404332056576,8589930496,3804188672,0
200,1778240473827,800,800,800,2000,2100,925,808,800,1500,800,882,1180,925,1000,897,800,4.1666669845581055,4.1666669845581055,0,4.1666669845581055,4.34782600402832,8,4.1666669845581055,4.1666669845581055,4.1666669845581055,4.1666669845581055,4,0,4,0,0,0,171394.48724365234,60277.51965332031,0,404332056576,8589930496,3804188672,0
199,1778240474027,800,800,800,2000,2100,925,808,800,1500,800,882,1180,925,1000,897,800,95.23809814453125,0,0,0,4.761904716491699,0,0,0,0,0,0,0,0,0,0,0,171396.267578125,60283.205810546875,0,404332056576,8589930496,3808313344,0
199,1778240474228,800,800,800,2000,2100,925,808,800,1500,800,882,1180,925,1000,897,800,100,0,0,0,0,0,0,0,0,0,0,0,0,0,0,0,171399.12115478516,60290.15753173828,0,404332056576,8589930496,3808313344,0
199,1778240474428,800,800,800,2000,2100,925,808,800,1500,800,882,1180,925,1000,897,800,100,0,0,0,0,0,0,0,0,0,0,0,0,0,0,0,171401.955078125,60297.02722167969,0,404332056576,8589930496,3808313344,0
0,1778240474628,800,800,800,2000,2100,925,808,800,1500,800,882,1180,925,1000,897,800,10,0,0,0,0,0,0,0,0,0,0,0,0,0,0,0,171402.39251708984,60300.25946044922,0,404332056576,8589930496,3809345536,0
