Delta,Time,CPU_FREQUENCY_0,CPU_FREQUENCY_1,CPU_FREQUENCY_10,CPU_FREQUENCY_11,CPU_FREQUENCY_12,CPU_FREQUENCY_13,CPU_FREQUENCY_14,CPU_FREQUENCY_15,CPU_FREQUENCY_2,CPU_FREQUENCY_3,CPU_FREQUENCY_4,CPU_FREQUENCY_5,CPU_FREQUENCY_6,CPU_FREQUENCY_7,CPU_FREQUENCY_8,CPU_FREQUENCY_9,CPU_USAGE_0,CPU_USAGE_1,CPU_USAGE_10,CPU_USAGE_11,CPU_USAGE_12,CPU_USAGE_13,CPU_USAGE_14,CPU_USAGE_15,CPU_USAGE_2,CPU_USAGE_3,CPU_USAGE_4,CPU_USAGE_5,CPU_USAGE_6,CPU_USAGE_7,CPU_USAGE_8,CPU_USAGE_9,DRAM_ENERGY (J),PACKAGE_ENERGY (J),PP0_ENERGY (J),TOTAL_MEMORY,TOTAL_SWAP,USED_MEMORY,USED_SWAP
0,1778236070360,810,1161,800,805,800,800,2100,1016,2099,800,1000,1000,800,800,855,1104,0,4.1666669845581055,4.1666669845581055,8,4,0,4.34782600402832,4.1666669845581055,0,0,4,4.1666669845581055,0,0,4,0,168370.95581054688,259481.45373535156,0,404332056576,8589930496,3756457984,0
199,1778236070360,810,1161,800,805,800,800,2100,1016,2099,800,1000,1000,800,800,855,1104,0,4.1666669845581055,4.1666669845581055,8,4,0,4.34782600402832,4.1666669845581055,0,0,4,4.1666669845581055,0,0,4,0,168370.9603881836,259481.4776611328,0,404332056576,8589930496,3756457984,0
199,1778236070560,810,1161,800,805,800,800,2100,1016,2099,800,1000,1000,800,800,855,1104,100,0,0,0,0,0,0,0,0,0,0,0,0,0,0,0,168373.13287353516,259487.6112060547,0,404332056576,8589930496,3756457984,0
199,1778236070760,810,1161,800,805,800,800,2100,1016,2099,800,1000,1000,800,800,855,1104,38.095237731933594,0,0,0,0,0,0,0,65,0,0,0,0,0,0,0,168375.49444580078,259494.22430419922,0,404332056576,8589930496,3756457984,0
199,1778236070960,810,1161,800,805,800,800,2100,1016,2099,800,1000,1000,800,800,855,1104,0,0,0,0,0,0,0,0,100,0,0,0,0,0,0,0,168378.3828125,259500.98767089844,0,404332056576,8589930496,3756457984,0
0,1778236071161,810,1161,800,805,800,800,2100,1016,2099,800,1000,1000,800,800,855,1104,0,0,0,0,0,0,0,0,10,0,0,0,0,0,0,0,168378.9712524414,259504.39715576172,0,404332056576,8589930496,3756457984,0
