Delta,Time,CPU_FREQUENCY_0,CPU_FREQUENCY_1,CPU_FREQUENCY_10,CPU_FREQUENCY_11,CPU_FREQUENCY_12,CPU_FREQUENCY_13,CPU_FREQUENCY_14,CPU_FREQUENCY_15,CPU_FREQUENCY_2,CPU_FREQUENCY_3,CPU_FREQUENCY_4,CPU_FREQUENCY_5,CPU_FREQUENCY_6,CPU_FREQUENCY_7,CPU_FREQUENCY_8,CPU_FREQUENCY_9,CPU_USAGE_0,CPU_USAGE_1,CPU_USAGE_10,CPU_USAGE_11,CPU_USAGE_12,CPU_USAGE_13,CPU_USAGE_14,CPU_USAGE_15,CPU_USAGE_2,CPU_USAGE_3,CPU_USAGE_4,CPU_USAGE_5,CPU_USAGE_6,CPU_USAGE_7,CPU_USAGE_8,CPU_USAGE_9,DRAM_ENERGY (J),PACKAGE_ENERGY (J),PP0_ENERGY (J),TOTAL_MEMORY,TOTAL_SWAP,USED_MEMORY,USED_SWAP
0,1778244114943,1762,800,2100,1780,1065,800,2099,799,991,1794,1175,1000,1100,3200,2400,2000,4.1666669845581055,4,0,8.333333969116211,0,0,4,0,8,0,4,4,0,4,0,0,173195.82684326172,111005.9916381836,0,404332056576,8589930496,3802423296,0
200,1778244114943,1762,800,2100,1780,1065,800,2099,799,991,1794,1175,1000,1100,3200,2400,2000,4.1666669845581055,4,0,8.333333969116211,0,0,4,0,8,0,4,4,0,4,0,0,173195.82684326172,111005.9916381836,0,404332056576,8589930496,3802423296,0
199,1778244115143,1762,800,2100,1780,1065,800,2099,799,991,1794,1175,1000,1100,3200,2400,2000,100,0,0,0,0,0,0,0,0,0,0,0,0,0,0,0,173198.49169921875,111012.4594116211,0,404332056576,8589930496,3802423296,0
199,1778244115343,1762,800,2100,1780,1065,800,2099,799,991,1794,1175,1000,1100,3200,2400,2000,100,0,0,0,0,0,0,0,0,0,0,0,0,0,0,0,173201.45361328125,111019.40118408203,0,404332056576,8589930496,3802423296,0
0,1778244115543,1762,800,2100,1780,1065,800,2099,799,991,1794,1175,1000,1100,3200,2400,2000,90,0,0,0,0,0,0,0,0,0,0,0,0,0,0,0,173204.26916503906,111026.0703125,0,404332056576,8589930496,3802423296,0
