Delta,Time,CPU_FREQUENCY_0,CPU_FREQUENCY_1,CPU_FREQUENCY_10,CPU_FREQUENCY_11,CPU_FREQUENCY_12,CPU_FREQUENCY_13,CPU_FREQUENCY_14,CPU_FREQUENCY_15,CPU_FREQUENCY_2,CPU_FREQUENCY_3,CPU_FREQUENCY_4,CPU_FREQUENCY_5,CPU_FREQUENCY_6,CPU_FREQUENCY_7,CPU_FREQUENCY_8,CPU_FREQUENCY_9,CPU_USAGE_0,CPU_USAGE_1,CPU_USAGE_10,CPU_USAGE_11,CPU_USAGE_12,CPU_USAGE_13,CPU_USAGE_14,CPU_USAGE_15,CPU_USAGE_2,CPU_USAGE_3,CPU_USAGE_4,CPU_USAGE_5,CPU_USAGE_6,CPU_USAGE_7,CPU_USAGE_8,CPU_USAGE_9,DRAM_ENERGY (J),PACKAGE_ENERGY (J),PP0_ENERGY (J),TOTAL_MEMORY,TOTAL_SWAP,USED_MEMORY,USED_SWAP
0,1778239242621,800,3200,800,800,800,800,800,800,800,854,1000,800,800,1000,2100,1830,4.1666669845581055,0,0,0,4.1666669845581055,4.1666669845581055,4.34782600402832,0,4.1666669845581055,0,4.1666669845581055,0,0,4.1666669845581055,4.1666669845581055,12.5,170356.7465209961,42197.9853515625,0,404332056576,8589930496,3738054656,0
200,1778239242621,800,3200,800,800,800,800,800,800,800,854,1000,800,800,1000,2100,1830,4.1666669845581055,0,0,0,4.1666669845581055,4.1666669845581055,4.34782600402832,0,4.1666669845581055,0,4.1666669845581055,0,0,4.1666669845581055,4.1666669845581055,12.5,170356.7465209961,42197.9853515625,0,404332056576,8589930496,3738054656,0
200,1778239242821,800,3200,800,800,800,800,800,800,800,854,1000,800,800,1000,2100,1830,0,0,0,0,0,0,0,0,0,0,0,0,0,0,100,0,170357.1483154297,42203.119140625,0,404332056576,8589930496,3741925376,0
199,1778239243021,800,3200,800,800,800,800,800,800,800,854,1000,800,800,1000,2100,1830,0,0,0,0,0,0,0,0,0,0,0,0,0,0,100,0,170357.5484008789,42208.48303222656,0,404332056576,8589930496,3741925376,0
0,1778239243221,800,3200,800,800,800,800,800,800,800,854,1000,800,800,1000,2100,1830,0,0,0,0,0,0,0,0,0,0,0,0,0,0,85,0,170357.9656982422,42213.7431640625,0,404332056576,8589930496,3741925376,0
