Delta,Time,CPU_FREQUENCY_0,CPU_FREQUENCY_1,CPU_FREQUENCY_10,CPU_FREQUENCY_11,CPU_FREQUENCY_12,CPU_FREQUENCY_13,CPU_FREQUENCY_14,CPU_FREQUENCY_15,CPU_FREQUENCY_2,CPU_FREQUENCY_3,CPU_FREQUENCY_4,CPU_FREQUENCY_5,CPU_FREQUENCY_6,CPU_FREQUENCY_7,CPU_FREQUENCY_8,CPU_FREQUENCY_9,CPU_USAGE_0,CPU_USAGE_1,CPU_USAGE_10,CPU_USAGE_11,CPU_USAGE_12,CPU_USAGE_13,CPU_USAGE_14,CPU_USAGE_15,CPU_USAGE_2,CPU_USAGE_3,CPU_USAGE_4,CPU_USAGE_5,CPU_USAGE_6,CPU_USAGE_7,CPU_USAGE_8,CPU_USAGE_9,DRAM_ENERGY (J),PACKAGE_ENERGY (J),PP0_ENERGY (J),TOTAL_MEMORY,TOTAL_SWAP,USED_MEMORY,USED_SWAP
0,1778238953959,800,800,800,800,2000,800,2099,800,800,847,953,800,1100,1500,800,800,4,4,4,0,4.1666669845581055,4,4,8,0,0,0,4,4,0,4.1666669845581055,4,170149.18560791016,38110.252990722656,0,404332056576,8589930496,3735138304,0
200,1778238953959,800,800,800,800,2000,800,2099,800,800,847,953,800,1100,1500,800,800,4,4,4,0,4.1666669845581055,4,4,8,0,0,0,4,4,0,4.1666669845581055,4,170149.18560791016,38110.252990722656,0,404332056576,8589930496,3735138304,0
199,1778238954159,800,800,800,800,2000,800,2099,800,800,847,953,800,1100,1500,800,800,100,0,0,0,0,0,0,0,0,0,0,0,0,0,0,0,170151.1661376953,38115.985595703125,0,404332056576,8589930496,3735138304,0
199,1778238954359,800,800,800,800,2000,800,2099,800,800,847,953,800,1100,1500,800,800,100,0,0,0,0,0,0,0,0,0,0,0,0,0,0,0,170154.03204345703,38122.717712402344,0,404332056576,8589930496,3735138304,0
199,1778238954559,800,800,800,800,2000,800,2099,800,800,847,953,800,1100,1500,800,800,100,0,0,0,0,0,0,0,0,0,0,0,0,0,0,0,170156.91174316406,38129.45245361328,0,404332056576,8589930496,3735138304,0
0,1778238954759,800,800,800,800,2000,800,2099,800,800,847,953,800,1100,1500,800,800,10,0,0,0,0,0,0,0,0,0,0,0,0,0,0,0,170157.3504638672,38132.71142578125,0,404332056576,8589930496,3736326144,0
