Delta,Time,CPU_FREQUENCY_0,CPU_FREQUENCY_1,CPU_FREQUENCY_10,CPU_FREQUENCY_11,CPU_FREQUENCY_12,CPU_FREQUENCY_13,CPU_FREQUENCY_14,CPU_FREQUENCY_15,CPU_FREQUENCY_2,CPU_FREQUENCY_3,CPU_FREQUENCY_4,CPU_FREQUENCY_5,CPU_FREQUENCY_6,CPU_FREQUENCY_7,CPU_FREQUENCY_8,CPU_FREQUENCY_9,CPU_USAGE_0,CPU_USAGE_1,CPU_USAGE_10,CPU_USAGE_11,CPU_USAGE_12,CPU_USAGE_13,CPU_USAGE_14,CPU_USAGE_15,CPU_USAGE_2,CPU_USAGE_3,CPU_USAGE_4,CPU_USAGE_5,CPU_USAGE_6,CPU_USAGE_7,CPU_USAGE_8,CPU_USAGE_9,DRAM_ENERGY (J),PACKAGE_ENERGY (J),PP0_ENERGY (J),TOTAL_MEMORY,TOTAL_SWAP,USED_MEMORY,USED_SWAP
0,1778244022185,1000,1399,800,800,800,2100,1398,812,1723,2100,800,800,800,800,800,800,4,0,4,4,8,8,0,12,4,0,7.692307949066162,4,4,4,0,3.846153974533081,173168.06323242188,109746.48291015625,0,404332056576,8589930496,3778367488,0
200,1778244022185,1000,1399,800,800,800,2100,1398,812,1723,2100,800,800,800,800,800,800,4,0,4,4,8,8,0,12,4,0,7.692307949066162,4,4,4,0,3.846153974533081,173168.06799316406,109746.50506591797,0,404332056576,8589930496,3778367488,0
199,1778244022386,1000,1399,800,800,800,2100,1398,812,1723,2100,800,800,800,800,800,800,100,0,0,0,0,0,0,0,0,0,0,0,0,0,0,0,173169.64923095703,109751.95947265625,0,404332056576,8589930496,3778367488,0
199,1778244022586,1000,1399,800,800,800,2100,1398,812,1723,2100,800,800,800,800,800,800,100,0,0,0,0,0,0,0,0,0,0,0,0,0,0,0,173172.525390625,109758.71502685547,0,404332056576,8589930496,3778367488,0
199,1778244022786,1000,1399,800,800,800,2100,1398,812,1723,2100,800,800,800,800,800,800,100,0,0,0,0,0,0,0,0,0,0,0,0,0,0,0,173175.4132080078,109765.47332763672,0,404332056576,8589930496,3780280320,0
0,1778244022986,1000,1399,800,800,800,2100,1398,812,1723,2100,800,800,800,800,800,800,5,0,0,0,0,0,0,0,0,0,0,0,0,0,0,0,173175.8067626953,109768.64050292969,0,404332056576,8589930496,3780280320,0
