Delta,Time,CPU_FREQUENCY_0,CPU_FREQUENCY_1,CPU_FREQUENCY_10,CPU_FREQUENCY_11,CPU_FREQUENCY_12,CPU_FREQUENCY_13,CPU_FREQUENCY_14,CPU_FREQUENCY_15,CPU_FREQUENCY_2,CPU_FREQUENCY_3,CPU_FREQUENCY_4,CPU_FREQUENCY_5,CPU_FREQUENCY_6,CPU_FREQUENCY_7,CPU_FREQUENCY_8,CPU_FREQUENCY_9,CPU_USAGE_0,CPU_USAGE_1,CPU_USAGE_10,CPU_USAGE_11,CPU_USAGE_12,CPU_USAGE_13,CPU_USAGE_14,CPU_USAGE_15,CPU_USAGE_2,CPU_USAGE_3,CPU_USAGE_4,CPU_USAGE_5,CPU_USAGE_6,CPU_USAGE_7,CPU_USAGE_8,CPU_USAGE_9,DRAM_ENERGY (J),PACKAGE_ENERGY (J),PP0_ENERGY (J),TOTAL_MEMORY,TOTAL_SWAP,USED_MEMORY,USED_SWAP
0,1778240948066,913,2000,1244,800,800,800,800,2099,898,800,800,933,965,1500,1276,1260,0,4,4,0,0,4,4,8.333333969116211,4,0,7.692307949066162,0,4,4,0,4,171650.92681884766,66891.0433959961,0,404332056576,8589930496,3782729728,0
199,1778240948066,913,2000,1244,800,800,800,800,2099,898,800,800,933,965,1500,1276,1260,0,4,4,0,0,4,4,8.333333969116211,4,0,7.692307949066162,0,4,4,0,4,171650.92681884766,66891.0433959961,0,404332056576,8589930496,3782729728,0
199,1778240948266,913,2000,1244,800,800,800,800,2099,898,800,800,933,965,1500,1276,1260,100,0,0,0,0,0,0,0,0,0,0,0,0,0,0,0,171653.1953125,66897.1103515625,0,404332056576,8589930496,3782959104,0
199,1778240948466,913,2000,1244,800,800,800,800,2099,898,800,800,933,965,1500,1276,1260,100,0,0,0,0,0,0,4.761904716491699,0,0,0,0,0,0,0,0,171656.00848388672,66903.85705566406,0,404332056576,8589930496,3782959104,0
0,1778240948666,913,2000,1244,800,800,800,800,2099,898,800,800,933,965,1500,1276,1260,90,0,0,0,0,0,0,0,0,0,0,0,0,0,0,0,171658.83764648438,66910.52185058594,0,404332056576,8589930496,3783475200,0
