Delta,Time,CPU_FREQUENCY_0,CPU_FREQUENCY_1,CPU_FREQUENCY_10,CPU_FREQUENCY_11,CPU_FREQUENCY_12,CPU_FREQUENCY_13,CPU_FREQUENCY_14,CPU_FREQUENCY_15,CPU_FREQUENCY_2,CPU_FREQUENCY_3,CPU_FREQUENCY_4,CPU_FREQUENCY_5,CPU_FREQUENCY_6,CPU_FREQUENCY_7,CPU_FREQUENCY_8,CPU_FREQUENCY_9,CPU_USAGE_0,CPU_USAGE_1,CPU_USAGE_10,CPU_USAGE_11,CPU_USAGE_12,CPU_USAGE_13,CPU_USAGE_14,CPU_USAGE_15,CPU_USAGE_2,CPU_USAGE_3,CPU_USAGE_4,CPU_USAGE_5,CPU_USAGE_6,CPU_USAGE_7,CPU_USAGE_8,CPU_USAGE_9,DRAM_ENERGY (J),PACKAGE_ENERGY (J),PP0_ENERGY (J),TOTAL_MEMORY,TOTAL_SWAP,USED_MEMORY,USED_SWAP
0,1778242591403,1581,1100,2000,800,1121,908,986,800,799,800,800,800,800,1524,800,2099,4.1666669845581055,0,4.1666669845581055,4,8,0,0,4.1666669845581055,0,4.1666669845581055,0,8,0,8,4.1666669845581055,8.333333969116211,172343.47686767578,89626.56072998047,0,404332056576,8589930496,3760635904,0
200,1778242591403,1581,1100,2000,800,1121,908,986,800,799,800,800,800,800,1524,800,2099,4.1666669845581055,0,4.1666669845581055,4,8,0,0,4.1666669845581055,0,4.1666669845581055,0,8,0,8,4.1666669845581055,8.333333969116211,172343.47686767578,89626.56072998047,0,404332056576,8589930496,3760635904,0
199,1778242591603,1581,1100,2000,800,1121,908,986,800,799,800,800,800,800,1524,800,2099,100,0,0,0,0,0,0,0,0,0,0,0,0,0,0,0,172345.77325439453,89632.65856933594,0,404332056576,8589930496,3760635904,0
199,1778242591803,1581,1100,2000,800,1121,908,986,800,799,800,800,800,800,1524,800,2099,100,0,0,0,0,0,0,5,0,0,0,0,0,0,0,4.761904716491699,172348.5909423828,89639.48272705078,0,404332056576,8589930496,3763761152,0
0,1778242592003,1581,1100,2000,800,1121,908,986,800,799,800,800,800,800,1524,800,2099,90.90909576416016,0,0,0,0,0,0,0,0,0,0,0,0,0,0,0,172351.4331665039,89646.36059570313,0,404332056576,8589930496,3763761152,0
