Delta,Time,CPU_FREQUENCY_0,CPU_FREQUENCY_1,CPU_FREQUENCY_10,CPU_FREQUENCY_11,CPU_FREQUENCY_12,CPU_FREQUENCY_13,CPU_FREQUENCY_14,CPU_FREQUENCY_15,CPU_FREQUENCY_2,CPU_FREQUENCY_3,CPU_FREQUENCY_4,CPU_FREQUENCY_5,CPU_FREQUENCY_6,CPU_FREQUENCY_7,CPU_FREQUENCY_8,CPU_FREQUENCY_9,CPU_USAGE_0,CPU_USAGE_1,CPU_USAGE_10,CPU_USAGE_11,CPU_USAGE_12,CPU_USAGE_13,CPU_USAGE_14,CPU_USAGE_15,CPU_USAGE_2,CPU_USAGE_3,CPU_USAGE_4,CPU_USAGE_5,CPU_USAGE_6,CPU_USAGE_7,CPU_USAGE_8,CPU_USAGE_9,DRAM_ENERGY (J),PACKAGE_ENERGY (J),PP0_ENERGY (J),TOTAL_MEMORY,TOTAL_SWAP,USED_MEMORY,USED_SWAP
0,1778237579665,2000,3200,2000,809,854,800,800,800,800,800,800,799,1546,2000,2099,1171,0,0,4,8.333333969116211,4,7.692307949066162,0,0,0,0,0,4.1666669845581055,4.1666669845581055,0,4.1666669845581055,4,169028.1942138672,18155.33660888672,0,404332056576,8589930496,3759112192,0
199,1778237579665,2000,3200,2000,809,854,800,800,800,800,800,800,799,1546,2000,2099,1171,0,0,4,8.333333969116211,4,7.692307949066162,0,0,0,0,0,4.1666669845581055,4.1666669845581055,0,4.1666669845581055,4,169028.19775390625,18155.359924316406,0,404332056576,8589930496,3759112192,0
199,1778237579865,2000,3200,2000,809,854,800,800,800,800,800,800,799,1546,2000,2099,1171,100,0,0,0,0,0,0,0,0,0,0,0,0,0,0,0,169030.05114746094,18161.06561279297,0,404332056576,8589930496,3760504832,0
199,1778237580065,2000,3200,2000,809,854,800,800,800,800,800,800,799,1546,2000,2099,1171,100,0,0,0,0,0,0,0,0,0,0,0,0,0,0,0,169032.8724975586,18167.820190429688,0,404332056576,8589930496,3760504832,0
0,1778237580266,2000,3200,2000,809,854,800,800,800,800,800,800,799,1546,2000,2099,1171,95.23809814453125,0,0,0,0,0,0,0,0,0,0,0,0,0,0,0,169035.724609375,18174.558471679688,0,404332056576,8589930496,3760504832,0
