Delta,Time,CPU_FREQUENCY_0,CPU_FREQUENCY_1,CPU_FREQUENCY_10,CPU_FREQUENCY_11,CPU_FREQUENCY_12,CPU_FREQUENCY_13,CPU_FREQUENCY_14,CPU_FREQUENCY_15,CPU_FREQUENCY_2,CPU_FREQUENCY_3,CPU_FREQUENCY_4,CPU_FREQUENCY_5,CPU_FREQUENCY_6,CPU_FREQUENCY_7,CPU_FREQUENCY_8,CPU_FREQUENCY_9,CPU_USAGE_0,CPU_USAGE_1,CPU_USAGE_10,CPU_USAGE_11,CPU_USAGE_12,CPU_USAGE_13,CPU_USAGE_14,CPU_USAGE_15,CPU_USAGE_2,CPU_USAGE_3,CPU_USAGE_4,CPU_USAGE_5,CPU_USAGE_6,CPU_USAGE_7,CPU_USAGE_8,CPU_USAGE_9,DRAM_ENERGY (J),PACKAGE_ENERGY (J),PP0_ENERGY (J),TOTAL_MEMORY,TOTAL_SWAP,USED_MEMORY,USED_SWAP
0,1778244395024,800,1000,800,800,800,2000,2099,1072,800,2000,800,800,911,1340,1506,1181,8.333333969116211,4.1666669845581055,4,0,4,4,4.1666669845581055,8.333333969116211,0,4.1666669845581055,4,0,0,0,4,0,173306.35052490234,114826.80059814453,0,404332056576,8589930496,3793829888,0
200,1778244395024,800,1000,800,800,800,2000,2099,1072,800,2000,800,800,911,1340,1506,1181,8.333333969116211,4.1666669845581055,4,0,4,4,4.1666669845581055,8.333333969116211,0,4.1666669845581055,4,0,0,0,4,0,173306.35052490234,114826.80059814453,0,404332056576,8589930496,3793829888,0
199,1778244395224,800,1000,800,800,800,2000,2099,1072,800,2000,800,800,911,1340,1506,1181,0,0,0,100,0,0,0,0,0,0,0,0,0,0,0,0,173306.72497558594,114831.55505371094,0,404332056576,8589930496,3797958656,0
199,1778244395424,800,1000,800,800,800,2000,2099,1072,800,2000,800,800,911,1340,1506,1181,0,0,0,100,0,0,0,0,0,0,0,0,0,0,0,0,173307.12432861328,114836.89385986328,0,404332056576,8589930496,3797958656,0
0,1778244395625,800,1000,800,800,800,2000,2099,1072,800,2000,800,800,911,1340,1506,1181,0,0,0,100,0,0,0,0,0,0,0,0,0,0,0,0,173307.54901123047,114842.21472167969,0,404332056576,8589930496,3797958656,0
