Delta,Time,CPU_FREQUENCY_0,CPU_FREQUENCY_1,CPU_FREQUENCY_10,CPU_FREQUENCY_11,CPU_FREQUENCY_12,CPU_FREQUENCY_13,CPU_FREQUENCY_14,CPU_FREQUENCY_15,CPU_FREQUENCY_2,CPU_FREQUENCY_3,CPU_FREQUENCY_4,CPU_FREQUENCY_5,CPU_FREQUENCY_6,CPU_FREQUENCY_7,CPU_FREQUENCY_8,CPU_FREQUENCY_9,CPU_USAGE_0,CPU_USAGE_1,CPU_USAGE_10,CPU_USAGE_11,CPU_USAGE_12,CPU_USAGE_13,CPU_USAGE_14,CPU_USAGE_15,CPU_USAGE_2,CPU_USAGE_3,CPU_USAGE_4,CPU_USAGE_5,CPU_USAGE_6,CPU_USAGE_7,CPU_USAGE_8,CPU_USAGE_9,DRAM_ENERGY (J),PACKAGE_ENERGY (J),PP0_ENERGY (J),TOTAL_MEMORY,TOTAL_SWAP,USED_MEMORY,USED_SWAP
0,1778239805924,800,800,807,800,800,1100,800,2099,1999,1445,800,800,800,800,1523,800,8,4.34782600402832,0,4.1666669845581055,0,4,4,0,0,8,4,4.1666669845581055,4.1666669845581055,0,4.1666669845581055,4,170915.6026611328,50498.46044921875,0,404332056576,8589930496,3773423616,0
199,1778239805925,800,800,807,800,800,1100,800,2099,1999,1445,800,800,800,800,1523,800,8,4.34782600402832,0,4.1666669845581055,0,4,4,0,0,8,4,4.1666669845581055,4.1666669845581055,0,4.1666669845581055,4,170915.61492919922,50498.48327636719,0,404332056576,8589930496,3773423616,0
199,1778239806125,800,800,807,800,800,1100,800,2099,1999,1445,800,800,800,800,1523,800,0,0,0,0,0,0,0,0,0,0,0,0,0,0,100,0,170916.1449584961,50502.949157714844,0,404332056576,8589930496,3773423616,0
199,1778239806325,800,800,807,800,800,1100,800,2099,1999,1445,800,800,800,800,1523,800,0,0,0,0,0,0,0,0,0,0,0,0,0,0,100,0,170916.6332397461,50508.460693359375,0,404332056576,8589930496,3773423616,0
199,1778239806525,800,800,807,800,800,1100,800,2099,1999,1445,800,800,800,800,1523,800,0,0,0,0,0,0,5.263157844543457,0,0,0,0,0,0,0,100,0,170917.111328125,50513.77911376953,0,404332056576,8589930496,3773423616,0
0,1778239806725,800,800,807,800,800,1100,800,2099,1999,1445,800,800,800,800,1523,800,0,4.761904716491699,0,0,0,0,0,0,0,0,0,0,0,0,5,0,170917.22454833984,50516.82434082031,0,404332056576,8589930496,3773423616,0
