Delta,Time,CPU_FREQUENCY_0,CPU_FREQUENCY_1,CPU_FREQUENCY_10,CPU_FREQUENCY_11,CPU_FREQUENCY_12,CPU_FREQUENCY_13,CPU_FREQUENCY_14,CPU_FREQUENCY_15,CPU_FREQUENCY_2,CPU_FREQUENCY_3,CPU_FREQUENCY_4,CPU_FREQUENCY_5,CPU_FREQUENCY_6,CPU_FREQUENCY_7,CPU_FREQUENCY_8,CPU_FREQUENCY_9,CPU_USAGE_0,CPU_USAGE_1,CPU_USAGE_10,CPU_USAGE_11,CPU_USAGE_12,CPU_USAGE_13,CPU_USAGE_14,CPU_USAGE_15,CPU_USAGE_2,CPU_USAGE_3,CPU_USAGE_4,CPU_USAGE_5,CPU_USAGE_6,CPU_USAGE_7,CPU_USAGE_8,CPU_USAGE_9,DRAM_ENERGY (J),PACKAGE_ENERGY (J),PP0_ENERGY (J),TOTAL_MEMORY,TOTAL_SWAP,USED_MEMORY,USED_SWAP
0,1778243836248,800,800,800,1300,800,2099,1353,1128,800,811,1510,800,800,800,800,800,0,0,0,0,4,0,8.333333969116211,4,4,4,4,7.692307949066162,4.1666669845581055,4,4,4,173105.94079589844,107203.3353881836,0,404332056576,8589930496,3739447296,0
199,1778243836248,800,800,800,1300,800,2099,1353,1128,800,811,1510,800,800,800,800,800,0,0,0,0,4,0,8.333333969116211,4,4,4,4,7.692307949066162,4.1666669845581055,4,4,4,173105.9451904297,107203.35888671875,0,404332056576,8589930496,3739447296,0
199,1778243836448,800,800,800,1300,800,2099,1353,1128,800,811,1510,800,800,800,800,800,100,0,0,0,0,0,0,0,0,0,0,0,0,4.761904716491699,0,0,173107.6851196289,107209.08850097656,0,404332056576,8589930496,3739447296,0
199,1778243836648,800,800,800,1300,800,2099,1353,1128,800,811,1510,800,800,800,800,800,100,0,0,0,0,0,0,0,0,0,0,0,0,0,0,0,173110.5968017578,107216.0400390625,0,404332056576,8589930496,3741323264,0
199,1778243836848,800,800,800,1300,800,2099,1353,1128,800,811,1510,800,800,800,800,800,100,0,0,0,0,0,4.761904716491699,0,0,0,0,0,0,0,0,0,173113.51654052734,107222.99920654297,0,404332056576,8589930496,3741323264,0
0,1778243837048,800,800,800,1300,800,2099,1353,1128,800,811,1510,800,800,800,800,800,10.526315689086914,0,0,0,0,0,0,0,0,0,0,0,0,0,0,0,173114.17712402344,107226.49517822266,0,404332056576,8589930496,3741323264,0
