Delta,Time,CPU_FREQUENCY_0,CPU_FREQUENCY_1,CPU_FREQUENCY_10,CPU_FREQUENCY_11,CPU_FREQUENCY_12,CPU_FREQUENCY_13,CPU_FREQUENCY_14,CPU_FREQUENCY_15,CPU_FREQUENCY_2,CPU_FREQUENCY_3,CPU_FREQUENCY_4,CPU_FREQUENCY_5,CPU_FREQUENCY_6,CPU_FREQUENCY_7,CPU_FREQUENCY_8,CPU_FREQUENCY_9,CPU_USAGE_0,CPU_USAGE_1,CPU_USAGE_10,CPU_USAGE_11,CPU_USAGE_12,CPU_USAGE_13,CPU_USAGE_14,CPU_USAGE_15,CPU_USAGE_2,CPU_USAGE_3,CPU_USAGE_4,CPU_USAGE_5,CPU_USAGE_6,CPU_USAGE_7,CPU_USAGE_8,CPU_USAGE_9,DRAM_ENERGY (J),PACKAGE_ENERGY (J),PP0_ENERGY (J),TOTAL_MEMORY,TOTAL_SWAP,USED_MEMORY,USED_SWAP
0,1778237136150,800,2000,800,1731,800,1178,1000,800,800,800,2099,800,800,799,800,800,0,8.333333969116211,0,4.1666669845581055,4.1666669845581055,4.1666669845581055,4.1666669845581055,4,0,8,4.1666669845581055,4.1666669845581055,8,0,4.1666669845581055,0,168877.5922241211,12011.888122558594,0,404332056576,8589930496,3737739264,0
200,1778237136150,800,2000,800,1731,800,1178,1000,800,800,800,2099,800,800,799,800,800,0,8.333333969116211,0,4.1666669845581055,4.1666669845581055,4.1666669845581055,4.1666669845581055,4,0,8,4.1666669845581055,4.1666669845581055,8,0,4.1666669845581055,0,168877.5922241211,12011.888122558594,0,404332056576,8589930496,3737739264,0
199,1778237136350,800,2000,800,1731,800,1178,1000,800,800,800,2099,800,800,799,800,800,0,0,0,0,0,100,0,0,0,0,0,0,0,0,0,0,168878.07202148438,12016.5947265625,0,404332056576,8589930496,3741609984,0
199,1778237136551,800,2000,800,1731,800,1178,1000,800,800,800,2099,800,800,799,800,800,0,0,0,0,0,100,0,0,0,0,0,0,0,0,0,0,168878.49682617188,12022.121459960938,0,404332056576,8589930496,3741609984,0
199,1778237136751,800,2000,800,1731,800,1178,1000,800,800,800,2099,800,800,799,800,800,0,0,0,0,0,100,0,0,0,0,0,0,0,0,0,0,168878.93774414063,12027.4736328125,0,404332056576,8589930496,3741609984,0
0,1778237136951,800,2000,800,1731,800,1178,1000,800,800,800,2099,800,800,799,800,800,0,0,0,0,0,5,0,0,0,0,0,0,0,0,0,0,168879.0213623047,12030.564636230469,0,404332056576,8589930496,3742584832,0
