Delta,Time,CPU_FREQUENCY_0,CPU_FREQUENCY_1,CPU_FREQUENCY_10,CPU_FREQUENCY_11,CPU_FREQUENCY_12,CPU_FREQUENCY_13,CPU_FREQUENCY_14,CPU_FREQUENCY_15,CPU_FREQUENCY_2,CPU_FREQUENCY_3,CPU_FREQUENCY_4,CPU_FREQUENCY_5,CPU_FREQUENCY_6,CPU_FREQUENCY_7,CPU_FREQUENCY_8,CPU_FREQUENCY_9,CPU_USAGE_0,CPU_USAGE_1,CPU_USAGE_10,CPU_USAGE_11,CPU_USAGE_12,CPU_USAGE_13,CPU_USAGE_14,CPU_USAGE_15,CPU_USAGE_2,CPU_USAGE_3,CPU_USAGE_4,CPU_USAGE_5,CPU_USAGE_6,CPU_USAGE_7,CPU_USAGE_8,CPU_USAGE_9,DRAM_ENERGY (J),PACKAGE_ENERGY (J),PP0_ENERGY (J),TOTAL_MEMORY,TOTAL_SWAP,USED_MEMORY,USED_SWAP
0,1778240823643,800,800,800,800,2100,864,965,1317,800,2100,800,2000,800,800,800,800,0,0,8,0,4.1666669845581055,4,4,12,4,4,0,0,0,4,0,4,171623.9034423828,65210.27618408203,0,404332056576,8589930496,3782316032,0
200,1778240823643,800,800,800,800,2100,864,965,1317,800,2100,800,2000,800,800,800,800,0,0,8,0,4.1666669845581055,4,4,12,4,4,0,0,0,4,0,4,171623.9034423828,65210.27618408203,0,404332056576,8589930496,3782316032,0
199,1778240823843,800,800,800,800,2100,864,965,1317,800,2100,800,2000,800,800,800,800,0,0,0,0,0,0,0,100,0,0,0,0,0,0,0,0,171624.37048339844,65214.56231689453,0,404332056576,8589930496,3789541376,0
199,1778240824043,800,800,800,800,2100,864,965,1317,800,2100,800,2000,800,800,800,800,0,0,0,0,0,0,0,100,0,0,0,0,0,0,0,0,171624.83740234375,65219.87243652344,0,404332056576,8589930496,3789541376,0
199,1778240824244,800,800,800,800,2100,864,965,1317,800,2100,800,2000,800,800,800,800,0,0,0,0,0,0,0,100,0,0,0,0,0,0,0,0,171625.3243408203,65225.20684814453,0,404332056576,8589930496,3789541376,0
0,1778240824444,800,800,800,800,2100,864,965,1317,800,2100,800,2000,800,800,800,800,0,0,0,0,0,0,0,15.789472579956055,0,0,0,0,0,0,4.761904716491699,0,171625.42553710938,65228.46954345703,0,404332056576,8589930496,3789541376,0
