Delta,Time,CPU_FREQUENCY_0,CPU_FREQUENCY_1,CPU_FREQUENCY_10,CPU_FREQUENCY_11,CPU_FREQUENCY_12,CPU_FREQUENCY_13,CPU_FREQUENCY_14,CPU_FREQUENCY_15,CPU_FREQUENCY_2,CPU_FREQUENCY_3,CPU_FREQUENCY_4,CPU_FREQUENCY_5,CPU_FREQUENCY_6,CPU_FREQUENCY_7,CPU_FREQUENCY_8,CPU_FREQUENCY_9,CPU_USAGE_0,CPU_USAGE_1,CPU_USAGE_10,CPU_USAGE_11,CPU_USAGE_12,CPU_USAGE_13,CPU_USAGE_14,CPU_USAGE_15,CPU_USAGE_2,CPU_USAGE_3,CPU_USAGE_4,CPU_USAGE_5,CPU_USAGE_6,CPU_USAGE_7,CPU_USAGE_8,CPU_USAGE_9,DRAM_ENERGY (J),PACKAGE_ENERGY (J),PP0_ENERGY (J),TOTAL_MEMORY,TOTAL_SWAP,USED_MEMORY,USED_SWAP
0,1778243991325,800,1627,2100,1078,1257,811,2099,800,842,800,1637,2000,1000,2000,800,800,4.1666669845581055,7.692307949066162,3.846153974533081,4,0,0,3.846153974533081,7.407407283782959,4,3.846153974533081,15.384615898132324,3.846153974533081,53.84615707397461,0,3.846153974533081,4,173151.80841064453,109311.4525756836,0,404332056576,8589930496,3762831360,0
199,1778243991325,800,1627,2100,1078,1257,811,2099,800,842,800,1637,2000,1000,2000,800,800,4.1666669845581055,7.692307949066162,3.846153974533081,4,0,0,3.846153974533081,7.407407283782959,4,3.846153974533081,15.384615898132324,3.846153974533081,53.84615707397461,0,3.846153974533081,4,173151.82342529297,109311.4814453125,0,404332056576,8589930496,3762831360,0
199,1778243991525,800,1627,2100,1078,1257,811,2099,800,842,800,1637,2000,1000,2000,800,800,0,0,100,0,0,0,0,0,0,73.68421173095703,20,0,5.263157844543457,0,0,0,173152.8394165039,109317.12451171875,0,404332056576,8589930496,3789123584,0
199,1778243991725,800,1627,2100,1078,1257,811,2099,800,842,800,1637,2000,1000,2000,800,800,0,0,100,0,0,0,0,0,0,100,0,0,0,4.761904716491699,0,0,173153.53857421875,109323.1372680664,0,404332056576,8589930496,3838668800,0
0,1778243991925,800,1627,2100,1078,1257,811,2099,800,842,800,1637,2000,1000,2000,800,800,0,0,94.73684692382813,0,0,0,0,0,0,100,0,0,0,0,0,0,173154.27960205078,109329.14532470703,0,404332056576,8589930496,3879956480,0
