Delta,Time,CPU_FREQUENCY_0,CPU_FREQUENCY_1,CPU_FREQUENCY_10,CPU_FREQUENCY_11,CPU_FREQUENCY_12,CPU_FREQUENCY_13,CPU_FREQUENCY_14,CPU_FREQUENCY_15,CPU_FREQUENCY_2,CPU_FREQUENCY_3,CPU_FREQUENCY_4,CPU_FREQUENCY_5,CPU_FREQUENCY_6,CPU_FREQUENCY_7,CPU_FREQUENCY_8,CPU_FREQUENCY_9,CPU_USAGE_0,CPU_USAGE_1,CPU_USAGE_10,CPU_USAGE_11,CPU_USAGE_12,CPU_USAGE_13,CPU_USAGE_14,CPU_USAGE_15,CPU_USAGE_2,CPU_USAGE_3,CPU_USAGE_4,CPU_USAGE_5,CPU_USAGE_6,CPU_USAGE_7,CPU_USAGE_8,CPU_USAGE_9,DRAM_ENERGY (J),PACKAGE_ENERGY (J),PP0_ENERGY (J),TOTAL_MEMORY,TOTAL_SWAP,USED_MEMORY,USED_SWAP
0,1778242901535,2000,903,800,800,800,800,3200,800,2000,800,800,1100,800,823,800,2099,4.1666669845581055,0,4.1666669845581055,4.1666669845581055,4.1666669845581055,4.1666669845581055,0,4.1666669845581055,4.1666669845581055,4.1666669845581055,4.1666669845581055,8,0,4.1666669845581055,8,8.333333969116211,172449.9678955078,93848.93450927734,0,404332056576,8589930496,3785310208,0
200,1778242901535,2000,903,800,800,800,800,3200,800,2000,800,800,1100,800,823,800,2099,4.1666669845581055,0,4.1666669845581055,4.1666669845581055,4.1666669845581055,4.1666669845581055,0,4.1666669845581055,4.1666669845581055,4.1666669845581055,4.1666669845581055,8,0,4.1666669845581055,8,8.333333969116211,172449.9715576172,93848.95733642578,0,404332056576,8589930496,3785310208,0
199,1778242901735,2000,903,800,800,800,800,3200,800,2000,800,800,1100,800,823,800,2099,100,0,0,0,0,0,0,0,0,0,0,0,0,0,0,0,172451.66278076172,93854.7554321289,0,404332056576,8589930496,3786801152,0
199,1778242901935,2000,903,800,800,800,800,3200,800,2000,800,800,1100,800,823,800,2099,100,0,0,0,0,0,0,0,0,0,0,0,0,0,0,0,172454.48474121094,93861.72106933594,0,404332056576,8589930496,3786801152,0
199,1778242902135,2000,903,800,800,800,800,3200,800,2000,800,800,1100,800,823,800,2099,100,0,0,0,0,0,0,0,0,0,0,0,0,0,0,0,172457.32635498047,93868.6724243164,0,404332056576,8589930496,3786801152,0
0,1778242902335,2000,903,800,800,800,800,3200,800,2000,800,800,1100,800,823,800,2099,10,0,0,0,0,0,0,0,0,0,0,0,0,0,0,0,172457.87329101563,93872.04797363281,0,404332056576,8589930496,3786801152,0
