Delta,Time,CPU_FREQUENCY_0,CPU_FREQUENCY_1,CPU_FREQUENCY_10,CPU_FREQUENCY_11,CPU_FREQUENCY_12,CPU_FREQUENCY_13,CPU_FREQUENCY_14,CPU_FREQUENCY_15,CPU_FREQUENCY_2,CPU_FREQUENCY_3,CPU_FREQUENCY_4,CPU_FREQUENCY_5,CPU_FREQUENCY_6,CPU_FREQUENCY_7,CPU_FREQUENCY_8,CPU_FREQUENCY_9,CPU_USAGE_0,CPU_USAGE_1,CPU_USAGE_10,CPU_USAGE_11,CPU_USAGE_12,CPU_USAGE_13,CPU_USAGE_14,CPU_USAGE_15,CPU_USAGE_2,CPU_USAGE_3,CPU_USAGE_4,CPU_USAGE_5,CPU_USAGE_6,CPU_USAGE_7,CPU_USAGE_8,CPU_USAGE_9,DRAM_ENERGY (J),PACKAGE_ENERGY (J),PP0_ENERGY (J),TOTAL_MEMORY,TOTAL_SWAP,USED_MEMORY,USED_SWAP
0,1778241338895,800,1017,1919,817,800,835,800,800,809,2099,800,800,800,800,2000,2099,0,4,4,4.1666669845581055,0,0,11.538461685180664,7.692307949066162,4,7.692307949066162,0,4,4,0,0,0,171918.10723876953,72487.8369140625,0,404332056576,8589930496,3780481024,0
199,1778241338895,800,1017,1919,817,800,835,800,800,809,2099,800,800,800,800,2000,2099,0,4,4,4.1666669845581055,0,0,11.538461685180664,7.692307949066162,4,7.692307949066162,0,4,4,0,0,0,171918.1098022461,72487.87902832031,0,404332056576,8589930496,3780481024,0
199,1778241339095,800,1017,1919,817,800,835,800,800,809,2099,800,800,800,800,2000,2099,100,0,0,0,0,0,0,0,0,0,0,0,0,0,0,0,171920.21752929688,72493.70050048828,0,404332056576,8589930496,3780481024,0
199,1778241339295,800,1017,1919,817,800,835,800,800,809,2099,800,800,800,800,2000,2099,100,0,0,0,0,0,4.761904716491699,0,0,0,0,0,0,0,0,0,171923.14990234375,72500.63397216797,0,404332056576,8589930496,3780481024,0
0,1778241339495,800,1017,1919,817,800,835,800,800,809,2099,800,800,800,800,2000,2099,100,0,0,0,0,0,0,5,0,0,0,0,0,0,0,0,171926.10473632813,72507.45513916016,0,404332056576,8589930496,3780481024,0
