Delta,Time,CPU_FREQUENCY_0,CPU_FREQUENCY_1,CPU_FREQUENCY_10,CPU_FREQUENCY_11,CPU_FREQUENCY_12,CPU_FREQUENCY_13,CPU_FREQUENCY_14,CPU_FREQUENCY_15,CPU_FREQUENCY_2,CPU_FREQUENCY_3,CPU_FREQUENCY_4,CPU_FREQUENCY_5,CPU_FREQUENCY_6,CPU_FREQUENCY_7,CPU_FREQUENCY_8,CPU_FREQUENCY_9,CPU_USAGE_0,CPU_USAGE_1,CPU_USAGE_10,CPU_USAGE_11,CPU_USAGE_12,CPU_USAGE_13,CPU_USAGE_14,CPU_USAGE_15,CPU_USAGE_2,CPU_USAGE_3,CPU_USAGE_4,CPU_USAGE_5,CPU_USAGE_6,CPU_USAGE_7,CPU_USAGE_8,CPU_USAGE_9,DRAM_ENERGY (J),PACKAGE_ENERGY (J),PP0_ENERGY (J),TOTAL_MEMORY,TOTAL_SWAP,USED_MEMORY,USED_SWAP
0,1778238483993,1046,891,800,800,800,2100,2099,1326,800,799,800,800,1173,1000,802,856,0,8.333333969116211,4.1666669845581055,4.1666669845581055,0,0,12.5,4.1666669845581055,8,4.1666669845581055,4.1666669845581055,4.1666669845581055,0,4.34782600402832,8.333333969116211,8,169499.75579833984,31016.31756591797,0,404332056576,8589930496,3758432256,0
200,1778238483993,1046,891,800,800,800,2100,2099,1326,800,799,800,800,1173,1000,802,856,0,8.333333969116211,4.1666669845581055,4.1666669845581055,0,0,12.5,4.1666669845581055,8,4.1666669845581055,4.1666669845581055,4.1666669845581055,0,4.34782600402832,8.333333969116211,8,169499.7596435547,31016.338317871094,0,404332056576,8589930496,3758432256,0
199,1778238484193,1046,891,800,800,800,2100,2099,1326,800,799,800,800,1173,1000,802,856,0,0,0,0,0,0,0,0,0,0,0,100,0,0,0,0,169501.45977783203,31021.858520507813,0,404332056576,8589930496,3762556928,0
199,1778238484394,1046,891,800,800,800,2100,2099,1326,800,799,800,800,1173,1000,802,856,0,0,0,0,0,0,0,0,0,0,0,100,0,0,0,0,169504.34423828125,31028.596923828125,0,404332056576,8589930496,3762556928,0
199,1778238484594,1046,891,800,800,800,2100,2099,1326,800,799,800,800,1173,1000,802,856,0,0,0,0,0,0,4.761904716491699,0,0,0,0,100,0,0,0,0,169507.20922851563,31035.330139160156,0,404332056576,8589930496,3762556928,0
0,1778238484794,1046,891,800,800,800,2100,2099,1326,800,799,800,800,1173,1000,802,856,4.761904716491699,0,0,0,0,0,5.263157844543457,0,0,0,0,0,0,0,0,0,169507.5502319336,31038.539306640625,0,404332056576,8589930496,3763974144,0
