Delta,Time,CPU_FREQUENCY_0,CPU_FREQUENCY_1,CPU_FREQUENCY_10,CPU_FREQUENCY_11,CPU_FREQUENCY_12,CPU_FREQUENCY_13,CPU_FREQUENCY_14,CPU_FREQUENCY_15,CPU_FREQUENCY_2,CPU_FREQUENCY_3,CPU_FREQUENCY_4,CPU_FREQUENCY_5,CPU_FREQUENCY_6,CPU_FREQUENCY_7,CPU_FREQUENCY_8,CPU_FREQUENCY_9,CPU_USAGE_0,CPU_USAGE_1,CPU_USAGE_10,CPU_USAGE_11,CPU_USAGE_12,CPU_USAGE_13,CPU_USAGE_14,CPU_USAGE_15,CPU_USAGE_2,CPU_USAGE_3,CPU_USAGE_4,CPU_USAGE_5,CPU_USAGE_6,CPU_USAGE_7,CPU_USAGE_8,CPU_USAGE_9,DRAM_ENERGY (J),PACKAGE_ENERGY (J),PP0_ENERGY (J),TOTAL_MEMORY,TOTAL_SWAP,USED_MEMORY,USED_SWAP
0,1778236350816,2099,1503,800,800,800,800,2079,814,800,1011,800,800,800,988,815,800,4.1666669845581055,0,0,4.1666669845581055,0,0,0,8.333333969116211,0,4.1666669845581055,0,0,4.1666669845581055,4.1666669845581055,0,4.1666669845581055,168490.51904296875,1168.6997680664063,0,404332056576,8589930496,3747598336,0
200,1778236350816,2099,1503,800,800,800,800,2079,814,800,1011,800,800,800,988,815,800,4.1666669845581055,0,0,4.1666669845581055,0,0,0,8.333333969116211,0,4.1666669845581055,0,0,4.1666669845581055,4.1666669845581055,0,4.1666669845581055,168490.51904296875,1168.6997680664063,0,404332056576,8589930496,3747598336,0
199,1778236351016,2099,1503,800,800,800,800,2079,814,800,1011,800,800,800,988,815,800,100,0,0,0,0,0,0,0,0,0,0,0,0,0,0,0,168492.62145996094,1174.7384033203125,0,404332056576,8589930496,3747598336,0
199,1778236351216,2099,1503,800,800,800,800,2079,814,800,1011,800,800,800,988,815,800,100,0,0,0,0,0,0,0,0,0,0,0,0,0,0,0,168495.54010009766,1181.6776123046875,0,404332056576,8589930496,3747598336,0
0,1778236351417,2099,1503,800,800,800,800,2079,814,800,1011,800,800,800,988,815,800,95,0,0,0,0,0,0,0,0,0,0,0,0,0,0,0,168498.46124267578,1188.535888671875,0,404332056576,8589930496,3747598336,0
