Delta,Time,CPU_FREQUENCY_0,CPU_FREQUENCY_1,CPU_FREQUENCY_10,CPU_FREQUENCY_11,CPU_FREQUENCY_12,CPU_FREQUENCY_13,CPU_FREQUENCY_14,CPU_FREQUENCY_15,CPU_FREQUENCY_2,CPU_FREQUENCY_3,CPU_FREQUENCY_4,CPU_FREQUENCY_5,CPU_FREQUENCY_6,CPU_FREQUENCY_7,CPU_FREQUENCY_8,CPU_FREQUENCY_9,CPU_USAGE_0,CPU_USAGE_1,CPU_USAGE_10,CPU_USAGE_11,CPU_USAGE_12,CPU_USAGE_13,CPU_USAGE_14,CPU_USAGE_15,CPU_USAGE_2,CPU_USAGE_3,CPU_USAGE_4,CPU_USAGE_5,CPU_USAGE_6,CPU_USAGE_7,CPU_USAGE_8,CPU_USAGE_9,DRAM_ENERGY (J),PACKAGE_ENERGY (J),PP0_ENERGY (J),TOTAL_MEMORY,TOTAL_SWAP,USED_MEMORY,USED_SWAP
0,1778242498253,1653,2095,1253,1156,1207,833,1098,800,1556,799,800,1100,800,812,800,2100,4.1666669845581055,0,0,0,4.1666669845581055,0,4,8.333333969116211,4.1666669845581055,0,0,4,4,0,0,8.333333969116211,172307.27563476563,88351.51165771484,0,404332056576,8589930496,3760578560,0
200,1778242498253,1653,2095,1253,1156,1207,833,1098,800,1556,799,800,1100,800,812,800,2100,4.1666669845581055,0,0,0,4.1666669845581055,0,4,8.333333969116211,4.1666669845581055,0,0,4,4,0,0,8.333333969116211,172307.27563476563,88351.51165771484,0,404332056576,8589930496,3760578560,0
199,1778242498453,1653,2095,1253,1156,1207,833,1098,800,1556,799,800,1100,800,812,800,2100,100,0,0,0,0,0,0,0,0,0,0,0,0,0,0,0,172309.45526123047,88357.51281738281,0,404332056576,8589930496,3760578560,0
199,1778242498653,1653,2095,1253,1156,1207,833,1098,800,1556,799,800,1100,800,812,800,2100,100,0,0,0,0,0,0,0,0,0,0,0,0,0,0,0,172312.28717041016,88364.27630615234,0,404332056576,8589930496,3762270208,0
0,1778242498853,1653,2095,1253,1156,1207,833,1098,800,1556,799,800,1100,800,812,800,2100,95.23809814453125,0,0,0,0,0,0,0,0,0,0,0,0,0,0,0,172315.1254272461,88371.00524902344,0,404332056576,8589930496,3762270208,0
