Delta,Time,CPU_FREQUENCY_0,CPU_FREQUENCY_1,CPU_FREQUENCY_10,CPU_FREQUENCY_11,CPU_FREQUENCY_12,CPU_FREQUENCY_13,CPU_FREQUENCY_14,CPU_FREQUENCY_15,CPU_FREQUENCY_2,CPU_FREQUENCY_3,CPU_FREQUENCY_4,CPU_FREQUENCY_5,CPU_FREQUENCY_6,CPU_FREQUENCY_7,CPU_FREQUENCY_8,CPU_FREQUENCY_9,CPU_USAGE_0,CPU_USAGE_1,CPU_USAGE_10,CPU_USAGE_11,CPU_USAGE_12,CPU_USAGE_13,CPU_USAGE_14,CPU_USAGE_15,CPU_USAGE_2,CPU_USAGE_3,CPU_USAGE_4,CPU_USAGE_5,CPU_USAGE_6,CPU_USAGE_7,CPU_USAGE_8,CPU_USAGE_9,DRAM_ENERGY (J),PACKAGE_ENERGY (J),PP0_ENERGY (J),TOTAL_MEMORY,TOTAL_SWAP,USED_MEMORY,USED_SWAP
0,1778242839434,809,800,1248,800,799,800,2100,799,2100,850,800,800,1320,1000,800,2099,4,0,4.1666669845581055,4.1666669845581055,4.34782600402832,4.1666669845581055,4,0,4.1666669845581055,0,4,0,4.1666669845581055,0,8,4,172427.17639160156,93004.81335449219,0,404332056576,8589930496,3787681792,0
200,1778242839434,809,800,1248,800,799,800,2100,799,2100,850,800,800,1320,1000,800,2099,4,0,4.1666669845581055,4.1666669845581055,4.34782600402832,4.1666669845581055,4,0,4.1666669845581055,0,4,0,4.1666669845581055,0,8,4,172427.18170166016,93004.83721923828,0,404332056576,8589930496,3787681792,0
199,1778242839635,809,800,1248,800,799,800,2100,799,2100,850,800,800,1320,1000,800,2099,100,0,0,0,0,0,0,0,0,0,0,0,0,0,0,0,172429.26055908203,93010.67163085938,0,404332056576,8589930496,3787681792,0
199,1778242839835,809,800,1248,800,799,800,2100,799,2100,850,800,800,1320,1000,800,2099,100,0,0,0,0,0,0,0,0,0,0,0,0,0,0,0,172432.11767578125,93017.61547851563,0,404332056576,8589930496,3787681792,0
199,1778242840035,809,800,1248,800,799,800,2100,799,2100,850,800,800,1320,1000,800,2099,100,0,0,0,0,0,0,0,0,0,0,0,0,0,0,0,172434.9917602539,93024.55773925781,0,404332056576,8589930496,3787612160,0
0,1778242840235,809,800,1248,800,799,800,2100,799,2100,850,800,800,1320,1000,800,2099,20,0,0,0,0,0,0,0,0,0,0,0,0,0,0,0,172435.6919555664,93028.19122314453,0,404332056576,8589930496,3787612160,0
