Delta,Time,CPU_FREQUENCY_0,CPU_FREQUENCY_1,CPU_FREQUENCY_10,CPU_FREQUENCY_11,CPU_FREQUENCY_12,CPU_FREQUENCY_13,CPU_FREQUENCY_14,CPU_FREQUENCY_15,CPU_FREQUENCY_2,CPU_FREQUENCY_3,CPU_FREQUENCY_4,CPU_FREQUENCY_5,CPU_FREQUENCY_6,CPU_FREQUENCY_7,CPU_FREQUENCY_8,CPU_FREQUENCY_9,CPU_USAGE_0,CPU_USAGE_1,CPU_USAGE_10,CPU_USAGE_11,CPU_USAGE_12,CPU_USAGE_13,CPU_USAGE_14,CPU_USAGE_15,CPU_USAGE_2,CPU_USAGE_3,CPU_USAGE_4,CPU_USAGE_5,CPU_USAGE_6,CPU_USAGE_7,CPU_USAGE_8,CPU_USAGE_9,DRAM_ENERGY (J),PACKAGE_ENERGY (J),PP0_ENERGY (J),TOTAL_MEMORY,TOTAL_SWAP,USED_MEMORY,USED_SWAP
0,1778239735413,800,1048,800,2100,894,1147,1230,814,893,800,800,1497,2000,800,800,800,4,4,0,12,4,4,4.1666669845581055,0,4,4.1666669845581055,7.692307949066162,0,4,4,0,4,170773.63543701172,49372.71551513672,0,404332056576,8589930496,3791060992,0
200,1778239735413,800,1048,800,2100,894,1147,1230,814,893,800,800,1497,2000,800,800,800,4,4,0,12,4,4,4.1666669845581055,0,4,4.1666669845581055,7.692307949066162,0,4,4,0,4,170773.6390991211,49372.737548828125,0,404332056576,8589930496,3791060992,0
199,1778239735613,800,1048,800,2100,894,1147,1230,814,893,800,800,1497,2000,800,800,800,100,0,0,0,0,0,0,0,0,0,0,0,0,0,0,0,170775.32794189453,49378.23565673828,0,404332056576,8589930496,3792011264,0
199,1778239735813,800,1048,800,2100,894,1147,1230,814,893,800,800,1497,2000,800,800,800,100,0,0,0,0,0,0,0,0,0,0,0,0,0,0,0,170778.2120361328,49384.97106933594,0,404332056576,8589930496,3792011264,0
199,1778239736013,800,1048,800,2100,894,1147,1230,814,893,800,800,1497,2000,800,800,800,100,0,0,0,0,0,0,0,0,0,0,0,0,0,0,0,170781.1358642578,49391.70495605469,0,404332056576,8589930496,3792011264,0
0,1778239736214,800,1048,800,2100,894,1147,1230,814,893,800,800,1497,2000,800,800,800,10,0,0,0,0,0,0,0,0,0,0,0,0,0,0,0,170781.67010498047,49395.018127441406,0,404332056576,8589930496,3789185024,0
