Delta,Time,CPU_FREQUENCY_0,CPU_FREQUENCY_1,CPU_FREQUENCY_10,CPU_FREQUENCY_11,CPU_FREQUENCY_12,CPU_FREQUENCY_13,CPU_FREQUENCY_14,CPU_FREQUENCY_15,CPU_FREQUENCY_2,CPU_FREQUENCY_3,CPU_FREQUENCY_4,CPU_FREQUENCY_5,CPU_FREQUENCY_6,CPU_FREQUENCY_7,CPU_FREQUENCY_8,CPU_FREQUENCY_9,CPU_USAGE_0,CPU_USAGE_1,CPU_USAGE_10,CPU_USAGE_11,CPU_USAGE_12,CPU_USAGE_13,CPU_USAGE_14,CPU_USAGE_15,CPU_USAGE_2,CPU_USAGE_3,CPU_USAGE_4,CPU_USAGE_5,CPU_USAGE_6,CPU_USAGE_7,CPU_USAGE_8,CPU_USAGE_9,DRAM_ENERGY (J),PACKAGE_ENERGY (J),PP0_ENERGY (J),TOTAL_MEMORY,TOTAL_SWAP,USED_MEMORY,USED_SWAP
0,1778239673701,1092,800,1999,2000,2099,1684,800,800,800,800,800,800,1000,1100,799,2000,8,4.1666669845581055,4.1666669845581055,4.1666669845581055,8.333333969116211,12,8.333333969116211,4,4.1666669845581055,4.1666669845581055,4.1666669845581055,0,4.1666669845581055,4.1666669845581055,0,0,170753.10021972656,48538.317810058594,0,404332056576,8589930496,3791433728,0
200,1778239673701,1092,800,1999,2000,2099,1684,800,800,800,800,800,800,1000,1100,799,2000,8,4.1666669845581055,4.1666669845581055,4.1666669845581055,8.333333969116211,12,8.333333969116211,4,4.1666669845581055,4.1666669845581055,4.1666669845581055,0,4.1666669845581055,4.1666669845581055,0,0,170753.10021972656,48538.317810058594,0,404332056576,8589930496,3791433728,0
199,1778239673901,1092,800,1999,2000,2099,1684,800,800,800,800,800,800,1000,1100,799,2000,100,0,0,0,0,0,0,0,0,0,0,0,0,0,0,0,170755.41271972656,48544.529724121094,0,404332056576,8589930496,3791663104,0
199,1778239674102,1092,800,1999,2000,2099,1684,800,800,800,800,800,800,1000,1100,799,2000,100,0,0,0,0,0,0,0,0,0,0,0,0,0,0,0,170758.2885131836,48551.46514892578,0,404332056576,8589930496,3791663104,0
0,1778239674302,1092,800,1999,2000,2099,1684,800,800,800,800,800,800,1000,1100,799,2000,95,0,0,0,0,0,0,0,0,0,0,0,0,0,0,0,170761.13940429688,48558.337158203125,0,404332056576,8589930496,3788443648,0
