Delta,Time,CPU_FREQUENCY_0,CPU_FREQUENCY_1,CPU_FREQUENCY_10,CPU_FREQUENCY_11,CPU_FREQUENCY_12,CPU_FREQUENCY_13,CPU_FREQUENCY_14,CPU_FREQUENCY_15,CPU_FREQUENCY_2,CPU_FREQUENCY_3,CPU_FREQUENCY_4,CPU_FREQUENCY_5,CPU_FREQUENCY_6,CPU_FREQUENCY_7,CPU_FREQUENCY_8,CPU_FREQUENCY_9,CPU_USAGE_0,CPU_USAGE_1,CPU_USAGE_10,CPU_USAGE_11,CPU_USAGE_12,CPU_USAGE_13,CPU_USAGE_14,CPU_USAGE_15,CPU_USAGE_2,CPU_USAGE_3,CPU_USAGE_4,CPU_USAGE_5,CPU_USAGE_6,CPU_USAGE_7,CPU_USAGE_8,CPU_USAGE_9,DRAM_ENERGY (J),PACKAGE_ENERGY (J),PP0_ENERGY (J),TOTAL_MEMORY,TOTAL_SWAP,USED_MEMORY,USED_SWAP
0,1778239961797,800,1600,2000,2099,918,806,864,800,1300,1160,926,842,936,1000,2000,800,0,4.1666669845581055,0,0,8,0,4,0,4.1666669845581055,0,0,0,0,0,4,0,170959.39794921875,52619.558837890625,0,404332056576,8589930496,3758882816,0
199,1778239961798,800,1600,2000,2099,918,806,864,800,1300,1160,926,842,936,1000,2000,800,0,4.1666669845581055,0,0,8,0,4,0,4.1666669845581055,0,0,0,0,0,4,0,170959.39794921875,52619.558837890625,0,404332056576,8589930496,3758882816,0
199,1778239961998,800,1600,2000,2099,918,806,864,800,1300,1160,926,842,936,1000,2000,800,0,0,100,0,0,0,0,0,0,0,0,0,0,0,0,0,170959.94073486328,52624.10852050781,0,404332056576,8589930496,3762753536,0
199,1778239962198,800,1600,2000,2099,918,806,864,800,1300,1160,926,842,936,1000,2000,800,0,0,100,0,0,0,0,0,0,0,0,0,0,0,0,0,170960.42907714844,52629.517150878906,0,404332056576,8589930496,3762753536,0
0,1778239962398,800,1600,2000,2099,918,806,864,800,1300,1160,926,842,936,1000,2000,800,0,0,100,0,0,0,0,0,0,0,0,0,0,0,0,0,170960.89819335938,52634.837890625,0,404332056576,8589930496,3762753536,0
