Delta,Time,CPU_FREQUENCY_0,CPU_FREQUENCY_1,CPU_FREQUENCY_10,CPU_FREQUENCY_11,CPU_FREQUENCY_12,CPU_FREQUENCY_13,CPU_FREQUENCY_14,CPU_FREQUENCY_15,CPU_FREQUENCY_2,CPU_FREQUENCY_3,CPU_FREQUENCY_4,CPU_FREQUENCY_5,CPU_FREQUENCY_6,CPU_FREQUENCY_7,CPU_FREQUENCY_8,CPU_FREQUENCY_9,CPU_USAGE_0,CPU_USAGE_1,CPU_USAGE_10,CPU_USAGE_11,CPU_USAGE_12,CPU_USAGE_13,CPU_USAGE_14,CPU_USAGE_15,CPU_USAGE_2,CPU_USAGE_3,CPU_USAGE_4,CPU_USAGE_5,CPU_USAGE_6,CPU_USAGE_7,CPU_USAGE_8,CPU_USAGE_9,DRAM_ENERGY (J),PACKAGE_ENERGY (J),PP0_ENERGY (J),TOTAL_MEMORY,TOTAL_SWAP,USED_MEMORY,USED_SWAP
0,1779615137478,800,1903,800,800,800,800,800,2099,800,1000,2000,800,800,1794,1532,800,0,0,0,4.1666669845581055,0,4,4.1666669845581055,8.333333969116211,0,0,0,4.1666669845581055,0,8,4.1666669845581055,0,20320.44073486328,130461.45245361328,0,404332056576,8589930496,3751718912,0
199,1779615137478,800,1903,800,800,800,800,800,2099,800,1000,2000,800,800,1794,1532,800,0,0,0,4.1666669845581055,0,4,4.1666669845581055,8.333333969116211,0,0,0,4.1666669845581055,0,8,4.1666669845581055,0,20320.44073486328,130461.45245361328,0,404332056576,8589930496,3751718912,0
0,1779615137678,800,1903,800,800,800,800,800,2099,800,1000,2000,800,800,1794,1532,800,65,55,52.38095474243164,55,50,52.6315803527832,50,55,52.38095474243164,52.38095474243164,52.38095474243164,52.38095474243164,55,52.6315803527832,52.38095474243164,52.38095474243164,20322.30029296875,130468.16571044922,0,404332056576,8589930496,3752660992,0
