Delta,Time,CPU_FREQUENCY_0,CPU_FREQUENCY_1,CPU_FREQUENCY_10,CPU_FREQUENCY_11,CPU_FREQUENCY_12,CPU_FREQUENCY_13,CPU_FREQUENCY_14,CPU_FREQUENCY_15,CPU_FREQUENCY_2,CPU_FREQUENCY_3,CPU_FREQUENCY_4,CPU_FREQUENCY_5,CPU_FREQUENCY_6,CPU_FREQUENCY_7,CPU_FREQUENCY_8,CPU_FREQUENCY_9,CPU_USAGE_0,CPU_USAGE_1,CPU_USAGE_10,CPU_USAGE_11,CPU_USAGE_12,CPU_USAGE_13,CPU_USAGE_14,CPU_USAGE_15,CPU_USAGE_2,CPU_USAGE_3,CPU_USAGE_4,CPU_USAGE_5,CPU_USAGE_6,CPU_USAGE_7,CPU_USAGE_8,CPU_USAGE_9,DRAM_ENERGY (J),PACKAGE_ENERGY (J),PP0_ENERGY (J),TOTAL_MEMORY,TOTAL_SWAP,USED_MEMORY,USED_SWAP
0,1779614132575,1283,799,800,973,884,800,1999,2099,800,799,799,2000,1000,800,1215,1537,8,4.1666669845581055,4.1666669845581055,4.1666669845581055,0,0,0,12,0,0,0,4.1666669845581055,8,4.1666669845581055,0,4.1666669845581055,20173.015258789063,117135.45642089844,0,404332056576,8589930496,3797172224,0
200,1779614132575,1283,799,800,973,884,800,1999,2099,800,799,799,2000,1000,800,1215,1537,8,4.1666669845581055,4.1666669845581055,4.1666669845581055,0,0,0,12,0,0,0,4.1666669845581055,8,4.1666669845581055,0,4.1666669845581055,20173.015258789063,117135.45642089844,0,404332056576,8589930496,3797172224,0
0,1779614132776,1283,799,800,973,884,800,1999,2099,800,799,799,2000,1000,800,1215,1537,68.42105102539063,52.6315803527832,52.6315803527832,55,52.38095474243164,50,55,55,52.38095474243164,52.38095474243164,55,52.6315803527832,52.6315803527832,52.38095474243164,52.38095474243164,50,20174.671447753906,117142.00256347656,0,404332056576,8589930496,3798888448,0
