Delta,Time,CPU_FREQUENCY_0,CPU_FREQUENCY_1,CPU_FREQUENCY_10,CPU_FREQUENCY_11,CPU_FREQUENCY_12,CPU_FREQUENCY_13,CPU_FREQUENCY_14,CPU_FREQUENCY_15,CPU_FREQUENCY_2,CPU_FREQUENCY_3,CPU_FREQUENCY_4,CPU_FREQUENCY_5,CPU_FREQUENCY_6,CPU_FREQUENCY_7,CPU_FREQUENCY_8,CPU_FREQUENCY_9,CPU_USAGE_0,CPU_USAGE_1,CPU_USAGE_10,CPU_USAGE_11,CPU_USAGE_12,CPU_USAGE_13,CPU_USAGE_14,CPU_USAGE_15,CPU_USAGE_2,CPU_USAGE_3,CPU_USAGE_4,CPU_USAGE_5,CPU_USAGE_6,CPU_USAGE_7,CPU_USAGE_8,CPU_USAGE_9,DRAM_ENERGY (J),PACKAGE_ENERGY (J),PP0_ENERGY (J),TOTAL_MEMORY,TOTAL_SWAP,USED_MEMORY,USED_SWAP
0,1779614376203,1574,800,1140,843,800,800,800,2100,799,800,1709,1100,800,3200,1999,1999,0,0,4.1666669845581055,4.1666669845581055,4.1666669845581055,0,8,8.333333969116211,4.1666669845581055,0,8,0,4.1666669845581055,0,0,0,20206.66729736328,120371.33612060547,0,404332056576,8589930496,3801001984,0
200,1779614376203,1574,800,1140,843,800,800,800,2100,799,800,1709,1100,800,3200,1999,1999,0,0,4.1666669845581055,4.1666669845581055,4.1666669845581055,0,8,8.333333969116211,4.1666669845581055,0,8,0,4.1666669845581055,0,0,0,20206.66729736328,120371.33612060547,0,404332056576,8589930496,3801001984,0
0,1779614376404,1574,800,1140,843,800,800,800,2100,799,800,1709,1100,800,3200,1999,1999,71.42857360839844,50,55,52.38095474243164,52.38095474243164,52.38095474243164,50,55,50,55,50,55,52.38095474243164,52.6315803527832,52.38095474243164,52.6315803527832,20208.59228515625,120378.04998779297,0,404332056576,8589930496,3802546176,0
