Delta,Time,CPU_FREQUENCY_0,CPU_FREQUENCY_1,CPU_FREQUENCY_10,CPU_FREQUENCY_11,CPU_FREQUENCY_12,CPU_FREQUENCY_13,CPU_FREQUENCY_14,CPU_FREQUENCY_15,CPU_FREQUENCY_2,CPU_FREQUENCY_3,CPU_FREQUENCY_4,CPU_FREQUENCY_5,CPU_FREQUENCY_6,CPU_FREQUENCY_7,CPU_FREQUENCY_8,CPU_FREQUENCY_9,CPU_USAGE_0,CPU_USAGE_1,CPU_USAGE_10,CPU_USAGE_11,CPU_USAGE_12,CPU_USAGE_13,CPU_USAGE_14,CPU_USAGE_15,CPU_USAGE_2,CPU_USAGE_3,CPU_USAGE_4,CPU_USAGE_5,CPU_USAGE_6,CPU_USAGE_7,CPU_USAGE_8,CPU_USAGE_9,DRAM_ENERGY (J),PACKAGE_ENERGY (J),PP0_ENERGY (J),TOTAL_MEMORY,TOTAL_SWAP,USED_MEMORY,USED_SWAP
0,1779615441978,800,799,800,2099,1523,2000,800,800,2009,800,800,2100,800,800,800,2000,0,0,0,8,3.846153974533081,4,0,4,3.846153974533081,0,0,4,0,0,3.846153974533081,4,20368.959411621094,134499.63116455078,0,404332056576,8589930496,3731275776,0
200,1779615441978,800,799,800,2099,1523,2000,800,800,2009,800,800,2100,800,800,800,2000,0,0,0,8,3.846153974533081,4,0,4,3.846153974533081,0,0,4,0,0,3.846153974533081,4,20368.963806152344,134499.65551757813,0,404332056576,8589930496,3731275776,0
0,1779615442178,800,799,800,2099,1523,2000,800,800,2009,800,800,2100,800,800,800,2000,71.42857360839844,55,55,55,57.142860412597656,55,55,55,55,55,55,55,57.142860412597656,55,55,55,20370.72900390625,134506.47259521484,0,404332056576,8589930496,3731275776,0
