Delta,Time,CPU_FREQUENCY_0,CPU_FREQUENCY_1,CPU_FREQUENCY_10,CPU_FREQUENCY_11,CPU_FREQUENCY_12,CPU_FREQUENCY_13,CPU_FREQUENCY_14,CPU_FREQUENCY_15,CPU_FREQUENCY_2,CPU_FREQUENCY_3,CPU_FREQUENCY_4,CPU_FREQUENCY_5,CPU_FREQUENCY_6,CPU_FREQUENCY_7,CPU_FREQUENCY_8,CPU_FREQUENCY_9,CPU_USAGE_0,CPU_USAGE_1,CPU_USAGE_10,CPU_USAGE_11,CPU_USAGE_12,CPU_USAGE_13,CPU_USAGE_14,CPU_USAGE_15,CPU_USAGE_2,CPU_USAGE_3,CPU_USAGE_4,CPU_USAGE_5,CPU_USAGE_6,CPU_USAGE_7,CPU_USAGE_8,CPU_USAGE_9,DRAM_ENERGY (J),PACKAGE_ENERGY (J),PP0_ENERGY (J),TOTAL_MEMORY,TOTAL_SWAP,USED_MEMORY,USED_SWAP
0,1779614558921,1816,800,800,800,800,2100,2000,1550,991,800,800,800,1000,800,2000,800,0,4,0,0,0,0,8.333333969116211,4,4.1666669845581055,0,0,4,7.692307949066162,0,0,4.1666669845581055,20235.767578125,122798.51531982422,0,404332056576,8589930496,3779153920,0
200,1779614558921,1816,800,800,800,800,2100,2000,1550,991,800,800,800,1000,800,2000,800,0,4,0,0,0,0,8.333333969116211,4,4.1666669845581055,0,0,4,7.692307949066162,0,0,4.1666669845581055,20235.771606445313,122798.5366821289,0,404332056576,8589930496,3779153920,0
0,1779614559121,1816,800,800,800,800,2100,2000,1550,991,800,800,800,1000,800,2000,800,66.66667175292969,55,50,52.38095474243164,55,55,54.54545593261719,55,52.38095474243164,55,52.38095474243164,52.6315803527832,52.6315803527832,50,50,55,20237.470336914063,122805.04974365234,0,404332056576,8589930496,3793051648,0
