Delta,Time,CPU_FREQUENCY_0,CPU_FREQUENCY_1,CPU_FREQUENCY_10,CPU_FREQUENCY_11,CPU_FREQUENCY_12,CPU_FREQUENCY_13,CPU_FREQUENCY_14,CPU_FREQUENCY_15,CPU_FREQUENCY_2,CPU_FREQUENCY_3,CPU_FREQUENCY_4,CPU_FREQUENCY_5,CPU_FREQUENCY_6,CPU_FREQUENCY_7,CPU_FREQUENCY_8,CPU_FREQUENCY_9,CPU_USAGE_0,CPU_USAGE_1,CPU_USAGE_10,CPU_USAGE_11,CPU_USAGE_12,CPU_USAGE_13,CPU_USAGE_14,CPU_USAGE_15,CPU_USAGE_2,CPU_USAGE_3,CPU_USAGE_4,CPU_USAGE_5,CPU_USAGE_6,CPU_USAGE_7,CPU_USAGE_8,CPU_USAGE_9,DRAM_ENERGY (J),PACKAGE_ENERGY (J),PP0_ENERGY (J),TOTAL_MEMORY,TOTAL_SWAP,USED_MEMORY,USED_SWAP
0,1779615228838,2000,1000,800,2000,800,2100,1433,829,799,800,2000,800,1000,854,800,800,4.1666669845581055,0,0,0,4.1666669845581055,4.1666669845581055,8.333333969116211,0,4.1666669845581055,0,0,4.1666669845581055,8,4.1666669845581055,4.1666669845581055,4.1666669845581055,20334.38836669922,131672.49841308594,0,404332056576,8589930496,3752636416,0
200,1779615228838,2000,1000,800,2000,800,2100,1433,829,799,800,2000,800,1000,854,800,800,4.1666669845581055,0,0,0,4.1666669845581055,4.1666669845581055,8.333333969116211,0,4.1666669845581055,0,0,4.1666669845581055,8,4.1666669845581055,4.1666669845581055,4.1666669845581055,20334.38836669922,131672.49841308594,0,404332056576,8589930496,3752636416,0
0,1779615229038,2000,1000,800,2000,800,2100,1433,829,799,800,2000,800,1000,854,800,800,71.42857360839844,57.142860412597656,57.142860412597656,57.894737243652344,55,55,57.142860412597656,55,55,57.142860412597656,57.142860412597656,55,55,57.142860412597656,57.894737243652344,57.142860412597656,20336.21307373047,131679.34545898438,0,404332056576,8589930496,3752861696,0
