Delta,Time,CPU_FREQUENCY_0,CPU_FREQUENCY_1,CPU_FREQUENCY_10,CPU_FREQUENCY_11,CPU_FREQUENCY_12,CPU_FREQUENCY_13,CPU_FREQUENCY_14,CPU_FREQUENCY_15,CPU_FREQUENCY_2,CPU_FREQUENCY_3,CPU_FREQUENCY_4,CPU_FREQUENCY_5,CPU_FREQUENCY_6,CPU_FREQUENCY_7,CPU_FREQUENCY_8,CPU_FREQUENCY_9,CPU_USAGE_0,CPU_USAGE_1,CPU_USAGE_10,CPU_USAGE_11,CPU_USAGE_12,CPU_USAGE_13,CPU_USAGE_14,CPU_USAGE_15,CPU_USAGE_2,CPU_USAGE_3,CPU_USAGE_4,CPU_USAGE_5,CPU_USAGE_6,CPU_USAGE_7,CPU_USAGE_8,CPU_USAGE_9,DRAM_ENERGY (J),PACKAGE_ENERGY (J),PP0_ENERGY (J),TOTAL_MEMORY,TOTAL_SWAP,USED_MEMORY,USED_SWAP
0,1779614985232,844,1454,800,2099,878,857,800,800,1138,799,2000,1000,800,3200,800,800,4.1666669845581055,0,0,0,0,8.333333969116211,0,4,4.1666669845581055,4.1666669845581055,0,4.1666669845581055,0,0,4.1666669845581055,4.1666669845581055,20298.37628173828,128438.5654296875,0,404332056576,8589930496,3729850368,0
200,1779614985232,844,1454,800,2099,878,857,800,800,1138,799,2000,1000,800,3200,800,800,4.1666669845581055,0,0,0,0,8.333333969116211,0,4,4.1666669845581055,4.1666669845581055,0,4.1666669845581055,0,0,4.1666669845581055,4.1666669845581055,20298.37628173828,128438.5654296875,0,404332056576,8589930496,3729850368,0
0,1779614985433,844,1454,800,2099,878,857,800,800,1138,799,2000,1000,800,3200,800,800,70,55,52.38095474243164,55,52.38095474243164,55,55,55,55,55,55,52.38095474243164,55,55,55,52.38095474243164,20300.428649902344,128445.4833984375,0,404332056576,8589930496,3729846272,0
