Delta,Time,CPU_FREQUENCY_0,CPU_FREQUENCY_1,CPU_FREQUENCY_10,CPU_FREQUENCY_11,CPU_FREQUENCY_12,CPU_FREQUENCY_13,CPU_FREQUENCY_14,CPU_FREQUENCY_15,CPU_FREQUENCY_2,CPU_FREQUENCY_3,CPU_FREQUENCY_4,CPU_FREQUENCY_5,CPU_FREQUENCY_6,CPU_FREQUENCY_7,CPU_FREQUENCY_8,CPU_FREQUENCY_9,CPU_USAGE_0,CPU_USAGE_1,CPU_USAGE_10,CPU_USAGE_11,CPU_USAGE_12,CPU_USAGE_13,CPU_USAGE_14,CPU_USAGE_15,CPU_USAGE_2,CPU_USAGE_3,CPU_USAGE_4,CPU_USAGE_5,CPU_USAGE_6,CPU_USAGE_7,CPU_USAGE_8,CPU_USAGE_9,DRAM_ENERGY (J),PACKAGE_ENERGY (J),PP0_ENERGY (J),TOTAL_MEMORY,TOTAL_SWAP,USED_MEMORY,USED_SWAP
0,1779614071683,1267,2082,800,2100,813,811,1150,800,799,1000,2000,1000,800,800,800,800,0,4.1666669845581055,4,8,4.1666669845581055,4,4,4,0,0,4,0,4.34782600402832,0,0,4.1666669845581055,20164.006713867188,116327.16552734375,0,404332056576,8589930496,3807801344,0
200,1779614071683,1267,2082,800,2100,813,811,1150,800,799,1000,2000,1000,800,800,800,800,0,4.1666669845581055,4,8,4.1666669845581055,4,4,4,0,0,4,0,4.34782600402832,0,0,4.1666669845581055,20164.006713867188,116327.16552734375,0,404332056576,8589930496,3807801344,0
0,1779614071883,1267,2082,800,2100,813,811,1150,800,799,1000,2000,1000,800,800,800,800,55,50,52.6315803527832,52.6315803527832,52.38095474243164,68.42105102539063,52.6315803527832,55,52.6315803527832,55,55,55,52.38095474243164,52.38095474243164,52.38095474243164,50,20165.51690673828,116333.478515625,0,404332056576,8589930496,3823800320,0
