Delta,Time,CPU_FREQUENCY_0,CPU_FREQUENCY_1,CPU_FREQUENCY_10,CPU_FREQUENCY_11,CPU_FREQUENCY_12,CPU_FREQUENCY_13,CPU_FREQUENCY_14,CPU_FREQUENCY_15,CPU_FREQUENCY_2,CPU_FREQUENCY_3,CPU_FREQUENCY_4,CPU_FREQUENCY_5,CPU_FREQUENCY_6,CPU_FREQUENCY_7,CPU_FREQUENCY_8,CPU_FREQUENCY_9,CPU_USAGE_0,CPU_USAGE_1,CPU_USAGE_10,CPU_USAGE_11,CPU_USAGE_12,CPU_USAGE_13,CPU_USAGE_14,CPU_USAGE_15,CPU_USAGE_2,CPU_USAGE_3,CPU_USAGE_4,CPU_USAGE_5,CPU_USAGE_6,CPU_USAGE_7,CPU_USAGE_8,CPU_USAGE_9,DRAM_ENERGY (J),PACKAGE_ENERGY (J),PP0_ENERGY (J),TOTAL_MEMORY,TOTAL_SWAP,USED_MEMORY,USED_SWAP
0,1779614772064,800,799,800,800,800,800,800,1992,2099,800,800,799,800,800,2053,800,8,8.69565200805664,8,0,0,4.1666669845581055,0,4.1666669845581055,0,4.1666669845581055,0,8,0,0,4.1666669845581055,0,20267.111267089844,125612.0537109375,0,404332056576,8589930496,3764350976,0
200,1779614772064,800,799,800,800,800,800,800,1992,2099,800,800,799,800,800,2053,800,8,8.69565200805664,8,0,0,4.1666669845581055,0,4.1666669845581055,0,4.1666669845581055,0,8,0,0,4.1666669845581055,0,20267.126098632813,125612.07513427734,0,404332056576,8589930496,3764350976,0
0,1779614772265,800,799,800,800,800,800,800,1992,2099,800,800,799,800,800,2053,800,50,55,50,52.38095474243164,50,55,55,50,52.6315803527832,50,55,50,50,52.38095474243164,70,52.38095474243164,20269.170043945313,125618.44537353516,0,404332056576,8589930496,3786022912,0
