Delta,Time,CPU_FREQUENCY_0,CPU_FREQUENCY_1,CPU_FREQUENCY_10,CPU_FREQUENCY_11,CPU_FREQUENCY_12,CPU_FREQUENCY_13,CPU_FREQUENCY_14,CPU_FREQUENCY_15,CPU_FREQUENCY_2,CPU_FREQUENCY_3,CPU_FREQUENCY_4,CPU_FREQUENCY_5,CPU_FREQUENCY_6,CPU_FREQUENCY_7,CPU_FREQUENCY_8,CPU_FREQUENCY_9,CPU_USAGE_0,CPU_USAGE_1,CPU_USAGE_10,CPU_USAGE_11,CPU_USAGE_12,CPU_USAGE_13,CPU_USAGE_14,CPU_USAGE_15,CPU_USAGE_2,CPU_USAGE_3,CPU_USAGE_4,CPU_USAGE_5,CPU_USAGE_6,CPU_USAGE_7,CPU_USAGE_8,CPU_USAGE_9,DRAM_ENERGY (J),PACKAGE_ENERGY (J),PP0_ENERGY (J),TOTAL_MEMORY,TOTAL_SWAP,USED_MEMORY,USED_SWAP
0,1779613888976,800,1351,800,800,800,2000,2100,1639,3200,799,800,800,800,3200,1369,1054,0,4,4,4.1666669845581055,12,0,4,0,0,0,0,0,0,0,4.1666669845581055,4.1666669845581055,20139.251037597656,113910.72106933594,0,404332056576,8589930496,3884773376,0
200,1779613888976,800,1351,800,800,800,2000,2100,1639,3200,799,800,800,800,3200,1369,1054,0,4,4,4.1666669845581055,12,0,4,0,0,0,0,0,0,0,4.1666669845581055,4.1666669845581055,20139.256896972656,113910.74328613281,0,404332056576,8589930496,3884773376,0
0,1779613889176,800,1351,800,800,800,2000,2100,1639,3200,799,800,800,800,3200,1369,1054,65,52.38095474243164,55,50,50,50,52.6315803527832,52.38095474243164,52.6315803527832,52.38095474243164,52.38095474243164,52.6315803527832,50,55,50,50,20141.287170410156,113917.47021484375,0,404332056576,8589930496,3884773376,0
