Delta,Time,CPU_FREQUENCY_0,CPU_FREQUENCY_1,CPU_FREQUENCY_10,CPU_FREQUENCY_11,CPU_FREQUENCY_12,CPU_FREQUENCY_13,CPU_FREQUENCY_14,CPU_FREQUENCY_15,CPU_FREQUENCY_2,CPU_FREQUENCY_3,CPU_FREQUENCY_4,CPU_FREQUENCY_5,CPU_FREQUENCY_6,CPU_FREQUENCY_7,CPU_FREQUENCY_8,CPU_FREQUENCY_9,CPU_USAGE_0,CPU_USAGE_1,CPU_USAGE_10,CPU_USAGE_11,CPU_USAGE_12,CPU_USAGE_13,CPU_USAGE_14,CPU_USAGE_15,CPU_USAGE_2,CPU_USAGE_3,CPU_USAGE_4,CPU_USAGE_5,CPU_USAGE_6,CPU_USAGE_7,CPU_USAGE_8,CPU_USAGE_9,DRAM_ENERGY (J),PACKAGE_ENERGY (J),PP0_ENERGY (J),TOTAL_MEMORY,TOTAL_SWAP,USED_MEMORY,USED_SWAP
0,1779615259280,800,1451,1798,844,2000,800,800,800,800,876,800,800,800,800,800,2110,4.34782600402832,0,8.333333969116211,4.34782600402832,4.1666669845581055,4.34782600402832,0,4.34782600402832,4.1666669845581055,4.34782600402832,4.1666669845581055,0,0,0,4.34782600402832,4.1666669845581055,20339.702270507813,132077.7318725586,0,404332056576,8589930496,3749888000,0
199,1779615259280,800,1451,1798,844,2000,800,800,800,800,876,800,800,800,800,800,2110,4.34782600402832,0,8.333333969116211,4.34782600402832,4.1666669845581055,4.34782600402832,0,4.34782600402832,4.1666669845581055,4.34782600402832,4.1666669845581055,0,0,0,4.34782600402832,4.1666669845581055,20339.707763671875,132077.75439453125,0,404332056576,8589930496,3749888000,0
0,1779615259480,800,1451,1798,844,2000,800,800,800,800,876,800,800,800,800,800,2110,71.42857360839844,55,55,55,55,55,55,55,55,55,55,55,55,55,55,55,20341.1669921875,132084.38647460938,0,404332056576,8589930496,3749883904,0
