Delta,Time,CPU_FREQUENCY_0,CPU_FREQUENCY_1,CPU_FREQUENCY_10,CPU_FREQUENCY_11,CPU_FREQUENCY_12,CPU_FREQUENCY_13,CPU_FREQUENCY_14,CPU_FREQUENCY_15,CPU_FREQUENCY_2,CPU_FREQUENCY_3,CPU_FREQUENCY_4,CPU_FREQUENCY_5,CPU_FREQUENCY_6,CPU_FREQUENCY_7,CPU_FREQUENCY_8,CPU_FREQUENCY_9,CPU_USAGE_0,CPU_USAGE_1,CPU_USAGE_10,CPU_USAGE_11,CPU_USAGE_12,CPU_USAGE_13,CPU_USAGE_14,CPU_USAGE_15,CPU_USAGE_2,CPU_USAGE_3,CPU_USAGE_4,CPU_USAGE_5,CPU_USAGE_6,CPU_USAGE_7,CPU_USAGE_8,CPU_USAGE_9,DRAM_ENERGY (J),PACKAGE_ENERGY (J),PP0_ENERGY (J),TOTAL_MEMORY,TOTAL_SWAP,USED_MEMORY,USED_SWAP
0,1779614223939,1377,800,800,805,800,800,800,2099,1372,2000,2000,800,800,1000,1702,1751,0,0,8.333333969116211,0,0,4,4,4,0,0,4,0,4,0,4,7.692307949066162,20185.959716796875,118349.56469726563,0,404332056576,8589930496,3787845632,0
200,1779614223939,1377,800,800,805,800,800,800,2099,1372,2000,2000,800,800,1000,1702,1751,0,0,8.333333969116211,0,0,4,4,4,0,0,4,0,4,0,4,7.692307949066162,20185.959716796875,118349.56469726563,0,404332056576,8589930496,3787845632,0
0,1779614224139,1377,800,800,805,800,800,800,2099,1372,2000,2000,800,800,1000,1702,1751,71.42857360839844,55,55,55,55,55,55,55,57.142860412597656,52.38095474243164,55,55,57.142860412597656,55,55,55,20187.604064941406,118356.20300292969,0,404332056576,8589930496,3788845056,0
