Delta,Time,CPU_FREQUENCY_0,CPU_FREQUENCY_1,CPU_FREQUENCY_10,CPU_FREQUENCY_11,CPU_FREQUENCY_12,CPU_FREQUENCY_13,CPU_FREQUENCY_14,CPU_FREQUENCY_15,CPU_FREQUENCY_2,CPU_FREQUENCY_3,CPU_FREQUENCY_4,CPU_FREQUENCY_5,CPU_FREQUENCY_6,CPU_FREQUENCY_7,CPU_FREQUENCY_8,CPU_FREQUENCY_9,CPU_USAGE_0,CPU_USAGE_1,CPU_USAGE_10,CPU_USAGE_11,CPU_USAGE_12,CPU_USAGE_13,CPU_USAGE_14,CPU_USAGE_15,CPU_USAGE_2,CPU_USAGE_3,CPU_USAGE_4,CPU_USAGE_5,CPU_USAGE_6,CPU_USAGE_7,CPU_USAGE_8,CPU_USAGE_9,DRAM_ENERGY (J),PACKAGE_ENERGY (J),PP0_ENERGY (J),TOTAL_MEMORY,TOTAL_SWAP,USED_MEMORY,USED_SWAP
0,1779615381074,800,800,1400,1213,799,800,800,800,1805,800,820,1524,1000,1298,800,2099,0,0,8.333333969116211,4.1666669845581055,0,0,7.692307949066162,4.1666669845581055,0,0,4,0,0,0,4.1666669845581055,4.1666669845581055,20360.631103515625,133694.83984375,0,404332056576,8589930496,3747442688,0
199,1779615381074,800,800,1400,1213,799,800,800,800,1805,800,820,1524,1000,1298,800,2099,0,0,8.333333969116211,4.1666669845581055,0,0,7.692307949066162,4.1666669845581055,0,0,4,0,0,0,4.1666669845581055,4.1666669845581055,20360.631103515625,133694.83984375,0,404332056576,8589930496,3747442688,0
0,1779615381274,800,800,1400,1213,799,800,800,800,1805,800,820,1524,1000,1298,800,2099,75,60.000003814697266,57.894737243652344,55,57.142860412597656,55,57.894737243652344,55,57.142860412597656,57.894737243652344,60.000003814697266,57.894737243652344,57.142860412597656,60.000003814697266,57.142860412597656,57.894737243652344,20362.114501953125,133701.64184570313,0,404332056576,8589930496,3747954688,0
