Delta,Time,CPU_FREQUENCY_0,CPU_FREQUENCY_1,CPU_FREQUENCY_10,CPU_FREQUENCY_11,CPU_FREQUENCY_12,CPU_FREQUENCY_13,CPU_FREQUENCY_14,CPU_FREQUENCY_15,CPU_FREQUENCY_2,CPU_FREQUENCY_3,CPU_FREQUENCY_4,CPU_FREQUENCY_5,CPU_FREQUENCY_6,CPU_FREQUENCY_7,CPU_FREQUENCY_8,CPU_FREQUENCY_9,CPU_USAGE_0,CPU_USAGE_1,CPU_USAGE_10,CPU_USAGE_11,CPU_USAGE_12,CPU_USAGE_13,CPU_USAGE_14,CPU_USAGE_15,CPU_USAGE_2,CPU_USAGE_3,CPU_USAGE_4,CPU_USAGE_5,CPU_USAGE_6,CPU_USAGE_7,CPU_USAGE_8,CPU_USAGE_9,DRAM_ENERGY (J),PACKAGE_ENERGY (J),PP0_ENERGY (J),TOTAL_MEMORY,TOTAL_SWAP,USED_MEMORY,USED_SWAP
0,1778236754514,956,1000,809,800,800,800,2100,800,800,800,810,874,1237,2000,2100,1046,0,0,4,0,0,0,0,8,0,0,0,0,0,4,4.1666669845581055,4,168609.01794433594,6626.105041503906,0,404332056576,8589930496,3811098624,0
200,1778236754514,956,1000,809,800,800,800,2100,800,800,800,810,874,1237,2000,2100,1046,0,0,4,0,0,0,0,8,0,0,0,0,0,4,4.1666669845581055,4,168609.01794433594,6626.105041503906,0,404332056576,8589930496,3811098624,0
199,1778236754714,956,1000,809,800,800,800,2100,800,800,800,810,874,1237,2000,2100,1046,100,0,0,0,0,0,4.761904716491699,0,0,0,0,0,0,0,0,0,168611.61169433594,6632.342346191406,0,404332056576,8589930496,3811082240,0
199,1778236754914,956,1000,809,800,800,800,2100,800,800,800,810,874,1237,2000,2100,1046,100,0,0,0,0,0,4.761904716491699,0,0,0,0,0,0,0,0,0,168614.5079345703,6639.272155761719,0,404332056576,8589930496,3811082240,0
199,1778236755115,956,1000,809,800,800,800,2100,800,800,800,810,874,1237,2000,2100,1046,100,0,0,0,0,0,0,0,0,0,0,0,0,0,0,0,168617.4154663086,6646.2076416015625,0,404332056576,8589930496,3811082240,0
199,1778236755315,956,1000,809,800,800,800,2100,800,800,800,810,874,1237,2000,2100,1046,100,0,0,0,0,0,0,0,0,0,0,0,0,0,0,0,168620.31951904297,6653.14599609375,0,404332056576,8589930496,3811082240,0
0,1778236755515,956,1000,809,800,800,800,2100,800,800,800,810,874,1237,2000,2100,1046,40,0,0,0,0,0,0,0,0,0,0,0,0,0,0,0,168621.8080444336,6657.796081542969,0,404332056576,8589930496,3807952896,0
