Delta,Time,CPU_FREQUENCY_0,CPU_FREQUENCY_1,CPU_FREQUENCY_10,CPU_FREQUENCY_11,CPU_FREQUENCY_12,CPU_FREQUENCY_13,CPU_FREQUENCY_14,CPU_FREQUENCY_15,CPU_FREQUENCY_2,CPU_FREQUENCY_3,CPU_FREQUENCY_4,CPU_FREQUENCY_5,CPU_FREQUENCY_6,CPU_FREQUENCY_7,CPU_FREQUENCY_8,CPU_FREQUENCY_9,CPU_USAGE_0,CPU_USAGE_1,CPU_USAGE_10,CPU_USAGE_11,CPU_USAGE_12,CPU_USAGE_13,CPU_USAGE_14,CPU_USAGE_15,CPU_USAGE_2,CPU_USAGE_3,CPU_USAGE_4,CPU_USAGE_5,CPU_USAGE_6,CPU_USAGE_7,CPU_USAGE_8,CPU_USAGE_9,DRAM_ENERGY (J),PACKAGE_ENERGY (J),PP0_ENERGY (J),TOTAL_MEMORY,TOTAL_SWAP,USED_MEMORY,USED_SWAP
0,1778236288318,800,2000,800,799,800,800,2100,934,800,1213,1000,1314,1682,837,832,800,0,0,4.1666669845581055,4.1666669845581055,0,0,8.333333969116211,4.34782600402832,0,4.1666669845581055,4.34782600402832,4.34782600402832,4.34782600402832,4.1666669845581055,0,0,168465.3985595703,318.04901123046875,0,404332056576,8589930496,3749277696,0
200,1778236288319,800,2000,800,799,800,800,2100,934,800,1213,1000,1314,1682,837,832,800,0,0,4.1666669845581055,4.1666669845581055,0,0,8.333333969116211,4.34782600402832,0,4.1666669845581055,4.34782600402832,4.34782600402832,4.34782600402832,4.1666669845581055,0,0,168465.3985595703,318.04901123046875,0,404332056576,8589930496,3749277696,0
199,1778236288519,800,2000,800,799,800,800,2100,934,800,1213,1000,1314,1682,837,832,800,100,0,0,0,0,0,0,0,0,0,0,0,0,0,0,0,168467.76904296875,324.32830810546875,0,404332056576,8589930496,3753148416,0
199,1778236288719,800,2000,800,799,800,800,2100,934,800,1213,1000,1314,1682,837,832,800,100,0,0,0,0,0,0,0,0,0,0,0,0,0,0,0,168470.67810058594,331.105224609375,0,404332056576,8589930496,3754352640,0
199,1778236288919,800,2000,800,799,800,800,2100,934,800,1213,1000,1314,1682,837,832,800,100,0,0,0,0,0,0,0,0,0,0,0,0,0,0,0,168473.5161743164,337.8890380859375,0,404332056576,8589930496,3754352640,0
199,1778236289119,800,2000,800,799,800,800,2100,934,800,1213,1000,1314,1682,837,832,800,100,0,0,0,0,0,0,0,0,0,0,0,0,0,0,0,168476.32354736328,344.62774658203125,0,404332056576,8589930496,3754352640,0
0,1778236289319,800,2000,800,799,800,800,2100,934,800,1213,1000,1314,1682,837,832,800,45,0,0,0,0,0,4.761904716491699,0,0,0,0,0,0,0,0,0,168477.91912841797,349.60394287109375,0,404332056576,8589930496,3754352640,0
