Delta,Time,CPU_FREQUENCY_0,CPU_FREQUENCY_1,CPU_FREQUENCY_10,CPU_FREQUENCY_11,CPU_FREQUENCY_12,CPU_FREQUENCY_13,CPU_FREQUENCY_14,CPU_FREQUENCY_15,CPU_FREQUENCY_2,CPU_FREQUENCY_3,CPU_FREQUENCY_4,CPU_FREQUENCY_5,CPU_FREQUENCY_6,CPU_FREQUENCY_7,CPU_FREQUENCY_8,CPU_FREQUENCY_9,CPU_USAGE_0,CPU_USAGE_1,CPU_USAGE_10,CPU_USAGE_11,CPU_USAGE_12,CPU_USAGE_13,CPU_USAGE_14,CPU_USAGE_15,CPU_USAGE_2,CPU_USAGE_3,CPU_USAGE_4,CPU_USAGE_5,CPU_USAGE_6,CPU_USAGE_7,CPU_USAGE_8,CPU_USAGE_9,DRAM_ENERGY (J),PACKAGE_ENERGY (J),PP0_ENERGY (J),TOTAL_MEMORY,TOTAL_SWAP,USED_MEMORY,USED_SWAP
0,1778242622254,1640,836,970,1790,809,800,800,1100,800,800,2100,800,800,1099,800,2100,0,4.1666669845581055,4.1666669845581055,4.1666669845581055,0,4.1666669845581055,0,4.1666669845581055,4.1666669845581055,0,4.1666669845581055,0,4,0,4.1666669845581055,4.34782600402832,172353.4506225586,90045.97790527344,0,404332056576,8589930496,3763068928,0
200,1778242622255,1640,836,970,1790,809,800,800,1100,800,800,2100,800,800,1099,800,2100,0,4.1666669845581055,4.1666669845581055,4.1666669845581055,0,4.1666669845581055,0,4.1666669845581055,4.1666669845581055,0,4.1666669845581055,0,4,0,4.1666669845581055,4.34782600402832,172353.45391845703,90045.9994506836,0,404332056576,8589930496,3763068928,0
199,1778242622455,1640,836,970,1790,809,800,800,1100,800,800,2100,800,800,1099,800,2100,100,0,0,0,0,0,0,0,0,0,0,0,0,0,0,0,172355.34466552734,90051.80047607422,0,404332056576,8589930496,3763068928,0
199,1778242622655,1640,836,970,1790,809,800,800,1100,800,800,2100,800,800,1099,800,2100,100,0,0,0,0,0,0,0,0,0,0,0,0,0,0,0,172358.18341064453,90058.73583984375,0,404332056576,8589930496,3764015104,0
199,1778242622855,1640,836,970,1790,809,800,800,1100,800,800,2100,800,800,1099,800,2100,100,0,0,0,0,0,0,0,0,0,0,0,0,0,0,0,172361.0380859375,90065.68798828125,0,404332056576,8589930496,3764015104,0
199,1778242623055,1640,836,970,1790,809,800,800,1100,800,800,2100,800,800,1099,800,2100,100,0,0,0,0,0,0,0,0,0,0,0,0,0,0,0,172363.88671875,90072.64416503906,0,404332056576,8589930496,3764015104,0
0,1778242623255,1640,836,970,1790,809,800,800,1100,800,800,2100,800,800,1099,800,2100,54.54545593261719,0,0,0,0,0,0,0,0,0,0,0,0,0,0,0,172365.6566772461,90077.89514160156,0,404332056576,8589930496,3764015104,0
