Delta,Time,CPU_FREQUENCY_0,CPU_FREQUENCY_1,CPU_FREQUENCY_10,CPU_FREQUENCY_11,CPU_FREQUENCY_12,CPU_FREQUENCY_13,CPU_FREQUENCY_14,CPU_FREQUENCY_15,CPU_FREQUENCY_2,CPU_FREQUENCY_3,CPU_FREQUENCY_4,CPU_FREQUENCY_5,CPU_FREQUENCY_6,CPU_FREQUENCY_7,CPU_FREQUENCY_8,CPU_FREQUENCY_9,CPU_USAGE_0,CPU_USAGE_1,CPU_USAGE_10,CPU_USAGE_11,CPU_USAGE_12,CPU_USAGE_13,CPU_USAGE_14,CPU_USAGE_15,CPU_USAGE_2,CPU_USAGE_3,CPU_USAGE_4,CPU_USAGE_5,CPU_USAGE_6,CPU_USAGE_7,CPU_USAGE_8,CPU_USAGE_9,DRAM_ENERGY (J),PACKAGE_ENERGY (J),PP0_ENERGY (J),TOTAL_MEMORY,TOTAL_SWAP,USED_MEMORY,USED_SWAP
0,1778238891643,1612,2118,800,800,2000,800,2200,800,800,799,1000,800,800,800,2099,800,4.1666669845581055,0,7.692307949066162,0,4.1666669845581055,8,0,4.1666669845581055,4.1666669845581055,4.1666669845581055,4,0,4,8,12,4.1666669845581055,170131.7797241211,37265.47961425781,0,404332056576,8589930496,3729723392,0
200,1778238891643,1612,2118,800,800,2000,800,2200,800,800,799,1000,800,800,800,2099,800,4.1666669845581055,0,7.692307949066162,0,4.1666669845581055,8,0,4.1666669845581055,4.1666669845581055,4.1666669845581055,4,0,4,8,12,4.1666669845581055,170131.7797241211,37265.47961425781,0,404332056576,8589930496,3729723392,0
199,1778238891843,1612,2118,800,800,2000,800,2200,800,800,799,1000,800,800,800,2099,800,100,0,0,0,0,0,0,0,0,0,0,0,0,0,0,0,170133.7921142578,37271.210998535156,0,404332056576,8589930496,3733848064,0
199,1778238892043,1612,2118,800,800,2000,800,2200,800,800,799,1000,800,800,800,2099,800,100,0,0,0,0,0,0,0,0,0,0,0,0,0,0,0,170136.69873046875,37277.97882080078,0,404332056576,8589930496,3733848064,0
199,1778238892243,1612,2118,800,800,2000,800,2200,800,800,799,1000,800,800,800,2099,800,100,0,0,0,0,0,0,5.263157844543457,0,0,0,0,0,0,0,0,170139.58935546875,37284.72277832031,0,404332056576,8589930496,3733848064,0
199,1778238892443,1612,2118,800,800,2000,800,2200,800,800,799,1000,800,800,800,2099,800,100,0,0,0,0,0,0,0,0,0,0,0,0,0,0,0,170142.50177001953,37291.64221191406,0,404332056576,8589930496,3733848064,0
0,1778238892644,1612,2118,800,800,2000,800,2200,800,800,799,1000,800,800,800,2099,800,47.36842346191406,0,0,0,0,0,0,0,0,0,0,0,0,0,0,0,170144.14404296875,37296.654052734375,0,404332056576,8589930496,3733848064,0
