Delta,Time,CPU_FREQUENCY_0,CPU_FREQUENCY_1,CPU_FREQUENCY_10,CPU_FREQUENCY_11,CPU_FREQUENCY_12,CPU_FREQUENCY_13,CPU_FREQUENCY_14,CPU_FREQUENCY_15,CPU_FREQUENCY_2,CPU_FREQUENCY_3,CPU_FREQUENCY_4,CPU_FREQUENCY_5,CPU_FREQUENCY_6,CPU_FREQUENCY_7,CPU_FREQUENCY_8,CPU_FREQUENCY_9,CPU_USAGE_0,CPU_USAGE_1,CPU_USAGE_10,CPU_USAGE_11,CPU_USAGE_12,CPU_USAGE_13,CPU_USAGE_14,CPU_USAGE_15,CPU_USAGE_2,CPU_USAGE_3,CPU_USAGE_4,CPU_USAGE_5,CPU_USAGE_6,CPU_USAGE_7,CPU_USAGE_8,CPU_USAGE_9,DRAM_ENERGY (J),PACKAGE_ENERGY (J),PP0_ENERGY (J),TOTAL_MEMORY,TOTAL_SWAP,USED_MEMORY,USED_SWAP
0,1778241183233,800,800,808,809,1217,1019,800,800,1648,1500,800,800,800,3200,800,2100,0,12,0,8,4,4.1666669845581055,4.1666669845581055,4.1666669845581055,4.1666669845581055,4.1666669845581055,4.1666669845581055,4.1666669845581055,0,4.1666669845581055,0,8,171869.2533569336,70377.43286132813,0,404332056576,8589930496,3786104832,0
200,1778241183233,800,800,808,809,1217,1019,800,800,1648,1500,800,800,800,3200,800,2100,0,12,0,8,4,4.1666669845581055,4.1666669845581055,4.1666669845581055,4.1666669845581055,4.1666669845581055,4.1666669845581055,4.1666669845581055,0,4.1666669845581055,0,8,171869.2533569336,70377.43286132813,0,404332056576,8589930496,3786620928,0
199,1778241183433,800,800,808,809,1217,1019,800,800,1648,1500,800,800,800,3200,800,2100,0,0,0,0,0,0,0,0,0,0,0,0,0,0,100,0,171869.9530029297,70381.95111083984,0,404332056576,8589930496,3790491648,0
199,1778241183633,800,800,808,809,1217,1019,800,800,1648,1500,800,800,800,3200,800,2100,4.761904716491699,0,0,0,0,0,0,0,0,0,0,0,0,0,100,0,171870.43719482422,70387.30157470703,0,404332056576,8589930496,3790491648,0
199,1778241183834,800,800,808,809,1217,1019,800,800,1648,1500,800,800,800,3200,800,2100,0,0,0,0,0,0,0,0,0,0,0,0,0,0,100,0,171870.95703125,70392.82244873047,0,404332056576,8589930496,3790491648,0
199,1778241184034,800,800,808,809,1217,1019,800,800,1648,1500,800,800,800,3200,800,2100,0,0,0,0,0,0,0,0,0,0,0,0,0,0,100,0,171871.44482421875,70398.16809082031,0,404332056576,8589930496,3790491648,0
0,1778241184234,800,800,808,809,1217,1019,800,800,1648,1500,800,800,800,3200,800,2100,0,0,0,0,0,0,0,0,0,0,0,0,0,0,47.36842346191406,0,171871.73944091797,70402.34368896484,0,404332056576,8589930496,3790491648,0
