Delta,Time,CPU_FREQUENCY_0,CPU_FREQUENCY_1,CPU_FREQUENCY_10,CPU_FREQUENCY_11,CPU_FREQUENCY_12,CPU_FREQUENCY_13,CPU_FREQUENCY_14,CPU_FREQUENCY_15,CPU_FREQUENCY_2,CPU_FREQUENCY_3,CPU_FREQUENCY_4,CPU_FREQUENCY_5,CPU_FREQUENCY_6,CPU_FREQUENCY_7,CPU_FREQUENCY_8,CPU_FREQUENCY_9,CPU_USAGE_0,CPU_USAGE_1,CPU_USAGE_10,CPU_USAGE_11,CPU_USAGE_12,CPU_USAGE_13,CPU_USAGE_14,CPU_USAGE_15,CPU_USAGE_2,CPU_USAGE_3,CPU_USAGE_4,CPU_USAGE_5,CPU_USAGE_6,CPU_USAGE_7,CPU_USAGE_8,CPU_USAGE_9,DRAM_ENERGY (J),PACKAGE_ENERGY (J),PP0_ENERGY (J),TOTAL_MEMORY,TOTAL_SWAP,USED_MEMORY,USED_SWAP
0,1778244301266,800,2016,2400,2000,800,800,2099,2085,800,2099,800,1000,800,3200,800,799,4,4.1666669845581055,0,4,4,0,4,7.692307949066162,4,4,4,4,4,0,4,8,173265.42138671875,113540.48999023438,0,404332056576,8589930496,3799052288,0
200,1778244301266,800,2016,2400,2000,800,800,2099,2085,800,2099,800,1000,800,3200,800,799,4,4.1666669845581055,0,4,4,0,4,7.692307949066162,4,4,4,4,4,0,4,8,173265.42138671875,113540.48999023438,0,404332056576,8589930496,3799052288,0
199,1778244301467,800,2016,2400,2000,800,800,2099,2085,800,2099,800,1000,800,3200,800,799,100,0,0,0,0,0,0,0,0,0,0,0,0,0,0,0,173267.48345947266,113546.37292480469,0,404332056576,8589930496,3799052288,0
199,1778244301667,800,2016,2400,2000,800,800,2099,2085,800,2099,800,1000,800,3200,800,799,100,0,0,0,0,0,0,0,0,0,0,0,0,0,0,0,173270.35223388672,113553.32946777344,0,404332056576,8589930496,3799052288,0
199,1778244301867,800,2016,2400,2000,800,800,2099,2085,800,2099,800,1000,800,3200,800,799,100,0,0,0,0,0,0,0,0,0,0,0,0,0,0,0,173273.22943115234,113560.27990722656,0,404332056576,8589930496,3799052288,0
199,1778244302067,800,2016,2400,2000,800,800,2099,2085,800,2099,800,1000,800,3200,800,799,100,0,0,0,0,0,0,0,0,0,0,0,0,0,0,0,173276.10119628906,113567.1787109375,0,404332056576,8589930496,3799052288,0
0,1778244302267,800,2016,2400,2000,800,800,2099,2085,800,2099,800,1000,800,3200,800,799,50,0,0,0,0,0,0,0,0,0,0,0,0,0,0,0,173277.6283569336,113572.01678466797,0,404332056576,8589930496,3799052288,0
