Delta,Time,CPU_FREQUENCY_0,CPU_FREQUENCY_1,CPU_FREQUENCY_10,CPU_FREQUENCY_11,CPU_FREQUENCY_12,CPU_FREQUENCY_13,CPU_FREQUENCY_14,CPU_FREQUENCY_15,CPU_FREQUENCY_2,CPU_FREQUENCY_3,CPU_FREQUENCY_4,CPU_FREQUENCY_5,CPU_FREQUENCY_6,CPU_FREQUENCY_7,CPU_FREQUENCY_8,CPU_FREQUENCY_9,CPU_USAGE_0,CPU_USAGE_1,CPU_USAGE_10,CPU_USAGE_11,CPU_USAGE_12,CPU_USAGE_13,CPU_USAGE_14,CPU_USAGE_15,CPU_USAGE_2,CPU_USAGE_3,CPU_USAGE_4,CPU_USAGE_5,CPU_USAGE_6,CPU_USAGE_7,CPU_USAGE_8,CPU_USAGE_9,DRAM_ENERGY (J),PACKAGE_ENERGY (J),PP0_ENERGY (J),TOTAL_MEMORY,TOTAL_SWAP,USED_MEMORY,USED_SWAP
0,1778241596518,905,800,1567,1001,867,800,800,800,1459,2099,1104,800,882,2000,800,2099,0,4.1666669845581055,0,0,4.1666669845581055,4.34782600402832,4.34782600402832,4,4.1666669845581055,4.1666669845581055,0,0,0,4.1666669845581055,0,4.1666669845581055,172021.48510742188,76094.66064453125,0,404332056576,8589930496,3767635968,0
200,1778241596518,905,800,1567,1001,867,800,800,800,1459,2099,1104,800,882,2000,800,2099,0,4.1666669845581055,0,0,4.1666669845581055,4.34782600402832,4.34782600402832,4,4.1666669845581055,4.1666669845581055,0,0,0,4.1666669845581055,0,4.1666669845581055,172021.48895263672,76094.6802368164,0,404332056576,8589930496,3767635968,0
199,1778241596718,905,800,1567,1001,867,800,800,800,1459,2099,1104,800,882,2000,800,2099,100,0,0,0,0,4.761904716491699,0,0,0,0,0,0,0,0,0,0,172023.04949951172,76100.14318847656,0,404332056576,8589930496,3768840192,0
199,1778241596918,905,800,1567,1001,867,800,800,800,1459,2099,1104,800,882,2000,800,2099,100,0,0,0,0,0,0,0,0,0,0,0,0,0,0,0,172025.89837646484,76106.88317871094,0,404332056576,8589930496,3768840192,0
199,1778241597118,905,800,1567,1001,867,800,800,800,1459,2099,1104,800,882,2000,800,2099,100,0,0,0,0,0,0,0,0,0,0,0,0,0,0,0,172028.74114990234,76113.62548828125,0,404332056576,8589930496,3768840192,0
199,1778241597318,905,800,1567,1001,867,800,800,800,1459,2099,1104,800,882,2000,800,2099,100,0,0,0,0,0,0,0,0,0,0,0,0,0,0,0,172031.63311767578,76120.37133789063,0,404332056576,8589930496,3768840192,0
0,1778241597518,905,800,1567,1001,867,800,800,800,1459,2099,1104,800,882,2000,800,2099,50,0,0,0,0,4.761904716491699,0,0,0,0,0,0,0,0,0,0,172033.45501708984,76125.51037597656,0,404332056576,8589930496,3768840192,0
