Delta,Time,CPU_FREQUENCY_0,CPU_FREQUENCY_1,CPU_FREQUENCY_10,CPU_FREQUENCY_11,CPU_FREQUENCY_12,CPU_FREQUENCY_13,CPU_FREQUENCY_14,CPU_FREQUENCY_15,CPU_FREQUENCY_2,CPU_FREQUENCY_3,CPU_FREQUENCY_4,CPU_FREQUENCY_5,CPU_FREQUENCY_6,CPU_FREQUENCY_7,CPU_FREQUENCY_8,CPU_FREQUENCY_9,CPU_USAGE_0,CPU_USAGE_1,CPU_USAGE_10,CPU_USAGE_11,CPU_USAGE_12,CPU_USAGE_13,CPU_USAGE_14,CPU_USAGE_15,CPU_USAGE_2,CPU_USAGE_3,CPU_USAGE_4,CPU_USAGE_5,CPU_USAGE_6,CPU_USAGE_7,CPU_USAGE_8,CPU_USAGE_9,DRAM_ENERGY (J),PACKAGE_ENERGY (J),PP0_ENERGY (J),TOTAL_MEMORY,TOTAL_SWAP,USED_MEMORY,USED_SWAP
0,1778239868241,800,2152,800,800,799,800,800,2100,2000,820,2000,1000,800,1060,1473,828,0,0,3.846153974533081,4,4.1666669845581055,0,4,4.1666669845581055,0,0,4,0,0,0,4,0,170931.6329345703,51341.22668457031,0,404332056576,8589930496,3775000576,0
199,1778239868241,800,2152,800,800,799,800,800,2100,2000,820,2000,1000,800,1060,1473,828,0,0,3.846153974533081,4,4.1666669845581055,0,4,4.1666669845581055,0,0,4,0,0,0,4,0,170931.63677978516,51341.24639892578,0,404332056576,8589930496,3775000576,0
199,1778239868441,800,2152,800,800,799,800,800,2100,2000,820,2000,1000,800,1060,1473,828,100,0,0,0,0,0,0,0,0,0,0,0,0,0,0,0,170933.56634521484,51346.929626464844,0,404332056576,8589930496,3775000576,0
199,1778239868641,800,2152,800,800,799,800,800,2100,2000,820,2000,1000,800,1060,1473,828,100,0,0,0,0,0,4.761904716491699,0,0,0,0,0,0,0,0,0,170936.43200683594,51353.661682128906,0,404332056576,8589930496,3775000576,0
199,1778239868841,800,2152,800,800,799,800,800,2100,2000,820,2000,1000,800,1060,1473,828,100,0,0,0,0,0,0,0,0,0,0,0,0,0,0,0,170939.31774902344,51360.38342285156,0,404332056576,8589930496,3775000576,0
199,1778239869041,800,2152,800,800,799,800,800,2100,2000,820,2000,1000,800,1060,1473,828,100,0,0,0,0,0,0,0,0,0,0,0,0,0,0,0,170942.1869506836,51367.288024902344,0,404332056576,8589930496,3775000576,0
0,1778239869241,800,2152,800,800,799,800,800,2100,2000,820,2000,1000,800,1060,1473,828,45,0,0,0,0,0,0,0,0,0,0,0,0,0,0,0,170943.84436035156,51372.19171142578,0,404332056576,8589930496,3775000576,0
