Delta,Time,CPU_FREQUENCY_0,CPU_FREQUENCY_1,CPU_FREQUENCY_10,CPU_FREQUENCY_11,CPU_FREQUENCY_12,CPU_FREQUENCY_13,CPU_FREQUENCY_14,CPU_FREQUENCY_15,CPU_FREQUENCY_2,CPU_FREQUENCY_3,CPU_FREQUENCY_4,CPU_FREQUENCY_5,CPU_FREQUENCY_6,CPU_FREQUENCY_7,CPU_FREQUENCY_8,CPU_FREQUENCY_9,CPU_USAGE_0,CPU_USAGE_1,CPU_USAGE_10,CPU_USAGE_11,CPU_USAGE_12,CPU_USAGE_13,CPU_USAGE_14,CPU_USAGE_15,CPU_USAGE_2,CPU_USAGE_3,CPU_USAGE_4,CPU_USAGE_5,CPU_USAGE_6,CPU_USAGE_7,CPU_USAGE_8,CPU_USAGE_9,DRAM_ENERGY (J),PACKAGE_ENERGY (J),PP0_ENERGY (J),TOTAL_MEMORY,TOTAL_SWAP,USED_MEMORY,USED_SWAP
0,1778242932588,824,800,810,800,800,2000,2000,800,1500,2100,800,800,800,1068,800,2100,0,0,0,0,4.34782600402832,0,8,4,4,4,4.1666669845581055,0,4,0,0,0,172459.5361328125,94269.82458496094,0,404332056576,8589930496,3784970240,0
200,1778242932589,824,800,810,800,800,2000,2000,800,1500,2100,800,800,800,1068,800,2100,0,0,0,0,4.34782600402832,0,8,4,4,4,4.1666669845581055,0,4,0,0,0,172459.5361328125,94269.82458496094,0,404332056576,8589930496,3784970240,0
199,1778242932789,824,800,810,800,800,2000,2000,800,1500,2100,800,800,800,1068,800,2100,100,0,0,0,0,0,0,5,0,0,0,0,0,0,0,0,172461.29760742188,94275.44555664063,0,404332056576,8589930496,3786194944,0
199,1778242932989,824,800,810,800,800,2000,2000,800,1500,2100,800,800,800,1068,800,2100,100,0,0,0,0,0,0,0,0,0,0,0,0,0,0,0,172464.12426757813,94282.22723388672,0,404332056576,8589930496,3786194944,0
199,1778242933189,824,800,810,800,800,2000,2000,800,1500,2100,800,800,800,1068,800,2100,100,0,0,0,0,0,0,0,0,0,0,0,0,0,0,0,172466.98803710938,94288.96600341797,0,404332056576,8589930496,3786194944,0
199,1778242933389,824,800,810,800,800,2000,2000,800,1500,2100,800,800,800,1068,800,2100,100,0,0,0,4.761904716491699,0,0,0,0,0,0,0,0,0,0,0,172469.85595703125,94295.71081542969,0,404332056576,8589930496,3786194944,0
0,1778242933589,824,800,810,800,800,2000,2000,800,1500,2100,800,800,800,1068,800,2100,47.36842346191406,0,0,0,0,0,0,0,0,0,0,0,0,0,0,0,172471.44610595703,94300.5620727539,0,404332056576,8589930496,3786194944,0
