Delta,Time,CPU_FREQUENCY_0,CPU_FREQUENCY_1,CPU_FREQUENCY_10,CPU_FREQUENCY_11,CPU_FREQUENCY_12,CPU_FREQUENCY_13,CPU_FREQUENCY_14,CPU_FREQUENCY_15,CPU_FREQUENCY_2,CPU_FREQUENCY_3,CPU_FREQUENCY_4,CPU_FREQUENCY_5,CPU_FREQUENCY_6,CPU_FREQUENCY_7,CPU_FREQUENCY_8,CPU_FREQUENCY_9,CPU_USAGE_0,CPU_USAGE_1,CPU_USAGE_10,CPU_USAGE_11,CPU_USAGE_12,CPU_USAGE_13,CPU_USAGE_14,CPU_USAGE_15,CPU_USAGE_2,CPU_USAGE_3,CPU_USAGE_4,CPU_USAGE_5,CPU_USAGE_6,CPU_USAGE_7,CPU_USAGE_8,CPU_USAGE_9,DRAM_ENERGY (J),PACKAGE_ENERGY (J),PP0_ENERGY (J),TOTAL_MEMORY,TOTAL_SWAP,USED_MEMORY,USED_SWAP
0,1778239930542,2000,2100,800,800,800,800,879,1428,800,800,2100,810,932,2000,2000,800,4.1666669845581055,0,4.1666669845581055,0,4.1666669845581055,4.1666669845581055,8.333333969116211,4.1666669845581055,0,0,0,0,4.34782600402832,4.34782600402832,8,4.1666669845581055,170955.83081054688,52195.171325683594,0,404332056576,8589930496,3767156736,0
200,1778239930542,2000,2100,800,800,800,800,879,1428,800,800,2100,810,932,2000,2000,800,4.1666669845581055,0,4.1666669845581055,0,4.1666669845581055,4.1666669845581055,8.333333969116211,4.1666669845581055,0,0,0,0,4.34782600402832,4.34782600402832,8,4.1666669845581055,170955.83081054688,52195.171325683594,0,404332056576,8589930496,3767156736,0
199,1778239930743,2000,2100,800,800,800,800,879,1428,800,800,2100,810,932,2000,2000,800,0,0,0,0,100,0,0,0,0,0,0,0,0,0,0,0,170956.2235107422,52199.7666015625,0,404332056576,8589930496,3773427712,0
199,1778239930943,2000,2100,800,800,800,800,879,1428,800,800,2100,810,932,2000,2000,800,0,0,0,0,100,0,0,0,0,0,0,0,0,0,0,0,170956.61169433594,52205.10607910156,0,404332056576,8589930496,3773427712,0
199,1778239931143,2000,2100,800,800,800,800,879,1428,800,800,2100,810,932,2000,2000,800,0,0,0,0,100,0,0,0,0,0,0,0,0,0,0,0,170957.0264892578,52210.47528076172,0,404332056576,8589930496,3773427712,0
199,1778239931343,2000,2100,800,800,800,800,879,1428,800,800,2100,810,932,2000,2000,800,0,0,0,0,100,0,0,0,0,0,0,0,0,0,0,0,170957.4432373047,52215.812438964844,0,404332056576,8589930496,3773427712,0
0,1778239931543,2000,2100,800,800,800,800,879,1428,800,800,2100,810,932,2000,2000,800,0,0,0,0,45,0,0,0,0,0,0,0,0,4.761904716491699,0,0,170957.6416015625,52219.805114746094,0,404332056576,8589930496,3773427712,0
