Delta,Time,CPU_FREQUENCY_0,CPU_FREQUENCY_1,CPU_FREQUENCY_10,CPU_FREQUENCY_11,CPU_FREQUENCY_12,CPU_FREQUENCY_13,CPU_FREQUENCY_14,CPU_FREQUENCY_15,CPU_FREQUENCY_2,CPU_FREQUENCY_3,CPU_FREQUENCY_4,CPU_FREQUENCY_5,CPU_FREQUENCY_6,CPU_FREQUENCY_7,CPU_FREQUENCY_8,CPU_FREQUENCY_9,CPU_USAGE_0,CPU_USAGE_1,CPU_USAGE_10,CPU_USAGE_11,CPU_USAGE_12,CPU_USAGE_13,CPU_USAGE_14,CPU_USAGE_15,CPU_USAGE_2,CPU_USAGE_3,CPU_USAGE_4,CPU_USAGE_5,CPU_USAGE_6,CPU_USAGE_7,CPU_USAGE_8,CPU_USAGE_9,DRAM_ENERGY (J),PACKAGE_ENERGY (J),PP0_ENERGY (J),TOTAL_MEMORY,TOTAL_SWAP,USED_MEMORY,USED_SWAP
0,1778238758433,800,1417,901,800,800,1096,994,800,800,799,1398,2000,2000,800,800,2099,4,0,4.1666669845581055,8.333333969116211,4.1666669845581055,0,8,4.1666669845581055,4.1666669845581055,4.1666669845581055,4.1666669845581055,0,4,4.1666669845581055,4.1666669845581055,4.1666669845581055,169954.02416992188,35276.517578125,0,404332056576,8589930496,3756503040,0
200,1778238758433,800,1417,901,800,800,1096,994,800,800,799,1398,2000,2000,800,800,2099,4,0,4.1666669845581055,8.333333969116211,4.1666669845581055,0,8,4.1666669845581055,4.1666669845581055,4.1666669845581055,4.1666669845581055,0,4,4.1666669845581055,4.1666669845581055,4.1666669845581055,169954.02838134766,35276.540588378906,0,404332056576,8589930496,3756503040,0
199,1778238758633,800,1417,901,800,800,1096,994,800,800,799,1398,2000,2000,800,800,2099,100,0,0,0,0,0,0,0,0,0,0,0,0,0,0,0,169955.83367919922,35282.12188720703,0,404332056576,8589930496,3756503040,0
199,1778238758833,800,1417,901,800,800,1096,994,800,800,799,1398,2000,2000,800,800,2099,100,0,0,0,0,0,0,0,0,0,0,0,0,0,0,0,169958.74969482422,35288.86096191406,0,404332056576,8589930496,3758718976,0
199,1778238759033,800,1417,901,800,800,1096,994,800,800,799,1398,2000,2000,800,800,2099,100,0,0,0,0,0,0,0,0,0,0,0,0,0,0,0,169961.6650390625,35295.59649658203,0,404332056576,8589930496,3758718976,0
199,1778238759233,800,1417,901,800,800,1096,994,800,800,799,1398,2000,2000,800,800,2099,100,0,0,0,0,0,0,0,0,0,0,0,0,0,0,0,169964.55590820313,35302.32568359375,0,404332056576,8589930496,3758718976,0
0,1778238759433,800,1417,901,800,800,1096,994,800,800,799,1398,2000,2000,800,800,2099,52.6315803527832,0,0,0,0,0,5.263157844543457,0,0,0,0,0,0,0,0,0,169966.18139648438,35307.29754638672,0,404332056576,8589930496,3758718976,0
