Delta,Time,CPU_FREQUENCY_0,CPU_FREQUENCY_1,CPU_FREQUENCY_10,CPU_FREQUENCY_11,CPU_FREQUENCY_12,CPU_FREQUENCY_13,CPU_FREQUENCY_14,CPU_FREQUENCY_15,CPU_FREQUENCY_2,CPU_FREQUENCY_3,CPU_FREQUENCY_4,CPU_FREQUENCY_5,CPU_FREQUENCY_6,CPU_FREQUENCY_7,CPU_FREQUENCY_8,CPU_FREQUENCY_9,CPU_USAGE_0,CPU_USAGE_1,CPU_USAGE_10,CPU_USAGE_11,CPU_USAGE_12,CPU_USAGE_13,CPU_USAGE_14,CPU_USAGE_15,CPU_USAGE_2,CPU_USAGE_3,CPU_USAGE_4,CPU_USAGE_5,CPU_USAGE_6,CPU_USAGE_7,CPU_USAGE_8,CPU_USAGE_9,DRAM_ENERGY (J),PACKAGE_ENERGY (J),PP0_ENERGY (J),TOTAL_MEMORY,TOTAL_SWAP,USED_MEMORY,USED_SWAP
0,1778239478381,821,2000,800,2099,938,1394,800,800,800,1449,800,800,800,1345,1200,800,4,0,0,8.333333969116211,4,0,0,0,4,4.1666669845581055,8,4,0,4.1666669845581055,8,4.1666669845581055,170562.947265625,45704.872802734375,0,404332056576,8589930496,3765374976,0
200,1778239478381,821,2000,800,2099,938,1394,800,800,800,1449,800,800,800,1345,1200,800,4,0,0,8.333333969116211,4,0,0,0,4,4.1666669845581055,8,4,0,4.1666669845581055,8,4.1666669845581055,170562.947265625,45704.872802734375,0,404332056576,8589930496,3766407168,0
199,1778239478581,821,2000,800,2099,938,1394,800,800,800,1449,800,800,800,1345,1200,800,100,0,0,0,0,0,0,0,0,0,0,0,0,0,0,0,170564.92114257813,45710.659912109375,0,404332056576,8589930496,3766407168,0
199,1778239478781,821,2000,800,2099,938,1394,800,800,800,1449,800,800,800,1345,1200,800,15.789472579956055,80.95238494873047,0,0,0,0,0,0,0,0,0,0,0,0,0,0,170567.42657470703,45717.276916503906,0,404332056576,8589930496,3766407168,0
199,1778239478981,821,2000,800,2099,938,1394,800,800,800,1449,800,800,800,1345,1200,800,0,100,0,0,0,0,0,0,0,0,0,0,0,0,0,0,170570.31018066406,45724.100158691406,0,404332056576,8589930496,3766407168,0
199,1778239479182,821,2000,800,2099,938,1394,800,800,800,1449,800,800,800,1345,1200,800,0,100,0,0,0,0,0,0,0,0,0,0,0,0,0,0,170573.1778564453,45731.0400390625,0,404332056576,8589930496,3766407168,0
0,1778239479382,821,2000,800,2099,938,1394,800,800,800,1449,800,800,800,1345,1200,800,0,57.894737243652344,0,0,0,0,0,0,0,0,0,0,0,0,0,0,170575.06463623047,45736.49133300781,0,404332056576,8589930496,3766407168,0
