Delta,Time,CPU_FREQUENCY_0,CPU_FREQUENCY_1,CPU_FREQUENCY_10,CPU_FREQUENCY_11,CPU_FREQUENCY_12,CPU_FREQUENCY_13,CPU_FREQUENCY_14,CPU_FREQUENCY_15,CPU_FREQUENCY_2,CPU_FREQUENCY_3,CPU_FREQUENCY_4,CPU_FREQUENCY_5,CPU_FREQUENCY_6,CPU_FREQUENCY_7,CPU_FREQUENCY_8,CPU_FREQUENCY_9,CPU_USAGE_0,CPU_USAGE_1,CPU_USAGE_10,CPU_USAGE_11,CPU_USAGE_12,CPU_USAGE_13,CPU_USAGE_14,CPU_USAGE_15,CPU_USAGE_2,CPU_USAGE_3,CPU_USAGE_4,CPU_USAGE_5,CPU_USAGE_6,CPU_USAGE_7,CPU_USAGE_8,CPU_USAGE_9,DRAM_ENERGY (J),PACKAGE_ENERGY (J),PP0_ENERGY (J),TOTAL_MEMORY,TOTAL_SWAP,USED_MEMORY,USED_SWAP
0,1778240606252,800,800,1999,800,800,800,800,800,800,1283,800,1712,975,1000,800,2099,4.1666669845581055,4.1666669845581055,4.1666669845581055,4,0,4,0,12,4,0,0,4,0,0,4,8.333333969116211,171554.17657470703,62250.76892089844,0,404332056576,8589930496,3798962176,0
199,1778240606252,800,800,1999,800,800,800,800,800,800,1283,800,1712,975,1000,800,2099,4.1666669845581055,4.1666669845581055,4.1666669845581055,4,0,4,0,12,4,0,0,4,0,0,4,8.333333969116211,171554.18060302734,62250.79296875,0,404332056576,8589930496,3798962176,0
199,1778240606452,800,800,1999,800,800,800,800,800,800,1283,800,1712,975,1000,800,2099,100,0,0,0,0,0,0,0,0,0,0,0,0,0,0,0,171555.91387939453,62256.51428222656,0,404332056576,8589930496,3803062272,0
199,1778240606652,800,800,1999,800,800,800,800,800,800,1283,800,1712,975,1000,800,2099,100,0,0,0,0,0,0,0,0,0,0,0,0,0,0,0,171558.8048095703,62263.47332763672,0,404332056576,8589930496,3804307456,0
199,1778240606852,800,800,1999,800,800,800,800,800,800,1283,800,1712,975,1000,800,2099,100,0,0,0,0,0,0,0,0,0,0,0,0,0,0,0,171561.69299316406,62270.284240722656,0,404332056576,8589930496,3804307456,0
199,1778240607052,800,800,1999,800,800,800,800,800,800,1283,800,1712,975,1000,800,2099,100,0,0,0,0,0,0,0,0,0,0,0,0,0,0,0,171564.5972290039,62277.24963378906,0,404332056576,8589930496,3804307456,0
0,1778240607253,800,800,1999,800,800,800,800,800,800,1283,800,1712,975,1000,800,2099,55,0,0,0,0,0,0,0,0,0,0,0,0,0,0,0,171566.53924560547,62282.721923828125,0,404332056576,8589930496,3804307456,0
