Delta,Time,CPU_FREQUENCY_0,CPU_FREQUENCY_1,CPU_FREQUENCY_10,CPU_FREQUENCY_11,CPU_FREQUENCY_12,CPU_FREQUENCY_13,CPU_FREQUENCY_14,CPU_FREQUENCY_15,CPU_FREQUENCY_2,CPU_FREQUENCY_3,CPU_FREQUENCY_4,CPU_FREQUENCY_5,CPU_FREQUENCY_6,CPU_FREQUENCY_7,CPU_FREQUENCY_8,CPU_FREQUENCY_9,CPU_USAGE_0,CPU_USAGE_1,CPU_USAGE_10,CPU_USAGE_11,CPU_USAGE_12,CPU_USAGE_13,CPU_USAGE_14,CPU_USAGE_15,CPU_USAGE_2,CPU_USAGE_3,CPU_USAGE_4,CPU_USAGE_5,CPU_USAGE_6,CPU_USAGE_7,CPU_USAGE_8,CPU_USAGE_9,DRAM_ENERGY (J),PACKAGE_ENERGY (J),PP0_ENERGY (J),TOTAL_MEMORY,TOTAL_SWAP,USED_MEMORY,USED_SWAP
0,1778241018379,1000,800,800,800,1000,800,800,2400,1173,799,800,800,800,2000,800,2100,0,0,0,0,7.692307949066162,0,4.1666669845581055,0,4,0,8,0,0,4,4,0,171684.00982666016,67952.1029663086,0,404332056576,8589930496,3798016000,0
200,1778241018379,1000,800,800,800,1000,800,800,2400,1173,799,800,800,800,2000,800,2100,0,0,0,0,7.692307949066162,0,4.1666669845581055,0,4,0,8,0,0,4,4,0,171684.00982666016,67952.1029663086,0,404332056576,8589930496,3798016000,0
199,1778241018580,1000,800,800,800,1000,800,800,2400,1173,799,800,800,800,2000,800,2100,0,0,0,100,0,0,0,0,0,0,0,0,0,0,0,0,171684.46002197266,67956.67541503906,0,404332056576,8589930496,3802374144,0
199,1778241018780,1000,800,800,800,1000,800,800,2400,1173,799,800,800,800,2000,800,2100,0,0,0,100,0,0,0,0,0,0,0,0,0,0,0,0,171684.89233398438,67962.02435302734,0,404332056576,8589930496,3803111424,0
199,1778241018980,1000,800,800,800,1000,800,800,2400,1173,799,800,800,800,2000,800,2100,0,0,0,100,0,0,0,0,0,0,0,0,0,0,0,0,171685.34454345703,67967.37622070313,0,404332056576,8589930496,3803111424,0
199,1778241019180,1000,800,800,800,1000,800,800,2400,1173,799,800,800,800,2000,800,2100,0,0,0,100,0,0,0,0,0,0,0,0,0,0,0,0,171685.8031616211,67972.72296142578,0,404332056576,8589930496,3803111424,0
0,1778241019380,1000,800,800,800,1000,800,800,2400,1173,799,800,800,800,2000,800,2100,0,0,0,50,0,0,0,0,0,0,0,0,0,0,0,0,171686.0478515625,67977.0142211914,0,404332056576,8589930496,3803111424,0
