Delta,Time,CPU_FREQUENCY_0,CPU_FREQUENCY_1,CPU_FREQUENCY_10,CPU_FREQUENCY_11,CPU_FREQUENCY_12,CPU_FREQUENCY_13,CPU_FREQUENCY_14,CPU_FREQUENCY_15,CPU_FREQUENCY_2,CPU_FREQUENCY_3,CPU_FREQUENCY_4,CPU_FREQUENCY_5,CPU_FREQUENCY_6,CPU_FREQUENCY_7,CPU_FREQUENCY_8,CPU_FREQUENCY_9,CPU_USAGE_0,CPU_USAGE_1,CPU_USAGE_10,CPU_USAGE_11,CPU_USAGE_12,CPU_USAGE_13,CPU_USAGE_14,CPU_USAGE_15,CPU_USAGE_2,CPU_USAGE_3,CPU_USAGE_4,CPU_USAGE_5,CPU_USAGE_6,CPU_USAGE_7,CPU_USAGE_8,CPU_USAGE_9,DRAM_ENERGY (J),PACKAGE_ENERGY (J),PP0_ENERGY (J),TOTAL_MEMORY,TOTAL_SWAP,USED_MEMORY,USED_SWAP
0,1778243034146,932,1725,902,879,800,800,855,800,2000,800,800,800,1000,800,800,2099,4,0,8,7.692307949066162,4,7.692307949066162,7.692307949066162,0,0,0,4.1666669845581055,4.1666669845581055,4,4,4,11.538461685180664,172616.36547851563,95826.74249267578,0,404332056576,8589930496,3732107264,0
200,1778243034146,932,1725,902,879,800,800,855,800,2000,800,800,800,1000,800,800,2099,4,0,8,7.692307949066162,4,7.692307949066162,7.692307949066162,0,0,0,4.1666669845581055,4.1666669845581055,4,4,4,11.538461685180664,172616.36547851563,95826.74249267578,0,404332056576,8589930496,3732107264,0
199,1778243034346,932,1725,902,879,800,800,855,800,2000,800,800,800,1000,800,800,2099,100,0,0,0,0,0,0,0,0,0,0,0,0,0,0,0,172618.2182006836,95832.59228515625,0,404332056576,8589930496,3736231936,0
199,1778243034546,932,1725,902,879,800,800,855,800,2000,800,800,800,1000,800,800,2099,100,0,0,0,0,0,0,0,0,0,0,0,0,0,0,0,172621.0971069336,95839.34387207031,0,404332056576,8589930496,3736231936,0
199,1778243034746,932,1725,902,879,800,800,855,800,2000,800,800,800,1000,800,800,2099,25,0,0,0,0,0,0,0,75,0,0,0,0,0,0,0,172623.25451660156,95845.61340332031,0,404332056576,8589930496,3737395200,0
199,1778243034946,932,1725,902,879,800,800,855,800,2000,800,800,800,1000,800,800,2099,0,0,0,0,0,0,0,0,100,0,0,0,0,0,0,0,172626.13439941406,95852.484375,0,404332056576,8589930496,3737395200,0
0,1778243035146,932,1725,902,879,800,800,855,800,2000,800,800,800,1000,800,800,2099,0,0,0,0,0,0,0,0,60.000003814697266,0,0,0,0,0,0,0,172628.15393066406,95858.01556396484,0,404332056576,8589930496,3737395200,0
