Delta,Time,CPU_FREQUENCY_0,CPU_FREQUENCY_1,CPU_FREQUENCY_10,CPU_FREQUENCY_11,CPU_FREQUENCY_12,CPU_FREQUENCY_13,CPU_FREQUENCY_14,CPU_FREQUENCY_15,CPU_FREQUENCY_2,CPU_FREQUENCY_3,CPU_FREQUENCY_4,CPU_FREQUENCY_5,CPU_FREQUENCY_6,CPU_FREQUENCY_7,CPU_FREQUENCY_8,CPU_FREQUENCY_9,CPU_USAGE_0,CPU_USAGE_1,CPU_USAGE_10,CPU_USAGE_11,CPU_USAGE_12,CPU_USAGE_13,CPU_USAGE_14,CPU_USAGE_15,CPU_USAGE_2,CPU_USAGE_3,CPU_USAGE_4,CPU_USAGE_5,CPU_USAGE_6,CPU_USAGE_7,CPU_USAGE_8,CPU_USAGE_9,DRAM_ENERGY (J),PACKAGE_ENERGY (J),PP0_ENERGY (J),TOTAL_MEMORY,TOTAL_SWAP,USED_MEMORY,USED_SWAP
0,1778237978551,1656,800,800,800,800,2000,2000,2099,800,1558,2000,1060,800,2000,813,809,4.1666669845581055,4,4.1666669845581055,0,4,4,4.34782600402832,4.1666669845581055,4,4.1666669845581055,0,0,0,0,7.692307949066162,0,169327.38677978516,24036.9580078125,0,404332056576,8589930496,3782733824,0
200,1778237978551,1656,800,800,800,800,2000,2000,2099,800,1558,2000,1060,800,2000,813,809,4.1666669845581055,4,4.1666669845581055,0,4,4,4.34782600402832,4.1666669845581055,4,4.1666669845581055,0,0,0,0,7.692307949066162,0,169327.38677978516,24036.9580078125,0,404332056576,8589930496,3782733824,0
199,1778237978752,1656,800,800,800,800,2000,2000,2099,800,1558,2000,1060,800,2000,813,809,100,0,0,0,0,0,4.761904716491699,0,0,0,0,0,0,0,0,0,169329.57080078125,24042.807189941406,0,404332056576,8589930496,3783950336,0
199,1778237978952,1656,800,800,800,800,2000,2000,2099,800,1558,2000,1060,800,2000,813,809,100,0,0,0,0,0,0,0,0,0,0,0,0,0,0,0,169332.4974975586,24049.54541015625,0,404332056576,8589930496,3783950336,0
199,1778237979152,1656,800,800,800,800,2000,2000,2099,800,1558,2000,1060,800,2000,813,809,100,0,0,0,0,0,0,0,0,0,0,0,0,0,0,0,169335.44305419922,24056.289184570313,0,404332056576,8589930496,3783950336,0
199,1778237979352,1656,800,800,800,800,2000,2000,2099,800,1558,2000,1060,800,2000,813,809,100,0,0,0,0,0,0,0,0,0,0,0,0,0,0,0,169338.39239501953,24063.029235839844,0,404332056576,8589930496,3783950336,0
0,1778237979552,1656,800,800,800,800,2000,2000,2099,800,1558,2000,1060,800,2000,813,809,45,0,0,0,0,0,0,0,0,0,0,0,0,0,0,0,169339.7689819336,24067.59783935547,0,404332056576,8589930496,3783950336,0
