Delta,Time,CPU_FREQUENCY_0,CPU_FREQUENCY_1,CPU_FREQUENCY_10,CPU_FREQUENCY_11,CPU_FREQUENCY_12,CPU_FREQUENCY_13,CPU_FREQUENCY_14,CPU_FREQUENCY_15,CPU_FREQUENCY_2,CPU_FREQUENCY_3,CPU_FREQUENCY_4,CPU_FREQUENCY_5,CPU_FREQUENCY_6,CPU_FREQUENCY_7,CPU_FREQUENCY_8,CPU_FREQUENCY_9,CPU_USAGE_0,CPU_USAGE_1,CPU_USAGE_10,CPU_USAGE_11,CPU_USAGE_12,CPU_USAGE_13,CPU_USAGE_14,CPU_USAGE_15,CPU_USAGE_2,CPU_USAGE_3,CPU_USAGE_4,CPU_USAGE_5,CPU_USAGE_6,CPU_USAGE_7,CPU_USAGE_8,CPU_USAGE_9,DRAM_ENERGY (J),PACKAGE_ENERGY (J),PP0_ENERGY (J),TOTAL_MEMORY,TOTAL_SWAP,USED_MEMORY,USED_SWAP
0,1778236661559,1927,1172,831,800,800,800,800,2100,800,800,800,991,1875,1009,1206,1094,4.1666669845581055,8.333333969116211,3.846153974533081,0,0,3.846153974533081,3.846153974533081,0,3.846153974533081,4,3.846153974533081,4,11.538461685180664,7.692307949066162,0,4,168589.92504882813,5372.2747802734375,0,404332056576,8589930496,3753177088,0
200,1778236661559,1927,1172,831,800,800,800,800,2100,800,800,800,991,1875,1009,1206,1094,4.1666669845581055,8.333333969116211,3.846153974533081,0,0,3.846153974533081,3.846153974533081,0,3.846153974533081,4,3.846153974533081,4,11.538461685180664,7.692307949066162,0,4,168589.92504882813,5372.2747802734375,0,404332056576,8589930496,3753177088,0
200,1778236661759,1927,1172,831,800,800,800,800,2100,800,800,800,991,1875,1009,1206,1094,0,4.761904716491699,0,0,0,0,0,100,0,0,0,0,0,0,0,0,168590.34521484375,5376.9349365234375,0,404332056576,8589930496,3753177088,0
199,1778236661960,1927,1172,831,800,800,800,800,2100,800,800,800,991,1875,1009,1206,1094,0,0,0,0,0,0,0,100,0,0,0,0,0,0,0,0,168590.77661132813,5382.26904296875,0,404332056576,8589930496,3753177088,0
199,1778236662160,1927,1172,831,800,800,800,800,2100,800,800,800,991,1875,1009,1206,1094,0,0,0,0,0,0,0,100,0,0,0,0,0,0,0,0,168591.19921875,5387.610595703125,0,404332056576,8589930496,3753177088,0
199,1778236662360,1927,1172,831,800,800,800,800,2100,800,800,800,991,1875,1009,1206,1094,0,0,0,0,0,0,0,100,0,0,0,0,0,0,0,0,168591.63250732422,5392.951721191406,0,404332056576,8589930496,3753177088,0
0,1778236662560,1927,1172,831,800,800,800,800,2100,800,800,800,991,1875,1009,1206,1094,0,0,0,0,0,0,0,45,0,0,0,0,0,0,0,0,168591.87396240234,5397.095520019531,0,404332056576,8589930496,3753639936,0
