Delta,Time,CPU_FREQUENCY_0,CPU_FREQUENCY_1,CPU_FREQUENCY_10,CPU_FREQUENCY_11,CPU_FREQUENCY_12,CPU_FREQUENCY_13,CPU_FREQUENCY_14,CPU_FREQUENCY_15,CPU_FREQUENCY_2,CPU_FREQUENCY_3,CPU_FREQUENCY_4,CPU_FREQUENCY_5,CPU_FREQUENCY_6,CPU_FREQUENCY_7,CPU_FREQUENCY_8,CPU_FREQUENCY_9,CPU_USAGE_0,CPU_USAGE_1,CPU_USAGE_10,CPU_USAGE_11,CPU_USAGE_12,CPU_USAGE_13,CPU_USAGE_14,CPU_USAGE_15,CPU_USAGE_2,CPU_USAGE_3,CPU_USAGE_4,CPU_USAGE_5,CPU_USAGE_6,CPU_USAGE_7,CPU_USAGE_8,CPU_USAGE_9,DRAM_ENERGY (J),PACKAGE_ENERGY (J),PP0_ENERGY (J),TOTAL_MEMORY,TOTAL_SWAP,USED_MEMORY,USED_SWAP
0,1778241845148,1233,1521,2000,800,2100,964,1266,810,1000,800,2000,1500,800,967,800,800,0,0,0,7.692307949066162,4.1666669845581055,4.1666669845581055,8,0,4,4.1666669845581055,7.692307949066162,0,4,7.692307949066162,0,4,172088.4877319336,79461.2279663086,0,404332056576,8589930496,3751313408,0
199,1778241845148,1233,1521,2000,800,2100,964,1266,810,1000,800,2000,1500,800,967,800,800,0,0,0,7.692307949066162,4.1666669845581055,4.1666669845581055,8,0,4,4.1666669845581055,7.692307949066162,0,4,7.692307949066162,0,4,172088.4906616211,79461.24993896484,0,404332056576,8589930496,3751313408,0
199,1778241845349,1233,1521,2000,800,2100,964,1266,810,1000,800,2000,1500,800,967,800,800,100,0,0,0,0,0,0,0,0,0,0,0,0,0,0,0,172090.39556884766,79466.89428710938,0,404332056576,8589930496,3751542784,0
199,1778241845549,1233,1521,2000,800,2100,964,1266,810,1000,800,2000,1500,800,967,800,800,100,0,0,0,0,0,0,0,0,0,0,0,0,0,0,0,172093.34600830078,79473.642578125,0,404332056576,8589930496,3751542784,0
199,1778241845749,1233,1521,2000,800,2100,964,1266,810,1000,800,2000,1500,800,967,800,800,100,0,0,0,0,0,0,0,0,0,0,0,0,0,0,0,172096.28063964844,79480.39477539063,0,404332056576,8589930496,3752775680,0
199,1778241845949,1233,1521,2000,800,2100,964,1266,810,1000,800,2000,1500,800,967,800,800,100,0,0,0,0,0,0,0,0,0,0,0,0,0,0,0,172099.25775146484,79487.14074707031,0,404332056576,8589930496,3752775680,0
0,1778241846149,1233,1521,2000,800,2100,964,1266,810,1000,800,2000,1500,800,967,800,800,50,0,0,0,0,0,0,0,0,0,0,0,0,0,0,0,172101.0283203125,79492.14874267578,0,404332056576,8589930496,3752775680,0
