Delta,Time,CPU_FREQUENCY_0,CPU_FREQUENCY_1,CPU_FREQUENCY_10,CPU_FREQUENCY_11,CPU_FREQUENCY_12,CPU_FREQUENCY_13,CPU_FREQUENCY_14,CPU_FREQUENCY_15,CPU_FREQUENCY_2,CPU_FREQUENCY_3,CPU_FREQUENCY_4,CPU_FREQUENCY_5,CPU_FREQUENCY_6,CPU_FREQUENCY_7,CPU_FREQUENCY_8,CPU_FREQUENCY_9,CPU_USAGE_0,CPU_USAGE_1,CPU_USAGE_10,CPU_USAGE_11,CPU_USAGE_12,CPU_USAGE_13,CPU_USAGE_14,CPU_USAGE_15,CPU_USAGE_2,CPU_USAGE_3,CPU_USAGE_4,CPU_USAGE_5,CPU_USAGE_6,CPU_USAGE_7,CPU_USAGE_8,CPU_USAGE_9,DRAM_ENERGY (J),PACKAGE_ENERGY (J),PP0_ENERGY (J),TOTAL_MEMORY,TOTAL_SWAP,USED_MEMORY,USED_SWAP
0,1778242187326,800,800,1999,1633,800,1634,800,800,800,800,800,800,1945,1876,800,2099,4.1666669845581055,0,8.333333969116211,4.1666669845581055,0,8,4.1666669845581055,4.1666669845581055,4.1666669845581055,4.1666669845581055,0,4.1666669845581055,0,4.1666669845581055,0,4.1666669845581055,172196.24298095703,84112.5044555664,0,404332056576,8589930496,3772936192,0
200,1778242187326,800,800,1999,1633,800,1634,800,800,800,800,800,800,1945,1876,800,2099,4.1666669845581055,0,8.333333969116211,4.1666669845581055,0,8,4.1666669845581055,4.1666669845581055,4.1666669845581055,4.1666669845581055,0,4.1666669845581055,0,4.1666669845581055,0,4.1666669845581055,172196.24682617188,84112.5263671875,0,404332056576,8589930496,3772936192,0
199,1778242187526,800,800,1999,1633,800,1634,800,800,800,800,800,800,1945,1876,800,2099,0,0,9.090909004211426,0,0,0,0,10,0,0,0,0,0,0,100,0,172196.72564697266,84116.77252197266,0,404332056576,8589930496,3776806912,0
199,1778242187726,800,800,1999,1633,800,1634,800,800,800,800,800,800,1945,1876,800,2099,0,0,0,0,0,0,0,0,0,0,0,0,0,0,100,0,172197.17309570313,84122.11358642578,0,404332056576,8589930496,3776806912,0
199,1778242187927,800,800,1999,1633,800,1634,800,800,800,800,800,800,1945,1876,800,2099,0,0,0,0,0,0,0,0,0,0,0,0,0,0,100,0,172197.63592529297,84127.46112060547,0,404332056576,8589930496,3778519040,0
199,1778242188127,800,800,1999,1633,800,1634,800,800,800,800,800,800,1945,1876,800,2099,0,0,0,0,0,0,0,0,0,0,0,0,0,0,100,0,172198.1226196289,84132.80645751953,0,404332056576,8589930496,3778519040,0
0,1778242188327,800,800,1999,1633,800,1634,800,800,800,800,800,800,1945,1876,800,2099,0,0,0,0,0,0,0,0,0,0,0,0,0,0,57.142860412597656,0,172198.4423828125,84137.31707763672,0,404332056576,8589930496,3778519040,0
