Delta,Time,CPU_FREQUENCY_0,CPU_FREQUENCY_1,CPU_FREQUENCY_10,CPU_FREQUENCY_11,CPU_FREQUENCY_12,CPU_FREQUENCY_13,CPU_FREQUENCY_14,CPU_FREQUENCY_15,CPU_FREQUENCY_2,CPU_FREQUENCY_3,CPU_FREQUENCY_4,CPU_FREQUENCY_5,CPU_FREQUENCY_6,CPU_FREQUENCY_7,CPU_FREQUENCY_8,CPU_FREQUENCY_9,CPU_USAGE_0,CPU_USAGE_1,CPU_USAGE_10,CPU_USAGE_11,CPU_USAGE_12,CPU_USAGE_13,CPU_USAGE_14,CPU_USAGE_15,CPU_USAGE_2,CPU_USAGE_3,CPU_USAGE_4,CPU_USAGE_5,CPU_USAGE_6,CPU_USAGE_7,CPU_USAGE_8,CPU_USAGE_9,DRAM_ENERGY (J),PACKAGE_ENERGY (J),PP0_ENERGY (J),TOTAL_MEMORY,TOTAL_SWAP,USED_MEMORY,USED_SWAP
0,1778237720695,1090,800,800,800,800,2100,800,800,1300,1838,975,800,1600,800,2099,799,4,4,4,0,0,0,4,4,0,0,0,0,0,4,12,7.692307949066162,169113.8631591797,20334.39697265625,0,404332056576,8589930496,3810926592,0
200,1778237720695,1090,800,800,800,800,2100,800,800,1300,1838,975,800,1600,800,2099,799,4,4,4,0,0,0,4,4,0,0,0,0,0,4,12,7.692307949066162,169113.8631591797,20334.39697265625,0,404332056576,8589930496,3810926592,0
199,1778237720895,1090,800,800,800,800,2100,800,800,1300,1838,975,800,1600,800,2099,799,100,0,0,0,0,0,0,0,0,0,0,0,0,0,4.761904716491699,0,169115.7412109375,20340.189086914063,0,404332056576,8589930496,3815702528,0
199,1778237721096,1090,800,800,800,800,2100,800,800,1300,1838,975,800,1600,800,2099,799,100,0,0,0,0,0,0,0,0,0,0,0,0,0,0,0,169118.56219482422,20346.936584472656,0,404332056576,8589930496,3815702528,0
199,1778237721296,1090,800,800,800,800,2100,800,800,1300,1838,975,800,1600,800,2099,799,100,0,0,0,0,0,0,0,0,0,0,0,0,0,0,0,169121.388671875,20353.69287109375,0,404332056576,8589930496,3815702528,0
199,1778237721496,1090,800,800,800,800,2100,800,800,1300,1838,975,800,1600,800,2099,799,100,0,0,0,0,0,0,0,0,0,0,0,0,0,0,0,169124.20288085938,20360.44580078125,0,404332056576,8589930496,3815702528,0
0,1778237721696,1090,800,800,800,800,2100,800,800,1300,1838,975,800,1600,800,2099,799,55,0,0,0,0,0,0,0,0,0,0,0,0,0,0,0,169126.01971435547,20365.651123046875,0,404332056576,8589930496,3815702528,0
