Delta,Time,CPU_FREQUENCY_0,CPU_FREQUENCY_1,CPU_FREQUENCY_10,CPU_FREQUENCY_11,CPU_FREQUENCY_12,CPU_FREQUENCY_13,CPU_FREQUENCY_14,CPU_FREQUENCY_15,CPU_FREQUENCY_2,CPU_FREQUENCY_3,CPU_FREQUENCY_4,CPU_FREQUENCY_5,CPU_FREQUENCY_6,CPU_FREQUENCY_7,CPU_FREQUENCY_8,CPU_FREQUENCY_9,CPU_USAGE_0,CPU_USAGE_1,CPU_USAGE_10,CPU_USAGE_11,CPU_USAGE_12,CPU_USAGE_13,CPU_USAGE_14,CPU_USAGE_15,CPU_USAGE_2,CPU_USAGE_3,CPU_USAGE_4,CPU_USAGE_5,CPU_USAGE_6,CPU_USAGE_7,CPU_USAGE_8,CPU_USAGE_9,DRAM_ENERGY (J),PACKAGE_ENERGY (J),PP0_ENERGY (J),TOTAL_MEMORY,TOTAL_SWAP,USED_MEMORY,USED_SWAP
0,1778238554506,800,1380,1781,954,800,800,800,2100,800,1654,1168,800,1648,800,800,1328,4.1666669845581055,4.1666669845581055,4.34782600402832,4.1666669845581055,0,0,0,8,8,4.1666669845581055,0,0,0,0,0,4.1666669845581055,169642.89825439453,32146.78582763672,0,404332056576,8589930496,3752935424,0
200,1778238554506,800,1380,1781,954,800,800,800,2100,800,1654,1168,800,1648,800,800,1328,4.1666669845581055,4.1666669845581055,4.34782600402832,4.1666669845581055,0,0,0,8,8,4.1666669845581055,0,0,0,0,0,4.1666669845581055,169642.89825439453,32146.78582763672,0,404332056576,8589930496,3752935424,0
199,1778238554706,800,1380,1781,954,800,800,800,2100,800,1654,1168,800,1648,800,800,1328,100,0,0,0,0,0,0,0,0,0,0,0,0,0,0,0,169644.74200439453,32152.506225585938,0,404332056576,8589930496,3754389504,0
199,1778238554906,800,1380,1781,954,800,800,800,2100,800,1654,1168,800,1648,800,800,1328,100,0,4.761904716491699,0,0,0,0,0,0,0,0,0,0,0,0,0,169647.62384033203,32159.255615234375,0,404332056576,8589930496,3754389504,0
199,1778238555106,800,1380,1781,954,800,800,800,2100,800,1654,1168,800,1648,800,800,1328,100,0,0,0,0,0,0,0,0,0,0,0,0,0,0,0,169650.45623779297,32165.99530029297,0,404332056576,8589930496,3754389504,0
199,1778238555306,800,1380,1781,954,800,800,800,2100,800,1654,1168,800,1648,800,800,1328,100,0,0,0,0,0,0,0,0,0,0,0,0,0,0,0,169653.30548095703,32172.740356445313,0,404332056576,8589930496,3754389504,0
0,1778238555506,800,1380,1781,954,800,800,800,2100,800,1654,1168,800,1648,800,800,1328,55,0,0,0,0,0,0,0,0,0,0,0,0,0,0,0,169655.07421875,32177.869262695313,0,404332056576,8589930496,3754389504,0
