Delta,Time,CPU_FREQUENCY_0,CPU_FREQUENCY_1,CPU_FREQUENCY_10,CPU_FREQUENCY_11,CPU_FREQUENCY_12,CPU_FREQUENCY_13,CPU_FREQUENCY_14,CPU_FREQUENCY_15,CPU_FREQUENCY_2,CPU_FREQUENCY_3,CPU_FREQUENCY_4,CPU_FREQUENCY_5,CPU_FREQUENCY_6,CPU_FREQUENCY_7,CPU_FREQUENCY_8,CPU_FREQUENCY_9,CPU_USAGE_0,CPU_USAGE_1,CPU_USAGE_10,CPU_USAGE_11,CPU_USAGE_12,CPU_USAGE_13,CPU_USAGE_14,CPU_USAGE_15,CPU_USAGE_2,CPU_USAGE_3,CPU_USAGE_4,CPU_USAGE_5,CPU_USAGE_6,CPU_USAGE_7,CPU_USAGE_8,CPU_USAGE_9,DRAM_ENERGY (J),PACKAGE_ENERGY (J),PP0_ENERGY (J),TOTAL_MEMORY,TOTAL_SWAP,USED_MEMORY,USED_SWAP
0,1778241969550,800,799,800,2000,2099,1686,1165,1074,2000,799,800,1736,2000,800,1057,800,4,4.1666669845581055,8,0,8,8.333333969116211,4.1666669845581055,0,0,7.692307949066162,4,4.1666669845581055,0,4,0,4.1666669845581055,172131.34088134766,81154.88439941406,0,404332056576,8589930496,3747991552,0
200,1778241969550,800,799,800,2000,2099,1686,1165,1074,2000,799,800,1736,2000,800,1057,800,4,4.1666669845581055,8,0,8,8.333333969116211,4.1666669845581055,0,0,7.692307949066162,4,4.1666669845581055,0,4,0,4.1666669845581055,172131.34088134766,81154.88439941406,0,404332056576,8589930496,3747991552,0
199,1778241969750,800,799,800,2000,2099,1686,1165,1074,2000,799,800,1736,2000,800,1057,800,95.23809814453125,0,0,0,0,4.761904716491699,0,0,0,0,0,0,0,0,0,0,172133.83666992188,81161.16809082031,0,404332056576,8589930496,3753746432,0
199,1778241969951,800,799,800,2000,2099,1686,1165,1074,2000,799,800,1736,2000,800,1057,800,100,0,0,0,0,0,0,0,0,0,0,0,0,0,0,0,172136.7841796875,81168.12573242188,0,404332056576,8589930496,3753746432,0
199,1778241970151,800,799,800,2000,2099,1686,1165,1074,2000,799,800,1736,2000,800,1057,800,100,0,0,0,0,0,0,10,0,0,0,0,0,0,0,0,172139.71606445313,81175.02880859375,0,404332056576,8589930496,3753746432,0
199,1778241970351,800,799,800,2000,2099,1686,1165,1074,2000,799,800,1736,2000,800,1057,800,100,0,0,0,0,0,0,0,0,0,0,0,0,0,0,0,172142.6378173828,81181.84606933594,0,404332056576,8589930496,3753746432,0
0,1778241970551,800,799,800,2000,2099,1686,1165,1074,2000,799,800,1736,2000,800,1057,800,45,0,0,0,0,0,0,0,0,0,0,0,0,0,0,0,172144.04901123047,81186.439453125,0,404332056576,8589930496,3753746432,0
