Delta,Time,CPU_FREQUENCY_0,CPU_FREQUENCY_1,CPU_FREQUENCY_10,CPU_FREQUENCY_11,CPU_FREQUENCY_12,CPU_FREQUENCY_13,CPU_FREQUENCY_14,CPU_FREQUENCY_15,CPU_FREQUENCY_2,CPU_FREQUENCY_3,CPU_FREQUENCY_4,CPU_FREQUENCY_5,CPU_FREQUENCY_6,CPU_FREQUENCY_7,CPU_FREQUENCY_8,CPU_FREQUENCY_9,CPU_USAGE_0,CPU_USAGE_1,CPU_USAGE_10,CPU_USAGE_11,CPU_USAGE_12,CPU_USAGE_13,CPU_USAGE_14,CPU_USAGE_15,CPU_USAGE_2,CPU_USAGE_3,CPU_USAGE_4,CPU_USAGE_5,CPU_USAGE_6,CPU_USAGE_7,CPU_USAGE_8,CPU_USAGE_9,DRAM_ENERGY (J),PACKAGE_ENERGY (J),PP0_ENERGY (J),TOTAL_MEMORY,TOTAL_SWAP,USED_MEMORY,USED_SWAP
0,1778242435945,821,1237,1012,800,800,800,800,800,1541,799,800,2100,1000,1500,3200,2100,4.1666669845581055,4,4,0,0,8.333333969116211,4.1666669845581055,0,0,0,0,4.1666669845581055,4,0,0,4.1666669845581055,172283.240234375,87500.81140136719,0,404332056576,8589930496,3766460416,0
200,1778242435945,821,1237,1012,800,800,800,800,800,1541,799,800,2100,1000,1500,3200,2100,4.1666669845581055,4,4,0,0,8.333333969116211,4.1666669845581055,0,0,0,0,4.1666669845581055,4,0,0,4.1666669845581055,172283.240234375,87500.81140136719,0,404332056576,8589930496,3766460416,0
199,1778242436145,821,1237,1012,800,800,800,800,800,1541,799,800,2100,1000,1500,3200,2100,100,0,0,0,0,0,0,0,0,0,0,0,0,0,0,0,172285.37072753906,87506.72637939453,0,404332056576,8589930496,3766460416,0
199,1778242436345,821,1237,1012,800,800,800,800,800,1541,799,800,2100,1000,1500,3200,2100,100,0,0,0,0,4.761904716491699,0,0,0,0,0,0,0,0,0,0,172288.1759033203,87513.46667480469,0,404332056576,8589930496,3766460416,0
199,1778242436545,821,1237,1012,800,800,800,800,800,1541,799,800,2100,1000,1500,3200,2100,100,0,0,0,0,0,0,0,0,0,0,0,0,0,0,0,172290.94659423828,87520.20684814453,0,404332056576,8589930496,3766460416,0
199,1778242436745,821,1237,1012,800,800,800,800,800,1541,799,800,2100,1000,1500,3200,2100,100,0,0,0,0,0,0,0,0,0,0,0,0,0,0,0,172293.79650878906,87526.94146728516,0,404332056576,8589930496,3768373248,0
0,1778242436946,821,1237,1012,800,800,800,800,800,1541,799,800,2100,1000,1500,3200,2100,42.85714340209961,0,0,0,0,0,0,0,0,0,0,0,0,0,0,0,172295.1865234375,87531.55279541016,0,404332056576,8589930496,3765456896,0
