Delta,Time,CPU_FREQUENCY_0,CPU_FREQUENCY_1,CPU_FREQUENCY_10,CPU_FREQUENCY_11,CPU_FREQUENCY_12,CPU_FREQUENCY_13,CPU_FREQUENCY_14,CPU_FREQUENCY_15,CPU_FREQUENCY_2,CPU_FREQUENCY_3,CPU_FREQUENCY_4,CPU_FREQUENCY_5,CPU_FREQUENCY_6,CPU_FREQUENCY_7,CPU_FREQUENCY_8,CPU_FREQUENCY_9,CPU_USAGE_0,CPU_USAGE_1,CPU_USAGE_10,CPU_USAGE_11,CPU_USAGE_12,CPU_USAGE_13,CPU_USAGE_14,CPU_USAGE_15,CPU_USAGE_2,CPU_USAGE_3,CPU_USAGE_4,CPU_USAGE_5,CPU_USAGE_6,CPU_USAGE_7,CPU_USAGE_8,CPU_USAGE_9,DRAM_ENERGY (J),PACKAGE_ENERGY (J),PP0_ENERGY (J),TOTAL_MEMORY,TOTAL_SWAP,USED_MEMORY,USED_SWAP
0,1778242529100,2016,900,1253,800,800,2100,1569,2099,800,1527,2000,800,1500,1300,800,2100,4.1666669845581055,4.1666669845581055,4.1666669845581055,4.1666669845581055,0,0,0,8.69565200805664,0,8,4.1666669845581055,0,0,4.1666669845581055,4.1666669845581055,8,172317.22344970703,88770.44409179688,0,404332056576,8589930496,3763052544,0
200,1778242529100,2016,900,1253,800,800,2100,1569,2099,800,1527,2000,800,1500,1300,800,2100,4.1666669845581055,4.1666669845581055,4.1666669845581055,4.1666669845581055,0,0,0,8.69565200805664,0,8,4.1666669845581055,0,0,4.1666669845581055,4.1666669845581055,8,172317.22344970703,88770.44409179688,0,404332056576,8589930496,3763052544,0
199,1778242529301,2016,900,1253,800,800,2100,1569,2099,800,1527,2000,800,1500,1300,800,2100,100,0,0,0,0,0,0,0,0,0,0,0,0,0,0,0,172319.82653808594,88776.69720458984,0,404332056576,8589930496,3763052544,0
199,1778242529501,2016,900,1253,800,800,2100,1569,2099,800,1527,2000,800,1500,1300,800,2100,100,0,0,0,0,0,0,0,0,0,0,0,0,0,0,0,172322.6290283203,88783.44201660156,0,404332056576,8589930496,3763052544,0
199,1778242529701,2016,900,1253,800,800,2100,1569,2099,800,1527,2000,800,1500,1300,800,2100,100,0,0,0,0,0,0,0,0,0,0,0,0,0,0,0,172325.5206298828,88790.1900024414,0,404332056576,8589930496,3763052544,0
199,1778242529901,2016,900,1253,800,800,2100,1569,2099,800,1527,2000,800,1500,1300,800,2100,100,0,0,0,0,0,0,0,0,0,0,0,0,0,0,0,172328.4200439453,88796.9351196289,0,404332056576,8589930496,3763052544,0
0,1778242530101,2016,900,1253,800,800,2100,1569,2099,800,1527,2000,800,1500,1300,800,2100,45,0,0,0,0,0,0,0,0,0,0,0,0,0,0,0,172329.80590820313,88801.61474609375,0,404332056576,8589930496,3763052544,0
