Delta,Time,CPU_FREQUENCY_0,CPU_FREQUENCY_1,CPU_FREQUENCY_10,CPU_FREQUENCY_11,CPU_FREQUENCY_12,CPU_FREQUENCY_13,CPU_FREQUENCY_14,CPU_FREQUENCY_15,CPU_FREQUENCY_2,CPU_FREQUENCY_3,CPU_FREQUENCY_4,CPU_FREQUENCY_5,CPU_FREQUENCY_6,CPU_FREQUENCY_7,CPU_FREQUENCY_8,CPU_FREQUENCY_9,CPU_USAGE_0,CPU_USAGE_1,CPU_USAGE_10,CPU_USAGE_11,CPU_USAGE_12,CPU_USAGE_13,CPU_USAGE_14,CPU_USAGE_15,CPU_USAGE_2,CPU_USAGE_3,CPU_USAGE_4,CPU_USAGE_5,CPU_USAGE_6,CPU_USAGE_7,CPU_USAGE_8,CPU_USAGE_9,DRAM_ENERGY (J),PACKAGE_ENERGY (J),PP0_ENERGY (J),TOTAL_MEMORY,TOTAL_SWAP,USED_MEMORY,USED_SWAP
0,1778240055163,1377,2000,800,800,800,2099,827,799,1000,1492,999,1500,800,800,1004,799,4.1666669845581055,4.1666669845581055,12,0,4.1666669845581055,8.333333969116211,4.1666669845581055,4,4.1666669845581055,4.1666669845581055,0,4.1666669845581055,0,4,4,4.1666669845581055,170978.19525146484,53879.85705566406,0,404332056576,8589930496,3761184768,0
200,1778240055163,1377,2000,800,800,800,2099,827,799,1000,1492,999,1500,800,800,1004,799,4.1666669845581055,4.1666669845581055,12,0,4.1666669845581055,8.333333969116211,4.1666669845581055,4,4.1666669845581055,4.1666669845581055,0,4.1666669845581055,0,4,4,4.1666669845581055,170978.1990966797,53879.85705566406,0,404332056576,8589930496,3761184768,0
200,1778240055363,1377,2000,800,800,800,2099,827,799,1000,1492,999,1500,800,800,1004,799,100,0,0,0,0,0,0,0,0,0,0,0,0,0,0,0,170980.18237304688,53885.624450683594,0,404332056576,8589930496,3761184768,0
199,1778240055564,1377,2000,800,800,800,2099,827,799,1000,1492,999,1500,800,800,1004,799,100,0,0,0,0,0,0,0,0,0,0,0,0,0,0,0,170983.0405883789,53892.36096191406,0,404332056576,8589930496,3761184768,0
199,1778240055764,1377,2000,800,800,800,2099,827,799,1000,1492,999,1500,800,800,1004,799,100,0,0,0,0,0,0,0,0,0,0,0,0,0,0,0,170985.87591552734,53899.09649658203,0,404332056576,8589930496,3761184768,0
199,1778240055964,1377,2000,800,800,800,2099,827,799,1000,1492,999,1500,800,800,1004,799,100,0,0,0,0,0,0,0,0,0,0,0,0,0,0,0,170988.71307373047,53905.83203125,0,404332056576,8589930496,3761184768,0
0,1778240056164,1377,2000,800,800,800,2099,827,799,1000,1492,999,1500,800,800,1004,799,52.38095474243164,0,0,0,0,0,0,0,0,0,0,0,0,0,0,0,170990.27954101563,53910.714782714844,0,404332056576,8589930496,3761184768,0
