Delta,Time,CPU_FREQUENCY_0,CPU_FREQUENCY_1,CPU_FREQUENCY_10,CPU_FREQUENCY_11,CPU_FREQUENCY_12,CPU_FREQUENCY_13,CPU_FREQUENCY_14,CPU_FREQUENCY_15,CPU_FREQUENCY_2,CPU_FREQUENCY_3,CPU_FREQUENCY_4,CPU_FREQUENCY_5,CPU_FREQUENCY_6,CPU_FREQUENCY_7,CPU_FREQUENCY_8,CPU_FREQUENCY_9,CPU_USAGE_0,CPU_USAGE_1,CPU_USAGE_10,CPU_USAGE_11,CPU_USAGE_12,CPU_USAGE_13,CPU_USAGE_14,CPU_USAGE_15,CPU_USAGE_2,CPU_USAGE_3,CPU_USAGE_4,CPU_USAGE_5,CPU_USAGE_6,CPU_USAGE_7,CPU_USAGE_8,CPU_USAGE_9,DRAM_ENERGY (J),PACKAGE_ENERGY (J),PP0_ENERGY (J),TOTAL_MEMORY,TOTAL_SWAP,USED_MEMORY,USED_SWAP
0,1778236257075,800,2807,800,2100,800,800,800,800,800,1740,800,1541,800,1380,800,800,4.1666669845581055,0,4.34782600402832,4.1666669845581055,4.34782600402832,4.1666669845581055,4.1666669845581055,0,0,0,4.1666669845581055,0,0,0,4.1666669845581055,4.1666669845581055,168452.3663330078,262033.95190429688,0,404332056576,8589930496,3750821888,0
200,1778236257075,800,2807,800,2100,800,800,800,800,800,1740,800,1541,800,1380,800,800,4.1666669845581055,0,4.34782600402832,4.1666669845581055,4.34782600402832,4.1666669845581055,4.1666669845581055,0,0,0,4.1666669845581055,0,0,0,4.1666669845581055,4.1666669845581055,168452.3692626953,262033.97583007813,0,404332056576,8589930496,3750821888,0
199,1778236257275,800,2807,800,2100,800,800,800,800,800,1740,800,1541,800,1380,800,800,100,0,0,0,0,0,0,0,0,0,0,0,0,0,0,0,168454.17358398438,262039.7984008789,0,404332056576,8589930496,3750821888,0
199,1778236257476,800,2807,800,2100,800,800,800,800,800,1740,800,1541,800,1380,800,800,100,0,0,0,0,0,0,0,0,0,0,0,0,0,0,0,168457.04486083984,262046.6089477539,0,404332056576,8589930496,3750821888,0
199,1778236257676,800,2807,800,2100,800,800,800,800,800,1740,800,1541,800,1380,800,800,76.19047546386719,21.052631378173828,0,0,0,0,0,0,0,0,0,0,0,0,0,0,168459.65728759766,262053.3310546875,0,404332056576,8589930496,3751997440,0
199,1778236257876,800,2807,800,2100,800,800,800,800,800,1740,800,1541,800,1380,800,800,0,100,0,0,0,0,0,0,0,0,0,0,0,0,0,0,168462.53674316406,262060.09844970703,0,404332056576,8589930496,3751997440,0
0,1778236258076,800,2807,800,2100,800,800,800,800,800,1740,800,1541,800,1380,800,800,0,52.38095474243164,0,0,0,0,0,0,0,0,0,0,0,0,0,0,168464.1650390625,262065.1978149414,0,404332056576,8589930496,3751997440,0
