Delta,Time,CPU_FREQUENCY_0,CPU_FREQUENCY_1,CPU_FREQUENCY_10,CPU_FREQUENCY_11,CPU_FREQUENCY_12,CPU_FREQUENCY_13,CPU_FREQUENCY_14,CPU_FREQUENCY_15,CPU_FREQUENCY_2,CPU_FREQUENCY_3,CPU_FREQUENCY_4,CPU_FREQUENCY_5,CPU_FREQUENCY_6,CPU_FREQUENCY_7,CPU_FREQUENCY_8,CPU_FREQUENCY_9,CPU_USAGE_0,CPU_USAGE_1,CPU_USAGE_10,CPU_USAGE_11,CPU_USAGE_12,CPU_USAGE_13,CPU_USAGE_14,CPU_USAGE_15,CPU_USAGE_2,CPU_USAGE_3,CPU_USAGE_4,CPU_USAGE_5,CPU_USAGE_6,CPU_USAGE_7,CPU_USAGE_8,CPU_USAGE_9,DRAM_ENERGY (J),PACKAGE_ENERGY (J),PP0_ENERGY (J),TOTAL_MEMORY,TOTAL_SWAP,USED_MEMORY,USED_SWAP
0,1778244363769,2000,2447,799,800,800,800,2099,1538,800,800,800,800,800,995,1556,1044,4.1666669845581055,8,0,0,0,8.333333969116211,4.1666669845581055,4.1666669845581055,4,4.1666669845581055,0,4.1666669845581055,4,4.1666669845581055,4.1666669845581055,4.1666669845581055,173292.76678466797,114398.52923583984,0,404332056576,8589930496,3792117760,0
200,1778244363769,2000,2447,799,800,800,800,2099,1538,800,800,800,800,800,995,1556,1044,4.1666669845581055,8,0,0,0,8.333333969116211,4.1666669845581055,4.1666669845581055,4,4.1666669845581055,0,4.1666669845581055,4,4.1666669845581055,4.1666669845581055,4.1666669845581055,173292.76678466797,114398.52923583984,0,404332056576,8589930496,3792117760,0
199,1778244363970,2000,2447,799,800,800,800,2099,1538,800,800,800,800,800,995,1556,1044,100,4.761904716491699,0,0,0,0,0,0,0,0,0,0,0,0,0,0,173294.3550415039,114403.9945678711,0,404332056576,8589930496,3792117760,0
199,1778244364170,2000,2447,799,800,800,800,2099,1538,800,800,800,800,800,995,1556,1044,100,0,0,0,0,0,0,0,0,0,0,0,0,0,0,0,173297.25720214844,114410.96533203125,0,404332056576,8589930496,3792117760,0
199,1778244364370,2000,2447,799,800,800,800,2099,1538,800,800,800,800,800,995,1556,1044,100,0,0,0,0,0,0,0,0,0,0,0,0,0,0,0,173300.14483642578,114417.89172363281,0,404332056576,8589930496,3792117760,0
199,1778244364570,2000,2447,799,800,800,800,2099,1538,800,800,800,800,800,995,1556,1044,100,0,0,0,0,0,0,0,0,0,0,0,0,0,0,0,173303.00146484375,114424.6533203125,0,404332056576,8589930496,3792117760,0
0,1778244364770,2000,2447,799,800,800,800,2099,1538,800,800,800,800,800,995,1556,1044,52.38095474243164,0,0,0,0,0,0,0,0,0,0,0,0,0,0,0,173304.6235961914,114429.60864257813,0,404332056576,8589930496,3795484672,0
