Delta,Time,CPU_FREQUENCY_0,CPU_FREQUENCY_1,CPU_FREQUENCY_10,CPU_FREQUENCY_11,CPU_FREQUENCY_12,CPU_FREQUENCY_13,CPU_FREQUENCY_14,CPU_FREQUENCY_15,CPU_FREQUENCY_2,CPU_FREQUENCY_3,CPU_FREQUENCY_4,CPU_FREQUENCY_5,CPU_FREQUENCY_6,CPU_FREQUENCY_7,CPU_FREQUENCY_8,CPU_FREQUENCY_9,CPU_USAGE_0,CPU_USAGE_1,CPU_USAGE_10,CPU_USAGE_11,CPU_USAGE_12,CPU_USAGE_13,CPU_USAGE_14,CPU_USAGE_15,CPU_USAGE_2,CPU_USAGE_3,CPU_USAGE_4,CPU_USAGE_5,CPU_USAGE_6,CPU_USAGE_7,CPU_USAGE_8,CPU_USAGE_9,DRAM_ENERGY (J),PACKAGE_ENERGY (J),PP0_ENERGY (J),TOTAL_MEMORY,TOTAL_SWAP,USED_MEMORY,USED_SWAP
0,1778240637505,800,800,2099,2000,811,800,800,800,800,2100,801,879,800,2000,800,1000,0,4.1666669845581055,0,8.333333969116211,4.1666669845581055,4.1666669845581055,4.1666669845581055,0,0,0,4.1666669845581055,0,4.1666669845581055,4.1666669845581055,4.1666669845581055,0,171567.98303222656,62680.68536376953,0,404332056576,8589930496,3802247168,0
200,1778240637505,800,800,2099,2000,811,800,800,800,800,2100,801,879,800,2000,800,1000,0,4.1666669845581055,0,8.333333969116211,4.1666669845581055,4.1666669845581055,4.1666669845581055,0,0,0,4.1666669845581055,0,4.1666669845581055,4.1666669845581055,4.1666669845581055,0,171567.98303222656,62680.68536376953,0,404332056576,8589930496,3802247168,0
199,1778240637705,800,800,2099,2000,811,800,800,800,800,2100,801,879,800,2000,800,1000,100,0,0,0,0,0,0,0,0,0,0,0,0,0,0,0,171569.7403564453,62686.5048828125,0,404332056576,8589930496,3803693056,0
199,1778240637906,800,800,2099,2000,811,800,800,800,800,2100,801,879,800,2000,800,1000,100,0,0,0,0,0,0,0,0,0,0,0,0,0,0,0,171572.650390625,62693.45849609375,0,404332056576,8589930496,3803693056,0
199,1778240638106,800,800,2099,2000,811,800,800,800,800,2100,801,879,800,2000,800,1000,100,0,0,0,0,0,0,0,0,0,0,0,0,0,0,0,171575.5932006836,62700.399841308594,0,404332056576,8589930496,3803693056,0
0,1778240638306,800,800,2099,2000,811,800,800,800,800,2100,801,879,800,2000,800,1000,4.761904716491699,0,0,0,0,0,0,0,0,0,0,0,0,0,0,0,171575.95794677734,62703.490661621094,0,404332056576,8589930496,3803693056,0
