Delta,Time,CPU_FREQUENCY_0,CPU_FREQUENCY_1,CPU_FREQUENCY_10,CPU_FREQUENCY_11,CPU_FREQUENCY_12,CPU_FREQUENCY_13,CPU_FREQUENCY_14,CPU_FREQUENCY_15,CPU_FREQUENCY_2,CPU_FREQUENCY_3,CPU_FREQUENCY_4,CPU_FREQUENCY_5,CPU_FREQUENCY_6,CPU_FREQUENCY_7,CPU_FREQUENCY_8,CPU_FREQUENCY_9,CPU_USAGE_0,CPU_USAGE_1,CPU_USAGE_10,CPU_USAGE_11,CPU_USAGE_12,CPU_USAGE_13,CPU_USAGE_14,CPU_USAGE_15,CPU_USAGE_2,CPU_USAGE_3,CPU_USAGE_4,CPU_USAGE_5,CPU_USAGE_6,CPU_USAGE_7,CPU_USAGE_8,CPU_USAGE_9,DRAM_ENERGY (J),PACKAGE_ENERGY (J),PP0_ENERGY (J),TOTAL_MEMORY,TOTAL_SWAP,USED_MEMORY,USED_SWAP
0,1778243065391,800,976,1903,1269,810,818,799,800,1687,2000,800,1500,799,3200,800,2128,0,0,8.69565200805664,0,0,0,0,4.1666669845581055,4.1666669845581055,4.1666669845581055,0,0,0,0,4.1666669845581055,0,172630.0760498047,96257.32720947266,0,404332056576,8589930496,3735244800,0
200,1778243065391,800,976,1903,1269,810,818,799,800,1687,2000,800,1500,799,3200,800,2128,0,0,8.69565200805664,0,0,0,0,4.1666669845581055,4.1666669845581055,4.1666669845581055,0,0,0,0,4.1666669845581055,0,172630.0795288086,96257.35052490234,0,404332056576,8589930496,3735244800,0
199,1778243065591,800,976,1903,1269,810,818,799,800,1687,2000,800,1500,799,3200,800,2128,100,0,0,0,0,0,0,9.523809432983398,0,0,0,0,0,0,0,0,172632.1519165039,96263.35034179688,0,404332056576,8589930496,3740856320,0
199,1778243065792,800,976,1903,1269,810,818,799,800,1687,2000,800,1500,799,3200,800,2128,100,0,0,0,0,0,0,0,0,0,0,0,0,0,0,0,172635.04821777344,96270.1557006836,0,404332056576,8589930496,3740856320,0
0,1778243065992,800,976,1903,1269,810,818,799,800,1687,2000,800,1500,799,3200,800,2128,100,0,0,0,0,0,0,0,0,0,0,0,0,0,0,4.761904716491699,172637.92578125,96277.00885009766,0,404332056576,8589930496,3740856320,0
