Delta,Time,CPU_FREQUENCY_0,CPU_FREQUENCY_1,CPU_FREQUENCY_10,CPU_FREQUENCY_11,CPU_FREQUENCY_12,CPU_FREQUENCY_13,CPU_FREQUENCY_14,CPU_FREQUENCY_15,CPU_FREQUENCY_2,CPU_FREQUENCY_3,CPU_FREQUENCY_4,CPU_FREQUENCY_5,CPU_FREQUENCY_6,CPU_FREQUENCY_7,CPU_FREQUENCY_8,CPU_FREQUENCY_9,CPU_USAGE_0,CPU_USAGE_1,CPU_USAGE_10,CPU_USAGE_11,CPU_USAGE_12,CPU_USAGE_13,CPU_USAGE_14,CPU_USAGE_15,CPU_USAGE_2,CPU_USAGE_3,CPU_USAGE_4,CPU_USAGE_5,CPU_USAGE_6,CPU_USAGE_7,CPU_USAGE_8,CPU_USAGE_9,DRAM_ENERGY (J),PACKAGE_ENERGY (J),PP0_ENERGY (J),TOTAL_MEMORY,TOTAL_SWAP,USED_MEMORY,USED_SWAP
0,1778241814093,876,1806,800,900,2100,800,800,800,800,1844,800,1100,799,3200,800,2400,4.1666669845581055,4,4,4,0,7.692307949066162,8,4.1666669845581055,0,0,0,4,0,0,8.333333969116211,4.1666669845581055,172079.29522705078,79040.34088134766,0,404332056576,8589930496,3750522880,0
199,1778241814093,876,1806,800,900,2100,800,800,800,800,1844,800,1100,799,3200,800,2400,4.1666669845581055,4,4,4,0,7.692307949066162,8,4.1666669845581055,0,0,0,4,0,0,8.333333969116211,4.1666669845581055,172079.29522705078,79040.34088134766,0,404332056576,8589930496,3750522880,0
199,1778241814293,876,1806,800,900,2100,800,800,800,800,1844,800,1100,799,3200,800,2400,100,0,0,0,0,0,0,0,0,0,0,0,0,0,0,0,172081.31665039063,79046.18487548828,0,404332056576,8589930496,3754647552,0
199,1778241814494,876,1806,800,900,2100,800,800,800,800,1844,800,1100,799,3200,800,2400,100,0,0,0,0,0,0,0,0,0,0,0,0,0,0,0,172084.15435791016,79052.984375,0,404332056576,8589930496,3754647552,0
199,1778241814694,876,1806,800,900,2100,800,800,800,800,1844,800,1100,799,3200,800,2400,100,0,0,0,0,0,0,0,0,0,0,0,0,0,0,0,172087.01538085938,79059.94305419922,0,404332056576,8589930496,3755880448,0
0,1778241814894,876,1806,800,900,2100,800,800,800,800,1844,800,1100,799,3200,800,2400,4.761904716491699,0,0,0,0,0,0,0,0,0,0,0,0,0,0,0,172087.19079589844,79062.8403930664,0,404332056576,8589930496,3755880448,0
