Delta,Time,CPU_FREQUENCY_0,CPU_FREQUENCY_1,CPU_FREQUENCY_10,CPU_FREQUENCY_11,CPU_FREQUENCY_12,CPU_FREQUENCY_13,CPU_FREQUENCY_14,CPU_FREQUENCY_15,CPU_FREQUENCY_2,CPU_FREQUENCY_3,CPU_FREQUENCY_4,CPU_FREQUENCY_5,CPU_FREQUENCY_6,CPU_FREQUENCY_7,CPU_FREQUENCY_8,CPU_FREQUENCY_9,CPU_USAGE_0,CPU_USAGE_1,CPU_USAGE_10,CPU_USAGE_11,CPU_USAGE_12,CPU_USAGE_13,CPU_USAGE_14,CPU_USAGE_15,CPU_USAGE_2,CPU_USAGE_3,CPU_USAGE_4,CPU_USAGE_5,CPU_USAGE_6,CPU_USAGE_7,CPU_USAGE_8,CPU_USAGE_9,DRAM_ENERGY (J),PACKAGE_ENERGY (J),PP0_ENERGY (J),TOTAL_MEMORY,TOTAL_SWAP,USED_MEMORY,USED_SWAP
0,1778240290139,800,3200,1999,800,2000,800,2000,2000,800,1010,800,1452,814,800,2099,1754,4.1666669845581055,4,4.1666669845581055,8.333333969116211,0,8.333333969116211,4.1666669845581055,0,0,0,4.1666669845581055,8,0,4,4.1666669845581055,4.1666669845581055,171189.7075805664,57353.950927734375,0,404332056576,8589930496,3749978112,0
200,1778240290139,800,3200,1999,800,2000,800,2000,2000,800,1010,800,1452,814,800,2099,1754,4.1666669845581055,4,4.1666669845581055,8.333333969116211,0,8.333333969116211,4.1666669845581055,0,0,0,4.1666669845581055,8,0,4,4.1666669845581055,4.1666669845581055,171189.7075805664,57353.950927734375,0,404332056576,8589930496,3749978112,0
199,1778240290339,800,3200,1999,800,2000,800,2000,2000,800,1010,800,1452,814,800,2099,1754,100,0,0,4.761904716491699,0,0,0,0,0,0,0,0,0,0,0,0,171191.40509033203,57359.45867919922,0,404332056576,8589930496,3754102784,0
199,1778240290539,800,3200,1999,800,2000,800,2000,2000,800,1010,800,1452,814,800,2099,1754,100,0,0,0,0,0,0,0,0,0,0,0,0,0,0,0,171194.28704833984,57366.1884765625,0,404332056576,8589930496,3754102784,0
199,1778240290739,800,3200,1999,800,2000,800,2000,2000,800,1010,800,1452,814,800,2099,1754,100,0,0,0,0,0,0,0,0,0,0,0,0,0,0,0,171197.15423583984,57372.921936035156,0,404332056576,8589930496,3755622400,0
0,1778240290940,800,3200,1999,800,2000,800,2000,2000,800,1010,800,1452,814,800,2099,1754,5,0,0,0,0,0,0,0,0,0,0,0,0,0,0,0,171197.3560180664,57375.81817626953,0,404332056576,8589930496,3755622400,0
