Delta,Time,CPU_FREQUENCY_0,CPU_FREQUENCY_1,CPU_FREQUENCY_10,CPU_FREQUENCY_11,CPU_FREQUENCY_12,CPU_FREQUENCY_13,CPU_FREQUENCY_14,CPU_FREQUENCY_15,CPU_FREQUENCY_2,CPU_FREQUENCY_3,CPU_FREQUENCY_4,CPU_FREQUENCY_5,CPU_FREQUENCY_6,CPU_FREQUENCY_7,CPU_FREQUENCY_8,CPU_FREQUENCY_9,CPU_USAGE_0,CPU_USAGE_1,CPU_USAGE_10,CPU_USAGE_11,CPU_USAGE_12,CPU_USAGE_13,CPU_USAGE_14,CPU_USAGE_15,CPU_USAGE_2,CPU_USAGE_3,CPU_USAGE_4,CPU_USAGE_5,CPU_USAGE_6,CPU_USAGE_7,CPU_USAGE_8,CPU_USAGE_9,DRAM_ENERGY (J),PACKAGE_ENERGY (J),PP0_ENERGY (J),TOTAL_MEMORY,TOTAL_SWAP,USED_MEMORY,USED_SWAP
0,1778240917008,800,800,800,800,800,800,800,800,800,863,1289,961,1649,1600,2100,1777,0,4,0,7.692307949066162,8.333333969116211,0,0,8.333333969116211,0,0,4.1666669845581055,4,0,4.1666669845581055,4.34782600402832,0,171641.62969970703,66472.44989013672,0,404332056576,8589930496,3785449472,0
199,1778240917008,800,800,800,800,800,800,800,800,800,863,1289,961,1649,1600,2100,1777,0,4,0,7.692307949066162,8.333333969116211,0,0,8.333333969116211,0,0,4.1666669845581055,4,0,4.1666669845581055,4.34782600402832,0,171641.62969970703,66472.44989013672,0,404332056576,8589930496,3785449472,0
199,1778240917208,800,800,800,800,800,800,800,800,800,863,1289,961,1649,1600,2100,1777,100,0,0,0,0,0,0,0,0,0,0,0,0,0,0,0,171643.4790649414,66478.22326660156,0,404332056576,8589930496,3785449472,0
199,1778240917408,800,800,800,800,800,800,800,800,800,863,1289,961,1649,1600,2100,1777,100,0,0,0,0,0,0,0,0,0,0,0,0,0,4.761904716491699,0,171646.3974609375,66485.16845703125,0,404332056576,8589930496,3785449472,0
199,1778240917608,800,800,800,800,800,800,800,800,800,863,1289,961,1649,1600,2100,1777,100,0,0,0,0,0,0,0,0,0,0,0,0,0,0,0,171649.30865478516,66491.93017578125,0,404332056576,8589930496,3785449472,0
0,1778240917808,800,800,800,800,800,800,800,800,800,863,1289,961,1649,1600,2100,1777,5,0,0,0,0,0,0,0,0,0,0,0,0,0,0,0,171649.55987548828,66494.9253540039,0,404332056576,8589930496,3786166272,0
