Delta,Time,CPU_FREQUENCY_0,CPU_FREQUENCY_1,CPU_FREQUENCY_10,CPU_FREQUENCY_11,CPU_FREQUENCY_12,CPU_FREQUENCY_13,CPU_FREQUENCY_14,CPU_FREQUENCY_15,CPU_FREQUENCY_2,CPU_FREQUENCY_3,CPU_FREQUENCY_4,CPU_FREQUENCY_5,CPU_FREQUENCY_6,CPU_FREQUENCY_7,CPU_FREQUENCY_8,CPU_FREQUENCY_9,CPU_USAGE_0,CPU_USAGE_1,CPU_USAGE_10,CPU_USAGE_11,CPU_USAGE_12,CPU_USAGE_13,CPU_USAGE_14,CPU_USAGE_15,CPU_USAGE_2,CPU_USAGE_3,CPU_USAGE_4,CPU_USAGE_5,CPU_USAGE_6,CPU_USAGE_7,CPU_USAGE_8,CPU_USAGE_9,DRAM_ENERGY (J),PACKAGE_ENERGY (J),PP0_ENERGY (J),TOTAL_MEMORY,TOTAL_SWAP,USED_MEMORY,USED_SWAP
0,1778238421887,800,800,2000,800,2000,800,2099,800,800,800,800,800,800,800,800,800,4.1666669845581055,4.1666669845581055,4.1666669845581055,0,0,0,8.333333969116211,4.34782600402832,4.1666669845581055,4,0,4.1666669845581055,0,0,0,0,169480.17736816406,30176.40155029297,0,404332056576,8589930496,3761139712,0
199,1778238421887,800,800,2000,800,2000,800,2099,800,800,800,800,800,800,800,800,800,4.1666669845581055,4.1666669845581055,4.1666669845581055,0,0,0,8.333333969116211,4.34782600402832,4.1666669845581055,4,0,4.1666669845581055,0,0,0,0,169480.17736816406,30176.40155029297,0,404332056576,8589930496,3761139712,0
199,1778238422087,800,800,2000,800,2000,800,2099,800,800,800,800,800,800,800,800,800,100,0,0,0,0,0,4.761904716491699,0,0,0,0,0,0,0,0,0,169482.0239868164,30182.08758544922,0,404332056576,8589930496,3761139712,0
199,1778238422287,800,800,2000,800,2000,800,2099,800,800,800,800,800,800,800,800,800,100,0,0,0,0,0,0,0,0,0,0,0,0,0,0,0,169484.9878540039,30188.822692871094,0,404332056576,8589930496,3761139712,0
199,1778238422487,800,800,2000,800,2000,800,2099,800,800,800,800,800,800,800,800,800,100,0,0,0,0,0,0,0,0,0,0,0,0,0,0,0,169487.92706298828,30195.558349609375,0,404332056576,8589930496,3761139712,0
0,1778238422688,800,800,2000,800,2000,800,2099,800,800,800,800,800,800,800,800,800,0,0,0,0,0,0,0,0,0,0,0,0,0,0,0,0,169488.2685546875,30198.646728515625,0,404332056576,8589930496,3762085888,0
