Delta,Time,CPU_FREQUENCY_0,CPU_FREQUENCY_1,CPU_FREQUENCY_10,CPU_FREQUENCY_11,CPU_FREQUENCY_12,CPU_FREQUENCY_13,CPU_FREQUENCY_14,CPU_FREQUENCY_15,CPU_FREQUENCY_2,CPU_FREQUENCY_3,CPU_FREQUENCY_4,CPU_FREQUENCY_5,CPU_FREQUENCY_6,CPU_FREQUENCY_7,CPU_FREQUENCY_8,CPU_FREQUENCY_9,CPU_USAGE_0,CPU_USAGE_1,CPU_USAGE_10,CPU_USAGE_11,CPU_USAGE_12,CPU_USAGE_13,CPU_USAGE_14,CPU_USAGE_15,CPU_USAGE_2,CPU_USAGE_3,CPU_USAGE_4,CPU_USAGE_5,CPU_USAGE_6,CPU_USAGE_7,CPU_USAGE_8,CPU_USAGE_9,DRAM_ENERGY (J),PACKAGE_ENERGY (J),PP0_ENERGY (J),TOTAL_MEMORY,TOTAL_SWAP,USED_MEMORY,USED_SWAP
0,1778243805189,800,2000,800,800,800,800,2100,800,799,818,829,800,800,800,800,800,8,8,4,0,4,4.1666669845581055,4.34782600402832,0,4.1666669845581055,0,4.1666669845581055,4.1666669845581055,4.1666669845581055,0,0,4,173103.5844116211,106787.970703125,0,404332056576,8589930496,3739852800,0
200,1778243805189,800,2000,800,800,800,800,2100,800,799,818,829,800,800,800,800,800,8,8,4,0,4,4.1666669845581055,4.34782600402832,0,4.1666669845581055,0,4.1666669845581055,4.1666669845581055,4.1666669845581055,0,0,4,173103.5844116211,106787.970703125,0,404332056576,8589930496,3739852800,0
199,1778243805390,800,2000,800,800,800,800,2100,800,799,818,829,800,800,800,800,800,0,0,0,0,0,0,100,0,0,0,0,0,0,0,0,0,173103.9647216797,106792.93621826172,0,404332056576,8589930496,3743723520,0
199,1778243805590,800,2000,800,800,800,800,2100,800,799,818,829,800,800,800,800,800,0,0,0,0,0,0,100,0,0,0,0,0,0,0,0,0,173104.3754272461,106798.27099609375,0,404332056576,8589930496,3743723520,0
199,1778243805790,800,2000,800,800,800,800,2100,800,799,818,829,800,800,800,800,800,0,0,0,0,0,0,100,0,0,0,0,0,0,0,0,0,173104.80010986328,106803.61901855469,0,404332056576,8589930496,3743723520,0
0,1778243805990,800,2000,800,800,800,800,2100,800,799,818,829,800,800,800,800,800,0,0,0,0,0,0,0,0,0,0,0,0,0,0,0,0,173104.82666015625,106806.43572998047,0,404332056576,8589930496,3744919552,0
