Delta,Time,CPU_FREQUENCY_0,CPU_FREQUENCY_1,CPU_FREQUENCY_10,CPU_FREQUENCY_11,CPU_FREQUENCY_12,CPU_FREQUENCY_13,CPU_FREQUENCY_14,CPU_FREQUENCY_15,CPU_FREQUENCY_2,CPU_FREQUENCY_3,CPU_FREQUENCY_4,CPU_FREQUENCY_5,CPU_FREQUENCY_6,CPU_FREQUENCY_7,CPU_FREQUENCY_8,CPU_FREQUENCY_9,CPU_USAGE_0,CPU_USAGE_1,CPU_USAGE_10,CPU_USAGE_11,CPU_USAGE_12,CPU_USAGE_13,CPU_USAGE_14,CPU_USAGE_15,CPU_USAGE_2,CPU_USAGE_3,CPU_USAGE_4,CPU_USAGE_5,CPU_USAGE_6,CPU_USAGE_7,CPU_USAGE_8,CPU_USAGE_9,DRAM_ENERGY (J),PACKAGE_ENERGY (J),PP0_ENERGY (J),TOTAL_MEMORY,TOTAL_SWAP,USED_MEMORY,USED_SWAP
0,1778241876396,1500,800,800,800,2099,1231,800,800,800,1425,828,1124,800,2000,800,2000,4.1666669845581055,4.1666669845581055,4.1666669845581055,0,4.1666669845581055,4.1666669845581055,0,12.5,0,0,0,4.1666669845581055,0,0,4.1666669845581055,0,172102.72875976563,79891.79852294922,0,404332056576,8589930496,3747074048,0
200,1778241876396,1500,800,800,800,2099,1231,800,800,800,1425,828,1124,800,2000,800,2000,4.1666669845581055,4.1666669845581055,4.1666669845581055,0,4.1666669845581055,4.1666669845581055,0,12.5,0,0,0,4.1666669845581055,0,0,4.1666669845581055,0,172102.72875976563,79891.79852294922,0,404332056576,8589930496,3747074048,0
199,1778241876597,1500,800,800,800,2099,1231,800,800,800,1425,828,1124,800,2000,800,2000,100,0,0,0,0,0,0,9.523809432983398,0,0,0,0,0,0,0,0,172104.19287109375,79897.1586303711,0,404332056576,8589930496,3751198720,0
199,1778241876797,1500,800,800,800,2099,1231,800,800,800,1425,828,1124,800,2000,800,2000,100,0,0,0,0,0,0,0,0,0,0,0,0,0,0,0,172107.0926513672,79903.92938232422,0,404332056576,8589930496,3752136704,0
199,1778241876997,1500,800,800,800,2099,1231,800,800,800,1425,828,1124,800,2000,800,2000,100,0,0,0,0,0,0,0,0,0,0,0,0,0,0,0,172110.01904296875,79910.68127441406,0,404332056576,8589930496,3752136704,0
0,1778241877197,1500,800,800,800,2099,1231,800,800,800,1425,828,1124,800,2000,800,2000,30.000001907348633,0,0,0,0,0,0,0,0,0,0,0,0,0,0,0,172111.12310791016,79914.81719970703,0,404332056576,8589930496,3752136704,0
