Delta,Time,CPU_FREQUENCY_0,CPU_FREQUENCY_1,CPU_FREQUENCY_10,CPU_FREQUENCY_11,CPU_FREQUENCY_12,CPU_FREQUENCY_13,CPU_FREQUENCY_14,CPU_FREQUENCY_15,CPU_FREQUENCY_2,CPU_FREQUENCY_3,CPU_FREQUENCY_4,CPU_FREQUENCY_5,CPU_FREQUENCY_6,CPU_FREQUENCY_7,CPU_FREQUENCY_8,CPU_FREQUENCY_9,CPU_USAGE_0,CPU_USAGE_1,CPU_USAGE_10,CPU_USAGE_11,CPU_USAGE_12,CPU_USAGE_13,CPU_USAGE_14,CPU_USAGE_15,CPU_USAGE_2,CPU_USAGE_3,CPU_USAGE_4,CPU_USAGE_5,CPU_USAGE_6,CPU_USAGE_7,CPU_USAGE_8,CPU_USAGE_9,DRAM_ENERGY (J),PACKAGE_ENERGY (J),PP0_ENERGY (J),TOTAL_MEMORY,TOTAL_SWAP,USED_MEMORY,USED_SWAP
0,1778235977002,800,1000,2099,800,2000,2100,1069,830,1481,800,800,1000,1586,800,800,800,0,0,0,0,0,12,4.1666669845581055,0,4.1666669845581055,4.1666669845581055,4.1666669845581055,4.1666669845581055,4.1666669845581055,0,0,4.1666669845581055,168339.27838134766,258211.87957763672,0,404332056576,8589930496,3761893376,0
200,1778235977002,800,1000,2099,800,2000,2100,1069,830,1481,800,800,1000,1586,800,800,800,0,0,0,0,0,12,4.1666669845581055,0,4.1666669845581055,4.1666669845581055,4.1666669845581055,4.1666669845581055,4.1666669845581055,0,0,4.1666669845581055,168339.27838134766,258211.87957763672,0,404332056576,8589930496,3761893376,0
199,1778235977202,800,1000,2099,800,2000,2100,1069,830,1481,800,800,1000,1586,800,800,800,100,0,0,0,0,0,0,0,0,0,0,0,0,0,0,0,168340.85986328125,258217.49334716797,0,404332056576,8589930496,3761893376,0
199,1778235977402,800,1000,2099,800,2000,2100,1069,830,1481,800,800,1000,1586,800,800,800,100,0,0,0,0,4.761904716491699,0,0,0,0,0,0,0,0,0,0,168343.7100830078,258224.4291381836,0,404332056576,8589930496,3761893376,0
199,1778235977602,800,1000,2099,800,2000,2100,1069,830,1481,800,800,1000,1586,800,800,800,100,0,0,0,0,0,0,0,0,0,0,0,0,0,0,0,168346.58331298828,258231.37951660156,0,404332056576,8589930496,3762589696,0
0,1778235977802,800,1000,2099,800,2000,2100,1069,830,1481,800,800,1000,1586,800,800,800,5,0,0,0,0,0,0,0,0,0,0,0,0,0,0,0,168346.84796142578,258234.4083251953,0,404332056576,8589930496,3762589696,0
