Delta,Time,CPU_FREQUENCY_0,CPU_FREQUENCY_1,CPU_FREQUENCY_10,CPU_FREQUENCY_11,CPU_FREQUENCY_12,CPU_FREQUENCY_13,CPU_FREQUENCY_14,CPU_FREQUENCY_15,CPU_FREQUENCY_2,CPU_FREQUENCY_3,CPU_FREQUENCY_4,CPU_FREQUENCY_5,CPU_FREQUENCY_6,CPU_FREQUENCY_7,CPU_FREQUENCY_8,CPU_FREQUENCY_9,CPU_USAGE_0,CPU_USAGE_1,CPU_USAGE_10,CPU_USAGE_11,CPU_USAGE_12,CPU_USAGE_13,CPU_USAGE_14,CPU_USAGE_15,CPU_USAGE_2,CPU_USAGE_3,CPU_USAGE_4,CPU_USAGE_5,CPU_USAGE_6,CPU_USAGE_7,CPU_USAGE_8,CPU_USAGE_9,DRAM_ENERGY (J),PACKAGE_ENERGY (J),PP0_ENERGY (J),TOTAL_MEMORY,TOTAL_SWAP,USED_MEMORY,USED_SWAP
0,1778241907451,925,1000,800,800,2099,2000,1264,903,800,1243,800,800,800,1896,800,800,0,4.1666669845581055,4,4,4,8,8.333333969116211,8,8,0,0,0,4,0,4,4.1666669845581055,172112.19580078125,80313.35614013672,0,404332056576,8589930496,3754631168,0
200,1778241907451,925,1000,800,800,2099,2000,1264,903,800,1243,800,800,800,1896,800,800,0,4.1666669845581055,4,4,4,8,8.333333969116211,8,8,0,0,0,4,0,4,4.1666669845581055,172112.19580078125,80313.35614013672,0,404332056576,8589930496,3754631168,0
199,1778241907651,925,1000,800,800,2099,2000,1264,903,800,1243,800,800,800,1896,800,800,100,0,0,0,0,0,0,0,0,0,0,0,0,0,0,0,172114.05798339844,80319.04724121094,0,404332056576,8589930496,3754631168,0
199,1778241907851,925,1000,800,800,2099,2000,1264,903,800,1243,800,800,800,1896,800,800,100,0,0,0,0,0,0,0,0,0,0,0,0,0,0,0,172116.966796875,80325.79943847656,0,404332056576,8589930496,3754631168,0
199,1778241908051,925,1000,800,800,2099,2000,1264,903,800,1243,800,800,800,1896,800,800,100,0,0,0,0,0,0,0,0,0,0,0,0,0,0,0,172119.82470703125,80332.56048583984,0,404332056576,8589930496,3754631168,0
0,1778241908251,925,1000,800,800,2099,2000,1264,903,800,1243,800,800,800,1896,800,800,0,0,0,0,0,0,0,0,0,0,0,0,0,0,0,0,172120.10510253906,80335.54669189453,0,404332056576,8589930496,3754631168,0
