Delta,Time,CPU_FREQUENCY_0,CPU_FREQUENCY_1,CPU_FREQUENCY_10,CPU_FREQUENCY_11,CPU_FREQUENCY_12,CPU_FREQUENCY_13,CPU_FREQUENCY_14,CPU_FREQUENCY_15,CPU_FREQUENCY_2,CPU_FREQUENCY_3,CPU_FREQUENCY_4,CPU_FREQUENCY_5,CPU_FREQUENCY_6,CPU_FREQUENCY_7,CPU_FREQUENCY_8,CPU_FREQUENCY_9,CPU_USAGE_0,CPU_USAGE_1,CPU_USAGE_10,CPU_USAGE_11,CPU_USAGE_12,CPU_USAGE_13,CPU_USAGE_14,CPU_USAGE_15,CPU_USAGE_2,CPU_USAGE_3,CPU_USAGE_4,CPU_USAGE_5,CPU_USAGE_6,CPU_USAGE_7,CPU_USAGE_8,CPU_USAGE_9,DRAM_ENERGY (J),PACKAGE_ENERGY (J),PP0_ENERGY (J),TOTAL_MEMORY,TOTAL_SWAP,USED_MEMORY,USED_SWAP
0,1778237751960,800,1662,938,800,922,799,2000,2000,800,2100,1544,1000,2000,800,2099,899,4,0,0,3.846153974533081,4,4,4,4.1666669845581055,3.846153974533081,7.692307949066162,4,4,4,0,4,0,169127.21697998047,20764.584045410156,0,404332056576,8589930496,3814760448,0
199,1778237751960,800,1662,938,800,922,799,2000,2000,800,2100,1544,1000,2000,800,2099,899,4,0,0,3.846153974533081,4,4,4,4.1666669845581055,3.846153974533081,7.692307949066162,4,4,4,0,4,0,169127.2208251953,20764.605590820313,0,404332056576,8589930496,3814760448,0
199,1778237752161,800,1662,938,800,922,799,2000,2000,800,2100,1544,1000,2000,800,2099,899,100,0,0,0,0,0,0,0,0,0,0,0,0,0,0,0,169128.69512939453,20769.95050048828,0,404332056576,8589930496,3814760448,0
199,1778237752361,800,1662,938,800,922,799,2000,2000,800,2100,1544,1000,2000,800,2099,899,100,0,0,0,0,0,0,0,0,0,0,0,0,0,0,0,169131.57177734375,20776.691955566406,0,404332056576,8589930496,3814760448,0
199,1778237752561,800,1662,938,800,922,799,2000,2000,800,2100,1544,1000,2000,800,2099,899,100,0,0,0,0,0,0,0,0,0,0,0,0,0,0,0,169134.4214477539,20783.44091796875,0,404332056576,8589930496,3814760448,0
0,1778237752761,800,1662,938,800,922,799,2000,2000,800,2100,1544,1000,2000,800,2099,899,5,0,0,0,0,0,0,0,0,0,0,0,0,0,0,0,169134.7144165039,20786.580200195313,0,404332056576,8589930496,3814760448,0
