Delta,Time,CPU_FREQUENCY_0,CPU_FREQUENCY_1,CPU_FREQUENCY_10,CPU_FREQUENCY_11,CPU_FREQUENCY_12,CPU_FREQUENCY_13,CPU_FREQUENCY_14,CPU_FREQUENCY_15,CPU_FREQUENCY_2,CPU_FREQUENCY_3,CPU_FREQUENCY_4,CPU_FREQUENCY_5,CPU_FREQUENCY_6,CPU_FREQUENCY_7,CPU_FREQUENCY_8,CPU_FREQUENCY_9,CPU_USAGE_0,CPU_USAGE_1,CPU_USAGE_10,CPU_USAGE_11,CPU_USAGE_12,CPU_USAGE_13,CPU_USAGE_14,CPU_USAGE_15,CPU_USAGE_2,CPU_USAGE_3,CPU_USAGE_4,CPU_USAGE_5,CPU_USAGE_6,CPU_USAGE_7,CPU_USAGE_8,CPU_USAGE_9,DRAM_ENERGY (J),PACKAGE_ENERGY (J),PP0_ENERGY (J),TOTAL_MEMORY,TOTAL_SWAP,USED_MEMORY,USED_SWAP
0,1778241689684,2000,1936,873,818,800,800,800,800,2078,800,1100,800,800,1953,800,2099,0,4.1666669845581055,0,0,4,0,0,12,4,0,7.692307949066162,4.1666669845581055,7.692307949066162,4.1666669845581055,4,4.34782600402832,172048.75592041016,77356.41729736328,0,404332056576,8589930496,3797635072,0
200,1778241689684,2000,1936,873,818,800,800,800,800,2078,800,1100,800,800,1953,800,2099,0,4.1666669845581055,0,0,4,0,0,12,4,0,7.692307949066162,4.1666669845581055,7.692307949066162,4.1666669845581055,4,4.34782600402832,172048.75592041016,77356.41729736328,0,404332056576,8589930496,3797635072,0
199,1778241689884,2000,1936,873,818,800,800,800,800,2078,800,1100,800,800,1953,800,2099,100,0,0,0,0,0,0,0,0,0,0,0,0,0,0,4.761904716491699,172050.22290039063,77361.81311035156,0,404332056576,8589930496,3797635072,0
199,1778241690084,2000,1936,873,818,800,800,800,800,2078,800,1100,800,800,1953,800,2099,100,0,0,0,0,0,0,0,0,0,0,0,0,0,0,0,172053.11114501953,77368.69250488281,0,404332056576,8589930496,3797635072,0
199,1778241690285,2000,1936,873,818,800,800,800,800,2078,800,1100,800,800,1953,800,2099,100,0,0,0,0,0,0,0,0,0,0,0,0,0,0,0,172055.98388671875,77375.65051269531,0,404332056576,8589930496,3797635072,0
0,1778241690485,2000,1936,873,818,800,800,800,800,2078,800,1100,800,800,1953,800,2099,10,0,0,0,0,0,0,0,0,0,0,0,0,0,0,0,172056.47088623047,77378.96948242188,0,404332056576,8589930496,3797635072,0
