Delta,Time,CPU_FREQUENCY_0,CPU_FREQUENCY_1,CPU_FREQUENCY_10,CPU_FREQUENCY_11,CPU_FREQUENCY_12,CPU_FREQUENCY_13,CPU_FREQUENCY_14,CPU_FREQUENCY_15,CPU_FREQUENCY_2,CPU_FREQUENCY_3,CPU_FREQUENCY_4,CPU_FREQUENCY_5,CPU_FREQUENCY_6,CPU_FREQUENCY_7,CPU_FREQUENCY_8,CPU_FREQUENCY_9,CPU_USAGE_0,CPU_USAGE_1,CPU_USAGE_10,CPU_USAGE_11,CPU_USAGE_12,CPU_USAGE_13,CPU_USAGE_14,CPU_USAGE_15,CPU_USAGE_2,CPU_USAGE_3,CPU_USAGE_4,CPU_USAGE_5,CPU_USAGE_6,CPU_USAGE_7,CPU_USAGE_8,CPU_USAGE_9,DRAM_ENERGY (J),PACKAGE_ENERGY (J),PP0_ENERGY (J),TOTAL_MEMORY,TOTAL_SWAP,USED_MEMORY,USED_SWAP
0,1778240730872,1830,1584,1613,799,800,800,800,2100,800,800,1000,800,800,1126,800,2100,7.692307949066162,4.1666669845581055,0,4,0,0,4.1666669845581055,4.1666669845581055,0,0,4.1666669845581055,4.1666669845581055,4.1666669845581055,4.1666669845581055,4.1666669845581055,12,171602.2485961914,63953.030822753906,0,404332056576,8589930496,3768856576,0
200,1778240730872,1830,1584,1613,799,800,800,800,2100,800,800,1000,800,800,1126,800,2100,7.692307949066162,4.1666669845581055,0,4,0,0,4.1666669845581055,4.1666669845581055,0,0,4.1666669845581055,4.1666669845581055,4.1666669845581055,4.1666669845581055,4.1666669845581055,12,171602.25994873047,63953.054138183594,0,404332056576,8589930496,3768856576,0
200,1778240731073,1830,1584,1613,799,800,800,800,2100,800,800,1000,800,800,1126,800,2100,0,0,0,0,0,0,0,0,100,0,0,0,0,0,0,4.761904716491699,171604.2060546875,63958.83319091797,0,404332056576,8589930496,3768856576,0
199,1778240731273,1830,1584,1613,799,800,800,800,2100,800,800,1000,800,800,1126,800,2100,0,0,0,0,0,0,0,0,100,0,0,0,0,0,0,0,171607.0503540039,63965.794860839844,0,404332056576,8589930496,3768856576,0
0,1778240731473,1830,1584,1613,799,800,800,800,2100,800,800,1000,800,800,1126,800,2100,0,0,0,0,0,0,0,0,100,0,0,0,0,0,0,0,171609.89874267578,63972.75207519531,0,404332056576,8589930496,3768856576,0
