Delta,Time,CPU_FREQUENCY_0,CPU_FREQUENCY_1,CPU_FREQUENCY_10,CPU_FREQUENCY_11,CPU_FREQUENCY_12,CPU_FREQUENCY_13,CPU_FREQUENCY_14,CPU_FREQUENCY_15,CPU_FREQUENCY_2,CPU_FREQUENCY_3,CPU_FREQUENCY_4,CPU_FREQUENCY_5,CPU_FREQUENCY_6,CPU_FREQUENCY_7,CPU_FREQUENCY_8,CPU_FREQUENCY_9,CPU_USAGE_0,CPU_USAGE_1,CPU_USAGE_10,CPU_USAGE_11,CPU_USAGE_12,CPU_USAGE_13,CPU_USAGE_14,CPU_USAGE_15,CPU_USAGE_2,CPU_USAGE_3,CPU_USAGE_4,CPU_USAGE_5,CPU_USAGE_6,CPU_USAGE_7,CPU_USAGE_8,CPU_USAGE_9,DRAM_ENERGY (J),PACKAGE_ENERGY (J),PP0_ENERGY (J),TOTAL_MEMORY,TOTAL_SWAP,USED_MEMORY,USED_SWAP
0,1778241307835,834,830,800,800,800,800,800,800,1500,799,800,1000,800,865,800,2100,4.34782600402832,8,0,4.1666669845581055,4.1666669845581055,8,0,8,0,0,4.1666669845581055,4.1666669845581055,8,4.1666669845581055,4.34782600402832,4.1666669845581055,171908.9751586914,72068.36108398438,0,404332056576,8589930496,3783274496,0
200,1778241307835,834,830,800,800,800,800,800,800,1500,799,800,1000,800,865,800,2100,4.34782600402832,8,0,4.1666669845581055,4.1666669845581055,8,0,8,0,0,4.1666669845581055,4.1666669845581055,8,4.1666669845581055,4.34782600402832,4.1666669845581055,171908.9751586914,72068.36108398438,0,404332056576,8589930496,3783274496,0
199,1778241308036,834,830,800,800,800,800,800,800,1500,799,800,1000,800,865,800,2100,100,0,0,0,0,0,0,0,0,0,0,0,0,0,0,0,171910.72540283203,72073.95867919922,0,404332056576,8589930496,3783274496,0
199,1778241308236,834,830,800,800,800,800,800,800,1500,799,800,1000,800,865,800,2100,100,0,0,0,0,0,0,0,0,0,0,0,0,0,0,0,171913.68328857422,72080.91064453125,0,404332056576,8589930496,3783274496,0
199,1778241308436,834,830,800,800,800,800,800,800,1500,799,800,1000,800,865,800,2100,100,0,0,0,0,0,0,0,0,0,0,0,0,0,0,0,171916.5848388672,72087.86254882813,0,404332056576,8589930496,3783274496,0
0,1778241308636,834,830,800,800,800,800,800,800,1500,799,800,1000,800,865,800,2100,4.761904716491699,0,0,0,0,0,0,0,0,0,0,0,0,0,0,0,171917.07611083984,72091.07751464844,0,404332056576,8589930496,3783274496,0
