Delta,Time,CPU_FREQUENCY_0,CPU_FREQUENCY_1,CPU_FREQUENCY_10,CPU_FREQUENCY_11,CPU_FREQUENCY_12,CPU_FREQUENCY_13,CPU_FREQUENCY_14,CPU_FREQUENCY_15,CPU_FREQUENCY_2,CPU_FREQUENCY_3,CPU_FREQUENCY_4,CPU_FREQUENCY_5,CPU_FREQUENCY_6,CPU_FREQUENCY_7,CPU_FREQUENCY_8,CPU_FREQUENCY_9,CPU_USAGE_0,CPU_USAGE_1,CPU_USAGE_10,CPU_USAGE_11,CPU_USAGE_12,CPU_USAGE_13,CPU_USAGE_14,CPU_USAGE_15,CPU_USAGE_2,CPU_USAGE_3,CPU_USAGE_4,CPU_USAGE_5,CPU_USAGE_6,CPU_USAGE_7,CPU_USAGE_8,CPU_USAGE_9,DRAM_ENERGY (J),PACKAGE_ENERGY (J),PP0_ENERGY (J),TOTAL_MEMORY,TOTAL_SWAP,USED_MEMORY,USED_SWAP
0,1778238390832,800,2631,800,884,800,800,2100,1080,2000,2100,2000,1358,2000,1000,856,800,0,4,4.1666669845581055,4,4,4,4.1666669845581055,12,0,0,4.1666669845581055,0,0,4.1666669845581055,4,7.692307949066162,169470.8814086914,29755.810974121094,0,404332056576,8589930496,3764391936,0
200,1778238390832,800,2631,800,884,800,800,2100,1080,2000,2100,2000,1358,2000,1000,856,800,0,4,4.1666669845581055,4,4,4,4.1666669845581055,12,0,0,4.1666669845581055,0,0,4.1666669845581055,4,7.692307949066162,169470.8814086914,29755.810974121094,0,404332056576,8589930496,3764391936,0
200,1778238391033,800,2631,800,884,800,800,2100,1080,2000,2100,2000,1358,2000,1000,856,800,100,0,0,0,0,0,0,0,0,0,0,0,0,0,0,0,169472.5298461914,29761.47528076172,0,404332056576,8589930496,3764391936,0
199,1778238391233,800,2631,800,884,800,800,2100,1080,2000,2100,2000,1358,2000,1000,856,800,100,0,0,0,0,0,5,0,0,0,0,0,0,0,0,0,169475.45861816406,29768.34307861328,0,404332056576,8589930496,3764391936,0
199,1778238391433,800,2631,800,884,800,800,2100,1080,2000,2100,2000,1358,2000,1000,856,800,100,0,0,0,0,0,0,0,0,0,0,0,0,0,0,0,169478.3419189453,29775.176147460938,0,404332056576,8589930496,3764391936,0
0,1778238391633,800,2631,800,884,800,800,2100,1080,2000,2100,2000,1358,2000,1000,856,800,10,0,0,0,0,0,0,4.761904716491699,0,0,0,0,0,0,0,0,169478.87677001953,29778.530212402344,0,404332056576,8589930496,3764391936,0
