Delta,Time,CPU_FREQUENCY_0,CPU_FREQUENCY_1,CPU_FREQUENCY_10,CPU_FREQUENCY_11,CPU_FREQUENCY_12,CPU_FREQUENCY_13,CPU_FREQUENCY_14,CPU_FREQUENCY_15,CPU_FREQUENCY_2,CPU_FREQUENCY_3,CPU_FREQUENCY_4,CPU_FREQUENCY_5,CPU_FREQUENCY_6,CPU_FREQUENCY_7,CPU_FREQUENCY_8,CPU_FREQUENCY_9,CPU_USAGE_0,CPU_USAGE_1,CPU_USAGE_10,CPU_USAGE_11,CPU_USAGE_12,CPU_USAGE_13,CPU_USAGE_14,CPU_USAGE_15,CPU_USAGE_2,CPU_USAGE_3,CPU_USAGE_4,CPU_USAGE_5,CPU_USAGE_6,CPU_USAGE_7,CPU_USAGE_8,CPU_USAGE_9,DRAM_ENERGY (J),PACKAGE_ENERGY (J),PP0_ENERGY (J),TOTAL_MEMORY,TOTAL_SWAP,USED_MEMORY,USED_SWAP
0,1778243960258,1955,800,800,800,2000,2000,800,2099,799,1000,800,2000,800,800,1196,1314,0,0,0,4.1666669845581055,4.1666669845581055,4.34782600402832,4,8.333333969116211,4.1666669845581055,8,0,4.1666669845581055,4,4.1666669845581055,0,4.1666669845581055,173140.64434814453,108888.3892211914,0,404332056576,8589930496,3751628800,0
199,1778243960258,1955,800,800,800,2000,2000,800,2099,799,1000,800,2000,800,800,1196,1314,0,0,0,4.1666669845581055,4.1666669845581055,4.34782600402832,4,8.333333969116211,4.1666669845581055,8,0,4.1666669845581055,4,4.1666669845581055,0,4.1666669845581055,173140.64434814453,108888.3892211914,0,404332056576,8589930496,3751628800,0
199,1778243960458,1955,800,800,800,2000,2000,800,2099,799,1000,800,2000,800,800,1196,1314,100,0,0,0,0,0,0,0,0,0,0,0,0,0,0,0,173142.64184570313,108894.1265258789,0,404332056576,8589930496,3751628800,0
199,1778243960658,1955,800,800,800,2000,2000,800,2099,799,1000,800,2000,800,800,1196,1314,100,0,0,0,0,0,0,0,0,0,0,0,0,0,0,0,173145.5834350586,108900.8803100586,0,404332056576,8589930496,3751628800,0
199,1778243960858,1955,800,800,800,2000,2000,800,2099,799,1000,800,2000,800,800,1196,1314,100,0,0,0,0,0,0,0,0,0,0,0,0,0,0,0,173148.4891357422,108907.6264038086,0,404332056576,8589930496,3751628800,0
0,1778243961059,1955,800,800,800,2000,2000,800,2099,799,1000,800,2000,800,800,1196,1314,5,0,0,0,0,0,0,0,0,0,0,0,0,0,0,0,173148.7035522461,108910.58868408203,0,404332056576,8589930496,3751628800,0
