Delta,Time,CPU_FREQUENCY_0,CPU_FREQUENCY_1,CPU_FREQUENCY_10,CPU_FREQUENCY_11,CPU_FREQUENCY_12,CPU_FREQUENCY_13,CPU_FREQUENCY_14,CPU_FREQUENCY_15,CPU_FREQUENCY_2,CPU_FREQUENCY_3,CPU_FREQUENCY_4,CPU_FREQUENCY_5,CPU_FREQUENCY_6,CPU_FREQUENCY_7,CPU_FREQUENCY_8,CPU_FREQUENCY_9,CPU_USAGE_0,CPU_USAGE_1,CPU_USAGE_10,CPU_USAGE_11,CPU_USAGE_12,CPU_USAGE_13,CPU_USAGE_14,CPU_USAGE_15,CPU_USAGE_2,CPU_USAGE_3,CPU_USAGE_4,CPU_USAGE_5,CPU_USAGE_6,CPU_USAGE_7,CPU_USAGE_8,CPU_USAGE_9,DRAM_ENERGY (J),PACKAGE_ENERGY (J),PP0_ENERGY (J),TOTAL_MEMORY,TOTAL_SWAP,USED_MEMORY,USED_SWAP
0,1778239540688,800,1458,800,2099,1003,813,800,800,1615,1679,1000,800,1500,800,800,800,4.1666669845581055,0,4.1666669845581055,8.333333969116211,4,0,4.1666669845581055,4.1666669845581055,0,0,0,4.1666669845581055,0,4.1666669845581055,4,4,170579.0308227539,46551.500549316406,0,404332056576,8589930496,3765645312,0
200,1778239540688,800,1458,800,2099,1003,813,800,800,1615,1679,1000,800,1500,800,800,800,4.1666669845581055,0,4.1666669845581055,8.333333969116211,4,0,4.1666669845581055,4.1666669845581055,0,0,0,4.1666669845581055,0,4.1666669845581055,4,4,170579.03466796875,46551.52423095703,0,404332056576,8589930496,3765645312,0
199,1778239540889,800,1458,800,2099,1003,813,800,800,1615,1679,1000,800,1500,800,800,800,95.23809814453125,0,0,0,0,0,0,0,0,0,0,0,0,0,0,0,170580.48779296875,46557.01544189453,0,404332056576,8589930496,3769516032,0
199,1778239541089,800,1458,800,2099,1003,813,800,800,1615,1679,1000,800,1500,800,800,800,100,0,0,0,0,0,5,0,0,0,0,0,0,0,0,0,170583.39910888672,46563.75439453125,0,404332056576,8589930496,3769516032,0
199,1778239541289,800,1458,800,2099,1003,813,800,800,1615,1679,1000,800,1500,800,800,800,100,0,0,0,0,0,0,0,0,0,0,0,0,0,0,0,170586.33361816406,46570.692626953125,0,404332056576,8589930496,3769516032,0
0,1778239541489,800,1458,800,2099,1003,813,800,800,1615,1679,1000,800,1500,800,800,800,10,0,0,0,0,0,0,0,0,0,0,0,0,0,0,0,170586.8214111328,46573.99426269531,0,404332056576,8589930496,3769516032,0
