Delta,Time,CPU_FREQUENCY_0,CPU_FREQUENCY_1,CPU_FREQUENCY_10,CPU_FREQUENCY_11,CPU_FREQUENCY_12,CPU_FREQUENCY_13,CPU_FREQUENCY_14,CPU_FREQUENCY_15,CPU_FREQUENCY_2,CPU_FREQUENCY_3,CPU_FREQUENCY_4,CPU_FREQUENCY_5,CPU_FREQUENCY_6,CPU_FREQUENCY_7,CPU_FREQUENCY_8,CPU_FREQUENCY_9,CPU_USAGE_0,CPU_USAGE_1,CPU_USAGE_10,CPU_USAGE_11,CPU_USAGE_12,CPU_USAGE_13,CPU_USAGE_14,CPU_USAGE_15,CPU_USAGE_2,CPU_USAGE_3,CPU_USAGE_4,CPU_USAGE_5,CPU_USAGE_6,CPU_USAGE_7,CPU_USAGE_8,CPU_USAGE_9,DRAM_ENERGY (J),PACKAGE_ENERGY (J),PP0_ENERGY (J),TOTAL_MEMORY,TOTAL_SWAP,USED_MEMORY,USED_SWAP
0,1778243383901,800,2730,1782,1792,1524,800,800,800,1597,800,800,800,800,1917,800,2100,4.34782600402832,8.69565200805664,4.1666669845581055,0,0,0,4.1666669845581055,4.1666669845581055,8.333333969116211,4.34782600402832,4.1666669845581055,4.1666669845581055,4.1666669845581055,4.1666669845581055,4.1666669845581055,4.1666669845581055,172853.24212646484,100774.0424194336,0,404332056576,8589930496,3743096832,0
200,1778243383902,800,2730,1782,1792,1524,800,800,800,1597,800,800,800,800,1917,800,2100,4.34782600402832,8.69565200805664,4.1666669845581055,0,0,0,4.1666669845581055,4.1666669845581055,8.333333969116211,4.34782600402832,4.1666669845581055,4.1666669845581055,4.1666669845581055,4.1666669845581055,4.1666669845581055,4.1666669845581055,172853.24212646484,100774.0424194336,0,404332056576,8589930496,3743096832,0
199,1778243384102,800,2730,1782,1792,1524,800,800,800,1597,800,800,800,800,1917,800,2100,0,0,0,0,100,0,0,0,0,0,0,0,0,0,0,0,172853.74475097656,100778.56103515625,0,404332056576,8589930496,3743096832,0
199,1778243384302,800,2730,1782,1792,1524,800,800,800,1597,800,800,800,800,1917,800,2100,0,0,0,0,100,0,0,0,0,0,0,0,0,0,0,0,172854.23193359375,100784.07775878906,0,404332056576,8589930496,3743096832,0
199,1778243384502,800,2730,1782,1792,1524,800,800,800,1597,800,800,800,800,1917,800,2100,0,0,0,0,100,0,0,0,0,0,0,0,0,0,0,0,172854.70922851563,100789.44104003906,0,404332056576,8589930496,3743096832,0
0,1778243384702,800,2730,1782,1792,1524,800,800,800,1597,800,800,800,800,1917,800,2100,0,0,0,0,0,0,0,0,0,0,0,0,0,0,0,0,172854.78485107422,100792.30090332031,0,404332056576,8589930496,3743096832,0
