Delta,Time,CPU_FREQUENCY_0,CPU_FREQUENCY_1,CPU_FREQUENCY_10,CPU_FREQUENCY_11,CPU_FREQUENCY_12,CPU_FREQUENCY_13,CPU_FREQUENCY_14,CPU_FREQUENCY_15,CPU_FREQUENCY_2,CPU_FREQUENCY_3,CPU_FREQUENCY_4,CPU_FREQUENCY_5,CPU_FREQUENCY_6,CPU_FREQUENCY_7,CPU_FREQUENCY_8,CPU_FREQUENCY_9,CPU_USAGE_0,CPU_USAGE_1,CPU_USAGE_10,CPU_USAGE_11,CPU_USAGE_12,CPU_USAGE_13,CPU_USAGE_14,CPU_USAGE_15,CPU_USAGE_2,CPU_USAGE_3,CPU_USAGE_4,CPU_USAGE_5,CPU_USAGE_6,CPU_USAGE_7,CPU_USAGE_8,CPU_USAGE_9,DRAM_ENERGY (J),PACKAGE_ENERGY (J),PP0_ENERGY (J),TOTAL_MEMORY,TOTAL_SWAP,USED_MEMORY,USED_SWAP
0,1778239180521,800,2000,2100,1019,810,808,807,1175,800,800,913,831,800,1000,800,2100,0,0,8,4,4,4,0,0,4,4,0,4,4.1666669845581055,4.1666669845581055,4,0,170350.76171875,41364.583740234375,0,404332056576,8589930496,3735711744,0
200,1778239180522,800,2000,2100,1019,810,808,807,1175,800,800,913,831,800,1000,800,2100,0,0,8,4,4,4,0,0,4,4,0,4,4.1666669845581055,4.1666669845581055,4,0,170350.76171875,41364.583740234375,0,404332056576,8589930496,3735711744,0
199,1778239180722,800,2000,2100,1019,810,808,807,1175,800,800,913,831,800,1000,800,2100,0,4.761904716491699,0,100,0,0,0,0,0,0,0,0,0,0,0,0,170351.19927978516,41369.393310546875,0,404332056576,8589930496,3739840512,0
199,1778239180922,800,2000,2100,1019,810,808,807,1175,800,800,913,831,800,1000,800,2100,0,0,0,100,0,0,0,0,0,0,0,0,0,0,0,0,170351.61950683594,41374.72265625,0,404332056576,8589930496,3739840512,0
0,1778239181122,800,2000,2100,1019,810,808,807,1175,800,800,913,831,800,1000,800,2100,0,0,0,94.73684692382813,0,0,0,0,0,0,0,0,0,4.761904716491699,0,0,170352.02642822266,41380.044189453125,0,404332056576,8589930496,3739840512,0
