Delta,Time,CPU_FREQUENCY_0,CPU_FREQUENCY_1,CPU_FREQUENCY_10,CPU_FREQUENCY_11,CPU_FREQUENCY_12,CPU_FREQUENCY_13,CPU_FREQUENCY_14,CPU_FREQUENCY_15,CPU_FREQUENCY_2,CPU_FREQUENCY_3,CPU_FREQUENCY_4,CPU_FREQUENCY_5,CPU_FREQUENCY_6,CPU_FREQUENCY_7,CPU_FREQUENCY_8,CPU_FREQUENCY_9,CPU_USAGE_0,CPU_USAGE_1,CPU_USAGE_10,CPU_USAGE_11,CPU_USAGE_12,CPU_USAGE_13,CPU_USAGE_14,CPU_USAGE_15,CPU_USAGE_2,CPU_USAGE_3,CPU_USAGE_4,CPU_USAGE_5,CPU_USAGE_6,CPU_USAGE_7,CPU_USAGE_8,CPU_USAGE_9,DRAM_ENERGY (J),PACKAGE_ENERGY (J),PP0_ENERGY (J),TOTAL_MEMORY,TOTAL_SWAP,USED_MEMORY,USED_SWAP
0,1778242032055,800,1940,800,800,2099,800,807,800,800,800,800,800,800,1200,800,800,8,0,0,4,4.34782600402832,8.333333969116211,4.1666669845581055,0,4,4.1666669845581055,4.1666669845581055,0,0,4.1666669845581055,4,0,172156.92401123047,82012.27746582031,0,404332056576,8589930496,3750121472,0
199,1778242032055,800,1940,800,800,2099,800,807,800,800,800,800,800,800,1200,800,800,8,0,0,4,4.34782600402832,8.333333969116211,4.1666669845581055,0,4,4.1666669845581055,4.1666669845581055,0,0,4.1666669845581055,4,0,172156.92803955078,82012.27746582031,0,404332056576,8589930496,3750121472,0
199,1778242032255,800,1940,800,800,2099,800,807,800,800,800,800,800,800,1200,800,800,100,0,0,0,0,0,0,0,0,0,0,0,0,0,0,0,172158.6278076172,82017.8882446289,0,404332056576,8589930496,3750121472,0
199,1778242032455,800,1940,800,800,2099,800,807,800,800,800,800,800,800,1200,800,800,100,0,0,0,0,0,0,0,0,0,0,0,0,0,0,0,172161.57257080078,82024.73016357422,0,404332056576,8589930496,3750121472,0
199,1778242032655,800,1940,800,800,2099,800,807,800,800,800,800,800,800,1200,800,800,100,0,0,0,0,0,0,0,0,0,0,0,0,0,0,0,172164.53259277344,82031.47192382813,0,404332056576,8589930496,3751833600,0
0,1778242032856,800,1940,800,800,2099,800,807,800,800,800,800,800,800,1200,800,800,5,0,0,0,0,0,0,0,0,0,0,0,0,0,0,0,172164.75506591797,82034.45483398438,0,404332056576,8589930496,3751833600,0
