Delta,Time,CPU_FREQUENCY_0,CPU_FREQUENCY_1,CPU_FREQUENCY_10,CPU_FREQUENCY_11,CPU_FREQUENCY_12,CPU_FREQUENCY_13,CPU_FREQUENCY_14,CPU_FREQUENCY_15,CPU_FREQUENCY_2,CPU_FREQUENCY_3,CPU_FREQUENCY_4,CPU_FREQUENCY_5,CPU_FREQUENCY_6,CPU_FREQUENCY_7,CPU_FREQUENCY_8,CPU_FREQUENCY_9,CPU_USAGE_0,CPU_USAGE_1,CPU_USAGE_10,CPU_USAGE_11,CPU_USAGE_12,CPU_USAGE_13,CPU_USAGE_14,CPU_USAGE_15,CPU_USAGE_2,CPU_USAGE_3,CPU_USAGE_4,CPU_USAGE_5,CPU_USAGE_6,CPU_USAGE_7,CPU_USAGE_8,CPU_USAGE_9,DRAM_ENERGY (J),PACKAGE_ENERGY (J),PP0_ENERGY (J),TOTAL_MEMORY,TOTAL_SWAP,USED_MEMORY,USED_SWAP
0,1778237074243,804,2000,800,2100,800,800,800,800,800,2000,800,800,1634,1516,800,800,0,8.333333969116211,0,4.1666669845581055,0,4.1666669845581055,4.1666669845581055,4.1666669845581055,4.1666669845581055,4.1666669845581055,4.1666669845581055,4.1666669845581055,4.1666669845581055,0,0,4.1666669845581055,168856.97052001953,11164.278015136719,0,404332056576,8589930496,3735748608,0
199,1778237074243,804,2000,800,2100,800,800,800,800,800,2000,800,800,1634,1516,800,800,0,8.333333969116211,0,4.1666669845581055,0,4.1666669845581055,4.1666669845581055,4.1666669845581055,4.1666669845581055,4.1666669845581055,4.1666669845581055,4.1666669845581055,4.1666669845581055,0,0,4.1666669845581055,168856.97052001953,11164.278015136719,0,404332056576,8589930496,3735748608,0
199,1778237074443,804,2000,800,2100,800,800,800,800,800,2000,800,800,1634,1516,800,800,0,0,0,0,100,0,0,0,0,0,0,4.761904716491699,0,0,0,0,168857.42810058594,11168.894287109375,0,404332056576,8589930496,3739619328,0
199,1778237074644,804,2000,800,2100,800,800,800,800,800,2000,800,800,1634,1516,800,800,0,0,0,0,100,0,0,0,0,0,0,0,0,0,0,0,168857.83557128906,11174.399963378906,0,404332056576,8589930496,3740798976,0
199,1778237074844,804,2000,800,2100,800,800,800,800,800,2000,800,800,1634,1516,800,800,0,0,0,0,100,0,0,0,0,0,0,0,0,0,0,0,168858.24975585938,11179.740600585938,0,404332056576,8589930496,3740798976,0
0,1778237075044,804,2000,800,2100,800,800,800,800,800,2000,800,800,1634,1516,800,800,0,0,0,0,5,0,0,0,0,0,0,0,0,0,0,0,168858.30645751953,11182.633117675781,0,404332056576,8589930496,3740798976,0
