Delta,Time,CPU_FREQUENCY_0,CPU_FREQUENCY_1,CPU_FREQUENCY_10,CPU_FREQUENCY_11,CPU_FREQUENCY_12,CPU_FREQUENCY_13,CPU_FREQUENCY_14,CPU_FREQUENCY_15,CPU_FREQUENCY_2,CPU_FREQUENCY_3,CPU_FREQUENCY_4,CPU_FREQUENCY_5,CPU_FREQUENCY_6,CPU_FREQUENCY_7,CPU_FREQUENCY_8,CPU_FREQUENCY_9,CPU_USAGE_0,CPU_USAGE_1,CPU_USAGE_10,CPU_USAGE_11,CPU_USAGE_12,CPU_USAGE_13,CPU_USAGE_14,CPU_USAGE_15,CPU_USAGE_2,CPU_USAGE_3,CPU_USAGE_4,CPU_USAGE_5,CPU_USAGE_6,CPU_USAGE_7,CPU_USAGE_8,CPU_USAGE_9,DRAM_ENERGY (J),PACKAGE_ENERGY (J),PP0_ENERGY (J),TOTAL_MEMORY,TOTAL_SWAP,USED_MEMORY,USED_SWAP
0,1778236630494,1078,800,800,800,2100,800,800,2100,1099,2060,800,800,857,1048,2000,800,4.1666669845581055,0,12,4.1666669845581055,4,0,4.1666669845581055,0,4.1666669845581055,8,0,4,0,4,4.1666669845581055,0,168580.6990966797,4953.8963623046875,0,404332056576,8589930496,3750629376,0
199,1778236630495,1078,800,800,800,2100,800,800,2100,1099,2060,800,800,857,1048,2000,800,4.1666669845581055,0,12,4.1666669845581055,4,0,4.1666669845581055,0,4.1666669845581055,8,0,4,0,4,4.1666669845581055,0,168580.70220947266,4953.9188232421875,0,404332056576,8589930496,3750629376,0
199,1778236630695,1078,800,800,800,2100,800,800,2100,1099,2060,800,800,857,1048,2000,800,100,0,0,0,0,0,0,0,0,0,0,0,0,0,0,0,168582.86236572266,4959.8057861328125,0,404332056576,8589930496,3756441600,0
199,1778236630895,1078,800,800,800,2100,800,800,2100,1099,2060,800,800,857,1048,2000,800,100,0,0,0,0,0,0,0,0,0,0,0,0,0,0,0,168585.7192993164,4966.537841796875,0,404332056576,8589930496,3756441600,0
199,1778236631095,1078,800,800,800,2100,800,800,2100,1099,2060,800,800,857,1048,2000,800,100,0,0,0,0,0,0,0,0,0,0,0,0,0,0,0,168588.60571289063,4973.275390625,0,404332056576,8589930496,3756441600,0
0,1778236631295,1078,800,800,800,2100,800,800,2100,1099,2060,800,800,857,1048,2000,800,4.761904716491699,0,0,0,0,0,0,0,0,0,0,0,0,0,0,0,168588.79376220703,4976.1746826171875,0,404332056576,8589930496,3756441600,0
