Delta,Time,CPU_FREQUENCY_0,CPU_FREQUENCY_1,CPU_FREQUENCY_10,CPU_FREQUENCY_11,CPU_FREQUENCY_12,CPU_FREQUENCY_13,CPU_FREQUENCY_14,CPU_FREQUENCY_15,CPU_FREQUENCY_2,CPU_FREQUENCY_3,CPU_FREQUENCY_4,CPU_FREQUENCY_5,CPU_FREQUENCY_6,CPU_FREQUENCY_7,CPU_FREQUENCY_8,CPU_FREQUENCY_9,CPU_USAGE_0,CPU_USAGE_1,CPU_USAGE_10,CPU_USAGE_11,CPU_USAGE_12,CPU_USAGE_13,CPU_USAGE_14,CPU_USAGE_15,CPU_USAGE_2,CPU_USAGE_3,CPU_USAGE_4,CPU_USAGE_5,CPU_USAGE_6,CPU_USAGE_7,CPU_USAGE_8,CPU_USAGE_9,DRAM_ENERGY (J),PACKAGE_ENERGY (J),PP0_ENERGY (J),TOTAL_MEMORY,TOTAL_SWAP,USED_MEMORY,USED_SWAP
0,1778239406073,800,1533,2099,800,800,800,799,800,824,808,800,800,800,800,2000,2000,4.1666669845581055,4.1666669845581055,4.34782600402832,0,4.1666669845581055,12,8.333333969116211,0,8,4.1666669845581055,4.1666669845581055,8,0,0,0,4.1666669845581055,170525.4383544922,44591.38037109375,0,404332056576,8589930496,3752370176,0
200,1778239406073,800,1533,2099,800,800,800,799,800,824,808,800,800,800,800,2000,2000,4.1666669845581055,4.1666669845581055,4.34782600402832,0,4.1666669845581055,12,8.333333969116211,0,8,4.1666669845581055,4.1666669845581055,8,0,0,0,4.1666669845581055,170525.4383544922,44591.38037109375,0,404332056576,8589930496,3752370176,0
199,1778239406273,800,1533,2099,800,800,800,799,800,824,808,800,800,800,800,2000,2000,100,0,0,0,0,0,0,0,0,0,0,0,0,0,0,0,170527.6264038086,44597.34509277344,0,404332056576,8589930496,3756494848,0
199,1778239406474,800,1533,2099,800,800,800,799,800,824,808,800,800,800,800,2000,2000,100,0,0,0,0,0,0,0,0,0,0,0,0,0,0,0,170530.50506591797,44604.08642578125,0,404332056576,8589930496,3756494848,0
0,1778239406674,800,1533,2099,800,800,800,799,800,824,808,800,800,800,800,2000,2000,95,0,0,0,0,0,0,0,0,0,0,0,0,0,0,0,170533.3246459961,44610.737548828125,0,404332056576,8589930496,3757481984,0
