Delta,Time,CPU_FREQUENCY_0,CPU_FREQUENCY_1,CPU_FREQUENCY_10,CPU_FREQUENCY_11,CPU_FREQUENCY_12,CPU_FREQUENCY_13,CPU_FREQUENCY_14,CPU_FREQUENCY_15,CPU_FREQUENCY_2,CPU_FREQUENCY_3,CPU_FREQUENCY_4,CPU_FREQUENCY_5,CPU_FREQUENCY_6,CPU_FREQUENCY_7,CPU_FREQUENCY_8,CPU_FREQUENCY_9,CPU_USAGE_0,CPU_USAGE_1,CPU_USAGE_10,CPU_USAGE_11,CPU_USAGE_12,CPU_USAGE_13,CPU_USAGE_14,CPU_USAGE_15,CPU_USAGE_2,CPU_USAGE_3,CPU_USAGE_4,CPU_USAGE_5,CPU_USAGE_6,CPU_USAGE_7,CPU_USAGE_8,CPU_USAGE_9,DRAM_ENERGY (J),PACKAGE_ENERGY (J),PP0_ENERGY (J),TOTAL_MEMORY,TOTAL_SWAP,USED_MEMORY,USED_SWAP
0,1778194671356,800,2000,1765,800,800,800,800,800,1000,800,800,1759,1870,3200,800,2099,4.1666669845581055,0,12,8,4,4.1666669845581055,0,0,0,0,4,4.1666669845581055,0,0,0,0,120867.35375976563,132041.40948486328,0,404332056576,8589930496,3806867456,0
199,1778194671356,800,2000,1765,800,800,800,800,800,1000,800,800,1759,1870,3200,800,2099,4.1666669845581055,0,12,8,4,4.1666669845581055,0,0,0,0,4,4.1666669845581055,0,0,0,0,120867.3598022461,132041.43212890625,0,404332056576,8589930496,3806867456,0
199,1778194671556,800,2000,1765,800,800,800,800,800,1000,800,800,1759,1870,3200,800,2099,75,47.619049072265625,31.57894515991211,0,0,0,0,0,61.904762268066406,38.095237731933594,5,0,4.761904716491699,0,33.333335876464844,4.761904716491699,120869.59600830078,132048.04553222656,0,404332056576,8589930496,3812282368,0
199,1778194671756,800,2000,1765,800,800,800,800,800,1000,800,800,1759,1870,3200,800,2099,26.3157901763916,65,0,0,0,0,0,0,90,90.47618865966797,10.526315689086914,0,10,75,15.789472579956055,0,120872.5014038086,132056.57177734375,0,404332056576,8589930496,3813765120,0
199,1778194671956,800,2000,1765,800,800,800,800,800,1000,800,800,1759,1870,3200,800,2099,25,0,5,10,70,55,40,5,20,50,5.263157844543457,9.523809432983398,0,38.095237731933594,57.142860412597656,10,120874.99536132813,132063.45123291016,0,404332056576,8589930496,3813765120,0
199,1778194672156,800,2000,1765,800,800,800,800,800,1000,800,800,1759,1870,3200,800,2099,5.263157844543457,0,10,10,90,90,90,90,0,0,0,0,0,0,0,5,120876.85815429688,132069.02014160156,0,404332056576,8589930496,3813765120,0
0,1778194672357,800,2000,1765,800,800,800,800,800,1000,800,800,1759,1870,3200,800,2099,9.523809432983398,0,15.000000953674316,0,5,10.526315689086914,10.526315689086914,15.000000953674316,0,0,0,0,0,0,0,0,120877.3291015625,132072.58422851563,0,404332056576,8589930496,3805507584,0
