Delta,Time,CPU_FREQUENCY_0,CPU_FREQUENCY_1,CPU_FREQUENCY_10,CPU_FREQUENCY_11,CPU_FREQUENCY_12,CPU_FREQUENCY_13,CPU_FREQUENCY_14,CPU_FREQUENCY_15,CPU_FREQUENCY_2,CPU_FREQUENCY_3,CPU_FREQUENCY_4,CPU_FREQUENCY_5,CPU_FREQUENCY_6,CPU_FREQUENCY_7,CPU_FREQUENCY_8,CPU_FREQUENCY_9,CPU_USAGE_0,CPU_USAGE_1,CPU_USAGE_10,CPU_USAGE_11,CPU_USAGE_12,CPU_USAGE_13,CPU_USAGE_14,CPU_USAGE_15,CPU_USAGE_2,CPU_USAGE_3,CPU_USAGE_4,CPU_USAGE_5,CPU_USAGE_6,CPU_USAGE_7,CPU_USAGE_8,CPU_USAGE_9,DRAM_ENERGY (J),PACKAGE_ENERGY (J),PP0_ENERGY (J),TOTAL_MEMORY,TOTAL_SWAP,USED_MEMORY,USED_SWAP
0,1778194014060,1483,994,800,800,2099,806,800,800,926,800,800,1500,1300,800,2600,800,0,4.1666669845581055,4,0,4,4.1666669845581055,0,0,8,4,4,0,0,4.1666669845581055,4.1666669845581055,0,120671.27801513672,123092.755859375,0,404332056576,8589930496,3817213952,0
199,1778194014060,1483,994,800,800,2099,806,800,800,926,800,800,1500,1300,800,2600,800,0,4.1666669845581055,4,0,4,4.1666669845581055,0,0,8,4,4,0,0,4.1666669845581055,4.1666669845581055,0,120671.27801513672,123092.755859375,0,404332056576,8589930496,3817213952,0
199,1778194014260,1483,994,800,800,2099,806,800,800,926,800,800,1500,1300,800,2600,800,66.66667175292969,60.000003814697266,0,0,0,30.000001907348633,10,0,55,0,5,25,0,5,38.095237731933594,0,120673.5087890625,123099.29748535156,0,404332056576,8589930496,3828310016,0
199,1778194014461,1483,994,800,800,2099,806,800,800,926,800,800,1500,1300,800,2600,800,20,70,0,10,0,0,4.761904716491699,0,90,5.263157844543457,10,80,65,15.000000953674316,21.052631378173828,0,120676.41381835938,123107.60314941406,0,404332056576,8589930496,3828310016,0
199,1778194014661,1483,994,800,800,2099,806,800,800,926,800,800,1500,1300,800,2600,800,75,0,0,5,0,0,5,0,90,9.523809432983398,5.263157844543457,85,90,5.263157844543457,15.000000953674316,4.761904716491699,120679.32153320313,123116.10955810547,0,404332056576,8589930496,3830075392,0
199,1778194014861,1483,994,800,800,2099,806,800,800,926,800,800,1500,1300,800,2600,800,10,30.000001907348633,0,0,0,4.761904716491699,0,0,50,10.526315689086914,5,90.47618865966797,90,90,19.047618865966797,0,120682.16796875,123124.38488769531,0,404332056576,8589930496,3830075392,0
0,1778194015061,1483,994,800,800,2099,806,800,800,926,800,800,1500,1300,800,2600,800,0,15.000000953674316,0,0,0,0,10.526315689086914,0,0,0,5,15.000000953674316,19.047618865966797,15.789472579956055,0,0,120683.1635131836,123128.75982666016,0,404332056576,8589930496,3821817856,0
