Delta,Time,CPU_FREQUENCY_0,CPU_FREQUENCY_1,CPU_FREQUENCY_10,CPU_FREQUENCY_11,CPU_FREQUENCY_12,CPU_FREQUENCY_13,CPU_FREQUENCY_14,CPU_FREQUENCY_15,CPU_FREQUENCY_2,CPU_FREQUENCY_3,CPU_FREQUENCY_4,CPU_FREQUENCY_5,CPU_FREQUENCY_6,CPU_FREQUENCY_7,CPU_FREQUENCY_8,CPU_FREQUENCY_9,CPU_USAGE_0,CPU_USAGE_1,CPU_USAGE_10,CPU_USAGE_11,CPU_USAGE_12,CPU_USAGE_13,CPU_USAGE_14,CPU_USAGE_15,CPU_USAGE_2,CPU_USAGE_3,CPU_USAGE_4,CPU_USAGE_5,CPU_USAGE_6,CPU_USAGE_7,CPU_USAGE_8,CPU_USAGE_9,DRAM_ENERGY (J),PACKAGE_ENERGY (J),PP0_ENERGY (J),TOTAL_MEMORY,TOTAL_SWAP,USED_MEMORY,USED_SWAP
0,1778195078691,800,800,800,800,800,2100,1700,1870,1381,1299,1000,1500,1593,1000,915,800,0,0,4.1666669845581055,0,0,4.545454502105713,0,0,4.1666669845581055,0,0,0,4.1666669845581055,4.1666669845581055,0,0,121015.8959350586,137592.4966430664,0,404332056576,8589930496,3841388544,0
199,1778195078691,800,800,800,800,800,2100,1700,1870,1381,1299,1000,1500,1593,1000,915,800,0,0,4.1666669845581055,0,0,4.545454502105713,0,0,4.1666669845581055,0,0,0,4.1666669845581055,4.1666669845581055,0,0,121015.8994140625,137592.51763916016,0,404332056576,8589930496,3841900544,0
199,1778195078891,800,800,800,800,800,2100,1700,1870,1381,1299,1000,1500,1593,1000,915,800,30.000001907348633,5,9.523809432983398,80,66.66667175292969,33.333335876464844,0,47.619049072265625,30.000001907348633,0,0,0,0,0,10,0,121016.3765258789,137597.57611083984,0,404332056576,8589930496,3871506432,0
199,1778195079091,800,800,800,800,800,2100,1700,1870,1381,1299,1000,1500,1593,1000,915,800,5,0,85,0,89.47368621826172,90,10,90,0,0,0,0,0,0,5.263157844543457,10,121016.85192871094,137602.94116210938,0,404332056576,8589930496,3872280576,0
199,1778195079291,800,800,800,800,800,2100,1700,1870,1381,1299,1000,1500,1593,1000,915,800,0,5,80,0,85.71428680419922,85,10,15.789472579956055,19.047618865966797,0,0,0,0,0,68.42105102539063,13.636363983154297,121017.32775878906,137608.44305419922,0,404332056576,8589930496,3873312768,0
199,1778195079491,800,800,800,800,800,2100,1700,1870,1381,1299,1000,1500,1593,1000,915,800,0,0,85,4.761904716491699,84.21052551269531,85,15.000000953674316,9.523809432983398,0,0,0,0,0,0,90.47618865966797,5.263157844543457,121017.78820800781,137613.7841796875,0,404332056576,8589930496,3875377152,0
0,1778195079692,800,800,800,800,800,2100,1700,1870,1381,1299,1000,1500,1593,1000,915,800,0,0,21.052631378173828,10.526315689086914,25,25,0,5,0,0,0,0,0,0,25,0,121017.9761352539,137617.52923583984,0,404332056576,8589930496,3875373056,0
