Delta,Time,CPU_FREQUENCY_0,CPU_FREQUENCY_1,CPU_FREQUENCY_10,CPU_FREQUENCY_11,CPU_FREQUENCY_12,CPU_FREQUENCY_13,CPU_FREQUENCY_14,CPU_FREQUENCY_15,CPU_FREQUENCY_2,CPU_FREQUENCY_3,CPU_FREQUENCY_4,CPU_FREQUENCY_5,CPU_FREQUENCY_6,CPU_FREQUENCY_7,CPU_FREQUENCY_8,CPU_FREQUENCY_9,CPU_USAGE_0,CPU_USAGE_1,CPU_USAGE_10,CPU_USAGE_11,CPU_USAGE_12,CPU_USAGE_13,CPU_USAGE_14,CPU_USAGE_15,CPU_USAGE_2,CPU_USAGE_3,CPU_USAGE_4,CPU_USAGE_5,CPU_USAGE_6,CPU_USAGE_7,CPU_USAGE_8,CPU_USAGE_9,DRAM_ENERGY (J),PACKAGE_ENERGY (J),PP0_ENERGY (J),TOTAL_MEMORY,TOTAL_SWAP,USED_MEMORY,USED_SWAP
0,1778194765723,799,1000,1125,1521,3000,799,800,800,800,799,800,800,805,1599,2000,2099,3.846153974533081,0,4,4,3.846153974533081,0,4,0,0,4,0,0,4,4,8,8,120914.13153076172,133336.88122558594,0,404332056576,8589930496,3801419776,0
200,1778194765723,799,1000,1125,1521,3000,799,800,800,800,799,800,800,805,1599,2000,2099,3.846153974533081,0,4,4,3.846153974533081,0,4,0,0,4,0,0,4,4,8,8,120914.13153076172,133336.88122558594,0,404332056576,8589930496,3801419776,0
199,1778194765923,799,1000,1125,1521,3000,799,800,800,800,799,800,800,805,1599,2000,2099,89.47368621826172,20,0,0,65,9.523809432983398,10,0,61.904762268066406,4.761904716491699,5,0,0,0,0,38.095237731933594,120916.38360595703,133343.1826171875,0,404332056576,8589930496,3819474944,0
199,1778194766124,799,1000,1125,1521,3000,799,800,800,800,799,800,800,805,1599,2000,2099,54.54545593261719,65,0,0,5,5,25,4.761904716491699,85,10.526315689086914,5.263157844543457,85,4.761904716491699,5.263157844543457,25,5,120919.30047607422,133351.17919921875,0,404332056576,8589930496,3819474944,0
199,1778194766324,799,1000,1125,1521,3000,799,800,800,800,799,800,800,805,1599,2000,2099,11.111111640930176,30.000001907348633,0,0,0,0,0,0,70,14.285715103149414,10,89.47368621826172,90,55,23.809524536132813,0,120922.2094116211,133359.57354736328,0,404332056576,8589930496,3819474944,0
199,1778194766524,799,1000,1125,1521,3000,799,800,800,800,799,800,800,805,1599,2000,2099,80,10,0,0,0,0,0,0,0,10.526315689086914,10,90,90,95,10.526315689086914,0,120925.09948730469,133368.10247802734,0,404332056576,8589930496,3820249088,0
0,1778194766724,799,1000,1125,1521,3000,799,800,800,800,799,800,800,805,1599,2000,2099,14.285715103149414,0,0,0,0,0,0,0,15.000000953674316,9.523809432983398,0,28.571430206298828,25,25,10,0,120926.60723876953,133373.1075439453,0,404332056576,8589930496,3821281280,0
