Delta,Time,CPU_FREQUENCY_0,CPU_FREQUENCY_1,CPU_FREQUENCY_10,CPU_FREQUENCY_11,CPU_FREQUENCY_12,CPU_FREQUENCY_13,CPU_FREQUENCY_14,CPU_FREQUENCY_15,CPU_FREQUENCY_2,CPU_FREQUENCY_3,CPU_FREQUENCY_4,CPU_FREQUENCY_5,CPU_FREQUENCY_6,CPU_FREQUENCY_7,CPU_FREQUENCY_8,CPU_FREQUENCY_9,CPU_USAGE_0,CPU_USAGE_1,CPU_USAGE_10,CPU_USAGE_11,CPU_USAGE_12,CPU_USAGE_13,CPU_USAGE_14,CPU_USAGE_15,CPU_USAGE_2,CPU_USAGE_3,CPU_USAGE_4,CPU_USAGE_5,CPU_USAGE_6,CPU_USAGE_7,CPU_USAGE_8,CPU_USAGE_9,DRAM_ENERGY (J),PACKAGE_ENERGY (J),PP0_ENERGY (J),TOTAL_MEMORY,TOTAL_SWAP,USED_MEMORY,USED_SWAP
0,1778195551905,800,3200,800,800,2000,2100,813,809,1759,802,2000,800,1162,800,800,800,0,4,0,4,0,4,0,4,0,7.692307949066162,4,0,0,7.692307949066162,0,0,121220.2075805664,144136.6138305664,0,404332056576,8589930496,3858264064,0
199,1778195551905,800,3200,800,800,2000,2100,813,809,1759,802,2000,800,1162,800,800,800,0,4,0,4,0,4,0,4,0,7.692307949066162,4,0,0,7.692307949066162,0,0,121220.2075805664,144136.6138305664,0,404332056576,8589930496,3858264064,0
199,1778195552105,800,3200,800,800,2000,2100,813,809,1759,802,2000,800,1162,800,800,800,35,4.761904716491699,0,30.000001907348633,0,10.526315689086914,4.761904716491699,0,4.761904716491699,10.526315689086914,55,61.904762268066406,60.000003814697266,5.263157844543457,10,10,121222.31750488281,144142.9580078125,0,404332056576,8589930496,3871682560,0
199,1778195552305,800,3200,800,800,2000,2100,813,809,1759,802,2000,800,1162,800,800,800,10,10.526315689086914,5,0,0,0,0,0,5.263157844543457,47.619049072265625,90,90,85.71428680419922,5,38.095237731933594,0,121225.19268798828,144151.38018798828,0,404332056576,8589930496,3871682560,0
199,1778195552505,800,3200,800,800,2000,2100,813,809,1759,802,2000,800,1162,800,800,800,5.263157844543457,30.000001907348633,0,4.761904716491699,5,50,55,45,5,0,35,35,45,0,60.000003814697266,14.285715103149414,121226.87438964844,144158.19305419922,0,404332056576,8589930496,3871682560,0
199,1778195552705,800,3200,800,800,2000,2100,813,809,1759,802,2000,800,1162,800,800,800,9.523809432983398,0,5,0,10,95,90,90,0,0,0,0,0,0,85,10,121227.34478759766,144163.5926513672,0,404332056576,8589930496,3871166464,0
0,1778195552905,800,3200,800,800,2000,2100,813,809,1759,802,2000,800,1162,800,800,800,5.555555820465088,0,0,15.000000953674316,0,15.000000953674316,15.789472579956055,19.047618865966797,0,0,0,0,0,0,10,0,121227.54113769531,144167.29583740234,0,404332056576,8589930496,3871166464,0
