Delta,Time,CPU_FREQUENCY_0,CPU_FREQUENCY_1,CPU_FREQUENCY_10,CPU_FREQUENCY_11,CPU_FREQUENCY_12,CPU_FREQUENCY_13,CPU_FREQUENCY_14,CPU_FREQUENCY_15,CPU_FREQUENCY_2,CPU_FREQUENCY_3,CPU_FREQUENCY_4,CPU_FREQUENCY_5,CPU_FREQUENCY_6,CPU_FREQUENCY_7,CPU_FREQUENCY_8,CPU_FREQUENCY_9,CPU_USAGE_0,CPU_USAGE_1,CPU_USAGE_10,CPU_USAGE_11,CPU_USAGE_12,CPU_USAGE_13,CPU_USAGE_14,CPU_USAGE_15,CPU_USAGE_2,CPU_USAGE_3,CPU_USAGE_4,CPU_USAGE_5,CPU_USAGE_6,CPU_USAGE_7,CPU_USAGE_8,CPU_USAGE_9,DRAM_ENERGY (J),PACKAGE_ENERGY (J),PP0_ENERGY (J),TOTAL_MEMORY,TOTAL_SWAP,USED_MEMORY,USED_SWAP
0,1778195235141,800,800,2099,808,922,1341,800,800,1314,800,800,800,800,2042,800,2000,4.1666669845581055,4,0,12,0,7.692307949066162,0,4.1666669845581055,4,0,0,0,4.1666669845581055,4.1666669845581055,0,0,121072.37469482422,139727.4658203125,0,404332056576,8589930496,3890319360,0
199,1778195235142,800,800,2099,808,922,1341,800,800,1314,800,800,800,800,2042,800,2000,4.1666669845581055,4,0,12,0,7.692307949066162,0,4.1666669845581055,4,0,0,0,4.1666669845581055,4.1666669845581055,0,0,121072.37927246094,139727.4881591797,0,404332056576,8589930496,3890319360,0
199,1778195235342,800,800,2099,808,922,1341,800,800,1314,800,800,800,800,2042,800,2000,85,60.000003814697266,0,0,0,0,65,25,40,9.523809432983398,4.761904716491699,0,0,0,10,0,121074.05578613281,139733.45361328125,0,404332056576,8589930496,3891093504,0
199,1778195235542,800,800,2099,808,922,1341,800,800,1314,800,800,800,800,2042,800,2000,36.842105865478516,85,5,0,0,0,42.85714340209961,0,85,10,5.263157844543457,50,0,0,50,5,121076.93542480469,139741.36322021484,0,404332056576,8589930496,3891093504,0
200,1778195235742,800,800,2099,808,922,1341,800,800,1314,800,800,800,800,2042,800,2000,36.842105865478516,85,5,0,0,0,42.85714340209961,0,85,10,5.263157844543457,50,0,0,50,5,121079.47119140625,139748.6235961914,0,404332056576,8589930496,3891093504,0
199,1778195235942,800,800,2099,808,922,1341,800,800,1314,800,800,800,800,2042,800,2000,7.500000476837158,22.5,60.000003814697266,57.5,10,5,0,9.756096839904785,30.000001907348633,2.5641026496887207,2.5,27.5,20,0,67.5,65,121081.47937011719,139754.2694091797,0,404332056576,8589930496,3891867648,0
0,1778195236142,800,800,2099,808,922,1341,800,800,1314,800,800,800,800,2042,800,2000,15.000000953674316,0,30.000001907348633,30.000001907348633,0,0,0,0,0,0,0,0,0,0,30.000001907348633,31.57894515991211,121082.61114501953,139758.4432373047,0,404332056576,8589930496,3892895744,0
