Delta,Time,CPU_FREQUENCY_0,CPU_FREQUENCY_1,CPU_FREQUENCY_10,CPU_FREQUENCY_11,CPU_FREQUENCY_12,CPU_FREQUENCY_13,CPU_FREQUENCY_14,CPU_FREQUENCY_15,CPU_FREQUENCY_2,CPU_FREQUENCY_3,CPU_FREQUENCY_4,CPU_FREQUENCY_5,CPU_FREQUENCY_6,CPU_FREQUENCY_7,CPU_FREQUENCY_8,CPU_FREQUENCY_9,CPU_USAGE_0,CPU_USAGE_1,CPU_USAGE_10,CPU_USAGE_11,CPU_USAGE_12,CPU_USAGE_13,CPU_USAGE_14,CPU_USAGE_15,CPU_USAGE_2,CPU_USAGE_3,CPU_USAGE_4,CPU_USAGE_5,CPU_USAGE_6,CPU_USAGE_7,CPU_USAGE_8,CPU_USAGE_9,DRAM_ENERGY (J),PACKAGE_ENERGY (J),PP0_ENERGY (J),TOTAL_MEMORY,TOTAL_SWAP,USED_MEMORY,USED_SWAP
0,1778194702608,1001,1901,811,1071,800,800,800,2000,2000,800,1500,800,1450,1457,2000,2100,0,4.1666669845581055,0,0,0,0,8,4.1666669845581055,0,0,4,0,4,0,4.1666669845581055,0,120879.09484863281,132464.69635009766,0,404332056576,8589930496,3785904128,0
199,1778194702608,1001,1901,811,1071,800,800,800,2000,2000,800,1500,800,1450,1457,2000,2100,0,4.1666669845581055,0,0,0,0,8,4.1666669845581055,0,0,4,0,4,0,4.1666669845581055,0,120879.09936523438,132464.69635009766,0,404332056576,8589930496,3785904128,0
199,1778194702808,1001,1901,811,1071,800,800,800,2000,2000,800,1500,800,1450,1457,2000,2100,90,0,5,0,0,0,0,0,36.842105865478516,5,5,60.000003814697266,0,0,21.052631378173828,60.000003814697266,120880.78485107422,132470.75,0,404332056576,8589930496,3796692992,0
199,1778194703008,1001,1901,811,1071,800,800,800,2000,2000,800,1500,800,1450,1457,2000,2100,70,5,0,0,0,0,0,4.761904716491699,90.47618865966797,5.263157844543457,5.263157844543457,90,95,9.523809432983398,15.000000953674316,0,120883.70111083984,132479.17810058594,0,404332056576,8589930496,3797467136,0
199,1778194703208,1001,1901,811,1071,800,800,800,2000,2000,800,1500,800,1450,1457,2000,2100,36.842105865478516,5.263157844543457,0,0,0,0,0,0,20,15.000000953674316,10,90,85,89.47368621826172,38.095237731933594,0,120886.55389404297,132487.3716430664,0,404332056576,8589930496,3798499328,0
199,1778194703409,1001,1901,811,1071,800,800,800,2000,2000,800,1500,800,1450,1457,2000,2100,45,5,15.000000953674316,4.761904716491699,0,0,0,0,0,5,5.263157844543457,85,60.000003814697266,85.71428680419922,63.15789031982422,5,120889.35070800781,132495.43927001953,0,404332056576,8589930496,3800563712,0
0,1778194703609,1001,1901,811,1071,800,800,800,2000,2000,800,1500,800,1450,1457,2000,2100,15.789472579956055,10,5,0,0,0,0,0,0,15.789472579956055,0,20,0,21.052631378173828,10,0,120890.39282226563,132500.02935791016,0,404332056576,8589930496,3800563712,0
