Delta,Time,CPU_FREQUENCY_0,CPU_FREQUENCY_1,CPU_FREQUENCY_10,CPU_FREQUENCY_11,CPU_FREQUENCY_12,CPU_FREQUENCY_13,CPU_FREQUENCY_14,CPU_FREQUENCY_15,CPU_FREQUENCY_2,CPU_FREQUENCY_3,CPU_FREQUENCY_4,CPU_FREQUENCY_5,CPU_FREQUENCY_6,CPU_FREQUENCY_7,CPU_FREQUENCY_8,CPU_FREQUENCY_9,CPU_USAGE_0,CPU_USAGE_1,CPU_USAGE_10,CPU_USAGE_11,CPU_USAGE_12,CPU_USAGE_13,CPU_USAGE_14,CPU_USAGE_15,CPU_USAGE_2,CPU_USAGE_3,CPU_USAGE_4,CPU_USAGE_5,CPU_USAGE_6,CPU_USAGE_7,CPU_USAGE_8,CPU_USAGE_9,DRAM_ENERGY (J),PACKAGE_ENERGY (J),PP0_ENERGY (J),TOTAL_MEMORY,TOTAL_SWAP,USED_MEMORY,USED_SWAP
0,1779725778355,799,800,800,800,1763,969,1000,1000,800,800,800,800,800,2100,1600,800,8,7.692307949066162,0,0,0,4,0,4,4,4.1666669845581055,0,4,4,0,0,0,147827.5736694336,229338.83154296875,0,404332056576,8589930496,3810742272,0
200,1779725778356,799,800,800,800,1763,969,1000,1000,800,800,800,800,800,2100,1600,800,8,7.692307949066162,0,0,0,4,0,4,4,4.1666669845581055,0,4,4,0,0,0,147827.5736694336,229338.83154296875,0,404332056576,8589930496,3810742272,0
199,1779725778556,799,800,800,800,1763,969,1000,1000,800,800,800,800,800,2100,1600,800,60.000003814697266,65,61.904762268066406,60.000003814697266,65,65,61.904762268066406,100,65,65,61.904762268066406,61.904762268066406,61.904762268066406,65,65,65,147829.71295166016,229346.15423583984,0,404332056576,8589930496,3812548608,0
199,1779725778756,799,800,800,800,1763,969,1000,1000,800,800,800,800,800,2100,1600,800,0,0,0,0,0,0,0,100,0,0,0,0,0,0,0,0,147830.27178955078,229351.61657714844,0,404332056576,8589930496,3838869504,0
199,1779725778956,799,800,800,800,1763,969,1000,1000,800,800,800,800,800,2100,1600,800,65,65,65,65,61.904762268066406,61.904762268066406,65,100,65,61.904762268066406,65,65,65,61.904762268066406,65,63.15789031982422,147832.38006591797,229359.7485961914,0,404332056576,8589930496,3859021824,0
199,1779725779156,799,800,800,800,1763,969,1000,1000,800,800,800,800,800,2100,1600,800,0,0,0,0,0,0,0,100,0,0,0,0,0,0,0,0,147832.95306396484,229365.20623779297,0,404332056576,8589930496,3867279360,0
199,1779725779356,799,800,800,800,1763,969,1000,1000,800,800,800,800,800,2100,1600,800,0,0,0,0,0,0,0,100,0,0,0,0,0,0,0,0,147833.6075439453,229370.74920654297,0,404332056576,8589930496,3867279360,0
0,1779725779556,799,800,800,800,1763,969,1000,1000,800,800,800,800,800,2100,1600,800,0,0,0,0,0,0,0,61.904762268066406,0,0,0,0,0,0,0,0,147834.42602539063,229375.52435302734,0,404332056576,8589930496,3858759680,0
