Delta,Time,CPU_FREQUENCY_0,CPU_FREQUENCY_1,CPU_FREQUENCY_10,CPU_FREQUENCY_11,CPU_FREQUENCY_12,CPU_FREQUENCY_13,CPU_FREQUENCY_14,CPU_FREQUENCY_15,CPU_FREQUENCY_2,CPU_FREQUENCY_3,CPU_FREQUENCY_4,CPU_FREQUENCY_5,CPU_FREQUENCY_6,CPU_FREQUENCY_7,CPU_FREQUENCY_8,CPU_FREQUENCY_9,CPU_USAGE_0,CPU_USAGE_1,CPU_USAGE_10,CPU_USAGE_11,CPU_USAGE_12,CPU_USAGE_13,CPU_USAGE_14,CPU_USAGE_15,CPU_USAGE_2,CPU_USAGE_3,CPU_USAGE_4,CPU_USAGE_5,CPU_USAGE_6,CPU_USAGE_7,CPU_USAGE_8,CPU_USAGE_9,DRAM_ENERGY (J),PACKAGE_ENERGY (J),PP0_ENERGY (J),TOTAL_MEMORY,TOTAL_SWAP,USED_MEMORY,USED_SWAP
0,1779725746898,862,1003,1000,2001,891,799,1000,800,800,800,800,800,800,2100,1123,1000,0,12,4,4.1666669845581055,0,0,4,0,0,0,4,0,4,0,4,4.1666669845581055,147817.2611694336,228904.99444580078,0,404332056576,8589930496,3820687360,0
199,1779725746898,862,1003,1000,2001,891,799,1000,800,800,800,800,800,800,2100,1123,1000,0,12,4,4.1666669845581055,0,0,4,0,0,0,4,0,4,0,4,4.1666669845581055,147817.27471923828,228905.01739501953,0,404332056576,8589930496,3820687360,0
199,1779725747098,862,1003,1000,2001,891,799,1000,800,800,800,800,800,800,2100,1123,1000,61.904762268066406,65,100,61.904762268066406,65,65,63.15789031982422,65,65,61.904762268066406,65,65,63.15789031982422,65,65,61.904762268066406,147819.66680908203,228912.33233642578,0,404332056576,8589930496,3821203456,0
199,1779725747298,862,1003,1000,2001,891,799,1000,800,800,800,800,800,800,2100,1123,1000,0,0,100,0,0,0,0,0,0,0,0,0,0,0,0,0,147820.42193603516,228917.8501586914,0,404332056576,8589930496,3855781888,0
199,1779725747498,862,1003,1000,2001,891,799,1000,800,800,800,800,800,800,2100,1123,1000,63.15789031982422,65,100,65,61.904762268066406,61.904762268066406,65,61.904762268066406,65,65,63.15789031982422,61.904762268066406,61.904762268066406,65,65,65,147822.5982055664,228925.90502929688,0,404332056576,8589930496,3868913664,0
199,1779725747699,862,1003,1000,2001,891,799,1000,800,800,800,800,800,800,2100,1123,1000,0,0,100,0,0,0,0,0,0,0,0,0,0,0,0,0,147823.1954345703,228931.4155883789,0,404332056576,8589930496,3877171200,0
199,1779725747899,862,1003,1000,2001,891,799,1000,800,800,800,800,800,800,2100,1123,1000,0,0,100,0,0,0,0,0,0,0,0,0,0,0,0,0,147823.80059814453,228936.92279052734,0,404332056576,8589930496,3877171200,0
0,1779725748099,862,1003,1000,2001,891,799,1000,800,800,800,800,800,800,2100,1123,1000,0,0,57.142860412597656,0,0,0,0,0,0,0,0,0,0,0,0,0,147824.5278930664,228941.51092529297,0,404332056576,8589930496,3852980224,0
