Delta,Time,CPU_FREQUENCY_0,CPU_FREQUENCY_1,CPU_FREQUENCY_10,CPU_FREQUENCY_11,CPU_FREQUENCY_12,CPU_FREQUENCY_13,CPU_FREQUENCY_14,CPU_FREQUENCY_15,CPU_FREQUENCY_2,CPU_FREQUENCY_3,CPU_FREQUENCY_4,CPU_FREQUENCY_5,CPU_FREQUENCY_6,CPU_FREQUENCY_7,CPU_FREQUENCY_8,CPU_FREQUENCY_9,CPU_USAGE_0,CPU_USAGE_1,CPU_USAGE_10,CPU_USAGE_11,CPU_USAGE_12,CPU_USAGE_13,CPU_USAGE_14,CPU_USAGE_15,CPU_USAGE_2,CPU_USAGE_3,CPU_USAGE_4,CPU_USAGE_5,CPU_USAGE_6,CPU_USAGE_7,CPU_USAGE_8,CPU_USAGE_9,DRAM_ENERGY (J),PACKAGE_ENERGY (J),PP0_ENERGY (J),TOTAL_MEMORY,TOTAL_SWAP,USED_MEMORY,USED_SWAP
0,1779725670975,2100,2040,800,1638,999,2100,800,800,800,800,800,800,800,1999,800,800,8,4,0,0,4,4.1666669845581055,4,3.846153974533081,0,4,4,4,4,4,4,4,147600.6148071289,227596.0509033203,0,404332056576,8589930496,3825422336,0
200,1779725670975,2100,2040,800,1638,999,2100,800,800,800,800,800,800,800,1999,800,800,8,4,0,0,4,4.1666669845581055,4,3.846153974533081,0,4,4,4,4,4,4,4,147600.6148071289,227596.0509033203,0,404332056576,8589930496,3825422336,0
199,1779725671176,2100,2040,800,1638,999,2100,800,800,800,800,800,800,800,1999,800,800,65,60.000003814697266,61.904762268066406,65,65,61.904762268066406,61.904762268066406,65,65,65,60.000003814697266,63.15789031982422,65,61.904762268066406,100,63.15789031982422,147602.34478759766,227603.1788330078,0,404332056576,8589930496,3826167808,0
199,1779725671376,2100,2040,800,1638,999,2100,800,800,800,800,800,800,800,1999,800,800,0,0,0,0,0,0,0,0,0,0,0,0,0,0,100,0,147603.03326416016,227608.68878173828,0,404332056576,8589930496,3861262336,0
199,1779725671576,2100,2040,800,1638,999,2100,800,800,800,800,800,800,800,1999,800,800,63.15789031982422,65,65,63.15789031982422,61.904762268066406,65,65,65,63.15789031982422,65,65,61.904762268066406,63.15789031982422,65,100,61.904762268066406,147605.19305419922,227616.72747802734,0,404332056576,8589930496,3871555584,0
199,1779725671776,2100,2040,800,1638,999,2100,800,800,800,800,800,800,800,1999,800,800,9.090909004211426,0,0,0,0,0,0,0,0,0,0,0,0,0,100,0,147605.83862304688,227622.23614501953,0,404332056576,8589930496,3879813120,0
199,1779725671976,2100,2040,800,1638,999,2100,800,800,800,800,800,800,800,1999,800,800,0,0,0,0,0,0,0,0,0,0,0,0,0,0,100,0,147606.4102783203,227627.75018310547,0,404332056576,8589930496,3881488384,0
0,1779725672176,2100,2040,800,1638,999,2100,800,800,800,800,800,800,800,1999,800,800,0,0,0,0,0,0,0,0,0,0,0,0,0,0,65,0,147607.17498779297,227632.64813232422,0,404332056576,8589930496,3858706432,0
