Delta,Time,CPU_FREQUENCY_0,CPU_FREQUENCY_1,CPU_FREQUENCY_10,CPU_FREQUENCY_11,CPU_FREQUENCY_12,CPU_FREQUENCY_13,CPU_FREQUENCY_14,CPU_FREQUENCY_15,CPU_FREQUENCY_2,CPU_FREQUENCY_3,CPU_FREQUENCY_4,CPU_FREQUENCY_5,CPU_FREQUENCY_6,CPU_FREQUENCY_7,CPU_FREQUENCY_8,CPU_FREQUENCY_9,CPU_USAGE_0,CPU_USAGE_1,CPU_USAGE_10,CPU_USAGE_11,CPU_USAGE_12,CPU_USAGE_13,CPU_USAGE_14,CPU_USAGE_15,CPU_USAGE_2,CPU_USAGE_3,CPU_USAGE_4,CPU_USAGE_5,CPU_USAGE_6,CPU_USAGE_7,CPU_USAGE_8,CPU_USAGE_9,DRAM_ENERGY (J),PACKAGE_ENERGY (J),PP0_ENERGY (J),TOTAL_MEMORY,TOTAL_SWAP,USED_MEMORY,USED_SWAP
0,1779725456220,800,2100,800,801,1378,807,861,2000,800,800,889,2000,2000,1600,800,1100,4,4,0,4,4,4,0,4,0,4,8,4,7.692307949066162,0,4.1666669845581055,4,147325.5064086914,224211.66870117188,0,404332056576,8589930496,3854770176,0
200,1779725456220,800,2100,800,801,1378,807,861,2000,800,800,889,2000,2000,1600,800,1100,4,4,0,4,4,4,0,4,0,4,8,4,7.692307949066162,0,4.1666669845581055,4,147325.5064086914,224211.66870117188,0,404332056576,8589930496,3854770176,0
199,1779725456421,800,2100,800,801,1378,807,861,2000,800,800,889,2000,2000,1600,800,1100,65,65,100,63.15789031982422,65,65,65,65,65,61.904762268066406,65,63.15789031982422,63.15789031982422,65,61.904762268066406,65,147327.2982788086,224218.82940673828,0,404332056576,8589930496,3863285760,0
199,1779725456621,800,2100,800,801,1378,807,861,2000,800,800,889,2000,2000,1600,800,1100,0,0,100,0,0,0,0,0,0,0,0,0,0,0,0,0,147328.06756591797,224224.35290527344,0,404332056576,8589930496,3889864704,0
199,1779725456821,800,2100,800,801,1378,807,861,2000,800,800,889,2000,2000,1600,800,1100,65,61.904762268066406,100,65,61.904762268066406,65,65,60.000003814697266,65,65,65,65,61.904762268066406,65,65,65,147330.1572265625,224232.3295288086,0,404332056576,8589930496,3900932096,0
199,1779725457021,800,2100,800,801,1378,807,861,2000,800,800,889,2000,2000,1600,800,1100,0,0,100,0,0,0,0,0,0,0,0,0,0,0,0,0,147330.71173095703,224237.8563232422,0,404332056576,8589930496,3909189632,0
199,1779725457221,800,2100,800,801,1378,807,861,2000,800,800,889,2000,2000,1600,800,1100,0,0,100,0,0,0,0,0,0,0,0,0,0,0,0,0,147331.2055053711,224243.36181640625,0,404332056576,8589930496,3909189632,0
0,1779725457421,800,2100,800,801,1378,807,861,2000,800,800,889,2000,2000,1600,800,1100,0,0,60.000003814697266,0,0,0,0,0,0,0,0,0,0,0,0,0,147331.9083251953,224248.05303955078,0,404332056576,8589930496,3909185536,0
