Delta,Time,CPU_FREQUENCY_0,CPU_FREQUENCY_1,CPU_FREQUENCY_10,CPU_FREQUENCY_11,CPU_FREQUENCY_12,CPU_FREQUENCY_13,CPU_FREQUENCY_14,CPU_FREQUENCY_15,CPU_FREQUENCY_2,CPU_FREQUENCY_3,CPU_FREQUENCY_4,CPU_FREQUENCY_5,CPU_FREQUENCY_6,CPU_FREQUENCY_7,CPU_FREQUENCY_8,CPU_FREQUENCY_9,CPU_USAGE_0,CPU_USAGE_1,CPU_USAGE_10,CPU_USAGE_11,CPU_USAGE_12,CPU_USAGE_13,CPU_USAGE_14,CPU_USAGE_15,CPU_USAGE_2,CPU_USAGE_3,CPU_USAGE_4,CPU_USAGE_5,CPU_USAGE_6,CPU_USAGE_7,CPU_USAGE_8,CPU_USAGE_9,DRAM_ENERGY (J),PACKAGE_ENERGY (J),PP0_ENERGY (J),TOTAL_MEMORY,TOTAL_SWAP,USED_MEMORY,USED_SWAP
0,1779724835739,800,2099,1000,1000,800,2100,800,2100,866,1209,809,800,800,800,847,800,4,4,0,0,4,4,0,0,4,0,4.34782600402832,7.692307949066162,0,4,4,0,146654.546875,214008.09619140625,0,404332056576,8589930496,3861991424,0
199,1779724835739,800,2099,1000,1000,800,2100,800,2100,866,1209,809,800,800,800,847,800,4,4,0,0,4,4,0,0,4,0,4.34782600402832,7.692307949066162,0,4,4,0,146654.546875,214008.09619140625,0,404332056576,8589930496,3861991424,0
199,1779724835939,800,2099,1000,1000,800,2100,800,2100,866,1209,809,800,800,800,847,800,65,65,65,65,61.904762268066406,65,65,65,61.904762268066406,61.904762268066406,65,63.15789031982422,61.904762268066406,61.904762268066406,65,100,146656.8204345703,214015.4478149414,0,404332056576,8589930496,3868008448,0
199,1779724836139,800,2099,1000,1000,800,2100,800,2100,866,1209,809,800,800,800,847,800,0,0,0,0,0,0,0,0,0,0,0,0,0,0,0,100,146657.35247802734,214020.95111083984,0,404332056576,8589930496,3896135680,0
199,1779724836339,800,2099,1000,1000,800,2100,800,2100,866,1209,809,800,800,800,847,800,65,65,65,65,65,61.904762268066406,61.904762268066406,61.904762268066406,63.15789031982422,65,61.904762268066406,65,63.15789031982422,65,61.904762268066406,100,146659.42358398438,214029.01177978516,0,404332056576,8589930496,3914428416,0
199,1779724836540,800,2099,1000,1000,800,2100,800,2100,866,1209,809,800,800,800,847,800,0,0,0,0,0,0,0,0,0,0,0,0,0,0,0,100,146659.9585571289,214034.5316772461,0,404332056576,8589930496,3922685952,0
199,1779724836740,800,2099,1000,1000,800,2100,800,2100,866,1209,809,800,800,800,847,800,0,0,0,0,0,0,0,0,0,0,0,0,0,0,0,100,146660.4951171875,214040.05322265625,0,404332056576,8589930496,3922685952,0
0,1779724836940,800,2099,1000,1000,800,2100,800,2100,866,1209,809,800,800,800,847,800,0,0,0,0,0,0,0,0,0,0,0,0,0,0,0,55,146661.2550048828,214044.7547607422,0,404332056576,8589930496,3913891840,0
