Delta,Time,CPU_FREQUENCY_0,CPU_FREQUENCY_1,CPU_FREQUENCY_10,CPU_FREQUENCY_11,CPU_FREQUENCY_12,CPU_FREQUENCY_13,CPU_FREQUENCY_14,CPU_FREQUENCY_15,CPU_FREQUENCY_2,CPU_FREQUENCY_3,CPU_FREQUENCY_4,CPU_FREQUENCY_5,CPU_FREQUENCY_6,CPU_FREQUENCY_7,CPU_FREQUENCY_8,CPU_FREQUENCY_9,CPU_USAGE_0,CPU_USAGE_1,CPU_USAGE_10,CPU_USAGE_11,CPU_USAGE_12,CPU_USAGE_13,CPU_USAGE_14,CPU_USAGE_15,CPU_USAGE_2,CPU_USAGE_3,CPU_USAGE_4,CPU_USAGE_5,CPU_USAGE_6,CPU_USAGE_7,CPU_USAGE_8,CPU_USAGE_9,DRAM_ENERGY (J),PACKAGE_ENERGY (J),PP0_ENERGY (J),TOTAL_MEMORY,TOTAL_SWAP,USED_MEMORY,USED_SWAP
0,1779724804283,800,2099,800,800,1942,1659,800,800,1532,999,800,800,2000,800,1700,800,0,4.34782600402832,0,0,0,4,0,0,0,0,8,4,4,0,0,4,146645.53491210938,213573.75201416016,0,404332056576,8589930496,3863515136,0
200,1779724804283,800,2099,800,800,1942,1659,800,800,1532,999,800,800,2000,800,1700,800,0,4.34782600402832,0,0,0,4,0,0,0,0,8,4,4,0,0,4,146645.53857421875,213573.75201416016,0,404332056576,8589930496,3863515136,0
200,1779724804483,800,2099,800,800,1942,1659,800,800,1532,999,800,800,2000,800,1700,800,61.904762268066406,66.66667175292969,61.904762268066406,61.904762268066406,65,63.15789031982422,100,65,61.904762268066406,65,65,65,65,61.904762268066406,65,61.904762268066406,146647.34991455078,213580.91339111328,0,404332056576,8589930496,3864031232,0
199,1779724804684,800,2099,800,800,1942,1659,800,800,1532,999,800,800,2000,800,1700,800,0,0,0,0,0,0,100,0,0,0,0,0,0,0,0,0,146647.9253540039,213586.45428466797,0,404332056576,8589930496,3898482688,0
199,1779724804884,800,2099,800,800,1942,1659,800,800,1532,999,800,800,2000,800,1700,800,65,65,65,65,61.904762268066406,61.904762268066406,100,65,65,65,65,63.15789031982422,65,65,65,65,146650.0684814453,213594.5919189453,0,404332056576,8589930496,3917549568,0
199,1779724805084,800,2099,800,800,1942,1659,800,800,1532,999,800,800,2000,800,1700,800,0,0,0,0,0,0,100,0,0,0,0,0,0,0,0,0,146650.60778808594,213600.1339111328,0,404332056576,8589930496,3917549568,0
199,1779724805284,800,2099,800,800,1942,1659,800,800,1532,999,800,800,2000,800,1700,800,0,0,0,0,0,0,100,0,0,0,0,0,0,0,0,0,146651.14782714844,213605.6629638672,0,404332056576,8589930496,3917549568,0
0,1779724805484,800,2099,800,800,1942,1659,800,800,1532,999,800,800,2000,800,1700,800,0,0,4.761904716491699,0,0,0,55,0,0,0,0,0,0,0,0,0,146651.9536743164,213610.41326904297,0,404332056576,8589930496,3917549568,0
