Delta,Time,CPU_FREQUENCY_0,CPU_FREQUENCY_1,CPU_FREQUENCY_10,CPU_FREQUENCY_11,CPU_FREQUENCY_12,CPU_FREQUENCY_13,CPU_FREQUENCY_14,CPU_FREQUENCY_15,CPU_FREQUENCY_2,CPU_FREQUENCY_3,CPU_FREQUENCY_4,CPU_FREQUENCY_5,CPU_FREQUENCY_6,CPU_FREQUENCY_7,CPU_FREQUENCY_8,CPU_FREQUENCY_9,CPU_USAGE_0,CPU_USAGE_1,CPU_USAGE_10,CPU_USAGE_11,CPU_USAGE_12,CPU_USAGE_13,CPU_USAGE_14,CPU_USAGE_15,CPU_USAGE_2,CPU_USAGE_3,CPU_USAGE_4,CPU_USAGE_5,CPU_USAGE_6,CPU_USAGE_7,CPU_USAGE_8,CPU_USAGE_9,DRAM_ENERGY (J),PACKAGE_ENERGY (J),PP0_ENERGY (J),TOTAL_MEMORY,TOTAL_SWAP,USED_MEMORY,USED_SWAP
0,1780578414206,2100,2074,848,800,800,1053,800,1000,815,991,800,800,1000,2100,800,1193,3.7037036418914795,3.5714287757873535,0,0,0,0,3.5714287757873535,11.111111640930176,0,0,7.142857551574707,0,0,10.714285850524902,0,0,217814.9458618164,179158.60870361328,0,404331982848,8589930496,4148568064,0
199,1780578414207,2100,2074,848,800,800,1053,800,1000,815,991,800,800,1000,2100,800,1193,3.7037036418914795,3.5714287757873535,0,0,0,0,3.5714287757873535,11.111111640930176,0,0,7.142857551574707,0,0,10.714285850524902,0,0,217814.9487915039,179158.6300048828,0,404331982848,8589930496,4149727232,0
0,1780578414407,2100,2074,848,800,800,1053,800,1000,815,991,800,800,1000,2100,800,1193,0,0,0,15.789472579956055,0,0,0,0,0,0,0,0,0,0,0,0,217815.04071044922,179161.57299804688,0,404331982848,8589930496,4149727232,0
