Delta,Time,CPU_FREQUENCY_0,CPU_FREQUENCY_1,CPU_FREQUENCY_10,CPU_FREQUENCY_11,CPU_FREQUENCY_12,CPU_FREQUENCY_13,CPU_FREQUENCY_14,CPU_FREQUENCY_15,CPU_FREQUENCY_2,CPU_FREQUENCY_3,CPU_FREQUENCY_4,CPU_FREQUENCY_5,CPU_FREQUENCY_6,CPU_FREQUENCY_7,CPU_FREQUENCY_8,CPU_FREQUENCY_9,CPU_USAGE_0,CPU_USAGE_1,CPU_USAGE_10,CPU_USAGE_11,CPU_USAGE_12,CPU_USAGE_13,CPU_USAGE_14,CPU_USAGE_15,CPU_USAGE_2,CPU_USAGE_3,CPU_USAGE_4,CPU_USAGE_5,CPU_USAGE_6,CPU_USAGE_7,CPU_USAGE_8,CPU_USAGE_9,DRAM_ENERGY (J),PACKAGE_ENERGY (J),PP0_ENERGY (J),TOTAL_MEMORY,TOTAL_SWAP,USED_MEMORY,USED_SWAP
0,1780578505665,1999,837,1720,871,800,800,1000,1500,800,800,800,2000,3200,2100,1000,2100,7.407407283782959,0,7.142857551574707,3.7037036418914795,0,3.7037036418914795,0,7.142857551574707,0,3.7037036418914795,7.407407283782959,7.407407283782959,0,0,3.7037036418914795,7.407407283782959,217817.77642822266,180359.69171142578,0,404331982848,8589930496,4093763584,0
200,1780578505665,1999,837,1720,871,800,800,1000,1500,800,800,800,2000,3200,2100,1000,2100,7.407407283782959,0,7.142857551574707,3.7037036418914795,0,3.7037036418914795,0,7.142857551574707,0,3.7037036418914795,7.407407283782959,7.407407283782959,0,0,3.7037036418914795,7.407407283782959,217817.77990722656,180359.7120361328,0,404331982848,8589930496,4093763584,0
0,1780578505865,1999,837,1720,871,800,800,1000,1500,800,800,800,2000,3200,2100,1000,2100,0,0,0,0,0,0,0,0,0,0,0,0,0,0,20,0,217817.869140625,180362.67028808594,0,404331982848,8589930496,4097863680,0
