Delta,Time,CPU_FREQUENCY_0,CPU_FREQUENCY_1,CPU_FREQUENCY_10,CPU_FREQUENCY_11,CPU_FREQUENCY_12,CPU_FREQUENCY_13,CPU_FREQUENCY_14,CPU_FREQUENCY_15,CPU_FREQUENCY_2,CPU_FREQUENCY_3,CPU_FREQUENCY_4,CPU_FREQUENCY_5,CPU_FREQUENCY_6,CPU_FREQUENCY_7,CPU_FREQUENCY_8,CPU_FREQUENCY_9,CPU_USAGE_0,CPU_USAGE_1,CPU_USAGE_10,CPU_USAGE_11,CPU_USAGE_12,CPU_USAGE_13,CPU_USAGE_14,CPU_USAGE_15,CPU_USAGE_2,CPU_USAGE_3,CPU_USAGE_4,CPU_USAGE_5,CPU_USAGE_6,CPU_USAGE_7,CPU_USAGE_8,CPU_USAGE_9,DRAM_ENERGY (J),PACKAGE_ENERGY (J),PP0_ENERGY (J),TOTAL_MEMORY,TOTAL_SWAP,USED_MEMORY,USED_SWAP
0,1780578780045,952,811,800,2000,1500,1966,926,800,907,800,800,800,3200,2099,837,810,4,3.846153974533081,3.846153974533081,0,3.846153974533081,3.846153974533081,4,3.846153974533081,4,4,11.538461685180664,7.407407283782959,0,4.34782600402832,4,0,217829.63696289063,183973.92016601563,0,404331982848,8589930496,4070649856,0
199,1780578780045,952,811,800,2000,1500,1966,926,800,907,800,800,800,3200,2099,837,810,4,3.846153974533081,3.846153974533081,0,3.846153974533081,3.846153974533081,4,3.846153974533081,4,4,11.538461685180664,7.407407283782959,0,4.34782600402832,4,0,217829.65142822266,183973.94409179688,0,404331982848,8589930496,4070649856,0
0,1780578780245,952,811,800,2000,1500,1966,926,800,907,800,800,800,3200,2099,837,810,0,0,0,0,0,0,0,0,0,0,0,0,0,4.761904716491699,0,19.047618865966797,217829.99658203125,183976.9903564453,0,404331982848,8589930496,4072542208,0
