Delta,Time,CPU_FREQUENCY_0,CPU_FREQUENCY_1,CPU_FREQUENCY_10,CPU_FREQUENCY_11,CPU_FREQUENCY_12,CPU_FREQUENCY_13,CPU_FREQUENCY_14,CPU_FREQUENCY_15,CPU_FREQUENCY_2,CPU_FREQUENCY_3,CPU_FREQUENCY_4,CPU_FREQUENCY_5,CPU_FREQUENCY_6,CPU_FREQUENCY_7,CPU_FREQUENCY_8,CPU_FREQUENCY_9,CPU_USAGE_0,CPU_USAGE_1,CPU_USAGE_10,CPU_USAGE_11,CPU_USAGE_12,CPU_USAGE_13,CPU_USAGE_14,CPU_USAGE_15,CPU_USAGE_2,CPU_USAGE_3,CPU_USAGE_4,CPU_USAGE_5,CPU_USAGE_6,CPU_USAGE_7,CPU_USAGE_8,CPU_USAGE_9,DRAM_ENERGY (J),PACKAGE_ENERGY (J),PP0_ENERGY (J),TOTAL_MEMORY,TOTAL_SWAP,USED_MEMORY,USED_SWAP
0,1780578353228,1059,1708,811,800,2000,2000,800,1000,799,800,800,800,2000,2099,800,924,0,3.7037036418914795,3.5714287757873535,7.142857551574707,3.5714287757873535,3.5714287757873535,3.5714287757873535,6.896551609039307,3.5714287757873535,7.142857551574707,7.407407283782959,3.5714287757873535,3.5714287757873535,14.285715103149414,0,0,217813.35186767578,178358.48565673828,0,404331982848,8589930496,4160724992,0
200,1780578353228,1059,1708,811,800,2000,2000,800,1000,799,800,800,800,2000,2099,800,924,0,3.7037036418914795,3.5714287757873535,7.142857551574707,3.5714287757873535,3.5714287757873535,3.5714287757873535,6.896551609039307,3.5714287757873535,7.142857551574707,7.407407283782959,3.5714287757873535,3.5714287757873535,14.285715103149414,0,0,217813.35552978516,178358.50677490234,0,404331982848,8589930496,4160724992,0
0,1780578353428,1059,1708,811,800,2000,2000,800,1000,799,800,800,800,2000,2099,800,924,0,0,0,0,0,15.789472579956055,0,0,0,0,0,0,0,0,0,0,217813.43701171875,178361.46411132813,0,404331982848,8589930496,4160724992,0
