Delta,Time,CPU_FREQUENCY_0,CPU_FREQUENCY_1,CPU_FREQUENCY_10,CPU_FREQUENCY_11,CPU_FREQUENCY_12,CPU_FREQUENCY_13,CPU_FREQUENCY_14,CPU_FREQUENCY_15,CPU_FREQUENCY_2,CPU_FREQUENCY_3,CPU_FREQUENCY_4,CPU_FREQUENCY_5,CPU_FREQUENCY_6,CPU_FREQUENCY_7,CPU_FREQUENCY_8,CPU_FREQUENCY_9,CPU_USAGE_0,CPU_USAGE_1,CPU_USAGE_10,CPU_USAGE_11,CPU_USAGE_12,CPU_USAGE_13,CPU_USAGE_14,CPU_USAGE_15,CPU_USAGE_2,CPU_USAGE_3,CPU_USAGE_4,CPU_USAGE_5,CPU_USAGE_6,CPU_USAGE_7,CPU_USAGE_8,CPU_USAGE_9,DRAM_ENERGY (J),PACKAGE_ENERGY (J),PP0_ENERGY (J),TOTAL_MEMORY,TOTAL_SWAP,USED_MEMORY,USED_SWAP
0,1780578688586,800,2099,1000,2000,1000,800,800,800,807,2000,1101,2000,2000,2100,800,800,0,10.714285850524902,3.5714287757873535,3.7037036418914795,3.5714287757873535,0,3.5714287757873535,3.5714287757873535,3.5714287757873535,3.5714287757873535,3.7037036418914795,3.7037036418914795,3.7037036418914795,0,3.7037036418914795,10.344827651977539,217825.2470703125,182768.7840576172,0,404331982848,8589930496,4068794368,0
199,1780578688586,800,2099,1000,2000,1000,800,800,800,807,2000,1101,2000,2000,2100,800,800,0,10.714285850524902,3.5714287757873535,3.7037036418914795,3.5714287757873535,0,3.5714287757873535,3.5714287757873535,3.5714287757873535,3.5714287757873535,3.7037036418914795,3.7037036418914795,3.7037036418914795,0,3.7037036418914795,10.344827651977539,217825.24981689453,182768.80560302734,0,404331982848,8589930496,4068794368,0
0,1780578688786,800,2099,1000,2000,1000,800,800,800,807,2000,1101,2000,2000,2100,800,800,0,0,0,0,0,0,0,20,0,0,0,0,0,4.761904716491699,0,0,217825.34100341797,182771.744140625,0,404331982848,8589930496,4068794368,0
