Delta,Time,CPU_FREQUENCY_0,CPU_FREQUENCY_1,CPU_FREQUENCY_10,CPU_FREQUENCY_11,CPU_FREQUENCY_12,CPU_FREQUENCY_13,CPU_FREQUENCY_14,CPU_FREQUENCY_15,CPU_FREQUENCY_2,CPU_FREQUENCY_3,CPU_FREQUENCY_4,CPU_FREQUENCY_5,CPU_FREQUENCY_6,CPU_FREQUENCY_7,CPU_FREQUENCY_8,CPU_FREQUENCY_9,CPU_USAGE_0,CPU_USAGE_1,CPU_USAGE_10,CPU_USAGE_11,CPU_USAGE_12,CPU_USAGE_13,CPU_USAGE_14,CPU_USAGE_15,CPU_USAGE_2,CPU_USAGE_3,CPU_USAGE_4,CPU_USAGE_5,CPU_USAGE_6,CPU_USAGE_7,CPU_USAGE_8,CPU_USAGE_9,DRAM_ENERGY (J),PACKAGE_ENERGY (J),PP0_ENERGY (J),TOTAL_MEMORY,TOTAL_SWAP,USED_MEMORY,USED_SWAP
0,1780578200797,897,1175,800,800,800,1544,1000,800,1266,800,800,800,1100,2100,2100,1405,3.5714287757873535,0,0,0,3.5714287757873535,0,7.142857551574707,3.4482758045196533,7.142857551574707,7.142857551574707,7.142857551574707,3.5714287757873535,0,3.5714287757873535,3.5714287757873535,0,217807.84301757813,176351.1602783203,0,404331982848,8589930496,4172537856,0
200,1780578200798,897,1175,800,800,800,1544,1000,800,1266,800,800,800,1100,2100,2100,1405,3.5714287757873535,0,0,0,3.5714287757873535,0,7.142857551574707,3.4482758045196533,7.142857551574707,7.142857551574707,7.142857551574707,3.5714287757873535,0,3.5714287757873535,3.5714287757873535,0,217807.85418701172,176351.18157958984,0,404331982848,8589930496,4172537856,0
0,1780578200998,897,1175,800,800,800,1544,1000,800,1266,800,800,800,1100,2100,2100,1405,0,0,0,0,0,0,0,0,0,0,0,0,0,0,0,20,217808.21807861328,176354.1942138672,0,404331982848,8589930496,4176408576,0
