Delta,Time,CPU_FREQUENCY_0,CPU_FREQUENCY_1,CPU_FREQUENCY_10,CPU_FREQUENCY_11,CPU_FREQUENCY_12,CPU_FREQUENCY_13,CPU_FREQUENCY_14,CPU_FREQUENCY_15,CPU_FREQUENCY_2,CPU_FREQUENCY_3,CPU_FREQUENCY_4,CPU_FREQUENCY_5,CPU_FREQUENCY_6,CPU_FREQUENCY_7,CPU_FREQUENCY_8,CPU_FREQUENCY_9,CPU_USAGE_0,CPU_USAGE_1,CPU_USAGE_10,CPU_USAGE_11,CPU_USAGE_12,CPU_USAGE_13,CPU_USAGE_14,CPU_USAGE_15,CPU_USAGE_2,CPU_USAGE_3,CPU_USAGE_4,CPU_USAGE_5,CPU_USAGE_6,CPU_USAGE_7,CPU_USAGE_8,CPU_USAGE_9,DRAM_ENERGY (J),PACKAGE_ENERGY (J),PP0_ENERGY (J),TOTAL_MEMORY,TOTAL_SWAP,USED_MEMORY,USED_SWAP
0,1780579054456,2000,1513,1990,2100,1227,800,800,800,2099,1737,1054,800,1825,800,800,1042,3.7037036418914795,7.407407283782959,0,0,3.7037036418914795,0,3.5714287757873535,3.846153974533081,0,3.5714287757873535,3.5714287757873535,3.7037036418914795,3.5714287757873535,3.5714287757873535,6.896551609039307,7.142857551574707,217847.74279785156,187594.39135742188,0,404331982848,8589930496,4073152512,0
199,1780579054456,2000,1513,1990,2100,1227,800,800,800,2099,1737,1054,800,1825,800,800,1042,3.7037036418914795,7.407407283782959,0,0,3.7037036418914795,0,3.5714287757873535,3.846153974533081,0,3.5714287757873535,3.5714287757873535,3.7037036418914795,3.5714287757873535,3.5714287757873535,6.896551609039307,7.142857551574707,217847.7578125,187594.4132080078,0,404331982848,8589930496,4073152512,0
0,1780579054657,2000,1513,1990,2100,1227,800,800,800,2099,1737,1054,800,1825,800,800,1042,0,4.761904716491699,19.047618865966797,0,0,0,0,0,0,0,0,0,0,0,0,0,217848.1016845703,187597.39227294922,0,404331982848,8589930496,4073152512,0
