Delta,Time,CPU_FREQUENCY_0,CPU_FREQUENCY_1,CPU_FREQUENCY_10,CPU_FREQUENCY_11,CPU_FREQUENCY_12,CPU_FREQUENCY_13,CPU_FREQUENCY_14,CPU_FREQUENCY_15,CPU_FREQUENCY_2,CPU_FREQUENCY_3,CPU_FREQUENCY_4,CPU_FREQUENCY_5,CPU_FREQUENCY_6,CPU_FREQUENCY_7,CPU_FREQUENCY_8,CPU_FREQUENCY_9,CPU_USAGE_0,CPU_USAGE_1,CPU_USAGE_10,CPU_USAGE_11,CPU_USAGE_12,CPU_USAGE_13,CPU_USAGE_14,CPU_USAGE_15,CPU_USAGE_2,CPU_USAGE_3,CPU_USAGE_4,CPU_USAGE_5,CPU_USAGE_6,CPU_USAGE_7,CPU_USAGE_8,CPU_USAGE_9,DRAM_ENERGY (J),PACKAGE_ENERGY (J),PP0_ENERGY (J),TOTAL_MEMORY,TOTAL_SWAP,USED_MEMORY,USED_SWAP
0,1780578993462,2100,2000,800,800,800,1736,1000,800,1999,1047,800,800,1150,2000,800,2100,7.407407283782959,7.692307949066162,3.7037036418914795,0,0,3.7037036418914795,3.7037036418914795,3.7037036418914795,3.7037036418914795,3.846153974533081,0,3.7037036418914795,3.7037036418914795,3.5714287757873535,0,0,217846.36834716797,186793.02111816406,0,404331982848,8589930496,4092428288,0
199,1780578993462,2100,2000,800,800,800,1736,1000,800,1999,1047,800,800,1150,2000,800,2100,7.407407283782959,7.692307949066162,3.7037036418914795,0,0,3.7037036418914795,3.7037036418914795,3.7037036418914795,3.7037036418914795,3.846153974533081,0,3.7037036418914795,3.7037036418914795,3.5714287757873535,0,0,217846.36834716797,186793.02111816406,0,404331982848,8589930496,4092428288,0
0,1780578993662,2100,2000,800,800,800,1736,1000,800,1999,1047,800,800,1150,2000,800,2100,0,0,0,0,0,19.047618865966797,0,0,0,0,0,0,0,0,0,0,217846.45764160156,186795.92938232422,0,404331982848,8589930496,4096552960,0
