Delta,Time,CPU_FREQUENCY_0,CPU_FREQUENCY_1,CPU_FREQUENCY_10,CPU_FREQUENCY_11,CPU_FREQUENCY_12,CPU_FREQUENCY_13,CPU_FREQUENCY_14,CPU_FREQUENCY_15,CPU_FREQUENCY_2,CPU_FREQUENCY_3,CPU_FREQUENCY_4,CPU_FREQUENCY_5,CPU_FREQUENCY_6,CPU_FREQUENCY_7,CPU_FREQUENCY_8,CPU_FREQUENCY_9,CPU_USAGE_0,CPU_USAGE_1,CPU_USAGE_10,CPU_USAGE_11,CPU_USAGE_12,CPU_USAGE_13,CPU_USAGE_14,CPU_USAGE_15,CPU_USAGE_2,CPU_USAGE_3,CPU_USAGE_4,CPU_USAGE_5,CPU_USAGE_6,CPU_USAGE_7,CPU_USAGE_8,CPU_USAGE_9,DRAM_ENERGY (J),PACKAGE_ENERGY (J),PP0_ENERGY (J),TOTAL_MEMORY,TOTAL_SWAP,USED_MEMORY,USED_SWAP
0,1780578627604,876,2099,800,800,1315,2000,800,1494,1860,1886,800,800,2100,800,1310,1529,0,3.7037036418914795,0,0,0,0,0,0,3.7037036418914795,3.5714287757873535,10.714285850524902,3.7037036418914795,3.7037036418914795,3.5714287757873535,3.5714287757873535,0,217823.03228759766,181964.90490722656,0,404331982848,8589930496,4093263872,0
200,1780578627604,876,2099,800,800,1315,2000,800,1494,1860,1886,800,800,2100,800,1310,1529,0,3.7037036418914795,0,0,0,0,0,0,3.7037036418914795,3.5714287757873535,10.714285850524902,3.7037036418914795,3.7037036418914795,3.5714287757873535,3.5714287757873535,0,217823.03228759766,181964.90490722656,0,404331982848,8589930496,4093263872,0
0,1780578627804,876,2099,800,800,1315,2000,800,1494,1860,1886,800,800,2100,800,1310,1529,0,0,0,0,0,0,19.047618865966797,0,0,0,0,0,0,0,0,0,217823.11688232422,181967.85455322266,0,404331982848,8589930496,4095586304,0
