Delta,Time,CPU_FREQUENCY_0,CPU_FREQUENCY_1,CPU_FREQUENCY_10,CPU_FREQUENCY_11,CPU_FREQUENCY_12,CPU_FREQUENCY_13,CPU_FREQUENCY_14,CPU_FREQUENCY_15,CPU_FREQUENCY_2,CPU_FREQUENCY_3,CPU_FREQUENCY_4,CPU_FREQUENCY_5,CPU_FREQUENCY_6,CPU_FREQUENCY_7,CPU_FREQUENCY_8,CPU_FREQUENCY_9,CPU_USAGE_0,CPU_USAGE_1,CPU_USAGE_10,CPU_USAGE_11,CPU_USAGE_12,CPU_USAGE_13,CPU_USAGE_14,CPU_USAGE_15,CPU_USAGE_2,CPU_USAGE_3,CPU_USAGE_4,CPU_USAGE_5,CPU_USAGE_6,CPU_USAGE_7,CPU_USAGE_8,CPU_USAGE_9,DRAM_ENERGY (J),PACKAGE_ENERGY (J),PP0_ENERGY (J),TOTAL_MEMORY,TOTAL_SWAP,USED_MEMORY,USED_SWAP
0,1780579023966,2000,1221,800,800,800,800,2000,1000,805,811,800,800,2000,2099,800,1635,3.5714287757873535,10.344827651977539,0,6.6666669845581055,0,3.4482758045196533,3.4482758045196533,10.344827651977539,3.4482758045196533,3.4482758045196533,3.3333334922790527,6.6666669845581055,3.4482758045196533,6.6666669845581055,6.896551609039307,3.5714287757873535,217846.96868896484,187194.07080078125,0,404331982848,8589930496,4077191168,0
200,1780579023966,2000,1221,800,800,800,800,2000,1000,805,811,800,800,2000,2099,800,1635,3.5714287757873535,10.344827651977539,0,6.6666669845581055,0,3.4482758045196533,3.4482758045196533,10.344827651977539,3.4482758045196533,3.4482758045196533,3.3333334922790527,6.6666669845581055,3.4482758045196533,6.6666669845581055,6.896551609039307,3.5714287757873535,217846.96868896484,187194.07080078125,0,404331982848,8589930496,4077191168,0
0,1780579024166,2000,1221,800,800,800,800,2000,1000,805,811,800,800,2000,2099,800,1635,0,0,0,0,0,20,0,0,0,0,0,0,0,0,0,0,217847.0609741211,187197.02935791016,0,404331982848,8589930496,4077191168,0
