Delta,Time,CPU_FREQUENCY_0,CPU_FREQUENCY_1,CPU_FREQUENCY_10,CPU_FREQUENCY_11,CPU_FREQUENCY_12,CPU_FREQUENCY_13,CPU_FREQUENCY_14,CPU_FREQUENCY_15,CPU_FREQUENCY_2,CPU_FREQUENCY_3,CPU_FREQUENCY_4,CPU_FREQUENCY_5,CPU_FREQUENCY_6,CPU_FREQUENCY_7,CPU_FREQUENCY_8,CPU_FREQUENCY_9,CPU_USAGE_0,CPU_USAGE_1,CPU_USAGE_10,CPU_USAGE_11,CPU_USAGE_12,CPU_USAGE_13,CPU_USAGE_14,CPU_USAGE_15,CPU_USAGE_2,CPU_USAGE_3,CPU_USAGE_4,CPU_USAGE_5,CPU_USAGE_6,CPU_USAGE_7,CPU_USAGE_8,CPU_USAGE_9,DRAM_ENERGY (J),PACKAGE_ENERGY (J),PP0_ENERGY (J),TOTAL_MEMORY,TOTAL_SWAP,USED_MEMORY,USED_SWAP
0,1780578566627,2000,800,800,800,800,1247,3000,1000,2100,1626,804,800,885,2100,813,812,0,3.5714287757873535,3.7037036418914795,0,0,0,3.7037036418914795,7.142857551574707,3.846153974533081,3.846153974533081,3.5714287757873535,0,0,3.7037036418914795,10.714285850524902,0,217820.2803955078,181161.7762451172,0,404331982848,8589930496,4095422464,0
200,1780578566627,2000,800,800,800,800,1247,3000,1000,2100,1626,804,800,885,2100,813,812,0,3.5714287757873535,3.7037036418914795,0,0,0,3.7037036418914795,7.142857551574707,3.846153974533081,3.846153974533081,3.5714287757873535,0,0,3.7037036418914795,10.714285850524902,0,217820.2840576172,181161.79815673828,0,404331982848,8589930496,4095422464,0
0,1780578566827,2000,800,800,800,800,1247,3000,1000,2100,1626,804,800,885,2100,813,812,20,0,0,0,0,0,0,0,0,0,0,0,0,0,0,0,217820.48663330078,181164.8773803711,0,404331982848,8589930496,4096196608,0
