Delta,Time,CPU_FREQUENCY_0,CPU_FREQUENCY_1,CPU_FREQUENCY_10,CPU_FREQUENCY_11,CPU_FREQUENCY_12,CPU_FREQUENCY_13,CPU_FREQUENCY_14,CPU_FREQUENCY_15,CPU_FREQUENCY_2,CPU_FREQUENCY_3,CPU_FREQUENCY_4,CPU_FREQUENCY_5,CPU_FREQUENCY_6,CPU_FREQUENCY_7,CPU_FREQUENCY_8,CPU_FREQUENCY_9,CPU_USAGE_0,CPU_USAGE_1,CPU_USAGE_10,CPU_USAGE_11,CPU_USAGE_12,CPU_USAGE_13,CPU_USAGE_14,CPU_USAGE_15,CPU_USAGE_2,CPU_USAGE_3,CPU_USAGE_4,CPU_USAGE_5,CPU_USAGE_6,CPU_USAGE_7,CPU_USAGE_8,CPU_USAGE_9,DRAM_ENERGY (J),PACKAGE_ENERGY (J),PP0_ENERGY (J),TOTAL_MEMORY,TOTAL_SWAP,USED_MEMORY,USED_SWAP
0,1780578871512,966,1749,842,800,800,1954,1195,800,1658,800,800,800,800,2100,1100,2081,3.7037036418914795,3.846153974533081,7.142857551574707,0,3.7037036418914795,0,3.7037036418914795,0,0,11.538461685180664,3.7037036418914795,7.142857551574707,3.7037036418914795,3.846153974533081,3.7037036418914795,0,217840.8706665039,185189.61541748047,0,404331982848,8589930496,4113117184,0
199,1780578871512,966,1749,842,800,800,1954,1195,800,1658,800,800,800,800,2100,1100,2081,3.7037036418914795,3.846153974533081,7.142857551574707,0,3.7037036418914795,0,3.7037036418914795,0,0,11.538461685180664,3.7037036418914795,7.142857551574707,3.7037036418914795,3.846153974533081,3.7037036418914795,0,217840.8842163086,185189.6371459961,0,404331982848,8589930496,4113117184,0
0,1780578871712,966,1749,842,800,800,1954,1195,800,1658,800,800,800,800,2100,1100,2081,0,0,15.789472579956055,0,0,0,0,0,0,0,0,0,0,0,0,0,217841.19207763672,185192.58514404297,0,404331982848,8589930496,4116987904,0
