Delta,Time,CPU_FREQUENCY_0,CPU_FREQUENCY_1,CPU_FREQUENCY_10,CPU_FREQUENCY_11,CPU_FREQUENCY_12,CPU_FREQUENCY_13,CPU_FREQUENCY_14,CPU_FREQUENCY_15,CPU_FREQUENCY_2,CPU_FREQUENCY_3,CPU_FREQUENCY_4,CPU_FREQUENCY_5,CPU_FREQUENCY_6,CPU_FREQUENCY_7,CPU_FREQUENCY_8,CPU_FREQUENCY_9,CPU_USAGE_0,CPU_USAGE_1,CPU_USAGE_10,CPU_USAGE_11,CPU_USAGE_12,CPU_USAGE_13,CPU_USAGE_14,CPU_USAGE_15,CPU_USAGE_2,CPU_USAGE_3,CPU_USAGE_4,CPU_USAGE_5,CPU_USAGE_6,CPU_USAGE_7,CPU_USAGE_8,CPU_USAGE_9,DRAM_ENERGY (J),PACKAGE_ENERGY (J),PP0_ENERGY (J),TOTAL_MEMORY,TOTAL_SWAP,USED_MEMORY,USED_SWAP
0,1780578292241,800,2099,800,800,800,800,2094,800,1999,1563,1109,800,997,800,800,2100,3.7037036418914795,3.846153974533081,7.407407283782959,3.7037036418914795,7.407407283782959,0,3.846153974533081,7.407407283782959,7.142857551574707,3.7037036418914795,3.7037036418914795,3.7037036418914795,0,0,7.407407283782959,3.846153974533081,217812.08404541016,177556.83569335938,0,404331982848,8589930496,4157054976,0
199,1780578292241,800,2099,800,800,800,800,2094,800,1999,1563,1109,800,997,800,800,2100,3.7037036418914795,3.846153974533081,7.407407283782959,3.7037036418914795,7.407407283782959,0,3.846153974533081,7.407407283782959,7.142857551574707,3.7037036418914795,3.7037036418914795,3.7037036418914795,0,0,7.407407283782959,3.846153974533081,217812.08752441406,177556.85913085938,0,404331982848,8589930496,4157054976,0
0,1780578292442,800,2099,800,800,800,800,2094,800,1999,1563,1109,800,997,800,800,2100,15.789472579956055,0,0,0,0,0,0,0,0,0,0,0,0,0,0,0,217812.21466064453,177559.9448852539,0,404331982848,8589930496,4165054464,0
