Delta,Time,CPU_FREQUENCY_0,CPU_FREQUENCY_1,CPU_FREQUENCY_10,CPU_FREQUENCY_11,CPU_FREQUENCY_12,CPU_FREQUENCY_13,CPU_FREQUENCY_14,CPU_FREQUENCY_15,CPU_FREQUENCY_2,CPU_FREQUENCY_3,CPU_FREQUENCY_4,CPU_FREQUENCY_5,CPU_FREQUENCY_6,CPU_FREQUENCY_7,CPU_FREQUENCY_8,CPU_FREQUENCY_9,CPU_USAGE_0,CPU_USAGE_1,CPU_USAGE_10,CPU_USAGE_11,CPU_USAGE_12,CPU_USAGE_13,CPU_USAGE_14,CPU_USAGE_15,CPU_USAGE_2,CPU_USAGE_3,CPU_USAGE_4,CPU_USAGE_5,CPU_USAGE_6,CPU_USAGE_7,CPU_USAGE_8,CPU_USAGE_9,DRAM_ENERGY (J),PACKAGE_ENERGY (J),PP0_ENERGY (J),TOTAL_MEMORY,TOTAL_SWAP,USED_MEMORY,USED_SWAP
0,1780578810542,1874,800,800,2000,800,800,1100,800,800,800,800,2000,2000,2099,800,800,6.896551609039307,3.5714287757873535,6.896551609039307,0,14.285715103149414,0,3.5714287757873535,3.4482758045196533,3.4482758045196533,0,3.5714287757873535,3.5714287757873535,0,3.4482758045196533,3.5714287757873535,3.4482758045196533,217831.39520263672,184375.67114257813,0,404331982848,8589930496,4069789696,0
200,1780578810542,1874,800,800,2000,800,800,1100,800,800,800,800,2000,2000,2099,800,800,6.896551609039307,3.5714287757873535,6.896551609039307,0,14.285715103149414,0,3.5714287757873535,3.4482758045196533,3.4482758045196533,0,3.5714287757873535,3.5714287757873535,0,3.4482758045196533,3.5714287757873535,3.4482758045196533,217831.39904785156,184375.69201660156,0,404331982848,8589930496,4069789696,0
0,1780578810743,1874,800,800,2000,800,800,1100,800,800,800,800,2000,2000,2099,800,800,0,0,0,0,15.000000953674316,0,0,0,0,0,0,0,0,0,0,0,217831.47595214844,184378.60528564453,0,404331982848,8589930496,4073918464,0
