Delta,Time,CPU_FREQUENCY_0,CPU_FREQUENCY_1,CPU_FREQUENCY_10,CPU_FREQUENCY_11,CPU_FREQUENCY_12,CPU_FREQUENCY_13,CPU_FREQUENCY_14,CPU_FREQUENCY_15,CPU_FREQUENCY_2,CPU_FREQUENCY_3,CPU_FREQUENCY_4,CPU_FREQUENCY_5,CPU_FREQUENCY_6,CPU_FREQUENCY_7,CPU_FREQUENCY_8,CPU_FREQUENCY_9,CPU_USAGE_0,CPU_USAGE_1,CPU_USAGE_10,CPU_USAGE_11,CPU_USAGE_12,CPU_USAGE_13,CPU_USAGE_14,CPU_USAGE_15,CPU_USAGE_2,CPU_USAGE_3,CPU_USAGE_4,CPU_USAGE_5,CPU_USAGE_6,CPU_USAGE_7,CPU_USAGE_8,CPU_USAGE_9,DRAM_ENERGY (J),PACKAGE_ENERGY (J),PP0_ENERGY (J),TOTAL_MEMORY,TOTAL_SWAP,USED_MEMORY,USED_SWAP
0,1780578658096,800,2099,850,800,800,800,1188,800,1135,1125,800,800,2000,2000,2000,1272,14.285715103149414,3.7037036418914795,6.896551609039307,10.344827651977539,3.4482758045196533,3.4482758045196533,3.5714287757873535,0,7.142857551574707,3.7037036418914795,7.142857551574707,7.142857551574707,3.5714287757873535,3.5714287757873535,3.5714287757873535,3.5714287757873535,217824.18634033203,182366.34643554688,0,404331982848,8589930496,4088627200,0
199,1780578658097,800,2099,850,800,800,800,1188,800,1135,1125,800,800,2000,2000,2000,1272,14.285715103149414,3.7037036418914795,6.896551609039307,10.344827651977539,3.4482758045196533,3.4482758045196533,3.5714287757873535,0,7.142857551574707,3.7037036418914795,7.142857551574707,7.142857551574707,3.5714287757873535,3.5714287757873535,3.5714287757873535,3.5714287757873535,217824.19110107422,182366.3690185547,0,404331982848,8589930496,4088627200,0
0,1780578658297,800,2099,850,800,800,800,1188,800,1135,1125,800,800,2000,2000,2000,1272,0,0,0,0,0,0,0,19.047618865966797,0,0,0,0,0,0,0,0,217824.27587890625,182369.34790039063,0,404331982848,8589930496,4090589184,0
