Delta,Time,CPU_FREQUENCY_0,CPU_FREQUENCY_1,CPU_FREQUENCY_10,CPU_FREQUENCY_11,CPU_FREQUENCY_12,CPU_FREQUENCY_13,CPU_FREQUENCY_14,CPU_FREQUENCY_15,CPU_FREQUENCY_2,CPU_FREQUENCY_3,CPU_FREQUENCY_4,CPU_FREQUENCY_5,CPU_FREQUENCY_6,CPU_FREQUENCY_7,CPU_FREQUENCY_8,CPU_FREQUENCY_9,CPU_USAGE_0,CPU_USAGE_1,CPU_USAGE_10,CPU_USAGE_11,CPU_USAGE_12,CPU_USAGE_13,CPU_USAGE_14,CPU_USAGE_15,CPU_USAGE_2,CPU_USAGE_3,CPU_USAGE_4,CPU_USAGE_5,CPU_USAGE_6,CPU_USAGE_7,CPU_USAGE_8,CPU_USAGE_9,DRAM_ENERGY (J),PACKAGE_ENERGY (J),PP0_ENERGY (J),TOTAL_MEMORY,TOTAL_SWAP,USED_MEMORY,USED_SWAP
0,1780578962978,800,2099,1500,800,800,1997,906,1000,1634,1130,1218,865,952,800,800,2100,3.5714287757873535,7.142857551574707,3.4482758045196533,3.4482758045196533,3.4482758045196533,3.4482758045196533,0,0,0,3.4482758045196533,3.4482758045196533,0,3.4482758045196533,3.4482758045196533,13.333333969116211,3.4482758045196533,217845.8143310547,186393.08947753906,0,404331982848,8589930496,4095135744,0
200,1780578962978,800,2099,1500,800,800,1997,906,1000,1634,1130,1218,865,952,800,800,2100,3.5714287757873535,7.142857551574707,3.4482758045196533,3.4482758045196533,3.4482758045196533,3.4482758045196533,0,0,0,3.4482758045196533,3.4482758045196533,0,3.4482758045196533,3.4482758045196533,13.333333969116211,3.4482758045196533,217845.8194580078,186393.1112060547,0,404331982848,8589930496,4095135744,0
0,1780578963178,800,2099,1500,800,800,1997,906,1000,1634,1130,1218,865,952,800,800,2100,0,4.761904716491699,15.000000953674316,0,0,0,0,0,0,0,0,0,0,0,0,0,217845.91528320313,186396.10607910156,0,404331982848,8589930496,4095135744,0
