Delta,Time,CPU_FREQUENCY_0,CPU_FREQUENCY_1,CPU_FREQUENCY_10,CPU_FREQUENCY_11,CPU_FREQUENCY_12,CPU_FREQUENCY_13,CPU_FREQUENCY_14,CPU_FREQUENCY_15,CPU_FREQUENCY_2,CPU_FREQUENCY_3,CPU_FREQUENCY_4,CPU_FREQUENCY_5,CPU_FREQUENCY_6,CPU_FREQUENCY_7,CPU_FREQUENCY_8,CPU_FREQUENCY_9,CPU_USAGE_0,CPU_USAGE_1,CPU_USAGE_10,CPU_USAGE_11,CPU_USAGE_12,CPU_USAGE_13,CPU_USAGE_14,CPU_USAGE_15,CPU_USAGE_2,CPU_USAGE_3,CPU_USAGE_4,CPU_USAGE_5,CPU_USAGE_6,CPU_USAGE_7,CPU_USAGE_8,CPU_USAGE_9,DRAM_ENERGY (J),PACKAGE_ENERGY (J),PP0_ENERGY (J),TOTAL_MEMORY,TOTAL_SWAP,USED_MEMORY,USED_SWAP
0,1780578170302,2000,2099,1000,800,800,1297,800,1637,800,800,3200,2100,800,800,1553,800,0,3.5714287757873535,3.5714287757873535,3.4482758045196533,3.7037036418914795,0,0,3.5714287757873535,3.5714287757873535,6.896551609039307,3.7037036418914795,0,3.4482758045196533,3.4482758045196533,6.6666669845581055,3.5714287757873535,217806.75854492188,175952.3657836914,0,404331982848,8589930496,4192796672,0
199,1780578170302,2000,2099,1000,800,800,1297,800,1637,800,800,3200,2100,800,800,1553,800,0,3.5714287757873535,3.5714287757873535,3.4482758045196533,3.7037036418914795,0,0,3.5714287757873535,3.5714287757873535,6.896551609039307,3.7037036418914795,0,3.4482758045196533,3.4482758045196533,6.6666669845581055,3.5714287757873535,217806.76239013672,175952.38677978516,0,404331982848,8589930496,4192796672,0
0,1780578170502,2000,2099,1000,800,800,1297,800,1637,800,800,3200,2100,800,800,1553,800,0,0,0,0,0,20,0,0,0,0,0,0,0,0,0,0,217806.85736083984,175955.38403320313,0,404331982848,8589930496,4192796672,0
