Delta,Time,CPU_FREQUENCY_0,CPU_FREQUENCY_1,CPU_FREQUENCY_10,CPU_FREQUENCY_11,CPU_FREQUENCY_12,CPU_FREQUENCY_13,CPU_FREQUENCY_14,CPU_FREQUENCY_15,CPU_FREQUENCY_2,CPU_FREQUENCY_3,CPU_FREQUENCY_4,CPU_FREQUENCY_5,CPU_FREQUENCY_6,CPU_FREQUENCY_7,CPU_FREQUENCY_8,CPU_FREQUENCY_9,CPU_USAGE_0,CPU_USAGE_1,CPU_USAGE_10,CPU_USAGE_11,CPU_USAGE_12,CPU_USAGE_13,CPU_USAGE_14,CPU_USAGE_15,CPU_USAGE_2,CPU_USAGE_3,CPU_USAGE_4,CPU_USAGE_5,CPU_USAGE_6,CPU_USAGE_7,CPU_USAGE_8,CPU_USAGE_9,DRAM_ENERGY (J),PACKAGE_ENERGY (J),PP0_ENERGY (J),TOTAL_MEMORY,TOTAL_SWAP,USED_MEMORY,USED_SWAP
0,1780578475180,800,2066,1370,1100,1571,2000,800,800,1738,800,800,800,800,2099,800,800,7.407407283782959,3.7037036418914795,3.7037036418914795,0,3.5714287757873535,0,3.5714287757873535,0,0,7.407407283782959,7.407407283782959,3.7037036418914795,3.7037036418914795,3.7037036418914795,0,0,217817.17156982422,179959.6553955078,0,404331982848,8589930496,4135268352,0
199,1780578475180,800,2066,1370,1100,1571,2000,800,800,1738,800,800,800,800,2099,800,800,7.407407283782959,3.7037036418914795,3.7037036418914795,0,3.5714287757873535,0,3.5714287757873535,0,0,7.407407283782959,7.407407283782959,3.7037036418914795,3.7037036418914795,3.7037036418914795,0,0,217817.17504882813,179959.6767578125,0,404331982848,8589930496,4135268352,0
0,1780578475380,800,2066,1370,1100,1571,2000,800,800,1738,800,800,800,800,2099,800,800,0,0,0,0,0,19.047618865966797,0,0,0,0,0,0,0,0,0,0,217817.2592163086,179962.63525390625,0,404331982848,8589930496,4137226240,0
