Delta,Time,CPU_FREQUENCY_0,CPU_FREQUENCY_1,CPU_FREQUENCY_10,CPU_FREQUENCY_11,CPU_FREQUENCY_12,CPU_FREQUENCY_13,CPU_FREQUENCY_14,CPU_FREQUENCY_15,CPU_FREQUENCY_2,CPU_FREQUENCY_3,CPU_FREQUENCY_4,CPU_FREQUENCY_5,CPU_FREQUENCY_6,CPU_FREQUENCY_7,CPU_FREQUENCY_8,CPU_FREQUENCY_9,CPU_USAGE_0,CPU_USAGE_1,CPU_USAGE_10,CPU_USAGE_11,CPU_USAGE_12,CPU_USAGE_13,CPU_USAGE_14,CPU_USAGE_15,CPU_USAGE_2,CPU_USAGE_3,CPU_USAGE_4,CPU_USAGE_5,CPU_USAGE_6,CPU_USAGE_7,CPU_USAGE_8,CPU_USAGE_9,DRAM_ENERGY (J),PACKAGE_ENERGY (J),PP0_ENERGY (J),TOTAL_MEMORY,TOTAL_SWAP,USED_MEMORY,USED_SWAP
0,1780578597114,800,2000,1420,800,1000,800,1500,1000,919,885,800,800,800,2100,1489,940,7.407407283782959,0,3.5714287757873535,3.5714287757873535,6.896551609039307,10.714285850524902,3.5714287757873535,3.7037036418914795,3.7037036418914795,3.7037036418914795,10.714285850524902,0,3.7037036418914795,3.5714287757873535,0,3.5714287757873535,217821.81640625,181563.8739013672,0,404331982848,8589930496,4096794624,0
200,1780578597114,800,2000,1420,800,1000,800,1500,1000,919,885,800,800,800,2100,1489,940,7.407407283782959,0,3.5714287757873535,3.5714287757873535,6.896551609039307,10.714285850524902,3.5714287757873535,3.7037036418914795,3.7037036418914795,3.7037036418914795,10.714285850524902,0,3.7037036418914795,3.5714287757873535,0,3.5714287757873535,217821.81640625,181563.8739013672,0,404331982848,8589930496,4096794624,0
0,1780578597314,800,2000,1420,800,1000,800,1500,1000,919,885,800,800,800,2100,1489,940,0,0,0,0,0,0,0,0,0,0,0,0,0,0,20,0,217821.91668701172,181566.84185791016,0,404331982848,8589930496,4096794624,0
