Delta,Time,CPU_FREQUENCY_0,CPU_FREQUENCY_1,CPU_FREQUENCY_10,CPU_FREQUENCY_11,CPU_FREQUENCY_12,CPU_FREQUENCY_13,CPU_FREQUENCY_14,CPU_FREQUENCY_15,CPU_FREQUENCY_2,CPU_FREQUENCY_3,CPU_FREQUENCY_4,CPU_FREQUENCY_5,CPU_FREQUENCY_6,CPU_FREQUENCY_7,CPU_FREQUENCY_8,CPU_FREQUENCY_9,CPU_USAGE_0,CPU_USAGE_1,CPU_USAGE_10,CPU_USAGE_11,CPU_USAGE_12,CPU_USAGE_13,CPU_USAGE_14,CPU_USAGE_15,CPU_USAGE_2,CPU_USAGE_3,CPU_USAGE_4,CPU_USAGE_5,CPU_USAGE_6,CPU_USAGE_7,CPU_USAGE_8,CPU_USAGE_9,DRAM_ENERGY (J),PACKAGE_ENERGY (J),PP0_ENERGY (J),TOTAL_MEMORY,TOTAL_SWAP,USED_MEMORY,USED_SWAP
0,1780578901984,800,1001,800,1829,1503,800,1100,800,972,800,800,800,800,2099,800,2100,7.407407283782959,0,3.7037036418914795,7.407407283782959,3.846153974533081,0,3.846153974533081,3.7037036418914795,3.7037036418914795,3.846153974533081,7.407407283782959,0,7.407407283782959,11.111111640930176,7.407407283782959,3.846153974533081,217843.01556396484,185591.11602783203,0,404331982848,8589930496,4112732160,0
200,1780578901984,800,1001,800,1829,1503,800,1100,800,972,800,800,800,800,2099,800,2100,7.407407283782959,0,3.7037036418914795,7.407407283782959,3.846153974533081,0,3.846153974533081,3.7037036418914795,3.7037036418914795,3.846153974533081,7.407407283782959,0,7.407407283782959,11.111111640930176,7.407407283782959,3.846153974533081,217843.02001953125,185591.1381225586,0,404331982848,8589930496,4112732160,0
0,1780578902184,800,1001,800,1829,1503,800,1100,800,972,800,800,800,800,2099,800,2100,0,0,0,19.047618865966797,0,0,0,0,0,0,0,0,0,0,0,0,217843.14459228516,185594.06225585938,0,404331982848,8589930496,4116602880,0
