Delta,Time,CPU_FREQUENCY_0,CPU_FREQUENCY_1,CPU_FREQUENCY_10,CPU_FREQUENCY_11,CPU_FREQUENCY_12,CPU_FREQUENCY_13,CPU_FREQUENCY_14,CPU_FREQUENCY_15,CPU_FREQUENCY_2,CPU_FREQUENCY_3,CPU_FREQUENCY_4,CPU_FREQUENCY_5,CPU_FREQUENCY_6,CPU_FREQUENCY_7,CPU_FREQUENCY_8,CPU_FREQUENCY_9,CPU_USAGE_0,CPU_USAGE_1,CPU_USAGE_10,CPU_USAGE_11,CPU_USAGE_12,CPU_USAGE_13,CPU_USAGE_14,CPU_USAGE_15,CPU_USAGE_2,CPU_USAGE_3,CPU_USAGE_4,CPU_USAGE_5,CPU_USAGE_6,CPU_USAGE_7,CPU_USAGE_8,CPU_USAGE_9,DRAM_ENERGY (J),PACKAGE_ENERGY (J),PP0_ENERGY (J),TOTAL_MEMORY,TOTAL_SWAP,USED_MEMORY,USED_SWAP
0,1780578322740,1999,800,1325,832,1100,2000,800,800,800,800,2000,2000,800,2099,800,1483,3.4482758045196533,6.6666669845581055,0,0,0,3.4482758045196533,3.4482758045196533,7.407407283782959,3.7037036418914795,0,0,0,0,3.5714287757873535,3.4482758045196533,3.4482758045196533,217812.78747558594,177957.64233398438,0,404331982848,8589930496,4160503808,0
200,1780578322741,1999,800,1325,832,1100,2000,800,800,800,800,2000,2000,800,2099,800,1483,3.4482758045196533,6.6666669845581055,0,0,0,3.4482758045196533,3.4482758045196533,7.407407283782959,3.7037036418914795,0,0,0,0,3.5714287757873535,3.4482758045196533,3.4482758045196533,217812.78747558594,177957.64233398438,0,404331982848,8589930496,4160503808,0
0,1780578322941,1999,800,1325,832,1100,2000,800,800,800,800,2000,2000,800,2099,800,1483,0,0,0,0,0,0,0,0,0,0,0,0,0,0,0,15.789472579956055,217812.875,177960.60614013672,0,404331982848,8589930496,4164632576,0
