Delta,Time,CPU_FREQUENCY_0,CPU_FREQUENCY_1,CPU_FREQUENCY_10,CPU_FREQUENCY_11,CPU_FREQUENCY_12,CPU_FREQUENCY_13,CPU_FREQUENCY_14,CPU_FREQUENCY_15,CPU_FREQUENCY_2,CPU_FREQUENCY_3,CPU_FREQUENCY_4,CPU_FREQUENCY_5,CPU_FREQUENCY_6,CPU_FREQUENCY_7,CPU_FREQUENCY_8,CPU_FREQUENCY_9,CPU_USAGE_0,CPU_USAGE_1,CPU_USAGE_10,CPU_USAGE_11,CPU_USAGE_12,CPU_USAGE_13,CPU_USAGE_14,CPU_USAGE_15,CPU_USAGE_2,CPU_USAGE_3,CPU_USAGE_4,CPU_USAGE_5,CPU_USAGE_6,CPU_USAGE_7,CPU_USAGE_8,CPU_USAGE_9,DRAM_ENERGY (J),PACKAGE_ENERGY (J),PP0_ENERGY (J),TOTAL_MEMORY,TOTAL_SWAP,USED_MEMORY,USED_SWAP
0,1780578841031,800,2099,2000,1000,800,800,2000,800,811,800,800,800,800,2100,800,799,3.5714287757873535,11.111111640930176,7.142857551574707,0,3.5714287757873535,3.5714287757873535,0,0,3.5714287757873535,3.7037036418914795,3.846153974533081,3.7037036418914795,0,3.5714287757873535,3.5714287757873535,3.5714287757873535,217832.3324584961,184777.11401367188,0,404331982848,8589930496,4073623552,0
199,1780578841031,800,2099,2000,1000,800,800,2000,800,811,800,800,800,800,2100,800,799,3.5714287757873535,11.111111640930176,7.142857551574707,0,3.5714287757873535,3.5714287757873535,0,0,3.5714287757873535,3.7037036418914795,3.846153974533081,3.7037036418914795,0,3.5714287757873535,3.5714287757873535,3.5714287757873535,217832.33758544922,184777.13598632813,0,404331982848,8589930496,4073623552,0
0,1780578841231,800,2099,2000,1000,800,800,2000,800,811,800,800,800,800,2100,800,799,0,0,0,0,0,0,0,0,0,0,0,0,0,0,0,20,217832.42462158203,184780.08331298828,0,404331982848,8589930496,4074569728,0
