Delta,Time,CPU_FREQUENCY_0,CPU_FREQUENCY_1,CPU_FREQUENCY_10,CPU_FREQUENCY_11,CPU_FREQUENCY_12,CPU_FREQUENCY_13,CPU_FREQUENCY_14,CPU_FREQUENCY_15,CPU_FREQUENCY_2,CPU_FREQUENCY_3,CPU_FREQUENCY_4,CPU_FREQUENCY_5,CPU_FREQUENCY_6,CPU_FREQUENCY_7,CPU_FREQUENCY_8,CPU_FREQUENCY_9,CPU_USAGE_0,CPU_USAGE_1,CPU_USAGE_10,CPU_USAGE_11,CPU_USAGE_12,CPU_USAGE_13,CPU_USAGE_14,CPU_USAGE_15,CPU_USAGE_2,CPU_USAGE_3,CPU_USAGE_4,CPU_USAGE_5,CPU_USAGE_6,CPU_USAGE_7,CPU_USAGE_8,CPU_USAGE_9,DRAM_ENERGY (J),PACKAGE_ENERGY (J),PP0_ENERGY (J),TOTAL_MEMORY,TOTAL_SWAP,USED_MEMORY,USED_SWAP
0,1778769617752,2100,2000,1036,800,1000,1000,800,1400,2000,2099,1796,2087,800,800,1718,979,4,7.692307949066162,0,0,4,4,0,7.407407283782959,4,8,0,4,4,4,0,4,50264.79461669922,189218.4288330078,0,404332056576,8589930496,3937558528,0
200,1778769617752,2100,2000,1036,800,1000,1000,800,1400,2000,2099,1796,2087,800,800,1718,979,4,7.692307949066162,0,0,4,4,0,7.407407283782959,4,8,0,4,4,4,0,4,50264.79461669922,189218.4288330078,0,404332056576,8589930496,3937558528,0
199,1778769617953,2100,2000,1036,800,1000,1000,800,1400,2000,2099,1796,2087,800,800,1718,979,45,0,0,0,0,0,0,0,0,0,0,0,0,0,55,0,50265.604553222656,189223.16345214844,0,404332056576,8589930496,3953815552,0
199,1778769618153,2100,2000,1036,800,1000,1000,800,1400,2000,2099,1796,2087,800,800,1718,979,100,0,0,0,0,0,0,0,0,0,0,0,0,0,0,0,50268.488708496094,189229.95928955078,0,404332056576,8589930496,3953815552,0
0,1778769618353,2100,2000,1036,800,1000,1000,800,1400,2000,2099,1796,2087,800,800,1718,979,55,0,0,0,0,0,0,0,0,0,4.761904716491699,5,0,0,9.523809432983398,0,50270.40313720703,189235.44177246094,0,404332056576,8589930496,3953815552,0
