Delta,Time,CPU_FREQUENCY_0,CPU_FREQUENCY_1,CPU_FREQUENCY_10,CPU_FREQUENCY_11,CPU_FREQUENCY_12,CPU_FREQUENCY_13,CPU_FREQUENCY_14,CPU_FREQUENCY_15,CPU_FREQUENCY_2,CPU_FREQUENCY_3,CPU_FREQUENCY_4,CPU_FREQUENCY_5,CPU_FREQUENCY_6,CPU_FREQUENCY_7,CPU_FREQUENCY_8,CPU_FREQUENCY_9,CPU_USAGE_0,CPU_USAGE_1,CPU_USAGE_10,CPU_USAGE_11,CPU_USAGE_12,CPU_USAGE_13,CPU_USAGE_14,CPU_USAGE_15,CPU_USAGE_2,CPU_USAGE_3,CPU_USAGE_4,CPU_USAGE_5,CPU_USAGE_6,CPU_USAGE_7,CPU_USAGE_8,CPU_USAGE_9,DRAM_ENERGY (J),PACKAGE_ENERGY (J),PP0_ENERGY (J),TOTAL_MEMORY,TOTAL_SWAP,USED_MEMORY,USED_SWAP
0,1778768938919,892,1046,2000,800,1000,800,800,799,800,800,2099,799,880,812,1310,800,4.34782600402832,8.69565200805664,0,0,8,8,0,0,0,4.1666669845581055,4.1666669845581055,0,4.1666669845581055,4.1666669845581055,0,0,50114.48254394531,180117.88208007813,0,404332056576,8589930496,4121387008,0
199,1778768938919,892,1046,2000,800,1000,800,800,799,800,800,2099,799,880,812,1310,800,4.34782600402832,8.69565200805664,0,0,8,8,0,0,0,4.1666669845581055,4.1666669845581055,0,4.1666669845581055,4.1666669845581055,0,0,50114.49334716797,180117.90173339844,0,404332056576,8589930496,4121387008,0
199,1778768939119,892,1046,2000,800,1000,800,800,799,800,800,2099,799,880,812,1310,800,50,4.761904716491699,0,0,0,0,47.619049072265625,0,0,0,0,0,0,0,0,0,50115.68884277344,180122.8485107422,0,404332056576,8589930496,4121387008,0
199,1778768939320,892,1046,2000,800,1000,800,800,799,800,800,2099,799,880,812,1310,800,100,0,0,0,0,0,0,0,0,0,0,0,0,0,0,0,50118.55975341797,180129.64904785156,0,404332056576,8589930496,4129644544,0
0,1778768939520,892,1046,2000,800,1000,800,800,799,800,800,2099,799,880,812,1310,800,47.619049072265625,0,0,0,0,0,10,0,0,0,0,0,0,0,0,0,50120.17022705078,180134.75274658203,0,404332056576,8589930496,4129644544,0
