Delta,Time,CPU_FREQUENCY_0,CPU_FREQUENCY_1,CPU_FREQUENCY_10,CPU_FREQUENCY_11,CPU_FREQUENCY_12,CPU_FREQUENCY_13,CPU_FREQUENCY_14,CPU_FREQUENCY_15,CPU_FREQUENCY_2,CPU_FREQUENCY_3,CPU_FREQUENCY_4,CPU_FREQUENCY_5,CPU_FREQUENCY_6,CPU_FREQUENCY_7,CPU_FREQUENCY_8,CPU_FREQUENCY_9,CPU_USAGE_0,CPU_USAGE_1,CPU_USAGE_10,CPU_USAGE_11,CPU_USAGE_12,CPU_USAGE_13,CPU_USAGE_14,CPU_USAGE_15,CPU_USAGE_2,CPU_USAGE_3,CPU_USAGE_4,CPU_USAGE_5,CPU_USAGE_6,CPU_USAGE_7,CPU_USAGE_8,CPU_USAGE_9,DRAM_ENERGY (J),PACKAGE_ENERGY (J),PP0_ENERGY (J),TOTAL_MEMORY,TOTAL_SWAP,USED_MEMORY,USED_SWAP
0,1778769062365,800,1914,1000,800,1000,800,804,799,2000,2100,2100,841,926,800,1602,2000,8,4.34782600402832,0,0,4,4,0,4,7.692307949066162,0,7.692307949066162,0,4,4,4.1666669845581055,0,50142.761474609375,181773.00115966797,0,404332056576,8589930496,4064591872,0
200,1778769062365,800,1914,1000,800,1000,800,804,799,2000,2100,2100,841,926,800,1602,2000,8,4.34782600402832,0,0,4,4,0,4,7.692307949066162,0,7.692307949066162,0,4,4,4.1666669845581055,0,50142.761474609375,181773.00115966797,0,404332056576,8589930496,4064591872,0
199,1778769062566,800,1914,1000,800,1000,800,804,799,2000,2100,2100,841,926,800,1602,2000,40,0,0,0,0,0,0,0,0,0,0,0,0,0,0,57.142860412597656,50143.398376464844,181777.50201416016,0,404332056576,8589930496,4080848896,0
199,1778769062766,800,1914,1000,800,1000,800,804,799,2000,2100,2100,841,926,800,1602,2000,100,0,0,0,0,0,0,0,0,0,0,0,0,0,0,0,50146.10662841797,181783.9428100586,0,404332056576,8589930496,4081258496,0
0,1778769062966,800,1914,1000,800,1000,800,804,799,2000,2100,2100,841,926,800,1602,2000,66.66667175292969,0,0,0,0,0,0,0,0,0,0,0,0,0,0,5.263157844543457,50148.260192871094,181789.8472290039,0,404332056576,8589930496,4081258496,0
