Delta,Time,CPU_FREQUENCY_0,CPU_FREQUENCY_1,CPU_FREQUENCY_10,CPU_FREQUENCY_11,CPU_FREQUENCY_12,CPU_FREQUENCY_13,CPU_FREQUENCY_14,CPU_FREQUENCY_15,CPU_FREQUENCY_2,CPU_FREQUENCY_3,CPU_FREQUENCY_4,CPU_FREQUENCY_5,CPU_FREQUENCY_6,CPU_FREQUENCY_7,CPU_FREQUENCY_8,CPU_FREQUENCY_9,CPU_USAGE_0,CPU_USAGE_1,CPU_USAGE_10,CPU_USAGE_11,CPU_USAGE_12,CPU_USAGE_13,CPU_USAGE_14,CPU_USAGE_15,CPU_USAGE_2,CPU_USAGE_3,CPU_USAGE_4,CPU_USAGE_5,CPU_USAGE_6,CPU_USAGE_7,CPU_USAGE_8,CPU_USAGE_9,DRAM_ENERGY (J),PACKAGE_ENERGY (J),PP0_ENERGY (J),TOTAL_MEMORY,TOTAL_SWAP,USED_MEMORY,USED_SWAP
0,1778769401767,862,800,1884,2000,2000,1100,800,875,799,1999,2100,2074,821,800,1000,1220,4,0,4.1666669845581055,4,0,0,3.846153974533081,0,4,0,4,7.407407283782959,0,4,4,0,50222.54138183594,186328.97265625,0,404332056576,8589930496,3984482304,0
199,1778769401767,862,800,1884,2000,2000,1100,800,875,799,1999,2100,2074,821,800,1000,1220,4,0,4.1666669845581055,4,0,0,3.846153974533081,0,4,0,4,7.407407283782959,0,4,4,0,50222.54559326172,186328.99609375,0,404332056576,8589930496,3984482304,0
199,1778769401967,862,800,1884,2000,2000,1100,800,875,799,1999,2100,2074,821,800,1000,1220,57.142860412597656,0,0,0,0,0,0,0,0,0,0,0,0,0,0,40,50223.52276611328,186333.82940673828,0,404332056576,8589930496,3984482304,0
199,1778769402167,862,800,1884,2000,2000,1100,800,875,799,1999,2100,2074,821,800,1000,1220,0,0,0,0,0,0,0,0,0,0,0,0,0,0,0,100,50223.92303466797,186338.85668945313,0,404332056576,8589930496,4000739328,0
0,1778769402367,862,800,1884,2000,2000,1100,800,875,799,1999,2100,2074,821,800,1000,1220,9.523809432983398,0,0,0,0,0,0,0,0,5,0,0,0,0,0,65,50224.64562988281,186343.90063476563,0,404332056576,8589930496,4000739328,0
