Delta,Time,CPU_FREQUENCY_0,CPU_FREQUENCY_1,CPU_FREQUENCY_10,CPU_FREQUENCY_11,CPU_FREQUENCY_12,CPU_FREQUENCY_13,CPU_FREQUENCY_14,CPU_FREQUENCY_15,CPU_FREQUENCY_2,CPU_FREQUENCY_3,CPU_FREQUENCY_4,CPU_FREQUENCY_5,CPU_FREQUENCY_6,CPU_FREQUENCY_7,CPU_FREQUENCY_8,CPU_FREQUENCY_9,CPU_USAGE_0,CPU_USAGE_1,CPU_USAGE_10,CPU_USAGE_11,CPU_USAGE_12,CPU_USAGE_13,CPU_USAGE_14,CPU_USAGE_15,CPU_USAGE_2,CPU_USAGE_3,CPU_USAGE_4,CPU_USAGE_5,CPU_USAGE_6,CPU_USAGE_7,CPU_USAGE_8,CPU_USAGE_9,DRAM_ENERGY (J),PACKAGE_ENERGY (J),PP0_ENERGY (J),TOTAL_MEMORY,TOTAL_SWAP,USED_MEMORY,USED_SWAP
0,1778769216638,825,2662,800,800,800,907,1407,2000,800,800,2099,2000,2000,800,800,2100,4,8,4,4,7.692307949066162,0,4,3.846153974533081,0,4,4,0,3.846153974533081,0,7.692307949066162,4,50179.64874267578,183842.68115234375,0,404332056576,8589930496,3994759168,0
199,1778769216638,825,2662,800,800,800,907,1407,2000,800,800,2099,2000,2000,800,800,2100,4,8,4,4,7.692307949066162,0,4,3.846153974533081,0,4,4,0,3.846153974533081,0,7.692307949066162,4,50179.6591796875,183842.7060546875,0,404332056576,8589930496,3995271168,0
199,1778769216838,825,2662,800,800,800,907,1407,2000,800,800,2099,2000,2000,800,800,2100,0,0,0,0,0,50,0,0,0,0,0,50,0,0,0,0,50180.65936279297,183847.81311035156,0,404332056576,8589930496,4011978752,0
199,1778769217038,825,2662,800,800,800,907,1407,2000,800,800,2099,2000,2000,800,800,2100,0,4.761904716491699,0,0,0,0,0,0,0,0,0,100,0,0,0,0,50183.525451660156,183854.7139892578,0,404332056576,8589930496,4011978752,0
0,1778769217238,825,2662,800,800,800,907,1407,2000,800,800,2099,2000,2000,800,800,2100,0,0,0,0,0,5,0,0,0,0,0,45,0,0,0,0,50185.073486328125,183859.7755126953,0,404332056576,8589930496,4011978752,0
