Delta,Time,CPU_FREQUENCY_0,CPU_FREQUENCY_1,CPU_FREQUENCY_10,CPU_FREQUENCY_11,CPU_FREQUENCY_12,CPU_FREQUENCY_13,CPU_FREQUENCY_14,CPU_FREQUENCY_15,CPU_FREQUENCY_2,CPU_FREQUENCY_3,CPU_FREQUENCY_4,CPU_FREQUENCY_5,CPU_FREQUENCY_6,CPU_FREQUENCY_7,CPU_FREQUENCY_8,CPU_FREQUENCY_9,CPU_USAGE_0,CPU_USAGE_1,CPU_USAGE_10,CPU_USAGE_11,CPU_USAGE_12,CPU_USAGE_13,CPU_USAGE_14,CPU_USAGE_15,CPU_USAGE_2,CPU_USAGE_3,CPU_USAGE_4,CPU_USAGE_5,CPU_USAGE_6,CPU_USAGE_7,CPU_USAGE_8,CPU_USAGE_9,DRAM_ENERGY (J),PACKAGE_ENERGY (J),PP0_ENERGY (J),TOTAL_MEMORY,TOTAL_SWAP,USED_MEMORY,USED_SWAP
0,1778769679466,800,800,1000,800,1000,800,800,800,800,2000,2099,1124,799,800,1338,800,4,11.538461685180664,4,0,4,3.846153974533081,3.846153974533081,0,0,4.1666669845581055,0,0,4,4,4,0,50278.321044921875,190045.99713134766,0,404332056576,8589930496,3924123648,0
199,1778769679466,800,800,1000,800,1000,800,800,800,800,2000,2099,1124,799,800,1338,800,4,11.538461685180664,4,0,4,3.846153974533081,3.846153974533081,0,0,4.1666669845581055,0,0,4,4,4,0,50278.325256347656,190046.02020263672,0,404332056576,8589930496,3924123648,0
199,1778769679666,800,800,1000,800,1000,800,800,800,800,2000,2099,1124,799,800,1338,800,42.105262756347656,0,0,0,0,0,0,0,0,0,0,0,0,0,55,0,50278.76629638672,190050.49542236328,0,404332056576,8589930496,3924123648,0
199,1778769679866,800,800,1000,800,1000,800,800,800,800,2000,2099,1124,799,800,1338,800,100,0,0,0,0,0,0,0,0,0,0,0,0,0,0,0,50281.525939941406,190056.98291015625,0,404332056576,8589930496,3924123648,0
0,1778769680066,800,800,1000,800,1000,800,800,800,800,2000,2099,1124,799,800,1338,800,60.000003814697266,0,0,0,0,0,0,0,0,0,0,0,0,0,10,0,50283.588806152344,190062.7885131836,0,404332056576,8589930496,3924123648,0
