Delta,Time,CPU_FREQUENCY_0,CPU_FREQUENCY_1,CPU_FREQUENCY_10,CPU_FREQUENCY_11,CPU_FREQUENCY_12,CPU_FREQUENCY_13,CPU_FREQUENCY_14,CPU_FREQUENCY_15,CPU_FREQUENCY_2,CPU_FREQUENCY_3,CPU_FREQUENCY_4,CPU_FREQUENCY_5,CPU_FREQUENCY_6,CPU_FREQUENCY_7,CPU_FREQUENCY_8,CPU_FREQUENCY_9,CPU_USAGE_0,CPU_USAGE_1,CPU_USAGE_10,CPU_USAGE_11,CPU_USAGE_12,CPU_USAGE_13,CPU_USAGE_14,CPU_USAGE_15,CPU_USAGE_2,CPU_USAGE_3,CPU_USAGE_4,CPU_USAGE_5,CPU_USAGE_6,CPU_USAGE_7,CPU_USAGE_8,CPU_USAGE_9,DRAM_ENERGY (J),PACKAGE_ENERGY (J),PP0_ENERGY (J),TOTAL_MEMORY,TOTAL_SWAP,USED_MEMORY,USED_SWAP
0,1778768877214,2099,814,2099,807,804,1129,800,800,810,800,2100,1600,800,800,2000,2100,0,4,8,0,4,4.1666669845581055,4,0,8,0,4,4,4.1666669845581055,4.1666669845581055,7.692307949066162,12,50104.57958984375,179293.47412109375,0,404332056576,8589930496,4188712960,0
199,1778768877214,2099,814,2099,807,804,1129,800,800,810,800,2100,1600,800,800,2000,2100,0,4,8,0,4,4.1666669845581055,4,0,8,0,4,4,4.1666669845581055,4.1666669845581055,7.692307949066162,12,50104.58435058594,179293.49743652344,0,404332056576,8589930496,4188712960,0
199,1778768877414,2099,814,2099,807,804,1129,800,800,810,800,2100,1600,800,800,2000,2100,54.54545593261719,0,0,0,47.36842346191406,0,0,0,0,0,0,0,0,0,0,0,50105.742126464844,179298.5086669922,0,404332056576,8589930496,4188712960,0
199,1778768877614,2099,814,2099,807,804,1129,800,800,810,800,2100,1600,800,800,2000,2100,0,0,0,0,100,0,0,0,0,0,0,0,0,0,0,0,50106.14971923828,179303.8031616211,0,404332056576,8589930496,4204969984,0
0,1778768877814,2099,814,2099,807,804,1129,800,800,810,800,2100,1600,800,800,2000,2100,5.263157844543457,0,0,0,47.36842346191406,0,0,0,0,0,0,0,0,0,0,0,50106.875061035156,179308.32342529297,0,404332056576,8589930496,4197429248,0
