Delta,Time,CPU_FREQUENCY_0,CPU_FREQUENCY_1,CPU_FREQUENCY_10,CPU_FREQUENCY_11,CPU_FREQUENCY_12,CPU_FREQUENCY_13,CPU_FREQUENCY_14,CPU_FREQUENCY_15,CPU_FREQUENCY_2,CPU_FREQUENCY_3,CPU_FREQUENCY_4,CPU_FREQUENCY_5,CPU_FREQUENCY_6,CPU_FREQUENCY_7,CPU_FREQUENCY_8,CPU_FREQUENCY_9,CPU_USAGE_0,CPU_USAGE_1,CPU_USAGE_10,CPU_USAGE_11,CPU_USAGE_12,CPU_USAGE_13,CPU_USAGE_14,CPU_USAGE_15,CPU_USAGE_2,CPU_USAGE_3,CPU_USAGE_4,CPU_USAGE_5,CPU_USAGE_6,CPU_USAGE_7,CPU_USAGE_8,CPU_USAGE_9,DRAM_ENERGY (J),PACKAGE_ENERGY (J),PP0_ENERGY (J),TOTAL_MEMORY,TOTAL_SWAP,USED_MEMORY,USED_SWAP
0,1778769370904,2000,800,2043,1431,800,800,800,800,800,800,2100,2010,1595,1731,800,799,7.692307949066162,8,8,4.1666669845581055,4,7.692307949066162,4.1666669845581055,4,0,4.1666669845581055,4.1666669845581055,0,8.333333969116211,4.1666669845581055,4.1666669845581055,8,50215.972412109375,185917.07550048828,0,404332056576,8589930496,4008296448,0
200,1778769370904,2000,800,2043,1431,800,800,800,800,800,800,2100,2010,1595,1731,800,799,7.692307949066162,8,8,4.1666669845581055,4,7.692307949066162,4.1666669845581055,4,0,4.1666669845581055,4.1666669845581055,0,8.333333969116211,4.1666669845581055,4.1666669845581055,8,50215.972412109375,185917.07550048828,0,404332056576,8589930496,4008296448,0
199,1778769371104,2000,800,2043,1431,800,800,800,800,800,800,2100,2010,1595,1731,800,799,50,0,0,0,0,0,0,0,0,0,0,0,0,0,50,0,50216.967712402344,185921.87353515625,0,404332056576,8589930496,4008296448,0
199,1778769371304,2000,800,2043,1431,800,800,800,800,800,800,2100,2010,1595,1731,800,799,100,0,0,0,0,0,0,0,0,0,0,0,4.761904716491699,0,0,0,50219.82147216797,185928.5313720703,0,404332056576,8589930496,4008296448,0
0,1778769371504,2000,800,2043,1431,800,800,800,800,800,800,2100,2010,1595,1731,800,799,52.6315803527832,0,0,0,0,0,0,0,0,0,0,0,0,0,10,0,50221.70349121094,185933.79669189453,0,404332056576,8589930496,4008296448,0
