Delta,Time,CPU_FREQUENCY_0,CPU_FREQUENCY_1,CPU_FREQUENCY_10,CPU_FREQUENCY_11,CPU_FREQUENCY_12,CPU_FREQUENCY_13,CPU_FREQUENCY_14,CPU_FREQUENCY_15,CPU_FREQUENCY_2,CPU_FREQUENCY_3,CPU_FREQUENCY_4,CPU_FREQUENCY_5,CPU_FREQUENCY_6,CPU_FREQUENCY_7,CPU_FREQUENCY_8,CPU_FREQUENCY_9,CPU_USAGE_0,CPU_USAGE_1,CPU_USAGE_10,CPU_USAGE_11,CPU_USAGE_12,CPU_USAGE_13,CPU_USAGE_14,CPU_USAGE_15,CPU_USAGE_2,CPU_USAGE_3,CPU_USAGE_4,CPU_USAGE_5,CPU_USAGE_6,CPU_USAGE_7,CPU_USAGE_8,CPU_USAGE_9,DRAM_ENERGY (J),PACKAGE_ENERGY (J),PP0_ENERGY (J),TOTAL_MEMORY,TOTAL_SWAP,USED_MEMORY,USED_SWAP
0,1778768815502,800,800,800,800,800,1000,800,800,800,2000,2100,811,799,800,800,1536,0,4.34782600402832,0,0,4.1666669845581055,4.1666669845581055,0,0,8,8,4.34782600402832,0,8,4.1666669845581055,4.1666669845581055,0,50092.201171875,178465.7846069336,0,404332056576,8589930496,4221689856,0
200,1778768815502,800,800,800,800,800,1000,800,800,800,2000,2100,811,799,800,800,1536,0,4.34782600402832,0,0,4.1666669845581055,4.1666669845581055,0,0,8,8,4.34782600402832,0,8,4.1666669845581055,4.1666669845581055,0,50092.201171875,178465.7846069336,0,404332056576,8589930496,4221689856,0
199,1778768815702,800,800,800,800,800,1000,800,800,800,2000,2100,811,799,800,800,1536,47.619049072265625,0,0,0,55,0,0,0,0,0,0,0,0,0,0,0,50092.73370361328,178470.48406982422,0,404332056576,8589930496,4237946880,0
199,1778768815902,800,800,800,800,800,1000,800,800,800,2000,2100,811,799,800,800,1536,100,0,0,0,0,0,0,0,0,0,0,0,0,0,0,0,50095.57989501953,178477.16967773438,0,404332056576,8589930496,4237946880,0
0,1778768816103,800,800,800,800,800,1000,800,800,800,2000,2100,811,799,800,800,1536,55,4.761904716491699,0,0,10,0,0,0,0,0,0,0,0,0,0,0,50097.482360839844,178482.75665283203,0,404332056576,8589930496,4237946880,0
