Delta,Time,CPU_FREQUENCY_0,CPU_FREQUENCY_1,CPU_FREQUENCY_10,CPU_FREQUENCY_11,CPU_FREQUENCY_12,CPU_FREQUENCY_13,CPU_FREQUENCY_14,CPU_FREQUENCY_15,CPU_FREQUENCY_2,CPU_FREQUENCY_3,CPU_FREQUENCY_4,CPU_FREQUENCY_5,CPU_FREQUENCY_6,CPU_FREQUENCY_7,CPU_FREQUENCY_8,CPU_FREQUENCY_9,CPU_USAGE_0,CPU_USAGE_1,CPU_USAGE_10,CPU_USAGE_11,CPU_USAGE_12,CPU_USAGE_13,CPU_USAGE_14,CPU_USAGE_15,CPU_USAGE_2,CPU_USAGE_3,CPU_USAGE_4,CPU_USAGE_5,CPU_USAGE_6,CPU_USAGE_7,CPU_USAGE_8,CPU_USAGE_9,DRAM_ENERGY (J),PACKAGE_ENERGY (J),PP0_ENERGY (J),TOTAL_MEMORY,TOTAL_SWAP,USED_MEMORY,USED_SWAP
0,1778768846355,800,800,1505,1000,1100,1000,1326,873,2100,800,2000,813,816,800,1000,800,4.1666669845581055,4.1666669845581055,4.1666669845581055,8,0,0,0,4.1666669845581055,4.34782600402832,0,0,4.1666669845581055,0,4.1666669845581055,0,4.1666669845581055,50098.37243652344,178878.52197265625,0,404332056576,8589930496,4192399360,0
199,1778768846355,800,800,1505,1000,1100,1000,1326,873,2100,800,2000,813,816,800,1000,800,4.1666669845581055,4.1666669845581055,4.1666669845581055,8,0,0,0,4.1666669845581055,4.34782600402832,0,0,4.1666669845581055,0,4.1666669845581055,0,4.1666669845581055,50098.37646484375,178878.54260253906,0,404332056576,8589930496,4192399360,0
199,1778768846555,800,800,1505,1000,1100,1000,1326,873,2100,800,2000,813,816,800,1000,800,50,0,0,0,0,0,0,0,0,0,0,0,0,0,0,50,50098.961853027344,178883.33374023438,0,404332056576,8589930496,4209168384,0
199,1778768846755,800,800,1505,1000,1100,1000,1326,873,2100,800,2000,813,816,800,1000,800,100,0,0,0,0,0,0,0,0,0,0,0,0,0,0,0,50101.80334472656,178890.00756835938,0,404332056576,8589930496,4225654784,0
0,1778768846955,800,800,1505,1000,1100,1000,1326,873,2100,800,2000,813,816,800,1000,800,55,0,0,0,0,0,0,0,0,5,0,0,0,0,0,5.263157844543457,50103.58087158203,178895.33227539063,0,404332056576,8589930496,4225912832,0
