Delta,Time,CPU_FREQUENCY_0,CPU_FREQUENCY_1,CPU_FREQUENCY_10,CPU_FREQUENCY_11,CPU_FREQUENCY_12,CPU_FREQUENCY_13,CPU_FREQUENCY_14,CPU_FREQUENCY_15,CPU_FREQUENCY_2,CPU_FREQUENCY_3,CPU_FREQUENCY_4,CPU_FREQUENCY_5,CPU_FREQUENCY_6,CPU_FREQUENCY_7,CPU_FREQUENCY_8,CPU_FREQUENCY_9,CPU_USAGE_0,CPU_USAGE_1,CPU_USAGE_10,CPU_USAGE_11,CPU_USAGE_12,CPU_USAGE_13,CPU_USAGE_14,CPU_USAGE_15,CPU_USAGE_2,CPU_USAGE_3,CPU_USAGE_4,CPU_USAGE_5,CPU_USAGE_6,CPU_USAGE_7,CPU_USAGE_8,CPU_USAGE_9,DRAM_ENERGY (J),PACKAGE_ENERGY (J),PP0_ENERGY (J),TOTAL_MEMORY,TOTAL_SWAP,USED_MEMORY,USED_SWAP
0,1778769340051,2000,800,800,2000,901,895,800,2041,800,800,2100,2013,838,1719,1869,2048,4.1666669845581055,8.333333969116211,0,0,4.1666669845581055,0,4,4,4.1666669845581055,4,7.692307949066162,4,4,0,0,0,50208.28747558594,185502.18432617188,0,404332056576,8589930496,4011036672,0
199,1778769340051,2000,800,800,2000,901,895,800,2041,800,800,2100,2013,838,1719,1869,2048,4.1666669845581055,8.333333969116211,0,0,4.1666669845581055,0,4,4,4.1666669845581055,4,7.692307949066162,4,4,0,0,0,50208.29901123047,185502.20965576172,0,404332056576,8589930496,4011036672,0
199,1778769340251,2000,800,800,2000,901,895,800,2041,800,800,2100,2013,838,1719,1869,2048,57.142860412597656,0,0,0,0,0,0,0,0,0,0,0,0,0,45,0,50209.335876464844,185507.46630859375,0,404332056576,8589930496,4011036672,0
199,1778769340451,2000,800,800,2000,901,895,800,2041,800,800,2100,2013,838,1719,1869,2048,100,0,0,0,0,0,0,0,0,0,0,0,0,0,0,0,50212.24279785156,185514.08825683594,0,404332056576,8589930496,4011036672,0
0,1778769340651,2000,800,800,2000,901,895,800,2041,800,800,2100,2013,838,1719,1869,2048,47.619049072265625,0,0,0,0,0,0,0,0,0,0,0,0,0,10,0,50213.87854003906,185519.09478759766,0,404332056576,8589930496,4011036672,0
