Delta,Time,CPU_FREQUENCY_0,CPU_FREQUENCY_1,CPU_FREQUENCY_10,CPU_FREQUENCY_11,CPU_FREQUENCY_12,CPU_FREQUENCY_13,CPU_FREQUENCY_14,CPU_FREQUENCY_15,CPU_FREQUENCY_2,CPU_FREQUENCY_3,CPU_FREQUENCY_4,CPU_FREQUENCY_5,CPU_FREQUENCY_6,CPU_FREQUENCY_7,CPU_FREQUENCY_8,CPU_FREQUENCY_9,CPU_USAGE_0,CPU_USAGE_1,CPU_USAGE_10,CPU_USAGE_11,CPU_USAGE_12,CPU_USAGE_13,CPU_USAGE_14,CPU_USAGE_15,CPU_USAGE_2,CPU_USAGE_3,CPU_USAGE_4,CPU_USAGE_5,CPU_USAGE_6,CPU_USAGE_7,CPU_USAGE_8,CPU_USAGE_9,DRAM_ENERGY (J),PACKAGE_ENERGY (J),PP0_ENERGY (J),TOTAL_MEMORY,TOTAL_SWAP,USED_MEMORY,USED_SWAP
0,1778769463471,800,1583,800,1938,800,1159,800,800,800,2100,800,1755,800,800,2003,936,4.1666669845581055,8.333333969116211,0,4,4.1666669845581055,0,0,0,4,0,4.1666669845581055,4,0,4.1666669845581055,4.1666669845581055,4,50232.523498535156,187155.01971435547,0,404332056576,8589930496,3951292416,0
200,1778769463472,800,1583,800,1938,800,1159,800,800,800,2100,800,1755,800,800,2003,936,4.1666669845581055,8.333333969116211,0,4,4.1666669845581055,0,0,0,4,0,4.1666669845581055,4,0,4.1666669845581055,4.1666669845581055,4,50232.53338623047,187155.04376220703,0,404332056576,8589930496,3951292416,0
199,1778769463672,800,1583,800,1938,800,1159,800,800,800,2100,800,1755,800,800,2003,936,45,0,0,0,0,0,0,55,0,0,0,0,0,0,0,0,50233.06848144531,187159.62524414063,0,404332056576,8589930496,3952259072,0
199,1778769463872,800,1583,800,1938,800,1159,800,800,800,2100,800,1755,800,800,2003,936,100,4.761904716491699,0,0,0,0,0,0,0,0,0,0,0,0,0,0,50235.62548828125,187166.03131103516,0,404332056576,8589930496,3952259072,0
0,1778769464072,800,1583,800,1938,800,1159,800,800,800,2100,800,1755,800,800,2003,936,63.6363639831543,0,0,0,0,0,0,5,0,0,0,0,0,0,0,0,50237.64373779297,187171.8511352539,0,404332056576,8589930496,3952259072,0
