Delta,Time,CPU_FREQUENCY_0,CPU_FREQUENCY_1,CPU_FREQUENCY_10,CPU_FREQUENCY_11,CPU_FREQUENCY_12,CPU_FREQUENCY_13,CPU_FREQUENCY_14,CPU_FREQUENCY_15,CPU_FREQUENCY_2,CPU_FREQUENCY_3,CPU_FREQUENCY_4,CPU_FREQUENCY_5,CPU_FREQUENCY_6,CPU_FREQUENCY_7,CPU_FREQUENCY_8,CPU_FREQUENCY_9,CPU_USAGE_0,CPU_USAGE_1,CPU_USAGE_10,CPU_USAGE_11,CPU_USAGE_12,CPU_USAGE_13,CPU_USAGE_14,CPU_USAGE_15,CPU_USAGE_2,CPU_USAGE_3,CPU_USAGE_4,CPU_USAGE_5,CPU_USAGE_6,CPU_USAGE_7,CPU_USAGE_8,CPU_USAGE_9,DRAM_ENERGY (J),PACKAGE_ENERGY (J),PP0_ENERGY (J),TOTAL_MEMORY,TOTAL_SWAP,USED_MEMORY,USED_SWAP
0,1778769154922,800,800,800,800,1100,2000,800,855,800,2000,2099,805,921,800,800,1681,4.34782600402832,4.1666669845581055,4.1666669845581055,0,0,4.1666669845581055,0,4.1666669845581055,0,0,4.34782600402832,0,4,4.1666669845581055,4.1666669845581055,0,50163.991638183594,183013.47625732422,0,404332056576,8589930496,4029308928,0
200,1778769154922,800,800,800,800,1100,2000,800,855,800,2000,2099,805,921,800,800,1681,4.34782600402832,4.1666669845581055,4.1666669845581055,0,0,4.1666669845581055,0,4.1666669845581055,0,0,4.34782600402832,0,4,4.1666669845581055,4.1666669845581055,0,50163.991638183594,183013.47625732422,0,404332056576,8589930496,4029308928,0
199,1778769155122,800,800,800,800,1100,2000,800,855,800,2000,2099,805,921,800,800,1681,0,0,0,0,0,0,55,0,0,0,0,42.85714340209961,0,0,0,0,50164.713623046875,183018.13739013672,0,404332056576,8589930496,4029308928,0
199,1778769155322,800,800,800,800,1100,2000,800,855,800,2000,2099,805,921,800,800,1681,0,0,0,0,0,0,0,0,0,0,0,100,0,0,0,0,50167.61877441406,183024.84545898438,0,404332056576,8589930496,4029308928,0
0,1778769155522,800,800,800,800,1100,2000,800,855,800,2000,2099,805,921,800,800,1681,0,0,0,0,0,0,0,0,0,0,0,100,0,0,0,0,50169.35137939453,183030.1753540039,0,404332056576,8589930496,4029308928,0
