Delta,Time,CPU_FREQUENCY_0,CPU_FREQUENCY_1,CPU_FREQUENCY_10,CPU_FREQUENCY_11,CPU_FREQUENCY_12,CPU_FREQUENCY_13,CPU_FREQUENCY_14,CPU_FREQUENCY_15,CPU_FREQUENCY_2,CPU_FREQUENCY_3,CPU_FREQUENCY_4,CPU_FREQUENCY_5,CPU_FREQUENCY_6,CPU_FREQUENCY_7,CPU_FREQUENCY_8,CPU_FREQUENCY_9,CPU_USAGE_0,CPU_USAGE_1,CPU_USAGE_10,CPU_USAGE_11,CPU_USAGE_12,CPU_USAGE_13,CPU_USAGE_14,CPU_USAGE_15,CPU_USAGE_2,CPU_USAGE_3,CPU_USAGE_4,CPU_USAGE_5,CPU_USAGE_6,CPU_USAGE_7,CPU_USAGE_8,CPU_USAGE_9,DRAM_ENERGY (J),PACKAGE_ENERGY (J),PP0_ENERGY (J),TOTAL_MEMORY,TOTAL_SWAP,USED_MEMORY,USED_SWAP
0,1778769000650,800,1246,1800,1800,800,800,1800,1199,800,800,2100,1538,820,807,1681,830,3.7037036418914795,3.846153974533081,3.7037036418914795,0,3.846153974533081,3.846153974533081,3.846153974533081,0,0,11.111111640930176,0,3.7037036418914795,7.692307949066162,7.407407283782959,3.7037036418914795,3.7037036418914795,50128.968322753906,180946.47802734375,0,404332056576,8589930496,4084482048,0
199,1778769000650,800,1246,1800,1800,800,800,1800,1199,800,800,2100,1538,820,807,1681,830,3.7037036418914795,3.846153974533081,3.7037036418914795,0,3.846153974533081,3.846153974533081,3.846153974533081,0,0,11.111111640930176,0,3.7037036418914795,7.692307949066162,7.407407283782959,3.7037036418914795,3.7037036418914795,50128.97766113281,180946.5014038086,0,404332056576,8589930496,4085194752,0
199,1778769000851,800,1246,1800,1800,800,800,1800,1199,800,800,2100,1538,820,807,1681,830,50,0,0,0,0,0,0,0,0,0,0,0,0,0,50,0,50129.661560058594,180951.46325683594,0,404332056576,8589930496,4085452800,0
199,1778769001051,800,1246,1800,1800,800,800,1800,1199,800,800,2100,1538,820,807,1681,830,100,0,0,0,0,0,0,0,0,0,0,0,0,0,0,0,50132.498779296875,180958.13494873047,0,404332056576,8589930496,4085448704,0
0,1778769001251,800,1246,1800,1800,800,800,1800,1199,800,800,2100,1538,820,807,1681,830,52.6315803527832,0,0,0,0,0,0,0,0,0,4.761904716491699,0,0,0,5,0,50134.26483154297,180963.54107666016,0,404332056576,8589930496,4085448704,0
