Delta,Time,CPU_FREQUENCY_0,CPU_FREQUENCY_1,CPU_FREQUENCY_10,CPU_FREQUENCY_11,CPU_FREQUENCY_12,CPU_FREQUENCY_13,CPU_FREQUENCY_14,CPU_FREQUENCY_15,CPU_FREQUENCY_2,CPU_FREQUENCY_3,CPU_FREQUENCY_4,CPU_FREQUENCY_5,CPU_FREQUENCY_6,CPU_FREQUENCY_7,CPU_FREQUENCY_8,CPU_FREQUENCY_9,CPU_USAGE_0,CPU_USAGE_1,CPU_USAGE_10,CPU_USAGE_11,CPU_USAGE_12,CPU_USAGE_13,CPU_USAGE_14,CPU_USAGE_15,CPU_USAGE_2,CPU_USAGE_3,CPU_USAGE_4,CPU_USAGE_5,CPU_USAGE_6,CPU_USAGE_7,CPU_USAGE_8,CPU_USAGE_9,DRAM_ENERGY (J),PACKAGE_ENERGY (J),PP0_ENERGY (J),TOTAL_MEMORY,TOTAL_SWAP,USED_MEMORY,USED_SWAP
0,1778768784653,2100,896,800,850,2000,800,800,2000,820,885,2100,1349,1049,800,800,1475,4,8.333333969116211,4.1666669845581055,4.1666669845581055,0,4,7.692307949066162,4,0,0,0,4,4.1666669845581055,4,0,0,50085.269104003906,178053.02404785156,0,404332056576,8589930496,4231815168,0
199,1778768784653,2100,896,800,850,2000,800,800,2000,820,885,2100,1349,1049,800,800,1475,4,8.333333969116211,4.1666669845581055,4.1666669845581055,0,4,7.692307949066162,4,0,0,0,4,4.1666669845581055,4,0,0,50085.269104003906,178053.02404785156,0,404332056576,8589930496,4231815168,0
199,1778768784853,2100,896,800,850,2000,800,800,2000,820,885,2100,1349,1049,800,800,1475,0,0,0,57.142860412597656,0,0,0,0,0,0,45,0,0,0,0,0,50086.04608154297,178057.64923095703,0,404332056576,8589930496,4248072192,0
199,1778768785053,2100,896,800,850,2000,800,800,2000,820,885,2100,1349,1049,800,800,1475,0,4.761904716491699,0,0,0,0,0,0,0,0,100,0,0,0,0,0,50088.89276123047,178064.37866210938,0,404332056576,8589930496,4264329216,0
0,1778768785253,2100,896,800,850,2000,800,800,2000,820,885,2100,1349,1049,800,800,1475,0,0,0,5.263157844543457,0,0,0,0,0,0,61.904762268066406,0,0,0,0,0,50090.796936035156,178070.08978271484,0,404332056576,8589930496,4264329216,0
