Delta,Time,CPU_FREQUENCY_0,CPU_FREQUENCY_1,CPU_FREQUENCY_10,CPU_FREQUENCY_11,CPU_FREQUENCY_12,CPU_FREQUENCY_13,CPU_FREQUENCY_14,CPU_FREQUENCY_15,CPU_FREQUENCY_2,CPU_FREQUENCY_3,CPU_FREQUENCY_4,CPU_FREQUENCY_5,CPU_FREQUENCY_6,CPU_FREQUENCY_7,CPU_FREQUENCY_8,CPU_FREQUENCY_9,CPU_USAGE_0,CPU_USAGE_1,CPU_USAGE_10,CPU_USAGE_11,CPU_USAGE_12,CPU_USAGE_13,CPU_USAGE_14,CPU_USAGE_15,CPU_USAGE_2,CPU_USAGE_3,CPU_USAGE_4,CPU_USAGE_5,CPU_USAGE_6,CPU_USAGE_7,CPU_USAGE_8,CPU_USAGE_9,DRAM_ENERGY (J),PACKAGE_ENERGY (J),PP0_ENERGY (J),TOTAL_MEMORY,TOTAL_SWAP,USED_MEMORY,USED_SWAP
0,1778769185776,854,800,800,800,800,800,800,800,800,2100,2099,2099,895,799,1455,800,8,4.34782600402832,4,8,0,4,4.1666669845581055,0,4,0,4.1666669845581055,0,0,0,0,0,50170.931091308594,183427.31420898438,0,404332056576,8589930496,4012318720,0
199,1778769185776,854,800,800,800,800,800,800,800,800,2100,2099,2099,895,799,1455,800,8,4.34782600402832,4,8,0,4,4.1666669845581055,0,4,0,4.1666669845581055,0,0,0,0,0,50170.931091308594,183427.31420898438,0,404332056576,8589930496,4012318720,0
199,1778769185976,854,800,800,800,800,800,800,800,800,2100,2099,2099,895,799,1455,800,0,45,0,0,0,0,0,55,0,0,0,0,0,0,0,0,50172.86877441406,183432.56939697266,0,404332056576,8589930496,4012318720,0
199,1778769186176,854,800,800,800,800,800,800,800,800,2100,2099,2099,895,799,1455,800,0,100,0,0,0,0,0,0,0,0,0,0,0,0,0,0,50175.75061035156,183439.4677734375,0,404332056576,8589930496,4013092864,0
0,1778769186376,854,800,800,800,800,800,800,800,800,2100,2099,2099,895,799,1455,800,0,45,0,0,0,0,0,5.263157844543457,0,0,0,0,0,0,0,0,50177.34216308594,183444.56762695313,0,404332056576,8589930496,4013346816,0
