Delta,Time,CPU_FREQUENCY_0,CPU_FREQUENCY_1,CPU_FREQUENCY_10,CPU_FREQUENCY_11,CPU_FREQUENCY_12,CPU_FREQUENCY_13,CPU_FREQUENCY_14,CPU_FREQUENCY_15,CPU_FREQUENCY_2,CPU_FREQUENCY_3,CPU_FREQUENCY_4,CPU_FREQUENCY_5,CPU_FREQUENCY_6,CPU_FREQUENCY_7,CPU_FREQUENCY_8,CPU_FREQUENCY_9,CPU_USAGE_0,CPU_USAGE_1,CPU_USAGE_10,CPU_USAGE_11,CPU_USAGE_12,CPU_USAGE_13,CPU_USAGE_14,CPU_USAGE_15,CPU_USAGE_2,CPU_USAGE_3,CPU_USAGE_4,CPU_USAGE_5,CPU_USAGE_6,CPU_USAGE_7,CPU_USAGE_8,CPU_USAGE_9,DRAM_ENERGY (J),PACKAGE_ENERGY (J),PP0_ENERGY (J),TOTAL_MEMORY,TOTAL_SWAP,USED_MEMORY,USED_SWAP
0,1778769432619,800,3200,800,902,1100,2000,1100,800,800,2100,800,1557,800,800,800,800,4.1666669845581055,0,4.1666669845581055,0,0,8,0,4.1666669845581055,0,12.5,4.1666669845581055,0,4.1666669845581055,0,0,8,50225.6513671875,186741.55725097656,0,404332056576,8589930496,3967840256,0
200,1778769432619,800,3200,800,902,1100,2000,1100,800,800,2100,800,1557,800,800,800,800,4.1666669845581055,0,4.1666669845581055,0,0,8,0,4.1666669845581055,0,12.5,4.1666669845581055,0,4.1666669845581055,0,0,8,50225.6513671875,186741.55725097656,0,404332056576,8589930496,3968352256,0
199,1778769432819,800,3200,800,902,1100,2000,1100,800,800,2100,800,1557,800,800,800,800,45,0,0,0,0,0,0,52.6315803527832,0,0,0,0,0,0,0,0,50226.22998046875,186746.10192871094,0,404332056576,8589930496,3985223680,0
199,1778769433019,800,3200,800,902,1100,2000,1100,800,800,2100,800,1557,800,800,800,800,100,0,0,0,0,0,0,0,0,0,0,0,0,0,0,0,50228.943420410156,186752.43658447266,0,404332056576,8589930496,3985223680,0
0,1778769433219,800,3200,800,902,1100,2000,1100,800,800,2100,800,1557,800,800,800,800,60.000003814697266,0,0,0,0,0,0,13.636363983154297,0,0,0,0,0,0,0,0,50230.96875,186758.01538085938,0,404332056576,8589930496,3985223680,0
