Delta,Time,CPU_FREQUENCY_0,CPU_FREQUENCY_1,CPU_FREQUENCY_10,CPU_FREQUENCY_11,CPU_FREQUENCY_12,CPU_FREQUENCY_13,CPU_FREQUENCY_14,CPU_FREQUENCY_15,CPU_FREQUENCY_2,CPU_FREQUENCY_3,CPU_FREQUENCY_4,CPU_FREQUENCY_5,CPU_FREQUENCY_6,CPU_FREQUENCY_7,CPU_FREQUENCY_8,CPU_FREQUENCY_9,CPU_USAGE_0,CPU_USAGE_1,CPU_USAGE_10,CPU_USAGE_11,CPU_USAGE_12,CPU_USAGE_13,CPU_USAGE_14,CPU_USAGE_15,CPU_USAGE_2,CPU_USAGE_3,CPU_USAGE_4,CPU_USAGE_5,CPU_USAGE_6,CPU_USAGE_7,CPU_USAGE_8,CPU_USAGE_9,DRAM_ENERGY (J),PACKAGE_ENERGY (J),PP0_ENERGY (J),TOTAL_MEMORY,TOTAL_SWAP,USED_MEMORY,USED_SWAP
0,1778769278349,971,1450,810,1601,1400,800,800,800,800,799,2000,2000,2100,799,800,1495,4.1666669845581055,4,0,0,0,0,4,0,4,0,4,8,4.1666669845581055,0,4,0,50194.15173339844,184671.67578125,0,404332056576,8589930496,3978452992,0
200,1778769278350,971,1450,810,1601,1400,800,800,800,800,799,2000,2000,2100,799,800,1495,4.1666669845581055,4,0,0,0,0,4,0,4,0,4,8,4.1666669845581055,0,4,0,50194.15173339844,184671.67578125,0,404332056576,8589930496,3978452992,0
200,1778769278550,971,1450,810,1601,1400,800,800,800,800,799,2000,2000,2100,799,800,1495,47.36842346191406,0,0,0,0,0,0,0,0,0,0,0,0,0,0,50,50194.600646972656,184676.39483642578,0,404332056576,8589930496,4011450368,0
199,1778769278750,971,1450,810,1601,1400,800,800,800,800,799,2000,2000,2100,799,800,1495,100,0,0,0,0,0,0,0,0,0,0,0,0,0,0,0,50197.17419433594,184682.76055908203,0,404332056576,8589930496,4028637184,0
0,1778769278950,971,1450,810,1601,1400,800,800,800,800,799,2000,2000,2100,799,800,1495,61.904762268066406,0,0,0,0,0,0,0,0,0,0,0,0,0,0,10,50199.25537109375,184688.37866210938,0,404332056576,8589930496,4028895232,0
