Delta,Time,CPU_FREQUENCY_0,CPU_FREQUENCY_1,CPU_FREQUENCY_10,CPU_FREQUENCY_11,CPU_FREQUENCY_12,CPU_FREQUENCY_13,CPU_FREQUENCY_14,CPU_FREQUENCY_15,CPU_FREQUENCY_2,CPU_FREQUENCY_3,CPU_FREQUENCY_4,CPU_FREQUENCY_5,CPU_FREQUENCY_6,CPU_FREQUENCY_7,CPU_FREQUENCY_8,CPU_FREQUENCY_9,CPU_USAGE_0,CPU_USAGE_1,CPU_USAGE_10,CPU_USAGE_11,CPU_USAGE_12,CPU_USAGE_13,CPU_USAGE_14,CPU_USAGE_15,CPU_USAGE_2,CPU_USAGE_3,CPU_USAGE_4,CPU_USAGE_5,CPU_USAGE_6,CPU_USAGE_7,CPU_USAGE_8,CPU_USAGE_9,DRAM_ENERGY (J),PACKAGE_ENERGY (J),PP0_ENERGY (J),TOTAL_MEMORY,TOTAL_SWAP,USED_MEMORY,USED_SWAP
0,1778769309195,800,2091,800,2000,2000,1000,1429,800,800,800,2099,845,799,800,800,800,8.333333969116211,0,0,4.1666669845581055,0,4.1666669845581055,0,4.1666669845581055,4.1666669845581055,0,4.34782600402832,0,0,8,0,4.1666669845581055,50200.804931640625,185086.3095703125,0,404332056576,8589930496,3996008448,0
200,1778769309196,800,2091,800,2000,2000,1000,1429,800,800,800,2099,845,799,800,800,800,8.333333969116211,0,0,4.1666669845581055,0,4.1666669845581055,0,4.1666669845581055,4.1666669845581055,0,4.34782600402832,0,0,8,0,4.1666669845581055,50200.804931640625,185086.3095703125,0,404332056576,8589930496,3996008448,0
199,1778769309396,800,2091,800,2000,2000,1000,1429,800,800,800,2099,845,799,800,800,800,40,0,0,0,0,0,0,0,0,0,0,0,0,0,55,0,50201.847595214844,185090.9249267578,0,404332056576,8589930496,4012494848,0
199,1778769309596,800,2091,800,2000,2000,1000,1429,800,800,800,2099,845,799,800,800,800,100,0,0,0,0,0,0,0,0,0,0,0,0,0,0,0,50204.68536376953,185097.6224975586,0,404332056576,8589930496,4012494848,0
0,1778769309796,800,2091,800,2000,2000,1000,1429,800,800,800,2099,845,799,800,800,800,52.6315803527832,0,0,0,0,0,0,0,0,0,0,0,0,0,14.285715103149414,0,50206.44500732422,185103.06036376953,0,404332056576,8589930496,4013719552,0
