Delta,Time,CPU_FREQUENCY_0,CPU_FREQUENCY_1,CPU_FREQUENCY_10,CPU_FREQUENCY_11,CPU_FREQUENCY_12,CPU_FREQUENCY_13,CPU_FREQUENCY_14,CPU_FREQUENCY_15,CPU_FREQUENCY_2,CPU_FREQUENCY_3,CPU_FREQUENCY_4,CPU_FREQUENCY_5,CPU_FREQUENCY_6,CPU_FREQUENCY_7,CPU_FREQUENCY_8,CPU_FREQUENCY_9,CPU_USAGE_0,CPU_USAGE_1,CPU_USAGE_10,CPU_USAGE_11,CPU_USAGE_12,CPU_USAGE_13,CPU_USAGE_14,CPU_USAGE_15,CPU_USAGE_2,CPU_USAGE_3,CPU_USAGE_4,CPU_USAGE_5,CPU_USAGE_6,CPU_USAGE_7,CPU_USAGE_8,CPU_USAGE_9,DRAM_ENERGY (J),PACKAGE_ENERGY (J),PP0_ENERGY (J),TOTAL_MEMORY,TOTAL_SWAP,USED_MEMORY,USED_SWAP
0,1778769494328,800,1429,800,1000,800,1000,800,800,800,800,2100,799,1029,799,1495,800,4.1666669845581055,4,4.1666669845581055,4,0,4,8,4,4,4.1666669845581055,8.333333969116211,4,4.1666669845581055,8.333333969116211,4.1666669845581055,0,50238.90661621094,187567.96240234375,0,404332056576,8589930496,3935494144,0
199,1778769494328,800,1429,800,1000,800,1000,800,800,800,800,2100,799,1029,799,1495,800,4.1666669845581055,4,4.1666669845581055,4,0,4,8,4,4,4.1666669845581055,8.333333969116211,4,4.1666669845581055,8.333333969116211,4.1666669845581055,0,50238.90661621094,187567.96240234375,0,404332056576,8589930496,3935494144,0
200,1778769494528,800,1429,800,1000,800,1000,800,800,800,800,2100,799,1029,799,1495,800,42.105262756347656,0,0,0,0,0,0,55,0,0,0,0,0,0,0,0,50239.33428955078,187572.46002197266,0,404332056576,8589930496,3935494144,0
199,1778769494728,800,1429,800,1000,800,1000,800,800,800,800,2100,799,1029,799,1495,800,100,0,0,0,0,0,0,0,0,0,0,4.761904716491699,0,0,0,0,50242.04083251953,187578.97619628906,0,404332056576,8589930496,3936661504,0
0,1778769494929,800,1429,800,1000,800,1000,800,800,800,800,2100,799,1029,799,1495,800,61.904762268066406,0,0,0,0,0,0,10,0,0,0,0,0,0,0,0,50244.017028808594,187584.65087890625,0,404332056576,8589930496,3936661504,0
