Delta,Time,CPU_FREQUENCY_0,CPU_FREQUENCY_1,CPU_FREQUENCY_10,CPU_FREQUENCY_11,CPU_FREQUENCY_12,CPU_FREQUENCY_13,CPU_FREQUENCY_14,CPU_FREQUENCY_15,CPU_FREQUENCY_2,CPU_FREQUENCY_3,CPU_FREQUENCY_4,CPU_FREQUENCY_5,CPU_FREQUENCY_6,CPU_FREQUENCY_7,CPU_FREQUENCY_8,CPU_FREQUENCY_9,CPU_USAGE_0,CPU_USAGE_1,CPU_USAGE_10,CPU_USAGE_11,CPU_USAGE_12,CPU_USAGE_13,CPU_USAGE_14,CPU_USAGE_15,CPU_USAGE_2,CPU_USAGE_3,CPU_USAGE_4,CPU_USAGE_5,CPU_USAGE_6,CPU_USAGE_7,CPU_USAGE_8,CPU_USAGE_9,DRAM_ENERGY (J),PACKAGE_ENERGY (J),PP0_ENERGY (J),TOTAL_MEMORY,TOTAL_SWAP,USED_MEMORY,USED_SWAP
0,1778769648605,800,874,800,799,2000,800,800,1667,800,800,2100,800,2100,799,2000,1120,0,8.333333969116211,0,4.1666669845581055,0,0,0,0,4.1666669845581055,4.1666669845581055,0,8.333333969116211,4.1666669845581055,0,0,4.1666669845581055,50271.77209472656,189631.1127319336,0,404332056576,8589930496,3924963328,0
200,1778769648605,800,874,800,799,2000,800,800,1667,800,800,2100,800,2100,799,2000,1120,0,8.333333969116211,0,4.1666669845581055,0,0,0,0,4.1666669845581055,4.1666669845581055,0,8.333333969116211,4.1666669845581055,0,0,4.1666669845581055,50271.77209472656,189631.1127319336,0,404332056576,8589930496,3924963328,0
199,1778769648805,800,874,800,799,2000,800,800,1667,800,800,2100,800,2100,799,2000,1120,40,0,0,0,0,0,0,60.000003814697266,0,0,0,0,0,0,0,0,50272.37878417969,189635.57818603516,0,404332056576,8589930496,3926904832,0
199,1778769649005,800,874,800,799,2000,800,800,1667,800,800,2100,800,2100,799,2000,1120,100,0,0,0,0,0,0,0,0,0,0,0,0,0,0,0,50275.27697753906,189642.14947509766,0,404332056576,8589930496,3926904832,0
0,1778769649205,800,874,800,799,2000,800,800,1667,800,800,2100,800,2100,799,2000,1120,65,0,0,0,0,0,0,10,0,0,0,0,0,0,0,0,50277.38659667969,189647.79223632813,0,404332056576,8589930496,3926904832,0
