Delta,Time,CPU_FREQUENCY_0,CPU_FREQUENCY_1,CPU_FREQUENCY_10,CPU_FREQUENCY_11,CPU_FREQUENCY_12,CPU_FREQUENCY_13,CPU_FREQUENCY_14,CPU_FREQUENCY_15,CPU_FREQUENCY_2,CPU_FREQUENCY_3,CPU_FREQUENCY_4,CPU_FREQUENCY_5,CPU_FREQUENCY_6,CPU_FREQUENCY_7,CPU_FREQUENCY_8,CPU_FREQUENCY_9,CPU_USAGE_0,CPU_USAGE_1,CPU_USAGE_10,CPU_USAGE_11,CPU_USAGE_12,CPU_USAGE_13,CPU_USAGE_14,CPU_USAGE_15,CPU_USAGE_2,CPU_USAGE_3,CPU_USAGE_4,CPU_USAGE_5,CPU_USAGE_6,CPU_USAGE_7,CPU_USAGE_8,CPU_USAGE_9,DRAM_ENERGY (J),PACKAGE_ENERGY (J),PP0_ENERGY (J),TOTAL_MEMORY,TOTAL_SWAP,USED_MEMORY,USED_SWAP
0,1778768908067,1170,800,1192,800,2000,894,800,1100,800,800,2099,800,1677,1073,1461,1000,0,8.333333969116211,4.1666669845581055,4,0,0,4.1666669845581055,8,0,0,7.692307949066162,0,4.1666669845581055,0,0,8,50107.81768798828,179705.0577392578,0,404332056576,8589930496,4168044544,0
199,1778768908067,1170,800,1192,800,2000,894,800,1100,800,800,2099,800,1677,1073,1461,1000,0,8.333333969116211,4.1666669845581055,4,0,0,4.1666669845581055,8,0,0,7.692307949066162,0,4.1666669845581055,0,0,8,50107.82080078125,179705.0577392578,0,404332056576,8589930496,4168044544,0
199,1778768908267,1170,800,1192,800,2000,894,800,1100,800,800,2099,800,1677,1073,1461,1000,0,0,0,0,0,0,50,0,45,0,0,0,0,0,0,0,50108.63232421875,179709.6851196289,0,404332056576,8589930496,4184301568,0
199,1778768908468,1170,800,1192,800,2000,894,800,1100,800,800,2099,800,1677,1073,1461,1000,0,0,0,0,0,0,0,0,100,0,0,0,0,0,0,0,50111.46221923828,179716.30877685547,0,404332056576,8589930496,4208816128,0
0,1778768908668,1170,800,1192,800,2000,894,800,1100,800,800,2099,800,1677,1073,1461,1000,0,0,0,0,0,0,10,0,57.142860412597656,0,0,0,0,0,0,0,50113.23742675781,179721.60638427734,0,404332056576,8589930496,4208816128,0
