Delta,Time,CPU_FREQUENCY_0,CPU_FREQUENCY_1,CPU_FREQUENCY_10,CPU_FREQUENCY_11,CPU_FREQUENCY_12,CPU_FREQUENCY_13,CPU_FREQUENCY_14,CPU_FREQUENCY_15,CPU_FREQUENCY_2,CPU_FREQUENCY_3,CPU_FREQUENCY_4,CPU_FREQUENCY_5,CPU_FREQUENCY_6,CPU_FREQUENCY_7,CPU_FREQUENCY_8,CPU_FREQUENCY_9,CPU_USAGE_0,CPU_USAGE_1,CPU_USAGE_10,CPU_USAGE_11,CPU_USAGE_12,CPU_USAGE_13,CPU_USAGE_14,CPU_USAGE_15,CPU_USAGE_2,CPU_USAGE_3,CPU_USAGE_4,CPU_USAGE_5,CPU_USAGE_6,CPU_USAGE_7,CPU_USAGE_8,CPU_USAGE_9,DRAM_ENERGY (J),PACKAGE_ENERGY (J),PP0_ENERGY (J),TOTAL_MEMORY,TOTAL_SWAP,USED_MEMORY,USED_SWAP
0,1778769093215,2000,2088,1000,800,800,1300,800,1998,799,800,2100,800,1079,812,1391,800,0,8.333333969116211,0,0,4.1666669845581055,0,0,0,0,0,4.1666669845581055,0,4.1666669845581055,0,0,4.34782600402832,50149.667541503906,182185.3842163086,0,404332056576,8589930496,4028907520,0
199,1778769093215,2000,2088,1000,800,800,1300,800,1998,799,800,2100,800,1079,812,1391,800,0,8.333333969116211,0,0,4.1666669845581055,0,0,0,0,0,4.1666669845581055,0,4.1666669845581055,0,0,4.34782600402832,50149.67907714844,182185.4072265625,0,404332056576,8589930496,4028907520,0
199,1778769093415,2000,2088,1000,800,800,1300,800,1998,799,800,2100,800,1079,812,1391,800,0,4.761904716491699,0,0,0,0,0,0,0,0,0,45,0,0,57.142860412597656,0,50150.73718261719,182189.9994506836,0,404332056576,8589930496,4062187520,0
199,1778769093616,2000,2088,1000,800,800,1300,800,1998,799,800,2100,800,1079,812,1391,800,0,0,0,0,0,0,0,0,0,0,0,100,0,0,0,0,50153.60412597656,182196.6226196289,0,404332056576,8589930496,4078444544,0
0,1778769093816,2000,2088,1000,800,800,1300,800,1998,799,800,2100,800,1079,812,1391,800,0,0,0,0,0,0,0,0,0,0,0,52.6315803527832,0,0,5,0,50155.517028808594,182201.9893798828,0,404332056576,8589930496,4079153152,0
