Delta,Time,CPU_FREQUENCY_0,CPU_FREQUENCY_1,CPU_FREQUENCY_10,CPU_FREQUENCY_11,CPU_FREQUENCY_12,CPU_FREQUENCY_13,CPU_FREQUENCY_14,CPU_FREQUENCY_15,CPU_FREQUENCY_2,CPU_FREQUENCY_3,CPU_FREQUENCY_4,CPU_FREQUENCY_5,CPU_FREQUENCY_6,CPU_FREQUENCY_7,CPU_FREQUENCY_8,CPU_FREQUENCY_9,CPU_USAGE_0,CPU_USAGE_1,CPU_USAGE_10,CPU_USAGE_11,CPU_USAGE_12,CPU_USAGE_13,CPU_USAGE_14,CPU_USAGE_15,CPU_USAGE_2,CPU_USAGE_3,CPU_USAGE_4,CPU_USAGE_5,CPU_USAGE_6,CPU_USAGE_7,CPU_USAGE_8,CPU_USAGE_9,DRAM_ENERGY (J),PACKAGE_ENERGY (J),PP0_ENERGY (J),TOTAL_MEMORY,TOTAL_SWAP,USED_MEMORY,USED_SWAP
0,1778196837634,800,2000,2100,1290,1567,851,800,800,1000,800,800,2000,1327,1238,800,800,8.333333969116211,4.1666669845581055,8,4,4,4.1666669845581055,0,0,0,4,4.1666669845581055,4,4.1666669845581055,0,0,0,121673.25982666016,161715.81256103516,0,404332056576,8589930496,3843588096,0
199,1778196837634,800,2000,2100,1290,1567,851,800,800,1000,800,800,2000,1327,1238,800,800,8.333333969116211,4.1666669845581055,8,4,4,4.1666669845581055,0,0,0,4,4.1666669845581055,4,4.1666669845581055,0,0,0,121673.25982666016,161715.81256103516,0,404332056576,8589930496,3843588096,0
199,1778196837834,800,2000,2100,1290,1567,851,800,800,1000,800,800,2000,1327,1238,800,800,65,60.000003814697266,0,0,0,0,0,30.000001907348633,5,5,50,45,0,14.285715103149414,27.272727966308594,10,121675.35552978516,161722.28295898438,0,404332056576,8589930496,3871195136,0
200,1778196838034,800,2000,2100,1290,1567,851,800,800,1000,800,800,2000,1327,1238,800,800,28.571430206298828,45,0,0,0,0,0,5,5,5.263157844543457,85,80,10.526315689086914,78.94737243652344,35,0,121678.1488647461,161730.35186767578,0,404332056576,8589930496,3872227328,0
199,1778196838235,800,2000,2100,1290,1567,851,800,800,1000,800,800,2000,1327,1238,800,800,15.789472579956055,0,0,0,0,0,0,0,5.263157844543457,10,75,85,85,85,15.000000953674316,0,121680.98950195313,161738.46118164063,0,404332056576,8589930496,3873259520,0
199,1778196838435,800,2000,2100,1290,1567,851,800,800,1000,800,800,2000,1327,1238,800,800,21.052631378173828,5.263157844543457,0,0,0,0,0,0,5,5,70,85,61.904762268066406,85.71428680419922,26.3157901763916,0,121683.86236572266,161746.72143554688,0,404332056576,8589930496,3875323904,0
0,1778196838635,800,2000,2100,1290,1567,851,800,800,1000,800,800,2000,1327,1238,800,800,20,5,0,0,0,0,0,0,0,0,20,20,0,15.789472579956055,15.000000953674316,0,121684.85809326172,161751.20111083984,0,404332056576,8589930496,3875323904,0
