Delta,Time,CPU_FREQUENCY_0,CPU_FREQUENCY_1,CPU_FREQUENCY_10,CPU_FREQUENCY_11,CPU_FREQUENCY_12,CPU_FREQUENCY_13,CPU_FREQUENCY_14,CPU_FREQUENCY_15,CPU_FREQUENCY_2,CPU_FREQUENCY_3,CPU_FREQUENCY_4,CPU_FREQUENCY_5,CPU_FREQUENCY_6,CPU_FREQUENCY_7,CPU_FREQUENCY_8,CPU_FREQUENCY_9,CPU_USAGE_0,CPU_USAGE_1,CPU_USAGE_10,CPU_USAGE_11,CPU_USAGE_12,CPU_USAGE_13,CPU_USAGE_14,CPU_USAGE_15,CPU_USAGE_2,CPU_USAGE_3,CPU_USAGE_4,CPU_USAGE_5,CPU_USAGE_6,CPU_USAGE_7,CPU_USAGE_8,CPU_USAGE_9,DRAM_ENERGY (J),PACKAGE_ENERGY (J),PP0_ENERGY (J),TOTAL_MEMORY,TOTAL_SWAP,USED_MEMORY,USED_SWAP
0,1778195173034,800,800,800,800,2000,2100,1148,1292,800,1632,1488,2000,800,800,800,800,0,0,4.34782600402832,4.34782600402832,0,8.69565200805664,0,0,0,0,4.34782600402832,0,4.1666669845581055,0,0,0,121052.95092773438,138888.44494628906,0,404332056576,8589930496,3856482304,0
199,1778195173035,800,800,800,800,2000,2100,1148,1292,800,1632,1488,2000,800,800,800,800,0,0,4.34782600402832,4.34782600402832,0,8.69565200805664,0,0,0,0,4.34782600402832,0,4.1666669845581055,0,0,0,121052.95434570313,138888.46661376953,0,404332056576,8589930496,3856482304,0
199,1778195173235,800,800,800,800,2000,2100,1148,1292,800,1632,1488,2000,800,800,800,800,47.619049072265625,42.85714340209961,10,4.761904716491699,0,0,33.333335876464844,4.761904716491699,0,10,60.000003814697266,4.761904716491699,5,55,20,23.809524536132813,121054.6148071289,138894.81396484375,0,404332056576,8589930496,3861127168,0
199,1778195173435,800,800,800,800,2000,2100,1148,1292,800,1632,1488,2000,800,800,800,800,15.000000953674316,4.761904716491699,65,60.000003814697266,10,0,0,5.263157844543457,0,0,20,0,0,35,85,80,121056.45349121094,138901.20196533203,0,404332056576,8589930496,3861127168,0
199,1778195173635,800,800,800,800,2000,2100,1148,1292,800,1632,1488,2000,800,800,800,800,5.263157844543457,0,89.47368621826172,90,21.052631378173828,10,0,10,0,0,0,0,0,0,71.42857360839844,89.47368621826172,121057.46020507813,138906.74053955078,0,404332056576,8589930496,3862351872,0
199,1778195173835,800,800,800,800,2000,2100,1148,1292,800,1632,1488,2000,800,800,800,800,0,0,80.95238494873047,85,95,10.526315689086914,5.263157844543457,0,0,0,0,0,0,0,10,85,121059.09167480469,138912.25610351563,0,404332056576,8589930496,3862351872,0
0,1778195174035,800,800,800,800,2000,2100,1148,1292,800,1632,1488,2000,800,800,800,800,0,0,5,5,5,0,0,15.000000953674316,0,0,0,0,0,0,0,5,121059.7642211914,138915.8169555664,0,404332056576,8589930496,3862351872,0
