Delta,Time,CPU_FREQUENCY_0,CPU_FREQUENCY_1,CPU_FREQUENCY_10,CPU_FREQUENCY_11,CPU_FREQUENCY_12,CPU_FREQUENCY_13,CPU_FREQUENCY_14,CPU_FREQUENCY_15,CPU_FREQUENCY_2,CPU_FREQUENCY_3,CPU_FREQUENCY_4,CPU_FREQUENCY_5,CPU_FREQUENCY_6,CPU_FREQUENCY_7,CPU_FREQUENCY_8,CPU_FREQUENCY_9,CPU_USAGE_0,CPU_USAGE_1,CPU_USAGE_10,CPU_USAGE_11,CPU_USAGE_12,CPU_USAGE_13,CPU_USAGE_14,CPU_USAGE_15,CPU_USAGE_2,CPU_USAGE_3,CPU_USAGE_4,CPU_USAGE_5,CPU_USAGE_6,CPU_USAGE_7,CPU_USAGE_8,CPU_USAGE_9,DRAM_ENERGY (J),PACKAGE_ENERGY (J),PP0_ENERGY (J),TOTAL_MEMORY,TOTAL_SWAP,USED_MEMORY,USED_SWAP
0,1778195047439,800,800,1079,1044,800,811,800,800,1655,800,1000,802,1806,800,800,2100,0,0,4.1666669845581055,0,0,0,4.1666669845581055,0,0,0,8,4,4.1666669845581055,0,4.1666669845581055,8.333333969116211,121008.25317382813,137170.54364013672,0,404332056576,8589930496,3858898944,0
200,1778195047439,800,800,1079,1044,800,811,800,800,1655,800,1000,802,1806,800,800,2100,0,0,4.1666669845581055,0,0,0,4.1666669845581055,0,0,0,8,4,4.1666669845581055,0,4.1666669845581055,8.333333969116211,121008.25317382813,137170.54364013672,0,404332056576,8589930496,3858898944,0
199,1778195047639,800,800,1079,1044,800,811,800,800,1655,800,1000,802,1806,800,800,2100,40,0,65,9.090909004211426,0,4.761904716491699,0,65,0,33.333335876464844,0,5,42.85714340209961,4.761904716491699,23.809524536132813,28.571430206298828,121009.46063232422,137176.05627441406,0,404332056576,8589930496,3879538688,0
199,1778195047839,800,800,1079,1044,800,811,800,800,1655,800,1000,802,1806,800,800,2100,10.526315689086914,0,65,5.263157844543457,14.285715103149414,90,65,90,0,0,0,0,0,0,10.526315689086914,35,121011.41107177734,137181.75909423828,0,404332056576,8589930496,3879538688,0
199,1778195048039,800,800,1079,1044,800,811,800,800,1655,800,1000,802,1806,800,800,2100,10,0,0,5.263157844543457,5.263157844543457,95,90,94.73684692382813,0,0,0,0,0,0,31.57894515991211,63.15789031982422,121012.77526855469,137187.41967773438,0,404332056576,8589930496,3879538688,0
199,1778195048240,800,800,1079,1044,800,811,800,800,1655,800,1000,802,1806,800,800,2100,5,0,0,9.523809432983398,10,85,90,85,0,0,0,0,0,0,95,14.285715103149414,121013.90252685547,137192.9740600586,0,404332056576,8589930496,3879538688,0
0,1778195048440,800,800,1079,1044,800,811,800,800,1655,800,1000,802,1806,800,800,2100,0,0,0,0,0,4.761904716491699,0,0,0,0,0,0,0,0,4.761904716491699,10.526315689086914,121014.01721191406,137196.1270751953,0,404332056576,8589930496,3879534592,0
