Delta,Time,CPU_FREQUENCY_0,CPU_FREQUENCY_1,CPU_FREQUENCY_10,CPU_FREQUENCY_11,CPU_FREQUENCY_12,CPU_FREQUENCY_13,CPU_FREQUENCY_14,CPU_FREQUENCY_15,CPU_FREQUENCY_2,CPU_FREQUENCY_3,CPU_FREQUENCY_4,CPU_FREQUENCY_5,CPU_FREQUENCY_6,CPU_FREQUENCY_7,CPU_FREQUENCY_8,CPU_FREQUENCY_9,CPU_USAGE_0,CPU_USAGE_1,CPU_USAGE_10,CPU_USAGE_11,CPU_USAGE_12,CPU_USAGE_13,CPU_USAGE_14,CPU_USAGE_15,CPU_USAGE_2,CPU_USAGE_3,CPU_USAGE_4,CPU_USAGE_5,CPU_USAGE_6,CPU_USAGE_7,CPU_USAGE_8,CPU_USAGE_9,DRAM_ENERGY (J),PACKAGE_ENERGY (J),PP0_ENERGY (J),TOTAL_MEMORY,TOTAL_SWAP,USED_MEMORY,USED_SWAP
0,1778196113810,800,800,2000,803,800,959,800,800,1556,799,800,800,800,1770,800,2100,4.1666669845581055,0,8.333333969116211,4.1666669845581055,0,8,0,0,4.1666669845581055,8,0,0,4,0,4.1666669845581055,4.1666669845581055,121383.7163696289,151776.40118408203,0,404332056576,8589930496,3899559936,0
199,1778196113811,800,800,2000,803,800,959,800,800,1556,799,800,800,800,1770,800,2100,4.1666669845581055,0,8.333333969116211,4.1666669845581055,0,8,0,0,4.1666669845581055,8,0,0,4,0,4.1666669845581055,4.1666669845581055,121383.72039794922,151776.42309570313,0,404332056576,8589930496,3899559936,0
199,1778196114011,800,800,2000,803,800,959,800,800,1556,799,800,800,800,1770,800,2100,68.42105102539063,33.333335876464844,0,61.904762268066406,9.523809432983398,57.894737243652344,10,0,0,0,0,0,0,0,35,25,121385.67297363281,151782.11248779297,0,404332056576,8589930496,3899559936,0
199,1778196114211,800,800,2000,803,800,959,800,800,1556,799,800,800,800,1770,800,2100,14.285715103149414,0,0,95,5.263157844543457,85,10.526315689086914,10,0,0,0,0,0,0,75,85,121387.23352050781,151787.65008544922,0,404332056576,8589930496,3899817984,0
199,1778196114411,800,800,2000,803,800,959,800,800,1556,799,800,800,800,1770,800,2100,10.526315689086914,0,0,95,9.523809432983398,80,14.285715103149414,14.285715103149414,0,0,0,0,0,0,75,80,121389.1978149414,151793.2935180664,0,404332056576,8589930496,3901366272,0
199,1778196114611,800,800,2000,803,800,959,800,800,1556,799,800,800,800,1770,800,2100,10,0,0,90,0,95,10.526315689086914,10,0,0,0,0,0,0,80,94.73684692382813,121390.86682128906,151798.91192626953,0,404332056576,8589930496,3903430656,0
0,1778196114811,800,800,2000,803,800,959,800,800,1556,799,800,800,800,1770,800,2100,15.000000953674316,0,0,15.000000953674316,0,10,0,0,0,0,0,0,0,0,15.000000953674316,14.285715103149414,121391.39770507813,151802.46337890625,0,404332056576,8589930496,3903897600,0
