Delta,Time,CPU_FREQUENCY_0,CPU_FREQUENCY_1,CPU_FREQUENCY_10,CPU_FREQUENCY_11,CPU_FREQUENCY_12,CPU_FREQUENCY_13,CPU_FREQUENCY_14,CPU_FREQUENCY_15,CPU_FREQUENCY_2,CPU_FREQUENCY_3,CPU_FREQUENCY_4,CPU_FREQUENCY_5,CPU_FREQUENCY_6,CPU_FREQUENCY_7,CPU_FREQUENCY_8,CPU_FREQUENCY_9,CPU_USAGE_0,CPU_USAGE_1,CPU_USAGE_10,CPU_USAGE_11,CPU_USAGE_12,CPU_USAGE_13,CPU_USAGE_14,CPU_USAGE_15,CPU_USAGE_2,CPU_USAGE_3,CPU_USAGE_4,CPU_USAGE_5,CPU_USAGE_6,CPU_USAGE_7,CPU_USAGE_8,CPU_USAGE_9,DRAM_ENERGY (J),PACKAGE_ENERGY (J),PP0_ENERGY (J),TOTAL_MEMORY,TOTAL_SWAP,USED_MEMORY,USED_SWAP
0,1778196900732,800,800,2000,2000,800,2100,800,800,800,803,800,2000,2000,2000,2000,800,0,0,4,0,4,12,0,0,0,0,0,4,4.1666669845581055,0,0,0,121708.50567626953,162595.33184814453,0,404332056576,8589930496,3864780800,0
199,1778196900732,800,800,2000,2000,800,2100,800,800,800,803,800,2000,2000,2000,2000,800,0,0,4,0,4,12,0,0,0,0,0,4,4.1666669845581055,0,0,0,121708.50842285156,162595.3546142578,0,404332056576,8589930496,3864780800,0
200,1778196900932,800,800,2000,2000,800,2100,800,800,800,803,800,2000,2000,2000,2000,800,85,65,0,0,0,20,30.000001907348633,4.761904716491699,5,9.523809432983398,9.523809432983398,45,30.000001907348633,0,5,0,121710.63427734375,162601.87469482422,0,404332056576,8589930496,3882229760,0
200,1778196901132,800,800,2000,2000,800,2100,800,800,800,803,800,2000,2000,2000,2000,800,4.761904716491699,80.95238494873047,0,0,0,0,0,0,78.94737243652344,5,10,85,85,14.285715103149414,20,0,121713.47491455078,162610.02758789063,0,404332056576,8589930496,3883769856,0
199,1778196901332,800,800,2000,2000,800,2100,800,800,800,803,800,2000,2000,2000,2000,800,31.57894515991211,20,0,0,0,0,0,0,90,0,10,89.47368621826172,90,22.22222328186035,30.000001907348633,0,121716.39337158203,162618.35968017578,0,404332056576,8589930496,3884544000,0
199,1778196901532,800,800,2000,2000,800,2100,800,800,800,803,800,2000,2000,2000,2000,800,5.555555820465088,0,5,0,0,0,0,0,61.904762268066406,13.636363983154297,10,76.19047546386719,85,85,25,10,121719.28955078125,162626.39739990234,0,404332056576,8589930496,3886288896,0
0,1778196901733,800,800,2000,2000,800,2100,800,800,800,803,800,2000,2000,2000,2000,800,0,15.000000953674316,20,20,5,0,0,9.090909004211426,0,0,0,0,0,0,15.000000953674316,20,121720.26263427734,162630.29913330078,0,404332056576,8589930496,3886030848,0
