Delta,Time,CPU_FREQUENCY_0,CPU_FREQUENCY_1,CPU_FREQUENCY_10,CPU_FREQUENCY_11,CPU_FREQUENCY_12,CPU_FREQUENCY_13,CPU_FREQUENCY_14,CPU_FREQUENCY_15,CPU_FREQUENCY_2,CPU_FREQUENCY_3,CPU_FREQUENCY_4,CPU_FREQUENCY_5,CPU_FREQUENCY_6,CPU_FREQUENCY_7,CPU_FREQUENCY_8,CPU_FREQUENCY_9,CPU_USAGE_0,CPU_USAGE_1,CPU_USAGE_10,CPU_USAGE_11,CPU_USAGE_12,CPU_USAGE_13,CPU_USAGE_14,CPU_USAGE_15,CPU_USAGE_2,CPU_USAGE_3,CPU_USAGE_4,CPU_USAGE_5,CPU_USAGE_6,CPU_USAGE_7,CPU_USAGE_8,CPU_USAGE_9,DRAM_ENERGY (J),PACKAGE_ENERGY (J),PP0_ENERGY (J),TOTAL_MEMORY,TOTAL_SWAP,USED_MEMORY,USED_SWAP
0,1778193856384,953,2000,2000,2099,854,865,800,800,1600,1767,800,800,800,1100,2000,800,0,0,0,8.333333969116211,8,4.1666669845581055,4.1666669845581055,4.1666669845581055,4.1666669845581055,8,0,0,4,4,8,0,120592.90924072266,120919.14166259766,0,404332056576,8589930496,3802365952,0
199,1778193856384,953,2000,2000,2099,854,865,800,800,1600,1767,800,800,800,1100,2000,800,0,0,0,8.333333969116211,8,4.1666669845581055,4.1666669845581055,4.1666669845581055,4.1666669845581055,8,0,0,4,4,8,0,120592.91418457031,120919.1635131836,0,404332056576,8589930496,3802365952,0
200,1778193856584,953,2000,2000,2099,854,865,800,800,1600,1767,800,800,800,1100,2000,800,35,0,14.285715103149414,5,50,40,60.000003814697266,14.285715103149414,0,20,10,4.761904716491699,0,0,52.6315803527832,0,120593.46685791016,120923.78063964844,0,404332056576,8589930496,3814748160,0
199,1778193856784,953,2000,2000,2099,854,865,800,800,1600,1767,800,800,800,1100,2000,800,21.052631378173828,0,10.526315689086914,10,70,90,90,89.47368621826172,0,0,0,0,0,0,0,10,120593.96899414063,120929.18518066406,0,404332056576,8589930496,3816230912,0
199,1778193856985,953,2000,2000,2099,854,865,800,800,1600,1767,800,800,800,1100,2000,800,23.809524536132813,5,9.523809432983398,10,75,90,90,90.47618865966797,0,0,0,0,0,0,9.523809432983398,10,120594.46392822266,120934.61541748047,0,404332056576,8589930496,3818295296,0
199,1778193857185,953,2000,2000,2099,854,865,800,800,1600,1767,800,800,800,1100,2000,800,15.000000953674316,0,0,10,75,89.47368621826172,90,90,0,0,0,0,0,0,10.526315689086914,5,120594.96752929688,120940.03302001953,0,404332056576,8589930496,3818295296,0
0,1778193857385,953,2000,2000,2099,854,865,800,800,1600,1767,800,800,800,1100,2000,800,10.526315689086914,0,0,0,0,0,0,0,0,0,0,0,0,0,0,0,120595.06121826172,120943.09686279297,0,404332056576,8589930496,3818295296,0
