Delta,Time,CPU_FREQUENCY_0,CPU_FREQUENCY_1,CPU_FREQUENCY_10,CPU_FREQUENCY_11,CPU_FREQUENCY_12,CPU_FREQUENCY_13,CPU_FREQUENCY_14,CPU_FREQUENCY_15,CPU_FREQUENCY_2,CPU_FREQUENCY_3,CPU_FREQUENCY_4,CPU_FREQUENCY_5,CPU_FREQUENCY_6,CPU_FREQUENCY_7,CPU_FREQUENCY_8,CPU_FREQUENCY_9,CPU_USAGE_0,CPU_USAGE_1,CPU_USAGE_10,CPU_USAGE_11,CPU_USAGE_12,CPU_USAGE_13,CPU_USAGE_14,CPU_USAGE_15,CPU_USAGE_2,CPU_USAGE_3,CPU_USAGE_4,CPU_USAGE_5,CPU_USAGE_6,CPU_USAGE_7,CPU_USAGE_8,CPU_USAGE_9,DRAM_ENERGY (J),PACKAGE_ENERGY (J),PP0_ENERGY (J),TOTAL_MEMORY,TOTAL_SWAP,USED_MEMORY,USED_SWAP
0,1778194860103,862,1100,2061,800,800,898,800,800,1000,799,1000,1500,866,1627,800,2100,4,4,4.34782600402832,4,7.692307949066162,0,4,0,4,4,4,4,4,4.1666669845581055,4,0,120939.09204101563,134625.8832397461,0,404332056576,8589930496,3821826048,0
200,1778194860103,862,1100,2061,800,800,898,800,800,1000,799,1000,1500,866,1627,800,2100,4,4,4.34782600402832,4,7.692307949066162,0,4,0,4,4,4,4,4,4.1666669845581055,4,0,120939.09204101563,134625.8832397461,0,404332056576,8589930496,3821826048,0
200,1778194860304,862,1100,2061,800,800,898,800,800,1000,799,1000,1500,866,1627,800,2100,90,9.523809432983398,0,0,10.526315689086914,4.761904716491699,0,0,63.15789031982422,10,0,0,50,0,66.66667175292969,0,120941.19146728516,134632.16278076172,0,404332056576,8589930496,3825696768,0
199,1778194860504,862,1100,2061,800,800,898,800,800,1000,799,1000,1500,866,1627,800,2100,70,84.21052551269531,0,0,0,0,0,0,80,10.526315689086914,5,10,94.73684692382813,10.526315689086914,5,0,120944.06713867188,134640.41131591797,0,404332056576,8589930496,3825696768,0
199,1778194860704,862,1100,2061,800,800,898,800,800,1000,799,1000,1500,866,1627,800,2100,50,25,5,0,0,5,0,0,90,10,5.263157844543457,5.263157844543457,90.47618865966797,90,15.000000953674316,0,120946.93041992188,134648.76293945313,0,404332056576,8589930496,3826892800,0
199,1778194860904,862,1100,2061,800,800,898,800,800,1000,799,1000,1500,866,1627,800,2100,70,0,0,0,0,0,0,0,90.47618865966797,5.555555820465088,5.263157844543457,10,95,90,21.052631378173828,0,120949.8002319336,134657.2587890625,0,404332056576,8589930496,3828441088,0
0,1778194861104,862,1100,2061,800,800,898,800,800,1000,799,1000,1500,866,1627,800,2100,20,0,0,0,0,0,0,0,10.526315689086914,4.761904716491699,4.761904716491699,4.761904716491699,10.526315689086914,15.000000953674316,5,0,120950.7446899414,134661.40881347656,0,404332056576,8589930496,3828699136,0
