Delta,Time,CPU_FREQUENCY_0,CPU_FREQUENCY_1,CPU_FREQUENCY_10,CPU_FREQUENCY_11,CPU_FREQUENCY_12,CPU_FREQUENCY_13,CPU_FREQUENCY_14,CPU_FREQUENCY_15,CPU_FREQUENCY_2,CPU_FREQUENCY_3,CPU_FREQUENCY_4,CPU_FREQUENCY_5,CPU_FREQUENCY_6,CPU_FREQUENCY_7,CPU_FREQUENCY_8,CPU_FREQUENCY_9,CPU_USAGE_0,CPU_USAGE_1,CPU_USAGE_10,CPU_USAGE_11,CPU_USAGE_12,CPU_USAGE_13,CPU_USAGE_14,CPU_USAGE_15,CPU_USAGE_2,CPU_USAGE_3,CPU_USAGE_4,CPU_USAGE_5,CPU_USAGE_6,CPU_USAGE_7,CPU_USAGE_8,CPU_USAGE_9,DRAM_ENERGY (J),PACKAGE_ENERGY (J),PP0_ENERGY (J),TOTAL_MEMORY,TOTAL_SWAP,USED_MEMORY,USED_SWAP
0,1778196271860,800,950,800,1234,1999,800,815,800,800,800,800,800,800,1738,800,2100,0,4.1666669845581055,8,4.1666669845581055,4.1666669845581055,4,4.1666669845581055,0,4.1666669845581055,4,4,8,4,4.1666669845581055,0,8.69565200805664,121466.86279296875,153960.25439453125,0,404332056576,8589930496,3872600064,0
199,1778196271861,800,950,800,1234,1999,800,815,800,800,800,800,800,800,1738,800,2100,0,4.1666669845581055,8,4.1666669845581055,4.1666669845581055,4,4.1666669845581055,0,4.1666669845581055,4,4,8,4,4.1666669845581055,0,8.69565200805664,121466.86590576172,153960.2781982422,0,404332056576,8589930496,3872600064,0
199,1778196272061,800,950,800,1234,1999,800,815,800,800,800,800,800,800,1738,800,2100,76.19047546386719,60.000003814697266,10,0,33.333335876464844,0,0,0,5,5.263157844543457,0,40,30.000001907348633,0,0,20,121468.52264404297,153966.5883178711,0,404332056576,8589930496,3882659840,0
199,1778196272261,800,950,800,1234,1999,800,815,800,800,800,800,800,800,1738,800,2100,31.57894515991211,90,0,5,0,5,0,0,5,14.285715103149414,14.285715103149414,90,90,35,25,0,121471.38989257813,153975.05096435547,0,404332056576,8589930496,3882659840,0
199,1778196272461,800,950,800,1234,1999,800,815,800,800,800,800,800,800,1738,800,2100,76.19047546386719,10,0,0,0,0,0,0,5.263157844543457,5.555555820465088,10,95,95,95,5.263157844543457,0,121474.21472167969,153983.58032226563,0,404332056576,8589930496,3884695552,0
199,1778196272661,800,950,800,1234,1999,800,815,800,800,800,800,800,800,1738,800,2100,78.94737243652344,0,0,0,0,0,0,0,0,14.285715103149414,10,90,90,90,15.000000953674316,0,121477.08624267578,153992.12213134766,0,404332056576,8589930496,3886985216,0
0,1778196272861,800,950,800,1234,1999,800,815,800,800,800,800,800,800,1738,800,2100,0,14.285715103149414,0,0,0,0,0,0,0,0,0,0,0,0,0,0,121477.53912353516,153995.27899169922,0,404332056576,8589930496,3886985216,0
