Delta,Time,CPU_FREQUENCY_0,CPU_FREQUENCY_1,CPU_FREQUENCY_10,CPU_FREQUENCY_11,CPU_FREQUENCY_12,CPU_FREQUENCY_13,CPU_FREQUENCY_14,CPU_FREQUENCY_15,CPU_FREQUENCY_2,CPU_FREQUENCY_3,CPU_FREQUENCY_4,CPU_FREQUENCY_5,CPU_FREQUENCY_6,CPU_FREQUENCY_7,CPU_FREQUENCY_8,CPU_FREQUENCY_9,CPU_USAGE_0,CPU_USAGE_1,CPU_USAGE_10,CPU_USAGE_11,CPU_USAGE_12,CPU_USAGE_13,CPU_USAGE_14,CPU_USAGE_15,CPU_USAGE_2,CPU_USAGE_3,CPU_USAGE_4,CPU_USAGE_5,CPU_USAGE_6,CPU_USAGE_7,CPU_USAGE_8,CPU_USAGE_9,DRAM_ENERGY (J),PACKAGE_ENERGY (J),PP0_ENERGY (J),TOTAL_MEMORY,TOTAL_SWAP,USED_MEMORY,USED_SWAP
0,1778193825133,1089,800,800,800,2100,858,807,1409,800,1472,2000,800,800,800,800,800,4,4,4,4,0,4.1666669845581055,0,4,4,4,4,4,0,7.692307949066162,7.692307949066162,4,120579.65264892578,120489.86694335938,0,404332056576,8589930496,3810988032,0
200,1778193825133,1089,800,800,800,2100,858,807,1409,800,1472,2000,800,800,800,800,800,4,4,4,4,0,4.1666669845581055,0,4,4,4,4,4,0,7.692307949066162,7.692307949066162,4,120579.65264892578,120489.86694335938,0,404332056576,8589930496,3810988032,0
199,1778193825333,1089,800,800,800,2100,858,807,1409,800,1472,2000,800,800,800,800,800,94.73684692382813,55,0,0,0,21.052631378173828,4.761904716491699,0,45,5.263157844543457,5,61.904762268066406,5,0,10.526315689086914,0,120581.26123046875,120496.1557006836,0,404332056576,8589930496,3823857664,0
199,1778193825534,1089,800,800,800,2100,858,807,1409,800,1472,2000,800,800,800,800,800,55,90,0,0,0,0,0,0,90,10,5,90,10,25,10,0,120584.17016601563,120504.5972290039,0,404332056576,8589930496,3824631808,0
199,1778193825734,1089,800,800,800,2100,858,807,1409,800,1472,2000,800,800,800,800,800,70,20,0,0,0,0,0,0,95,15.000000953674316,5.263157844543457,95,10.526315689086914,94.73684692382813,5,0,120587.07751464844,120513.158203125,0,404332056576,8589930496,3826352128,0
199,1778193825934,1089,800,800,800,2100,858,807,1409,800,1472,2000,800,800,800,800,800,50,5,0,0,5.263157844543457,0,0,0,85,5.555555820465088,5.263157844543457,75,5,85,30.000001907348633,4.761904716491699,120589.97564697266,120521.38153076172,0,404332056576,8589930496,3828408320,0
0,1778193826134,1089,800,800,800,2100,858,807,1409,800,1472,2000,800,800,800,800,800,0,5,0,0,0,4.761904716491699,0,0,0,0,0,0,0,0,0,0,120590.39050292969,120524.50714111328,0,404332056576,8589930496,3828408320,0
