Delta,Time,CPU_FREQUENCY_0,CPU_FREQUENCY_1,CPU_FREQUENCY_10,CPU_FREQUENCY_11,CPU_FREQUENCY_12,CPU_FREQUENCY_13,CPU_FREQUENCY_14,CPU_FREQUENCY_15,CPU_FREQUENCY_2,CPU_FREQUENCY_3,CPU_FREQUENCY_4,CPU_FREQUENCY_5,CPU_FREQUENCY_6,CPU_FREQUENCY_7,CPU_FREQUENCY_8,CPU_FREQUENCY_9,CPU_USAGE_0,CPU_USAGE_1,CPU_USAGE_10,CPU_USAGE_11,CPU_USAGE_12,CPU_USAGE_13,CPU_USAGE_14,CPU_USAGE_15,CPU_USAGE_2,CPU_USAGE_3,CPU_USAGE_4,CPU_USAGE_5,CPU_USAGE_6,CPU_USAGE_7,CPU_USAGE_8,CPU_USAGE_9,DRAM_ENERGY (J),PACKAGE_ENERGY (J),PP0_ENERGY (J),TOTAL_MEMORY,TOTAL_SWAP,USED_MEMORY,USED_SWAP
0,1778194358437,800,800,2000,2000,2000,3200,800,2099,800,800,800,800,799,1500,800,800,0,4.1666669845581055,0,0,8,4.1666669845581055,4.1666669845581055,4.1666669845581055,0,0,0,4.1666669845581055,0,4.1666669845581055,8.69565200805664,0,120777.73181152344,127791.79180908203,0,404332056576,8589930496,3863830528,0
200,1778194358437,800,800,2000,2000,2000,3200,800,2099,800,800,800,800,799,1500,800,800,0,4.1666669845581055,0,0,8,4.1666669845581055,4.1666669845581055,4.1666669845581055,0,0,0,4.1666669845581055,0,4.1666669845581055,8.69565200805664,0,120777.73181152344,127791.79180908203,0,404332056576,8589930496,3863830528,0
199,1778194358637,800,800,2000,2000,2000,3200,800,2099,800,800,800,800,799,1500,800,800,21.052631378173828,0,15.000000953674316,65,47.36842346191406,0,5,20,0,0,0,47.619049072265625,5,0,4.761904716491699,80,120778.83605957031,127797.162109375,0,404332056576,8589930496,3884445696,0
199,1778194358837,800,800,2000,2000,2000,3200,800,2099,800,800,800,800,799,1500,800,800,38.095237731933594,0,10.526315689086914,89.47368621826172,90,13.636363983154297,10,90,0,0,0,0,0,0,52.6315803527832,0,120779.92797851563,127802.88671875,0,404332056576,8589930496,3884429312,0
199,1778194359037,800,800,2000,2000,2000,3200,800,2099,800,800,800,800,799,1500,800,800,0,0,85,85,80.95238494873047,5.555555820465088,5.263157844543457,84.21052551269531,0,0,0,0,0,0,20,5,120781.0707397461,127808.36364746094,0,404332056576,8589930496,3884429312,0
199,1778194359238,800,800,2000,2000,2000,3200,800,2099,800,800,800,800,799,1500,800,800,5,0,45,90,89.47368621826172,10.526315689086914,0,85.71428680419922,0,0,0,0,0,0,10,40,120782.60540771484,127813.88513183594,0,404332056576,8589930496,3885203456,0
0,1778194359438,800,800,2000,2000,2000,3200,800,2099,800,800,800,800,799,1500,800,800,0,0,14.285715103149414,0,0,0,0,0,0,0,0,0,0,0,0,0,120782.90618896484,127817.38537597656,0,404332056576,8589930496,3885199360,0
