Delta,Time,CPU_FREQUENCY_0,CPU_FREQUENCY_1,CPU_FREQUENCY_10,CPU_FREQUENCY_11,CPU_FREQUENCY_12,CPU_FREQUENCY_13,CPU_FREQUENCY_14,CPU_FREQUENCY_15,CPU_FREQUENCY_2,CPU_FREQUENCY_3,CPU_FREQUENCY_4,CPU_FREQUENCY_5,CPU_FREQUENCY_6,CPU_FREQUENCY_7,CPU_FREQUENCY_8,CPU_FREQUENCY_9,CPU_USAGE_0,CPU_USAGE_1,CPU_USAGE_10,CPU_USAGE_11,CPU_USAGE_12,CPU_USAGE_13,CPU_USAGE_14,CPU_USAGE_15,CPU_USAGE_2,CPU_USAGE_3,CPU_USAGE_4,CPU_USAGE_5,CPU_USAGE_6,CPU_USAGE_7,CPU_USAGE_8,CPU_USAGE_9,DRAM_ENERGY (J),PACKAGE_ENERGY (J),PP0_ENERGY (J),TOTAL_MEMORY,TOTAL_SWAP,USED_MEMORY,USED_SWAP
0,1778192975267,799,2580,800,2000,854,2015,1000,2004,1125,818,800,800,799,2100,904,1500,4,4,0,3.846153974533081,4,0,0,7.692307949066162,4,0,7.407407283782959,0,0,4.1666669845581055,4,4,120184.2894897461,108820.0425415039,0,404332056576,8589930496,3826597888,0
199,1778192975267,799,2580,800,2000,854,2015,1000,2004,1125,818,800,800,799,2100,904,1500,4,4,0,3.846153974533081,4,0,0,7.692307949066162,4,0,7.407407283782959,0,0,4.1666669845581055,4,4,120184.29370117188,108820.06353759766,0,404332056576,8589930496,3826597888,0
199,1778192975467,799,2580,800,2000,854,2015,1000,2004,1125,818,800,800,799,2100,904,1500,35,0,4.761904716491699,0,4.761904716491699,33.333335876464844,19.047618865966797,60.000003814697266,47.619049072265625,5,0,0,0,0,85,5,120184.77307128906,108825.11309814453,0,404332056576,8589930496,3830468608,0
199,1778192975667,799,2580,800,2000,854,2015,1000,2004,1125,818,800,800,799,2100,904,1500,20,4.761904716491699,5.263157844543457,0,10,95,94.73684692382813,85,0,0,0,0,0,0,70,15.000000953674316,120185.25659179688,108830.56146240234,0,404332056576,8589930496,3832016896,0
199,1778192975867,799,2580,800,2000,854,2015,1000,2004,1125,818,800,800,799,2100,904,1500,10.526315689086914,0,5,0,10.526315689086914,90,90,90,0,0,0,0,0,0,80,5.555555820465088,120185.73486328125,108835.97448730469,0,404332056576,8589930496,3834081280,0
199,1778192976068,799,2580,800,2000,854,2015,1000,2004,1125,818,800,800,799,2100,904,1500,5,0,5.263157844543457,0,10,90,90.47618865966797,90,0,0,0,0,0,0,90,15.000000953674316,120186.2685546875,108841.33905029297,0,404332056576,8589930496,3834081280,0
0,1778192976268,799,2580,800,2000,854,2015,1000,2004,1125,818,800,800,799,2100,904,1500,0,0,0,0,0,5,0,0,0,0,0,0,0,0,0,10,120186.36248779297,108844.45141601563,0,404332056576,8589930496,3834081280,0
