Delta,Time,CPU_FREQUENCY_0,CPU_FREQUENCY_1,CPU_FREQUENCY_10,CPU_FREQUENCY_11,CPU_FREQUENCY_12,CPU_FREQUENCY_13,CPU_FREQUENCY_14,CPU_FREQUENCY_15,CPU_FREQUENCY_2,CPU_FREQUENCY_3,CPU_FREQUENCY_4,CPU_FREQUENCY_5,CPU_FREQUENCY_6,CPU_FREQUENCY_7,CPU_FREQUENCY_8,CPU_FREQUENCY_9,CPU_USAGE_0,CPU_USAGE_1,CPU_USAGE_10,CPU_USAGE_11,CPU_USAGE_12,CPU_USAGE_13,CPU_USAGE_14,CPU_USAGE_15,CPU_USAGE_2,CPU_USAGE_3,CPU_USAGE_4,CPU_USAGE_5,CPU_USAGE_6,CPU_USAGE_7,CPU_USAGE_8,CPU_USAGE_9,DRAM_ENERGY (J),PACKAGE_ENERGY (J),PP0_ENERGY (J),TOTAL_MEMORY,TOTAL_SWAP,USED_MEMORY,USED_SWAP
0,1778193668664,800,800,2100,1555,800,800,800,800,800,843,800,1600,1686,927,1000,2099,4.1666669845581055,0,4.1666669845581055,4,0,4,4,0,0,4,4,4.1666669845581055,0,4,0,8.333333969116211,120529.36163330078,118368.65057373047,0,404332056576,8589930496,3824369664,0
200,1778193668664,800,800,2100,1555,800,800,800,800,800,843,800,1600,1686,927,1000,2099,4.1666669845581055,0,4.1666669845581055,4,0,4,4,0,0,4,4,4.1666669845581055,0,4,0,8.333333969116211,120529.36163330078,118368.65057373047,0,404332056576,8589930496,3824369664,0
199,1778193668865,800,800,2100,1555,800,800,800,800,800,843,800,1600,1686,927,1000,2099,40,10,5,40,0,63.15789031982422,65,60.000003814697266,0,0,0,0,0,0,10,9.523809432983398,120529.90649414063,118373.37707519531,0,404332056576,8589930496,3835887616,0
199,1778193669065,800,800,2100,1555,800,800,800,800,800,843,800,1600,1686,927,1000,2099,0,0,10,85,0,80.95238494873047,90.47618865966797,84.21052551269531,0,0,0,0,0,0,10.526315689086914,5.263157844543457,120530.3843383789,118378.68322753906,0,404332056576,8589930496,3837173760,0
199,1778193669265,800,800,2100,1555,800,800,800,800,800,843,800,1600,1686,927,1000,2099,0,0,5,85,0,89.47368621826172,94.73684692382813,85.71428680419922,0,0,0,0,0,0,10,0,120530.85418701172,118383.97473144531,0,404332056576,8589930496,3838205952,0
199,1778193669465,800,800,2100,1555,800,800,800,800,800,843,800,1600,1686,927,1000,2099,30.000001907348633,0,10.526315689086914,65,0,85.71428680419922,90,90,4.761904716491699,0,0,0,0,0,10.526315689086914,10,120531.31134033203,118389.48791503906,0,404332056576,8589930496,3840270336,0
0,1778193669665,800,800,2100,1555,800,800,800,800,800,843,800,1600,1686,927,1000,2099,15.000000953674316,0,0,15.000000953674316,0,15.789472579956055,15.000000953674316,19.047618865966797,0,0,0,0,0,0,5,4.761904716491699,120531.4935913086,118393.15014648438,0,404332056576,8589930496,3840270336,0
