Delta,Time,CPU_FREQUENCY_0,CPU_FREQUENCY_1,CPU_FREQUENCY_10,CPU_FREQUENCY_11,CPU_FREQUENCY_12,CPU_FREQUENCY_13,CPU_FREQUENCY_14,CPU_FREQUENCY_15,CPU_FREQUENCY_2,CPU_FREQUENCY_3,CPU_FREQUENCY_4,CPU_FREQUENCY_5,CPU_FREQUENCY_6,CPU_FREQUENCY_7,CPU_FREQUENCY_8,CPU_FREQUENCY_9,CPU_USAGE_0,CPU_USAGE_1,CPU_USAGE_10,CPU_USAGE_11,CPU_USAGE_12,CPU_USAGE_13,CPU_USAGE_14,CPU_USAGE_15,CPU_USAGE_2,CPU_USAGE_3,CPU_USAGE_4,CPU_USAGE_5,CPU_USAGE_6,CPU_USAGE_7,CPU_USAGE_8,CPU_USAGE_9,DRAM_ENERGY (J),PACKAGE_ENERGY (J),PP0_ENERGY (J),TOTAL_MEMORY,TOTAL_SWAP,USED_MEMORY,USED_SWAP
0,1778193731172,800,800,800,800,800,800,800,2100,800,809,1611,1000,1500,800,2100,804,4,0,4.1666669845581055,0,4.1666669845581055,0,0,0,4.1666669845581055,0,0,4.1666669845581055,4,0,8.333333969116211,0,120542.28289794922,119211.13122558594,0,404332056576,8589930496,3835928576,0
200,1778193731172,800,800,800,800,800,800,800,2100,800,809,1611,1000,1500,800,2100,804,4,0,4.1666669845581055,0,4.1666669845581055,0,0,0,4.1666669845581055,0,0,4.1666669845581055,4,0,8.333333969116211,0,120542.28289794922,119211.13122558594,0,404332056576,8589930496,3835928576,0
199,1778193731372,800,800,800,800,800,800,800,2100,800,809,1611,1000,1500,800,2100,804,50,60.000003814697266,63.15789031982422,9.523809432983398,60.000003814697266,10,0,0,0,0,0,0,0,0,0,47.619049072265625,120544.10369873047,119216.7103881836,0,404332056576,8589930496,3840028672,0
199,1778193731572,800,800,800,800,800,800,800,2100,800,809,1611,1000,1500,800,2100,804,0,0,80.95238494873047,14.285715103149414,85,90,5,14.285715103149414,0,0,0,0,0,0,66.66667175292969,23.809524536132813,120545.5498046875,119222.2035522461,0,404332056576,8589930496,3840028672,0
199,1778193731772,800,800,800,800,800,800,800,2100,800,809,1611,1000,1500,800,2100,804,10.526315689086914,4.761904716491699,95,10.526315689086914,90,94.73684692382813,10,5.263157844543457,0,0,0,0,0,0,80,0,120547.0923461914,119227.8657836914,0,404332056576,8589930496,3841540096,0
199,1778193731973,800,800,800,800,800,800,800,2100,800,809,1611,1000,1500,800,2100,804,15.000000953674316,0,85,10.526315689086914,85,85,5,14.285715103149414,0,0,0,0,0,0,78.94737243652344,0,120548.97668457031,119233.48376464844,0,404332056576,8589930496,3842826240,0
0,1778193732173,800,800,800,800,800,800,800,2100,800,809,1611,1000,1500,800,2100,804,5,0,0,0,0,0,0,0,0,0,0,0,0,0,0,0,120549.09735107422,119236.46618652344,0,404332056576,8589930496,3842826240,0
