Delta,Time,CPU_FREQUENCY_0,CPU_FREQUENCY_1,CPU_FREQUENCY_10,CPU_FREQUENCY_11,CPU_FREQUENCY_12,CPU_FREQUENCY_13,CPU_FREQUENCY_14,CPU_FREQUENCY_15,CPU_FREQUENCY_2,CPU_FREQUENCY_3,CPU_FREQUENCY_4,CPU_FREQUENCY_5,CPU_FREQUENCY_6,CPU_FREQUENCY_7,CPU_FREQUENCY_8,CPU_FREQUENCY_9,CPU_USAGE_0,CPU_USAGE_1,CPU_USAGE_10,CPU_USAGE_11,CPU_USAGE_12,CPU_USAGE_13,CPU_USAGE_14,CPU_USAGE_15,CPU_USAGE_2,CPU_USAGE_3,CPU_USAGE_4,CPU_USAGE_5,CPU_USAGE_6,CPU_USAGE_7,CPU_USAGE_8,CPU_USAGE_9,DRAM_ENERGY (J),PACKAGE_ENERGY (J),PP0_ENERGY (J),TOTAL_MEMORY,TOTAL_SWAP,USED_MEMORY,USED_SWAP
0,1781963223722,800,800,1000,800,800,800,2100,1855,800,2100,818,2001,807,805,2000,2100,12.5,6.45161247253418,6.45161247253418,3.22580623626709,3.22580623626709,12.121212005615234,12.121212005615234,6.45161247253418,9.090909004211426,9.67741870880127,6.25,6.45161247253418,9.375,6.25,15.15151596069336,6.25,212443.82720947266,40738.90899658203,0,404331982848,8589930496,12500422656,0
199,1781963223722,800,800,1000,800,800,800,2100,1855,800,2100,818,2001,807,805,2000,2100,12.5,6.45161247253418,6.45161247253418,3.22580623626709,3.22580623626709,12.121212005615234,12.121212005615234,6.45161247253418,9.090909004211426,9.67741870880127,6.25,6.45161247253418,9.375,6.25,15.15151596069336,6.25,212443.82720947266,40738.90899658203,0,404331982848,8589930496,12500422656,0
199,1781963223922,800,800,1000,800,800,800,2100,1855,800,2100,818,2001,807,805,2000,2100,95.23809814453125,65,61.904762268066406,65,61.904762268066406,65,60.000003814697266,65,63.15789031982422,65,63.15789031982422,61.904762268066406,61.904762268066406,63.15789031982422,65,61.904762268066406,212445.8280029297,40746.06610107422,0,404331982848,8589930496,12500422656,0
199,1781963224123,800,800,1000,800,800,800,2100,1855,800,2100,818,2001,807,805,2000,2100,100,0,0,0,0,0,0,0,0,0,0,0,0,4.761904716491699,0,0,212448.39453125,40752.18603515625,0,404331982848,8589930496,12503232512,0
199,1781963224323,800,800,1000,800,800,800,2100,1855,800,2100,818,2001,807,805,2000,2100,100,0,0,0,0,0,0,0,0,0,0,0,0,0,0,0,212451.2042236328,40758.721618652344,0,404331982848,8589930496,12502974464,0
0,1781963224523,800,800,1000,800,800,800,2100,1855,800,2100,818,2001,807,805,2000,2100,15.000000953674316,0,0,0,0,0,0,0,0,0,0,0,0,0,0,0,212452.0936279297,40762.676025390625,0,404331982848,8589930496,12503486464,0
