Delta,Time,CPU_FREQUENCY_0,CPU_FREQUENCY_1,CPU_FREQUENCY_10,CPU_FREQUENCY_11,CPU_FREQUENCY_12,CPU_FREQUENCY_13,CPU_FREQUENCY_14,CPU_FREQUENCY_15,CPU_FREQUENCY_2,CPU_FREQUENCY_3,CPU_FREQUENCY_4,CPU_FREQUENCY_5,CPU_FREQUENCY_6,CPU_FREQUENCY_7,CPU_FREQUENCY_8,CPU_FREQUENCY_9,CPU_USAGE_0,CPU_USAGE_1,CPU_USAGE_10,CPU_USAGE_11,CPU_USAGE_12,CPU_USAGE_13,CPU_USAGE_14,CPU_USAGE_15,CPU_USAGE_2,CPU_USAGE_3,CPU_USAGE_4,CPU_USAGE_5,CPU_USAGE_6,CPU_USAGE_7,CPU_USAGE_8,CPU_USAGE_9,DRAM_ENERGY (J),PACKAGE_ENERGY (J),PP0_ENERGY (J),TOTAL_MEMORY,TOTAL_SWAP,USED_MEMORY,USED_SWAP
0,1781963596877,800,800,800,800,800,800,803,1002,800,800,800,2100,1154,1613,1000,804,9.67741870880127,6.45161247253418,12.90322494506836,3.22580623626709,6.45161247253418,9.090909004211426,6.25,15.15151596069336,6.25,3.22580623626709,9.375,6.45161247253418,6.45161247253418,9.375,9.375,9.375,212547.29803466797,46250.919677734375,0,404331982848,8589930496,12500529152,0
199,1781963596877,800,800,800,800,800,800,803,1002,800,800,800,2100,1154,1613,1000,804,9.67741870880127,6.45161247253418,12.90322494506836,3.22580623626709,6.45161247253418,9.090909004211426,6.25,15.15151596069336,6.25,3.22580623626709,9.375,6.45161247253418,6.45161247253418,9.375,9.375,9.375,212547.3026123047,46250.94219970703,0,404331982848,8589930496,12500529152,0
199,1781963597078,800,800,800,800,800,800,803,1002,800,800,800,2100,1154,1613,1000,804,95.45454406738281,65,61.904762268066406,65,66.66667175292969,63.15789031982422,65,65,65,65,61.904762268066406,61.904762268066406,61.904762268066406,61.904762268066406,65,61.904762268066406,212547.85034179688,46257.87921142578,0,404331982848,8589930496,12506206208,0
199,1781963597278,800,800,800,800,800,800,803,1002,800,800,800,2100,1154,1613,1000,804,100,0,0,0,0,0,0,0,0,0,0,0,0,0,0,0,212550.25415039063,46263.82012939453,0,404331982848,8589930496,12508327936,0
199,1781963597478,800,800,800,800,800,800,803,1002,800,800,800,2100,1154,1613,1000,804,100,0,0,0,0,0,0,0,0,0,0,0,0,0,0,0,212553.06329345703,46270.27746582031,0,404331982848,8589930496,12508327936,0
0,1781963597678,800,800,800,800,800,800,803,1002,800,800,800,2100,1154,1613,1000,804,15.789472579956055,0,0,0,0,0,0,0,0,0,0,0,0,0,0,0,212553.84765625,46274.254943847656,0,404331982848,8589930496,12508323840,0
