Delta,Time,CPU_FREQUENCY_0,CPU_FREQUENCY_1,CPU_FREQUENCY_10,CPU_FREQUENCY_11,CPU_FREQUENCY_12,CPU_FREQUENCY_13,CPU_FREQUENCY_14,CPU_FREQUENCY_15,CPU_FREQUENCY_2,CPU_FREQUENCY_3,CPU_FREQUENCY_4,CPU_FREQUENCY_5,CPU_FREQUENCY_6,CPU_FREQUENCY_7,CPU_FREQUENCY_8,CPU_FREQUENCY_9,CPU_USAGE_0,CPU_USAGE_1,CPU_USAGE_10,CPU_USAGE_11,CPU_USAGE_12,CPU_USAGE_13,CPU_USAGE_14,CPU_USAGE_15,CPU_USAGE_2,CPU_USAGE_3,CPU_USAGE_4,CPU_USAGE_5,CPU_USAGE_6,CPU_USAGE_7,CPU_USAGE_8,CPU_USAGE_9,DRAM_ENERGY (J),PACKAGE_ENERGY (J),PP0_ENERGY (J),TOTAL_MEMORY,TOTAL_SWAP,USED_MEMORY,USED_SWAP
0,1781963379353,800,2100,2000,1600,800,1089,2100,799,800,800,2100,800,799,800,800,800,10,10.344827651977539,6.896551609039307,7.142857551574707,10,10,13.333333969116211,10.344827651977539,6.896551609039307,6.896551609039307,6.896551609039307,6.896551609039307,7.142857551574707,3.4482758045196533,6.896551609039307,6.896551609039307,212486.32635498047,43033.79333496094,0,404331982848,8589930496,12484542464,0
199,1781963379353,800,2100,2000,1600,800,1089,2100,799,800,800,2100,800,799,800,800,800,10,10.344827651977539,6.896551609039307,7.142857551574707,10,10,13.333333969116211,10.344827651977539,6.896551609039307,6.896551609039307,6.896551609039307,6.896551609039307,7.142857551574707,3.4482758045196533,6.896551609039307,6.896551609039307,212486.32635498047,43033.79333496094,0,404331982848,8589930496,12484542464,0
199,1781963379553,800,2100,2000,1600,800,1089,2100,799,800,800,2100,800,799,800,800,800,63.15789031982422,61.904762268066406,63.15789031982422,100,61.904762268066406,65,63.15789031982422,61.904762268066406,65,65,65,65,61.904762268066406,65,61.904762268066406,65,212488.51013183594,43040.76806640625,0,404331982848,8589930496,12484542464,0
199,1781963379753,800,2100,2000,1600,800,1089,2100,799,800,800,2100,800,799,800,800,800,4.761904716491699,0,4.761904716491699,100,0,0,0,0,0,0,0,0,0,0,0,0,212488.92681884766,43046.11688232422,0,404331982848,8589930496,12484542464,0
0,1781963379954,800,2100,2000,1600,800,1089,2100,799,800,800,2100,800,799,800,800,800,4.761904716491699,0,4.761904716491699,100,0,0,0,0,0,0,0,0,0,0,0,0,212489.49871826172,43051.47625732422,0,404331982848,8589930496,12484542464,0
