Delta,Time,CPU_FREQUENCY_0,CPU_FREQUENCY_1,CPU_FREQUENCY_10,CPU_FREQUENCY_11,CPU_FREQUENCY_12,CPU_FREQUENCY_13,CPU_FREQUENCY_14,CPU_FREQUENCY_15,CPU_FREQUENCY_2,CPU_FREQUENCY_3,CPU_FREQUENCY_4,CPU_FREQUENCY_5,CPU_FREQUENCY_6,CPU_FREQUENCY_7,CPU_FREQUENCY_8,CPU_FREQUENCY_9,CPU_USAGE_0,CPU_USAGE_1,CPU_USAGE_10,CPU_USAGE_11,CPU_USAGE_12,CPU_USAGE_13,CPU_USAGE_14,CPU_USAGE_15,CPU_USAGE_2,CPU_USAGE_3,CPU_USAGE_4,CPU_USAGE_5,CPU_USAGE_6,CPU_USAGE_7,CPU_USAGE_8,CPU_USAGE_9,DRAM_ENERGY (J),PACKAGE_ENERGY (J),PP0_ENERGY (J),TOTAL_MEMORY,TOTAL_SWAP,USED_MEMORY,USED_SWAP
0,1781963627999,800,800,893,2600,800,2010,800,800,2000,800,800,2099,800,800,800,800,3.3333334922790527,10.344827651977539,6.896551609039307,10,6.896551609039307,6.896551609039307,3.5714287757873535,6.6666669845581055,9.67741870880127,13.333333969116211,6.6666669845581055,10,3.4482758045196533,9.67741870880127,6.896551609039307,9.67741870880127,212559.52374267578,46714.71063232422,0,404331982848,8589930496,12483145728,0
199,1781963627999,800,800,893,2600,800,2010,800,800,2000,800,800,2099,800,800,800,800,3.3333334922790527,10.344827651977539,6.896551609039307,10,6.896551609039307,6.896551609039307,3.5714287757873535,6.6666669845581055,9.67741870880127,13.333333969116211,6.6666669845581055,10,3.4482758045196533,9.67741870880127,6.896551609039307,9.67741870880127,212559.52978515625,46714.73175048828,0,404331982848,8589930496,12483145728,0
199,1781963628199,800,800,893,2600,800,2010,800,800,2000,800,800,2099,800,800,800,800,75,65,60.000003814697266,61.904762268066406,65,61.904762268066406,61.904762268066406,100,65,65,61.904762268066406,61.904762268066406,65,63.15789031982422,65,60.000003814697266,212561.62139892578,46721.708251953125,0,404331982848,8589930496,12490256384,0
199,1781963628399,800,800,893,2600,800,2010,800,800,2000,800,800,2099,800,800,800,800,0,0,0,0,0,0,0,100,0,4.761904716491699,0,0,0,0,0,0,212562.09399414063,46726.986389160156,0,404331982848,8589930496,12490256384,0
199,1781963628599,800,800,893,2600,800,2010,800,800,2000,800,800,2099,800,800,800,800,0,0,0,0,0,0,0,100,0,0,0,0,0,0,0,0,212562.5751953125,46732.29718017578,0,404331982848,8589930496,12490256384,0
0,1781963628799,800,800,893,2600,800,2010,800,800,2000,800,800,2099,800,800,800,800,4.761904716491699,0,0,0,0,0,0,10,0,0,0,0,0,0,0,0,212562.98138427734,46735.83074951172,0,404331982848,8589930496,12490252288,0
