Delta,Time,CPU_FREQUENCY_0,CPU_FREQUENCY_1,CPU_FREQUENCY_10,CPU_FREQUENCY_11,CPU_FREQUENCY_12,CPU_FREQUENCY_13,CPU_FREQUENCY_14,CPU_FREQUENCY_15,CPU_FREQUENCY_2,CPU_FREQUENCY_3,CPU_FREQUENCY_4,CPU_FREQUENCY_5,CPU_FREQUENCY_6,CPU_FREQUENCY_7,CPU_FREQUENCY_8,CPU_FREQUENCY_9,CPU_USAGE_0,CPU_USAGE_1,CPU_USAGE_10,CPU_USAGE_11,CPU_USAGE_12,CPU_USAGE_13,CPU_USAGE_14,CPU_USAGE_15,CPU_USAGE_2,CPU_USAGE_3,CPU_USAGE_4,CPU_USAGE_5,CPU_USAGE_6,CPU_USAGE_7,CPU_USAGE_8,CPU_USAGE_9,DRAM_ENERGY (J),PACKAGE_ENERGY (J),PP0_ENERGY (J),TOTAL_MEMORY,TOTAL_SWAP,USED_MEMORY,USED_SWAP
0,1781963285983,2000,800,800,800,800,800,807,1180,800,2100,800,800,804,2000,1000,800,9.67741870880127,6.45161247253418,6.6666669845581055,10,6.6666669845581055,9.67741870880127,6.6666669845581055,10,12.90322494506836,6.6666669845581055,12.90322494506836,9.67741870880127,9.67741870880127,10.344827651977539,6.6666669845581055,6.896551609039307,212463.93426513672,41657.82775878906,0,404331982848,8589930496,12481183744,0
199,1781963285983,2000,800,800,800,800,800,807,1180,800,2100,800,800,804,2000,1000,800,9.67741870880127,6.45161247253418,6.6666669845581055,10,6.6666669845581055,9.67741870880127,6.6666669845581055,10,12.90322494506836,6.6666669845581055,12.90322494506836,9.67741870880127,9.67741870880127,10.344827651977539,6.6666669845581055,6.896551609039307,212463.93426513672,41657.82775878906,0,404331982848,8589930496,12481183744,0
199,1781963286183,2000,800,800,800,800,800,807,1180,800,2100,800,800,804,2000,1000,800,65,65,65,100,65,61.904762268066406,65,65,65,65,65,65,60.000003814697266,65,65,61.904762268066406,212464.66131591797,41663.984313964844,0,404331982848,8589930496,12506013696,0
199,1781963286383,2000,800,800,800,800,800,807,1180,800,2100,800,800,804,2000,1000,800,0,0,0,100,0,0,0,0,0,0,0,0,0,0,0,0,212465.01239013672,41668.82745361328,0,404331982848,8589930496,12506013696,0
199,1781963286583,2000,800,800,800,800,800,807,1180,800,2100,800,800,804,2000,1000,800,0,0,0,100,0,0,0,0,0,0,0,0,0,0,0,0,212465.43310546875,41674.144775390625,0,404331982848,8589930496,12506013696,0
0,1781963286783,2000,800,800,800,800,800,807,1180,800,2100,800,800,804,2000,1000,800,0,0,0,14.285715103149414,0,0,0,0,0,0,0,0,0,4.761904716491699,4.761904716491699,0,212465.57836914063,41677.74841308594,0,404331982848,8589930496,12506009600,0
