Delta,Time,CPU_FREQUENCY_0,CPU_FREQUENCY_1,CPU_FREQUENCY_10,CPU_FREQUENCY_11,CPU_FREQUENCY_12,CPU_FREQUENCY_13,CPU_FREQUENCY_14,CPU_FREQUENCY_15,CPU_FREQUENCY_2,CPU_FREQUENCY_3,CPU_FREQUENCY_4,CPU_FREQUENCY_5,CPU_FREQUENCY_6,CPU_FREQUENCY_7,CPU_FREQUENCY_8,CPU_FREQUENCY_9,CPU_USAGE_0,CPU_USAGE_1,CPU_USAGE_10,CPU_USAGE_11,CPU_USAGE_12,CPU_USAGE_13,CPU_USAGE_14,CPU_USAGE_15,CPU_USAGE_2,CPU_USAGE_3,CPU_USAGE_4,CPU_USAGE_5,CPU_USAGE_6,CPU_USAGE_7,CPU_USAGE_8,CPU_USAGE_9,DRAM_ENERGY (J),PACKAGE_ENERGY (J),PP0_ENERGY (J),TOTAL_MEMORY,TOTAL_SWAP,USED_MEMORY,USED_SWAP
0,1781963752524,2000,800,800,800,1143,799,868,1000,2000,800,2100,800,800,800,800,1600,6.45161247253418,12.5,6.6666669845581055,6.45161247253418,12.121212005615234,9.375,3.22580623626709,6.25,9.375,6.45161247253418,9.375,9.67741870880127,9.375,6.45161247253418,9.67741870880127,9.67741870880127,212594.10076904297,48567.12042236328,0,404331982848,8589930496,12494807040,0
199,1781963752524,2000,800,800,800,1143,799,868,1000,2000,800,2100,800,800,800,800,1600,6.45161247253418,12.5,6.6666669845581055,6.45161247253418,12.121212005615234,9.375,3.22580623626709,6.25,9.375,6.45161247253418,9.375,9.67741870880127,9.375,6.45161247253418,9.67741870880127,9.67741870880127,212594.10076904297,48567.12042236328,0,404331982848,8589930496,12494807040,0
199,1781963752724,2000,800,800,800,1143,799,868,1000,2000,800,2100,800,800,800,800,1600,61.904762268066406,63.15789031982422,61.904762268066406,80,80,60.000003814697266,61.904762268066406,63.15789031982422,60.000003814697266,65,60.000003814697266,65,63.15789031982422,61.904762268066406,61.904762268066406,61.904762268066406,212595.05017089844,48573.45593261719,0,404331982848,8589930496,12502806528,0
199,1781963752924,2000,800,800,800,1143,799,868,1000,2000,800,2100,800,800,800,800,1600,5,0,0,100,0,0,0,0,0,0,0,0,0,0,0,0,212595.50384521484,48578.36389160156,0,404331982848,8589930496,12502806528,0
199,1781963753125,2000,800,800,800,1143,799,868,1000,2000,800,2100,800,800,800,800,1600,0,0,0,100,0,5,0,0,0,0,0,0,0,0,0,0,212595.93518066406,48583.70703125,0,404331982848,8589930496,12502806528,0
0,1781963753325,2000,800,800,800,1143,799,868,1000,2000,800,2100,800,800,800,800,1600,0,4.761904716491699,0,19.047618865966797,0,0,0,0,0,0,0,0,0,0,0,0,212596.44555664063,48587.50164794922,0,404331982848,8589930496,12504866816,0
