Delta,Time,CPU_FREQUENCY_0,CPU_FREQUENCY_1,CPU_FREQUENCY_10,CPU_FREQUENCY_11,CPU_FREQUENCY_12,CPU_FREQUENCY_13,CPU_FREQUENCY_14,CPU_FREQUENCY_15,CPU_FREQUENCY_2,CPU_FREQUENCY_3,CPU_FREQUENCY_4,CPU_FREQUENCY_5,CPU_FREQUENCY_6,CPU_FREQUENCY_7,CPU_FREQUENCY_8,CPU_FREQUENCY_9,CPU_USAGE_0,CPU_USAGE_1,CPU_USAGE_10,CPU_USAGE_11,CPU_USAGE_12,CPU_USAGE_13,CPU_USAGE_14,CPU_USAGE_15,CPU_USAGE_2,CPU_USAGE_3,CPU_USAGE_4,CPU_USAGE_5,CPU_USAGE_6,CPU_USAGE_7,CPU_USAGE_8,CPU_USAGE_9,DRAM_ENERGY (J),PACKAGE_ENERGY (J),PP0_ENERGY (J),TOTAL_MEMORY,TOTAL_SWAP,USED_MEMORY,USED_SWAP
0,1781963907915,800,799,1523,1100,800,2099,800,800,2000,2000,2099,1527,1795,2000,800,800,10,13.793103218078613,10,3.5714287757873535,6.6666669845581055,10,10.344827651977539,3.5714287757873535,3.5714287757873535,10,7.142857551574707,3.5714287757873535,7.142857551574707,6.896551609039307,13.333333969116211,10,212633.2416381836,50877.27227783203,0,404331982848,8589930496,12501651456,0
199,1781963907915,800,799,1523,1100,800,2099,800,800,2000,2000,2099,1527,1795,2000,800,800,10,13.793103218078613,10,3.5714287757873535,6.6666669845581055,10,10.344827651977539,3.5714287757873535,3.5714287757873535,10,7.142857551574707,3.5714287757873535,7.142857551574707,6.896551609039307,13.333333969116211,10,212633.24493408203,50877.29406738281,0,404331982848,8589930496,12501651456,0
199,1781963908115,800,799,1523,1100,800,2099,800,800,2000,2000,2099,1527,1795,2000,800,800,65,65,65,61.904762268066406,65,65,61.904762268066406,65,61.904762268066406,61.904762268066406,65,61.904762268066406,65,61.904762268066406,100,65,212635.2241821289,50884.21423339844,0,404331982848,8589930496,12526211072,0
199,1781963908315,800,799,1523,1100,800,2099,800,800,2000,2000,2099,1527,1795,2000,800,800,0,0,0,0,0,0,0,0,0,0,0,0,0,0,100,0,212635.7398071289,50889.042541503906,0,404331982848,8589930496,12526211072,0
199,1781963908516,800,799,1523,1100,800,2099,800,800,2000,2000,2099,1527,1795,2000,800,800,0,4.761904716491699,0,0,0,0,0,0,5,0,0,0,0,0,100,0,212636.33367919922,50894.46466064453,0,404331982848,8589930496,12526211072,0
0,1781963908716,800,799,1523,1100,800,2099,800,800,2000,2000,2099,1527,1795,2000,800,800,0,0,0,0,0,0,0,0,0,0,0,0,0,0,15.789472579956055,0,212636.85620117188,50898.195556640625,0,404331982848,8589930496,12526211072,0
