Delta,Time,CPU_FREQUENCY_0,CPU_FREQUENCY_1,CPU_FREQUENCY_10,CPU_FREQUENCY_11,CPU_FREQUENCY_12,CPU_FREQUENCY_13,CPU_FREQUENCY_14,CPU_FREQUENCY_15,CPU_FREQUENCY_2,CPU_FREQUENCY_3,CPU_FREQUENCY_4,CPU_FREQUENCY_5,CPU_FREQUENCY_6,CPU_FREQUENCY_7,CPU_FREQUENCY_8,CPU_FREQUENCY_9,CPU_USAGE_0,CPU_USAGE_1,CPU_USAGE_10,CPU_USAGE_11,CPU_USAGE_12,CPU_USAGE_13,CPU_USAGE_14,CPU_USAGE_15,CPU_USAGE_2,CPU_USAGE_3,CPU_USAGE_4,CPU_USAGE_5,CPU_USAGE_6,CPU_USAGE_7,CPU_USAGE_8,CPU_USAGE_9,DRAM_ENERGY (J),PACKAGE_ENERGY (J),PP0_ENERGY (J),TOTAL_MEMORY,TOTAL_SWAP,USED_MEMORY,USED_SWAP
0,1781964001325,800,799,800,800,2024,1000,1662,2000,799,800,2100,1397,1284,1461,1583,1000,12.121212005615234,12.5,9.090909004211426,6.25,6.060606002807617,9.090909004211426,6.25,6.25,6.060606002807617,9.375,9.090909004211426,6.060606002807617,6.25,12.121212005615234,6.25,9.090909004211426,212660.99298095703,52266.53283691406,0,404331982848,8589930496,12505059328,0
199,1781964001325,800,799,800,800,2024,1000,1662,2000,799,800,2100,1397,1284,1461,1583,1000,12.121212005615234,12.5,9.090909004211426,6.25,6.060606002807617,9.090909004211426,6.25,6.25,6.060606002807617,9.375,9.090909004211426,6.060606002807617,6.25,12.121212005615234,6.25,9.090909004211426,212660.99298095703,52266.53283691406,0,404331982848,8589930496,12505059328,0
199,1781964001525,800,799,800,800,2024,1000,1662,2000,799,800,2100,1397,1284,1461,1583,1000,63.15789031982422,66.66667175292969,63.15789031982422,65,61.904762268066406,65,100,65,65,61.904762268066406,63.15789031982422,65,65,61.904762268066406,61.904762268066406,61.904762268066406,212663.00219726563,52273.47930908203,0,404331982848,8589930496,12505055232,0
199,1781964001725,800,799,800,800,2024,1000,1662,2000,799,800,2100,1397,1284,1461,1583,1000,4.761904716491699,0,0,0,0,0,100,0,0,0,0,0,0,0,0,0,212663.42602539063,52278.855712890625,0,404331982848,8589930496,12505055232,0
199,1781964001926,800,799,800,800,2024,1000,1662,2000,799,800,2100,1397,1284,1461,1583,1000,0,0,0,0,0,0,100,0,0,0,0,0,0,0,0,0,212663.85919189453,52284.229919433594,0,404331982848,8589930496,12505055232,0
0,1781964002126,800,799,800,800,2024,1000,1662,2000,799,800,2100,1397,1284,1461,1583,1000,4.761904716491699,0,0,0,0,0,0,0,5,0,0,0,0,0,0,0,212664.27813720703,52287.769470214844,0,404331982848,8589930496,12505313280,0
