Delta,Time,CPU_FREQUENCY_0,CPU_FREQUENCY_1,CPU_FREQUENCY_10,CPU_FREQUENCY_11,CPU_FREQUENCY_12,CPU_FREQUENCY_13,CPU_FREQUENCY_14,CPU_FREQUENCY_15,CPU_FREQUENCY_2,CPU_FREQUENCY_3,CPU_FREQUENCY_4,CPU_FREQUENCY_5,CPU_FREQUENCY_6,CPU_FREQUENCY_7,CPU_FREQUENCY_8,CPU_FREQUENCY_9,CPU_USAGE_0,CPU_USAGE_1,CPU_USAGE_10,CPU_USAGE_11,CPU_USAGE_12,CPU_USAGE_13,CPU_USAGE_14,CPU_USAGE_15,CPU_USAGE_2,CPU_USAGE_3,CPU_USAGE_4,CPU_USAGE_5,CPU_USAGE_6,CPU_USAGE_7,CPU_USAGE_8,CPU_USAGE_9,DRAM_ENERGY (J),PACKAGE_ENERGY (J),PP0_ENERGY (J),TOTAL_MEMORY,TOTAL_SWAP,USED_MEMORY,USED_SWAP
0,1781963254859,884,800,800,800,800,2100,1225,2044,800,2100,2100,2000,991,942,2000,800,9.375,18.18181800842285,9.67741870880127,9.375,9.375,9.375,12.5,12.5,12.5,6.45161247253418,6.45161247253418,9.375,6.6666669845581055,6.45161247253418,12.121212005615234,9.375,212456.82916259766,41201.357849121094,0,404331982848,8589930496,12505239552,0
199,1781963254859,884,800,800,800,800,2100,1225,2044,800,2100,2100,2000,991,942,2000,800,9.375,18.18181800842285,9.67741870880127,9.375,9.375,9.375,12.5,12.5,12.5,6.45161247253418,6.45161247253418,9.375,6.6666669845581055,6.45161247253418,12.121212005615234,9.375,212456.82916259766,41201.357849121094,0,404331982848,8589930496,12505239552,0
199,1781963255059,884,800,800,800,800,2100,1225,2044,800,2100,2100,2000,991,942,2000,800,65,65,60.000003814697266,63.15789031982422,60.000003814697266,65,65,63.15789031982422,61.904762268066406,61.904762268066406,65,63.15789031982422,61.904762268066406,61.904762268066406,65,100,212457.84051513672,41207.693420410156,0,404331982848,8589930496,12506243072,0
199,1781963255259,884,800,800,800,800,2100,1225,2044,800,2100,2100,2000,991,942,2000,800,4.761904716491699,0,0,0,4.761904716491699,0,0,4.761904716491699,0,0,0,4.761904716491699,0,0,0,100,212458.56103515625,41213.048278808594,0,404331982848,8589930496,12509622272,0
199,1781963255459,884,800,800,800,800,2100,1225,2044,800,2100,2100,2000,991,942,2000,800,0,0,0,0,0,0,0,0,0,0,0,0,0,0,0,100,212459.1948852539,41218.45068359375,0,404331982848,8589930496,12509622272,0
0,1781963255660,884,800,800,800,800,2100,1225,2044,800,2100,2100,2000,991,942,2000,800,0,0,0,0,0,0,0,0,0,0,0,0,0,0,0,5,212459.63250732422,41221.99298095703,0,404331982848,8589930496,12509622272,0
