Delta,Time,CPU_FREQUENCY_0,CPU_FREQUENCY_1,CPU_FREQUENCY_10,CPU_FREQUENCY_11,CPU_FREQUENCY_12,CPU_FREQUENCY_13,CPU_FREQUENCY_14,CPU_FREQUENCY_15,CPU_FREQUENCY_2,CPU_FREQUENCY_3,CPU_FREQUENCY_4,CPU_FREQUENCY_5,CPU_FREQUENCY_6,CPU_FREQUENCY_7,CPU_FREQUENCY_8,CPU_FREQUENCY_9,CPU_USAGE_0,CPU_USAGE_1,CPU_USAGE_10,CPU_USAGE_11,CPU_USAGE_12,CPU_USAGE_13,CPU_USAGE_14,CPU_USAGE_15,CPU_USAGE_2,CPU_USAGE_3,CPU_USAGE_4,CPU_USAGE_5,CPU_USAGE_6,CPU_USAGE_7,CPU_USAGE_8,CPU_USAGE_9,DRAM_ENERGY (J),PACKAGE_ENERGY (J),PP0_ENERGY (J),TOTAL_MEMORY,TOTAL_SWAP,USED_MEMORY,USED_SWAP
0,1781963192581,2600,800,800,1654,800,800,1571,1000,2000,2100,817,800,800,800,1153,1000,9.67741870880127,6.6666669845581055,6.45161247253418,10,10,0,6.896551609039307,6.6666669845581055,10.344827651977539,6.6666669845581055,6.45161247253418,6.6666669845581055,10,6.6666669845581055,6.6666669845581055,6.6666669845581055,212431.53735351563,40279.41174316406,0,404331982848,8589930496,12505358336,0
199,1781963192581,2600,800,800,1654,800,800,1571,1000,2000,2100,817,800,800,800,1153,1000,9.67741870880127,6.6666669845581055,6.45161247253418,10,10,0,6.896551609039307,6.6666669845581055,10.344827651977539,6.6666669845581055,6.45161247253418,6.6666669845581055,10,6.6666669845581055,6.6666669845581055,6.6666669845581055,212431.54119873047,40279.435607910156,0,404331982848,8589930496,12505358336,0
200,1781963192781,2600,800,800,1654,800,800,1571,1000,2000,2100,817,800,800,800,1153,1000,63.15789031982422,65,65,65,65,61.904762268066406,61.904762268066406,63.15789031982422,61.904762268066406,65,65,65,63.15789031982422,100,65,65,212432.8432006836,40286.245849609375,0,404331982848,8589930496,12506361856,0
199,1781963192981,2600,800,800,1654,800,800,1571,1000,2000,2100,817,800,800,800,1153,1000,0,0,0,0,0,0,0,0,0,0,0,0,4.761904716491699,100,0,0,212435.66064453125,40292.702087402344,0,404331982848,8589930496,12506361856,0
199,1781963193182,2600,800,800,1654,800,800,1571,1000,2000,2100,817,800,800,800,1153,1000,4.761904716491699,0,0,0,0,0,0,0,0,0,0,0,4.761904716491699,100,0,0,212438.49645996094,40299.1708984375,0,404331982848,8589930496,12506103808,0
0,1781963193382,2600,800,800,1654,800,800,1571,1000,2000,2100,817,800,800,800,1153,1000,0,0,0,0,0,0,5,0,0,0,0,0,0,0,0,0,212438.96697998047,40302.681213378906,0,404331982848,8589930496,12508975104,0
