Delta,Time,CPU_FREQUENCY_0,CPU_FREQUENCY_1,CPU_FREQUENCY_10,CPU_FREQUENCY_11,CPU_FREQUENCY_12,CPU_FREQUENCY_13,CPU_FREQUENCY_14,CPU_FREQUENCY_15,CPU_FREQUENCY_2,CPU_FREQUENCY_3,CPU_FREQUENCY_4,CPU_FREQUENCY_5,CPU_FREQUENCY_6,CPU_FREQUENCY_7,CPU_FREQUENCY_8,CPU_FREQUENCY_9,CPU_USAGE_0,CPU_USAGE_1,CPU_USAGE_10,CPU_USAGE_11,CPU_USAGE_12,CPU_USAGE_13,CPU_USAGE_14,CPU_USAGE_15,CPU_USAGE_2,CPU_USAGE_3,CPU_USAGE_4,CPU_USAGE_5,CPU_USAGE_6,CPU_USAGE_7,CPU_USAGE_8,CPU_USAGE_9,DRAM_ENERGY (J),PACKAGE_ENERGY (J),PP0_ENERGY (J),TOTAL_MEMORY,TOTAL_SWAP,USED_MEMORY,USED_SWAP
0,1781963161456,800,1090,1163,800,800,2000,1896,1759,818,2099,1539,915,2100,800,800,801,9.375,6.45161247253418,6.45161247253418,12.90322494506836,6.45161247253418,9.375,6.6666669845581055,9.375,12.5,6.45161247253418,3.3333334922790527,6.45161247253418,6.45161247253418,6.45161247253418,12.5,6.45161247253418,212417.4535522461,39816.89764404297,0,404331982848,8589930496,12535529472,0
199,1781963161456,800,1090,1163,800,800,2000,1896,1759,818,2099,1539,915,2100,800,800,801,9.375,6.45161247253418,6.45161247253418,12.90322494506836,6.45161247253418,9.375,6.6666669845581055,9.375,12.5,6.45161247253418,3.3333334922790527,6.45161247253418,6.45161247253418,6.45161247253418,12.5,6.45161247253418,212417.4535522461,39816.89764404297,0,404331982848,8589930496,12535529472,0
199,1781963161656,800,1090,1163,800,800,2000,1896,1759,818,2099,1539,915,2100,800,800,801,100,61.904762268066406,65,60.000003814697266,65,61.904762268066406,60.000003814697266,65,65,61.904762268066406,61.904762268066406,65,65,61.904762268066406,65,65,212419.71099853516,39824.20178222656,0,404331982848,8589930496,12535529472,0
199,1781963161856,800,1090,1163,800,800,2000,1896,1759,818,2099,1539,915,2100,800,800,801,100,0,0,0,0,0,0,0,0,0,0,0,0,0,0,0,212422.5518798828,39830.659912109375,0,404331982848,8589930496,12535529472,0
199,1781963162056,800,1090,1163,800,800,2000,1896,1759,818,2099,1539,915,2100,800,800,801,100,0,0,0,0,0,0,0,0,0,0,0,0,5,0,0,212425.4273071289,39837.125244140625,0,404331982848,8589930496,12535529472,0
0,1781963162256,800,1090,1163,800,800,2000,1896,1759,818,2099,1539,915,2100,800,800,801,0,0,4.761904716491699,0,0,0,4.761904716491699,0,0,0,0,0,0,4.761904716491699,0,0,212425.94403076172,39840.65899658203,0,404331982848,8589930496,12535525376,0
