Delta,Time,CPU_FREQUENCY_0,CPU_FREQUENCY_1,CPU_FREQUENCY_10,CPU_FREQUENCY_11,CPU_FREQUENCY_12,CPU_FREQUENCY_13,CPU_FREQUENCY_14,CPU_FREQUENCY_15,CPU_FREQUENCY_2,CPU_FREQUENCY_3,CPU_FREQUENCY_4,CPU_FREQUENCY_5,CPU_FREQUENCY_6,CPU_FREQUENCY_7,CPU_FREQUENCY_8,CPU_FREQUENCY_9,CPU_USAGE_0,CPU_USAGE_1,CPU_USAGE_10,CPU_USAGE_11,CPU_USAGE_12,CPU_USAGE_13,CPU_USAGE_14,CPU_USAGE_15,CPU_USAGE_2,CPU_USAGE_3,CPU_USAGE_4,CPU_USAGE_5,CPU_USAGE_6,CPU_USAGE_7,CPU_USAGE_8,CPU_USAGE_9,DRAM_ENERGY (J),PACKAGE_ENERGY (J),PP0_ENERGY (J),TOTAL_MEMORY,TOTAL_SWAP,USED_MEMORY,USED_SWAP
0,1781963939033,800,886,800,800,800,800,1426,2071,799,800,800,2100,2000,1370,875,2100,6.896551609039307,6.896551609039307,6.896551609039307,10,6.896551609039307,3.5714287757873535,7.142857551574707,6.6666669845581055,10,10.344827651977539,3.3333334922790527,6.896551609039307,6.896551609039307,6.896551609039307,10,3.4482758045196533,212641.90899658203,51337.9794921875,0,404331982848,8589930496,12498771968,0
199,1781963939033,800,886,800,800,800,800,1426,2071,799,800,800,2100,2000,1370,875,2100,6.896551609039307,6.896551609039307,6.896551609039307,10,6.896551609039307,3.5714287757873535,7.142857551574707,6.6666669845581055,10,10.344827651977539,3.3333334922790527,6.896551609039307,6.896551609039307,6.896551609039307,10,3.4482758045196533,212641.90899658203,51337.9794921875,0,404331982848,8589930496,12498771968,0
199,1781963939233,800,886,800,800,800,800,1426,2071,799,800,800,2100,2000,1370,875,2100,61.904762268066406,65,65,61.904762268066406,61.904762268066406,61.904762268066406,100,65,65,60.000003814697266,65,61.904762268066406,60.000003814697266,65,65,65,212643.02130126953,51344.445739746094,0,404331982848,8589930496,12525035520,0
199,1781963939433,800,886,800,800,800,800,1426,2071,799,800,800,2100,2000,1370,875,2100,0,0,0,0,0,0,100,0,0,0,0,0,0,0,0,0,212643.58111572266,51349.54064941406,0,404331982848,8589930496,12525035520,0
199,1781963939633,800,886,800,800,800,800,1426,2071,799,800,800,2100,2000,1370,875,2100,0,4.761904716491699,0,0,0,0,100,0,0,0,0,0,0,0,0,0,212644.22424316406,51354.95568847656,0,404331982848,8589930496,12525035520,0
0,1781963939834,800,886,800,800,800,800,1426,2071,799,800,800,2100,2000,1370,875,2100,0,0,0,0,0,0,10,0,0,0,0,0,0,0,0,0,212644.6939086914,51358.614807128906,0,404331982848,8589930496,12525031424,0
