Delta,Time,CPU_FREQUENCY_0,CPU_FREQUENCY_1,CPU_FREQUENCY_10,CPU_FREQUENCY_11,CPU_FREQUENCY_12,CPU_FREQUENCY_13,CPU_FREQUENCY_14,CPU_FREQUENCY_15,CPU_FREQUENCY_2,CPU_FREQUENCY_3,CPU_FREQUENCY_4,CPU_FREQUENCY_5,CPU_FREQUENCY_6,CPU_FREQUENCY_7,CPU_FREQUENCY_8,CPU_FREQUENCY_9,CPU_USAGE_0,CPU_USAGE_1,CPU_USAGE_10,CPU_USAGE_11,CPU_USAGE_12,CPU_USAGE_13,CPU_USAGE_14,CPU_USAGE_15,CPU_USAGE_2,CPU_USAGE_3,CPU_USAGE_4,CPU_USAGE_5,CPU_USAGE_6,CPU_USAGE_7,CPU_USAGE_8,CPU_USAGE_9,DRAM_ENERGY (J),PACKAGE_ENERGY (J),PP0_ENERGY (J),TOTAL_MEMORY,TOTAL_SWAP,USED_MEMORY,USED_SWAP
0,1781963845873,800,800,800,800,1944,800,2500,800,2000,800,2100,800,800,800,800,1500,10.344827651977539,13.333333969116211,10,16.129032135009766,3.5714287757873535,6.6666669845581055,3.4482758045196533,9.67741870880127,12.90322494506836,6.896551609039307,10,12.90322494506836,6.896551609039307,3.4482758045196533,10,6.896551609039307,212617.03247070313,49954.897888183594,0,404331982848,8589930496,12517605376,0
199,1781963845873,800,800,800,800,1944,800,2500,800,2000,800,2100,800,800,800,800,1500,10.344827651977539,13.333333969116211,10,16.129032135009766,3.5714287757873535,6.6666669845581055,3.4482758045196533,9.67741870880127,12.90322494506836,6.896551609039307,10,12.90322494506836,6.896551609039307,3.4482758045196533,10,6.896551609039307,212617.03594970703,49954.919921875,0,404331982848,8589930496,12517605376,0
199,1781963846073,800,800,800,800,1944,800,2500,800,2000,800,2100,800,800,800,800,1500,61.904762268066406,65,63.15789031982422,63.15789031982422,100,61.904762268066406,61.904762268066406,65,63.15789031982422,61.904762268066406,63.15789031982422,65,60.000003814697266,65,60.000003814697266,61.904762268066406,212618.1889038086,49961.54132080078,0,404331982848,8589930496,12532056064,0
199,1781963846274,800,800,800,800,1944,800,2500,800,2000,800,2100,800,800,800,800,1500,0,0,0,0,100,0,0,0,0,0,0,0,0,0,0,0,212618.67211914063,49966.84765625,0,404331982848,8589930496,12532056064,0
0,1781963846473,800,800,800,800,1944,800,2500,800,2000,800,2100,800,800,800,800,1500,0,0,0,0,100,0,0,0,0,0,0,0,0,0,0,0,212619.17846679688,49972.15673828125,0,404331982848,8589930496,12532056064,0
