Delta,Time,CPU_FREQUENCY_0,CPU_FREQUENCY_1,CPU_FREQUENCY_10,CPU_FREQUENCY_11,CPU_FREQUENCY_12,CPU_FREQUENCY_13,CPU_FREQUENCY_14,CPU_FREQUENCY_15,CPU_FREQUENCY_2,CPU_FREQUENCY_3,CPU_FREQUENCY_4,CPU_FREQUENCY_5,CPU_FREQUENCY_6,CPU_FREQUENCY_7,CPU_FREQUENCY_8,CPU_FREQUENCY_9,CPU_USAGE_0,CPU_USAGE_1,CPU_USAGE_10,CPU_USAGE_11,CPU_USAGE_12,CPU_USAGE_13,CPU_USAGE_14,CPU_USAGE_15,CPU_USAGE_2,CPU_USAGE_3,CPU_USAGE_4,CPU_USAGE_5,CPU_USAGE_6,CPU_USAGE_7,CPU_USAGE_8,CPU_USAGE_9,DRAM_ENERGY (J),PACKAGE_ENERGY (J),PP0_ENERGY (J),TOTAL_MEMORY,TOTAL_SWAP,USED_MEMORY,USED_SWAP
0,1781963783640,2100,806,1913,800,2100,1011,800,909,1035,1005,800,800,2000,1000,800,800,6.6666669845581055,10.344827651977539,13.793103218078613,7.142857551574707,6.6666669845581055,10.344827651977539,3.5714287757873535,10,10.344827651977539,6.896551609039307,13.793103218078613,10.344827651977539,6.896551609039307,10,3.3333334922790527,3.4482758045196533,212601.1187133789,49031.19073486328,0,404331982848,8589930496,12498903040,0
199,1781963783640,2100,806,1913,800,2100,1011,800,909,1035,1005,800,800,2000,1000,800,800,6.6666669845581055,10.344827651977539,13.793103218078613,7.142857551574707,6.6666669845581055,10.344827651977539,3.5714287757873535,10,10.344827651977539,6.896551609039307,13.793103218078613,10.344827651977539,6.896551609039307,10,3.3333334922790527,3.4482758045196533,212601.1187133789,49031.19073486328,0,404331982848,8589930496,12498903040,0
199,1781963783840,2100,806,1913,800,2100,1011,800,909,1035,1005,800,800,2000,1000,800,800,63.15789031982422,65,61.904762268066406,61.904762268066406,61.904762268066406,100,61.904762268066406,60.000003814697266,60.000003814697266,61.904762268066406,61.904762268066406,65,61.904762268066406,60.000003814697266,65,61.904762268066406,212602.43267822266,49037.711486816406,0,404331982848,8589930496,12498903040,0
199,1781963784040,2100,806,1913,800,2100,1011,800,909,1035,1005,800,800,2000,1000,800,800,9.523809432983398,0,0,0,0,100,0,0,9.523809432983398,0,0,0,0,0,0,0,212602.9481201172,49043.00244140625,0,404331982848,8589930496,12498903040,0
199,1781963784240,2100,806,1913,800,2100,1011,800,909,1035,1005,800,800,2000,1000,800,800,0,0,0,0,0,100,0,0,0,0,0,0,0,0,0,0,212603.43634033203,49048.36328125,0,404331982848,8589930496,12501737472,0
0,1781963784440,2100,806,1913,800,2100,1011,800,909,1035,1005,800,800,2000,1000,800,800,0,0,0,0,0,10,0,0,0,0,0,4.761904716491699,0,0,0,0,212603.9422607422,49052.00799560547,0,404331982848,8589930496,12501716992,0
