Delta,Time,CPU_FREQUENCY_0,CPU_FREQUENCY_1,CPU_FREQUENCY_10,CPU_FREQUENCY_11,CPU_FREQUENCY_12,CPU_FREQUENCY_13,CPU_FREQUENCY_14,CPU_FREQUENCY_15,CPU_FREQUENCY_2,CPU_FREQUENCY_3,CPU_FREQUENCY_4,CPU_FREQUENCY_5,CPU_FREQUENCY_6,CPU_FREQUENCY_7,CPU_FREQUENCY_8,CPU_FREQUENCY_9,CPU_USAGE_0,CPU_USAGE_1,CPU_USAGE_10,CPU_USAGE_11,CPU_USAGE_12,CPU_USAGE_13,CPU_USAGE_14,CPU_USAGE_15,CPU_USAGE_2,CPU_USAGE_3,CPU_USAGE_4,CPU_USAGE_5,CPU_USAGE_6,CPU_USAGE_7,CPU_USAGE_8,CPU_USAGE_9,DRAM_ENERGY (J),PACKAGE_ENERGY (J),PP0_ENERGY (J),TOTAL_MEMORY,TOTAL_SWAP,USED_MEMORY,USED_SWAP
0,1781963348241,800,2000,800,800,800,800,1959,1000,800,2100,1093,876,800,3200,800,800,6.6666669845581055,12.90322494506836,9.375,6.6666669845581055,6.6666669845581055,6.45161247253418,6.45161247253418,6.6666669845581055,9.67741870880127,9.67741870880127,9.67741870880127,6.6666669845581055,16.129032135009766,6.6666669845581055,6.45161247253418,6.6666669845581055,212478.01245117188,42575.19500732422,0,404331982848,8589930496,12487827456,0
199,1781963348241,800,2000,800,800,800,800,1959,1000,800,2100,1093,876,800,3200,800,800,6.6666669845581055,12.90322494506836,9.375,6.6666669845581055,6.6666669845581055,6.45161247253418,6.45161247253418,6.6666669845581055,9.67741870880127,9.67741870880127,9.67741870880127,6.6666669845581055,16.129032135009766,6.6666669845581055,6.45161247253418,6.6666669845581055,212478.01245117188,42575.19500732422,0,404331982848,8589930496,12487827456,0
199,1781963348441,800,2000,800,800,800,800,1959,1000,800,2100,1093,876,800,3200,800,800,65,65,65,100,61.904762268066406,66.66667175292969,65,61.904762268066406,63.15789031982422,61.904762268066406,63.15789031982422,65,60.000003814697266,61.904762268066406,65,61.904762268066406,212480.11169433594,42582.098083496094,0,404331982848,8589930496,12488814592,0
199,1781963348641,800,2000,800,800,800,800,1959,1000,800,2100,1093,876,800,3200,800,800,0,0,0,100,0,0,0,0,0,0,0,0,0,0,0,0,212480.587890625,42587.344482421875,0,404331982848,8589930496,12488814592,0
199,1781963348841,800,2000,800,800,800,800,1959,1000,800,2100,1093,876,800,3200,800,800,0,0,0,100,0,0,0,0,0,0,4.761904716491699,0,0,0,0,0,212481.10870361328,42592.695861816406,0,404331982848,8589930496,12488814592,0
0,1781963349041,800,2000,800,800,800,800,1959,1000,800,2100,1093,876,800,3200,800,800,4.761904716491699,0,4.761904716491699,10,0,0,0,0,4.761904716491699,0,0,0,0,0,0,0,212481.7212524414,42596.43243408203,0,404331982848,8589930496,12488810496,0
