Delta,Time,CPU_FREQUENCY_0,CPU_FREQUENCY_1,CPU_FREQUENCY_10,CPU_FREQUENCY_11,CPU_FREQUENCY_12,CPU_FREQUENCY_13,CPU_FREQUENCY_14,CPU_FREQUENCY_15,CPU_FREQUENCY_2,CPU_FREQUENCY_3,CPU_FREQUENCY_4,CPU_FREQUENCY_5,CPU_FREQUENCY_6,CPU_FREQUENCY_7,CPU_FREQUENCY_8,CPU_FREQUENCY_9,CPU_USAGE_0,CPU_USAGE_1,CPU_USAGE_10,CPU_USAGE_11,CPU_USAGE_12,CPU_USAGE_13,CPU_USAGE_14,CPU_USAGE_15,CPU_USAGE_2,CPU_USAGE_3,CPU_USAGE_4,CPU_USAGE_5,CPU_USAGE_6,CPU_USAGE_7,CPU_USAGE_8,CPU_USAGE_9,DRAM_ENERGY (J),PACKAGE_ENERGY (J),PP0_ENERGY (J),TOTAL_MEMORY,TOTAL_SWAP,USED_MEMORY,USED_SWAP
0,1781963317114,3000,2000,800,2100,800,800,1574,2000,821,800,2100,894,951,852,1000,800,12.90322494506836,12.5,9.67741870880127,9.375,9.375,0,6.45161247253418,9.67741870880127,12.5,3.3333334922790527,9.67741870880127,6.45161247253418,6.6666669845581055,6.45161247253418,12.121212005615234,6.45161247253418,212470.56396484375,42117.37878417969,0,404331982848,8589930496,12470657024,0
199,1781963317114,3000,2000,800,2100,800,800,1574,2000,821,800,2100,894,951,852,1000,800,12.90322494506836,12.5,9.67741870880127,9.375,9.375,0,6.45161247253418,9.67741870880127,12.5,3.3333334922790527,9.67741870880127,6.45161247253418,6.6666669845581055,6.45161247253418,12.121212005615234,6.45161247253418,212470.56396484375,42117.37878417969,0,404331982848,8589930496,12470657024,0
199,1781963317314,3000,2000,800,2100,800,800,1574,2000,821,800,2100,894,951,852,1000,800,65,65,65,65,65,65,61.904762268066406,65,65,65,63.15789031982422,65,65,65,100,65,212471.6231689453,42123.72937011719,0,404331982848,8589930496,12495458304,0
199,1781963317514,3000,2000,800,2100,800,800,1574,2000,821,800,2100,894,951,852,1000,800,0,0,0,0,0,0,0,0,0,0,0,0,0,0,100,0,212471.9952392578,42128.86706542969,0,404331982848,8589930496,12495458304,0
199,1781963317715,3000,2000,800,2100,800,800,1574,2000,821,800,2100,894,951,852,1000,800,0,0,0,0,0,0,0,0,0,0,0,0,0,0,100,0,212472.41827392578,42134.165466308594,0,404331982848,8589930496,12495458304,0
0,1781963317915,3000,2000,800,2100,800,800,1574,2000,821,800,2100,894,951,852,1000,800,0,0,0,0,0,0,0,0,0,0,0,0,0,0,10.526315689086914,0,212472.88537597656,42137.775329589844,0,404331982848,8589930496,12495454208,0
