Delta,Time,CPU_FREQUENCY_0,CPU_FREQUENCY_1,CPU_FREQUENCY_10,CPU_FREQUENCY_11,CPU_FREQUENCY_12,CPU_FREQUENCY_13,CPU_FREQUENCY_14,CPU_FREQUENCY_15,CPU_FREQUENCY_2,CPU_FREQUENCY_3,CPU_FREQUENCY_4,CPU_FREQUENCY_5,CPU_FREQUENCY_6,CPU_FREQUENCY_7,CPU_FREQUENCY_8,CPU_FREQUENCY_9,CPU_USAGE_0,CPU_USAGE_1,CPU_USAGE_10,CPU_USAGE_11,CPU_USAGE_12,CPU_USAGE_13,CPU_USAGE_14,CPU_USAGE_15,CPU_USAGE_2,CPU_USAGE_3,CPU_USAGE_4,CPU_USAGE_5,CPU_USAGE_6,CPU_USAGE_7,CPU_USAGE_8,CPU_USAGE_9,DRAM_ENERGY (J),PACKAGE_ENERGY (J),PP0_ENERGY (J),TOTAL_MEMORY,TOTAL_SWAP,USED_MEMORY,USED_SWAP
0,1781963410300,800,800,1000,1500,800,842,800,902,800,2100,800,800,2000,3200,800,1000,34.375,20.58823585510254,32.352943420410156,5.882352828979492,9.090909004211426,9.090909004211426,6.45161247253418,6.25,12.121212005615234,36.3636360168457,6.25,8.823529243469238,6.060606002807617,9.090909004211426,30.30303192138672,6.060606002807617,212495.130859375,43493.75769042969,0,404331982848,8589930496,12478955520,0
199,1781963410300,800,800,1000,1500,800,842,800,902,800,2100,800,800,2000,3200,800,1000,34.375,20.58823585510254,32.352943420410156,5.882352828979492,9.090909004211426,9.090909004211426,6.45161247253418,6.25,12.121212005615234,36.3636360168457,6.25,8.823529243469238,6.060606002807617,9.090909004211426,30.30303192138672,6.060606002807617,212495.13513183594,43493.77978515625,0,404331982848,8589930496,12478955520,0
199,1781963410500,800,800,1000,1500,800,842,800,902,800,2100,800,800,2000,3200,800,1000,61.904762268066406,61.904762268066406,65,63.15789031982422,61.904762268066406,65,63.6363639831543,61.904762268066406,61.904762268066406,63.15789031982422,61.904762268066406,65,65,63.15789031982422,65,100,212496.53643798828,43500.429443359375,0,404331982848,8589930496,12479213568,0
199,1781963410700,800,800,1000,1500,800,842,800,902,800,2100,800,800,2000,3200,800,1000,0,0,0,0,0,0,0,4.761904716491699,0,0,0,0,0,0,0,100,212497.2772216797,43505.8203125,0,404331982848,8589930496,12479205376,0
199,1781963410900,800,800,1000,1500,800,842,800,902,800,2100,800,800,2000,3200,800,1000,0,0,0,0,0,0,0,0,0,0,0,0,0,0,0,100,212497.76470947266,43511.12683105469,0,404331982848,8589930496,12479205376,0
0,1781963411100,800,800,1000,1500,800,842,800,902,800,2100,800,800,2000,3200,800,1000,4.761904716491699,0,0,0,0,0,0,0,0,0,0,0,0,0,0,4.761904716491699,212498.19604492188,43514.663513183594,0,404331982848,8589930496,12479205376,0
