Delta,Time,CPU_FREQUENCY_0,CPU_FREQUENCY_1,CPU_FREQUENCY_10,CPU_FREQUENCY_11,CPU_FREQUENCY_12,CPU_FREQUENCY_13,CPU_FREQUENCY_14,CPU_FREQUENCY_15,CPU_FREQUENCY_2,CPU_FREQUENCY_3,CPU_FREQUENCY_4,CPU_FREQUENCY_5,CPU_FREQUENCY_6,CPU_FREQUENCY_7,CPU_FREQUENCY_8,CPU_FREQUENCY_9,CPU_USAGE_0,CPU_USAGE_1,CPU_USAGE_10,CPU_USAGE_11,CPU_USAGE_12,CPU_USAGE_13,CPU_USAGE_14,CPU_USAGE_15,CPU_USAGE_2,CPU_USAGE_3,CPU_USAGE_4,CPU_USAGE_5,CPU_USAGE_6,CPU_USAGE_7,CPU_USAGE_8,CPU_USAGE_9,DRAM_ENERGY (J),PACKAGE_ENERGY (J),PP0_ENERGY (J),TOTAL_MEMORY,TOTAL_SWAP,USED_MEMORY,USED_SWAP
0,1781963099196,2100,2100,799,800,1036,1712,800,940,2100,2100,799,2051,800,2100,1674,2100,6.6666669845581055,6.896551609039307,6.896551609039307,10,6.6666669845581055,10,6.896551609039307,16.129032135009766,6.896551609039307,6.6666669845581055,6.896551609039307,3.5714287757873535,10.344827651977539,3.5714287757873535,3.5714287757873535,6.896551609039307,212388.81567382813,38890.572692871094,0,404331982848,8589930496,12547461120,0
199,1781963099196,2100,2100,799,800,1036,1712,800,940,2100,2100,799,2051,800,2100,1674,2100,6.6666669845581055,6.896551609039307,6.896551609039307,10,6.6666669845581055,10,6.896551609039307,16.129032135009766,6.896551609039307,6.6666669845581055,6.896551609039307,3.5714287757873535,10.344827651977539,3.5714287757873535,3.5714287757873535,6.896551609039307,212388.81896972656,38890.594970703125,0,404331982848,8589930496,12547461120,0
199,1781963099396,2100,2100,799,800,1036,1712,800,940,2100,2100,799,2051,800,2100,1674,2100,100,65,61.904762268066406,65,65,65,61.904762268066406,65,65,65,61.904762268066406,61.904762268066406,60.000003814697266,61.904762268066406,61.904762268066406,60.000003814697266,212390.77905273438,38897.69903564453,0,404331982848,8589930496,12562194432,0
199,1781963099596,2100,2100,799,800,1036,1712,800,940,2100,2100,799,2051,800,2100,1674,2100,100,0,0,0,0,0,0,0,0,0,0,0,0,0,0,0,212393.65216064453,38904.1767578125,0,404331982848,8589930496,12562194432,0
199,1781963099796,2100,2100,799,800,1036,1712,800,940,2100,2100,799,2051,800,2100,1674,2100,100,0,0,0,0,0,0,0,0,0,0,0,0,0,0,4.761904716491699,212396.5458984375,38910.690490722656,0,404331982848,8589930496,12562194432,0
0,1781963099997,2100,2100,799,800,1036,1712,800,940,2100,2100,799,2051,800,2100,1674,2100,5,0,0,0,0,0,0,0,0,0,0,0,0,4.761904716491699,0,0,212397.0889892578,38914.39581298828,0,404331982848,8589930496,12562190336,0
