Delta,Time,CPU_FREQUENCY_0,CPU_FREQUENCY_1,CPU_FREQUENCY_10,CPU_FREQUENCY_11,CPU_FREQUENCY_12,CPU_FREQUENCY_13,CPU_FREQUENCY_14,CPU_FREQUENCY_15,CPU_FREQUENCY_2,CPU_FREQUENCY_3,CPU_FREQUENCY_4,CPU_FREQUENCY_5,CPU_FREQUENCY_6,CPU_FREQUENCY_7,CPU_FREQUENCY_8,CPU_FREQUENCY_9,CPU_USAGE_0,CPU_USAGE_1,CPU_USAGE_10,CPU_USAGE_11,CPU_USAGE_12,CPU_USAGE_13,CPU_USAGE_14,CPU_USAGE_15,CPU_USAGE_2,CPU_USAGE_3,CPU_USAGE_4,CPU_USAGE_5,CPU_USAGE_6,CPU_USAGE_7,CPU_USAGE_8,CPU_USAGE_9,DRAM_ENERGY (J),PACKAGE_ENERGY (J),PP0_ENERGY (J),TOTAL_MEMORY,TOTAL_SWAP,USED_MEMORY,USED_SWAP
0,1781963565738,1024,799,799,1000,800,913,1904,1000,800,800,2100,800,800,2100,800,800,6.45161247253418,9.67741870880127,9.67741870880127,15.625,12.90322494506836,3.3333334922790527,6.6666669845581055,9.67741870880127,12.90322494506836,9.67741870880127,9.090909004211426,6.45161247253418,9.67741870880127,3.3333334922790527,9.67741870880127,6.45161247253418,212540.27294921875,45793.54620361328,0,404331982848,8589930496,12502061056,0
199,1781963565738,1024,799,799,1000,800,913,1904,1000,800,800,2100,800,800,2100,800,800,6.45161247253418,9.67741870880127,9.67741870880127,15.625,12.90322494506836,3.3333334922790527,6.6666669845581055,9.67741870880127,12.90322494506836,9.67741870880127,9.090909004211426,6.45161247253418,9.67741870880127,3.3333334922790527,9.67741870880127,6.45161247253418,212540.27642822266,45793.568115234375,0,404331982848,8589930496,12502061056,0
199,1781963565939,1024,799,799,1000,800,913,1904,1000,800,800,2100,800,800,2100,800,800,61.904762268066406,60.000003814697266,61.904762268066406,63.15789031982422,63.15789031982422,65,100,61.904762268066406,61.904762268066406,61.904762268066406,63.15789031982422,65,61.904762268066406,65,65,65,212541.5648803711,45800.06384277344,0,404331982848,8589930496,12502061056,0
199,1781963566139,1024,799,799,1000,800,913,1904,1000,800,800,2100,800,800,2100,800,800,0,5,0,0,4.761904716491699,0,100,0,0,0,0,0,0,0,0,0,212542.05474853516,45805.402770996094,0,404331982848,8589930496,12502061056,0
199,1781963566339,1024,799,799,1000,800,913,1904,1000,800,800,2100,800,800,2100,800,800,0,0,0,0,0,0,100,0,0,0,0,0,0,0,0,0,212542.57470703125,45810.77020263672,0,404331982848,8589930496,12503064576,0
0,1781963566539,1024,799,799,1000,800,913,1904,1000,800,800,2100,800,800,2100,800,800,4.761904716491699,0,0,0,0,0,0,0,0,0,0,0,0,0,0,0,212543.0848388672,45814.20147705078,0,404331982848,8589930496,12503064576,0
