Delta,Time,CPU_FREQUENCY_0,CPU_FREQUENCY_1,CPU_FREQUENCY_10,CPU_FREQUENCY_11,CPU_FREQUENCY_12,CPU_FREQUENCY_13,CPU_FREQUENCY_14,CPU_FREQUENCY_15,CPU_FREQUENCY_2,CPU_FREQUENCY_3,CPU_FREQUENCY_4,CPU_FREQUENCY_5,CPU_FREQUENCY_6,CPU_FREQUENCY_7,CPU_FREQUENCY_8,CPU_FREQUENCY_9,CPU_USAGE_0,CPU_USAGE_1,CPU_USAGE_10,CPU_USAGE_11,CPU_USAGE_12,CPU_USAGE_13,CPU_USAGE_14,CPU_USAGE_15,CPU_USAGE_2,CPU_USAGE_3,CPU_USAGE_4,CPU_USAGE_5,CPU_USAGE_6,CPU_USAGE_7,CPU_USAGE_8,CPU_USAGE_9,DRAM_ENERGY (J),PACKAGE_ENERGY (J),PP0_ENERGY (J),TOTAL_MEMORY,TOTAL_SWAP,USED_MEMORY,USED_SWAP
0,1781963659124,2000,800,800,1934,2000,800,800,800,2000,800,2100,800,800,800,800,2000,12.90322494506836,6.896551609039307,9.67741870880127,12.90322494506836,6.896551609039307,3.4482758045196533,9.67741870880127,6.6666669845581055,9.67741870880127,10,6.6666669845581055,9.375,6.6666669845581055,12.90322494506836,9.67741870880127,12.5,212569.76959228516,47178.648986816406,0,404331982848,8589930496,12481576960,0
199,1781963659124,2000,800,800,1934,2000,800,800,800,2000,800,2100,800,800,800,800,2000,12.90322494506836,6.896551609039307,9.67741870880127,12.90322494506836,6.896551609039307,3.4482758045196533,9.67741870880127,6.6666669845581055,9.67741870880127,10,6.6666669845581055,9.375,6.6666669845581055,12.90322494506836,9.67741870880127,12.5,212569.76959228516,47178.648986816406,0,404331982848,8589930496,12481576960,0
199,1781963659324,2000,800,800,1934,2000,800,800,800,2000,800,2100,800,800,800,800,2000,61.904762268066406,65,61.904762268066406,61.904762268066406,61.904762268066406,61.904762268066406,65,65,63.15789031982422,65,65,63.15789031982422,65,61.904762268066406,60.000003814697266,100,212571.77069091797,47185.586181640625,0,404331982848,8589930496,12509229056,0
199,1781963659524,2000,800,800,1934,2000,800,800,800,2000,800,2100,800,800,800,800,2000,0,0,0,0,0,0,0,0,0,0,0,4.761904716491699,0,0,0,100,212572.16412353516,47190.93914794922,0,404331982848,8589930496,12509229056,0
199,1781963659724,2000,800,800,1934,2000,800,800,800,2000,800,2100,800,800,800,800,2000,0,0,0,0,0,0,0,0,0,0,0,0,0,0,0,100,212572.60131835938,47196.311462402344,0,404331982848,8589930496,12509229056,0
0,1781963659925,2000,800,800,1934,2000,800,800,800,2000,800,2100,800,800,800,800,2000,0,0,0,0,0,0,0,0,0,0,0,0,0,0,0,9.523809432983398,212572.91278076172,47199.737854003906,0,404331982848,8589930496,12509224960,0
