Delta,Time,CPU_FREQUENCY_0,CPU_FREQUENCY_1,CPU_FREQUENCY_10,CPU_FREQUENCY_11,CPU_FREQUENCY_12,CPU_FREQUENCY_13,CPU_FREQUENCY_14,CPU_FREQUENCY_15,CPU_FREQUENCY_2,CPU_FREQUENCY_3,CPU_FREQUENCY_4,CPU_FREQUENCY_5,CPU_FREQUENCY_6,CPU_FREQUENCY_7,CPU_FREQUENCY_8,CPU_FREQUENCY_9,CPU_USAGE_0,CPU_USAGE_1,CPU_USAGE_10,CPU_USAGE_11,CPU_USAGE_12,CPU_USAGE_13,CPU_USAGE_14,CPU_USAGE_15,CPU_USAGE_2,CPU_USAGE_3,CPU_USAGE_4,CPU_USAGE_5,CPU_USAGE_6,CPU_USAGE_7,CPU_USAGE_8,CPU_USAGE_9,DRAM_ENERGY (J),PACKAGE_ENERGY (J),PP0_ENERGY (J),TOTAL_MEMORY,TOTAL_SWAP,USED_MEMORY,USED_SWAP
0,1781963441425,2000,800,800,800,800,800,800,1751,800,800,2100,800,815,800,800,1100,6.6666669845581055,16.129032135009766,9.67741870880127,3.4482758045196533,3.3333334922790527,0,9.67741870880127,16.129032135009766,6.6666669845581055,10,6.896551609039307,10,6.6666669845581055,6.45161247253418,6.6666669845581055,6.45161247253418,212502.5863647461,43953.104248046875,0,404331982848,8589930496,12474277888,0
199,1781963441425,2000,800,800,800,800,800,800,1751,800,800,2100,800,815,800,800,1100,6.6666669845581055,16.129032135009766,9.67741870880127,3.4482758045196533,3.3333334922790527,0,9.67741870880127,16.129032135009766,6.6666669845581055,10,6.896551609039307,10,6.6666669845581055,6.45161247253418,6.6666669845581055,6.45161247253418,212502.5863647461,43953.104248046875,0,404331982848,8589930496,12474277888,0
199,1781963441625,2000,800,800,800,800,800,800,1751,800,800,2100,800,815,800,800,1100,61.904762268066406,65,65,65,65,61.904762268066406,61.904762268066406,100,61.904762268066406,65,61.904762268066406,63.15789031982422,65,65,61.904762268066406,65,212503.9493408203,43959.72253417969,0,404331982848,8589930496,12496470016,0
199,1781963441826,2000,800,800,800,800,800,800,1751,800,800,2100,800,815,800,800,1100,0,0,0,0,0,0,0,100,0,0,0,4.761904716491699,0,0,0,0,212504.47625732422,43964.65051269531,0,404331982848,8589930496,12496470016,0
199,1781963442026,2000,800,800,800,800,800,800,1751,800,800,2100,800,815,800,800,1100,0,5,0,0,0,0,0,100,0,0,0,0,0,0,0,0,212505.22827148438,43970.05529785156,0,404331982848,8589930496,12496470016,0
0,1781963442226,2000,800,800,800,800,800,800,1751,800,800,2100,800,815,800,800,1100,0,0,0,0,0,0,0,15.789472579956055,0,0,0,0,0,0,0,0,212505.6713256836,43973.86083984375,0,404331982848,8589930496,12496470016,0
