Delta,Time,CPU_FREQUENCY_0,CPU_FREQUENCY_1,CPU_FREQUENCY_10,CPU_FREQUENCY_11,CPU_FREQUENCY_12,CPU_FREQUENCY_13,CPU_FREQUENCY_14,CPU_FREQUENCY_15,CPU_FREQUENCY_2,CPU_FREQUENCY_3,CPU_FREQUENCY_4,CPU_FREQUENCY_5,CPU_FREQUENCY_6,CPU_FREQUENCY_7,CPU_FREQUENCY_8,CPU_FREQUENCY_9,CPU_USAGE_0,CPU_USAGE_1,CPU_USAGE_10,CPU_USAGE_11,CPU_USAGE_12,CPU_USAGE_13,CPU_USAGE_14,CPU_USAGE_15,CPU_USAGE_2,CPU_USAGE_3,CPU_USAGE_4,CPU_USAGE_5,CPU_USAGE_6,CPU_USAGE_7,CPU_USAGE_8,CPU_USAGE_9,DRAM_ENERGY (J),PACKAGE_ENERGY (J),PP0_ENERGY (J),TOTAL_MEMORY,TOTAL_SWAP,USED_MEMORY,USED_SWAP
0,1781963130321,799,888,800,1000,1854,1218,1169,1000,800,2100,2099,807,800,800,800,1258,10,9.67741870880127,6.896551609039307,6.6666669845581055,6.6666669845581055,6.6666669845581055,13.333333969116211,10,9.67741870880127,6.896551609039307,6.6666669845581055,10,6.896551609039307,10,6.6666669845581055,6.6666669845581055,212403.73406982422,39354.19580078125,0,404331982848,8589930496,12538732544,0
199,1781963130322,799,888,800,1000,1854,1218,1169,1000,800,2100,2099,807,800,800,800,1258,10,9.67741870880127,6.896551609039307,6.6666669845581055,6.6666669845581055,6.6666669845581055,13.333333969116211,10,9.67741870880127,6.896551609039307,6.6666669845581055,10,6.896551609039307,10,6.6666669845581055,6.6666669845581055,212403.73406982422,39354.21789550781,0,404331982848,8589930496,12538732544,0
199,1781963130522,799,888,800,1000,1854,1218,1169,1000,800,2100,2099,807,800,800,800,1258,100,65,61.904762268066406,65,65,60.000003814697266,61.904762268066406,65,63.15789031982422,61.904762268066406,65,61.904762268066406,61.904762268066406,60.000003814697266,61.904762268066406,65,212405.23150634766,39361.41064453125,0,404331982848,8589930496,12540784640,0
199,1781963130722,799,888,800,1000,1854,1218,1169,1000,800,2100,2099,807,800,800,800,1258,100,0,0,0,0,0,0,0,0,0,0,0,0,0,0,0,212408.0743408203,39367.75549316406,0,404331982848,8589930496,12541042688,0
199,1781963130922,799,888,800,1000,1854,1218,1169,1000,800,2100,2099,807,800,800,800,1258,100,0,0,0,0,0,0,0,0,0,0,0,0,0,0,0,212410.9497680664,39374.230712890625,0,404331982848,8589930496,12541042688,0
0,1781963131122,799,888,800,1000,1854,1218,1169,1000,800,2100,2099,807,800,800,800,1258,5,0,0,0,0,0,0,0,0,0,0,0,5,0,0,0,212411.58654785156,39377.907287597656,0,404331982848,8589930496,12541038592,0
