Delta,Time,CPU_FREQUENCY_0,CPU_FREQUENCY_1,CPU_FREQUENCY_10,CPU_FREQUENCY_11,CPU_FREQUENCY_12,CPU_FREQUENCY_13,CPU_FREQUENCY_14,CPU_FREQUENCY_15,CPU_FREQUENCY_2,CPU_FREQUENCY_3,CPU_FREQUENCY_4,CPU_FREQUENCY_5,CPU_FREQUENCY_6,CPU_FREQUENCY_7,CPU_FREQUENCY_8,CPU_FREQUENCY_9,CPU_USAGE_0,CPU_USAGE_1,CPU_USAGE_10,CPU_USAGE_11,CPU_USAGE_12,CPU_USAGE_13,CPU_USAGE_14,CPU_USAGE_15,CPU_USAGE_2,CPU_USAGE_3,CPU_USAGE_4,CPU_USAGE_5,CPU_USAGE_6,CPU_USAGE_7,CPU_USAGE_8,CPU_USAGE_9,DRAM_ENERGY (J),PACKAGE_ENERGY (J),PP0_ENERGY (J),TOTAL_MEMORY,TOTAL_SWAP,USED_MEMORY,USED_SWAP
0,1781963970176,800,1559,800,1251,1500,2000,825,2000,800,800,2100,799,844,846,839,1000,9.375,6.45161247253418,6.25,9.375,12.121212005615234,9.375,6.25,3.125,9.090909004211426,6.060606002807617,12.5,6.25,6.060606002807617,3.125,14.705883026123047,6.060606002807617,212649.4868774414,51801.180114746094,0,404331982848,8589930496,12503433216,0
199,1781963970176,800,1559,800,1251,1500,2000,825,2000,800,800,2100,799,844,846,839,1000,9.375,6.45161247253418,6.25,9.375,12.121212005615234,9.375,6.25,3.125,9.090909004211426,6.060606002807617,12.5,6.25,6.060606002807617,3.125,14.705883026123047,6.060606002807617,212649.49072265625,51801.201721191406,0,404331982848,8589930496,12504711168,0
199,1781963970376,800,1559,800,1251,1500,2000,825,2000,800,800,2100,799,844,846,839,1000,100,65,66.66667175292969,65,65,63.15789031982422,61.904762268066406,61.904762268066406,61.904762268066406,65,60.000003814697266,60.000003814697266,65,65,65,65,212650.00427246094,51807.764587402344,0,404331982848,8589930496,12508581888,0
199,1781963970576,800,1559,800,1251,1500,2000,825,2000,800,800,2100,799,844,846,839,1000,100,0,0,0,0,0,0,0,0,0,0,0,0,0,0,0,212652.21752929688,51813.4794921875,0,404331982848,8589930496,12508581888,0
199,1781963970776,800,1559,800,1251,1500,2000,825,2000,800,800,2100,799,844,846,839,1000,100,0,0,0,0,0,0,0,0,0,0,0,0,0,0,0,212654.9903564453,51820.01837158203,0,404331982848,8589930496,12508581888,0
0,1781963970977,800,1559,800,1251,1500,2000,825,2000,800,800,2100,799,844,846,839,1000,20,4.761904716491699,0,0,0,0,0,0,0,4.761904716491699,4.761904716491699,0,0,0,0,0,212655.9564819336,51824.33563232422,0,404331982848,8589930496,12508577792,0
