Delta,Time,CPU_FREQUENCY_0,CPU_FREQUENCY_1,CPU_FREQUENCY_10,CPU_FREQUENCY_11,CPU_FREQUENCY_12,CPU_FREQUENCY_13,CPU_FREQUENCY_14,CPU_FREQUENCY_15,CPU_FREQUENCY_2,CPU_FREQUENCY_3,CPU_FREQUENCY_4,CPU_FREQUENCY_5,CPU_FREQUENCY_6,CPU_FREQUENCY_7,CPU_FREQUENCY_8,CPU_FREQUENCY_9,CPU_USAGE_0,CPU_USAGE_1,CPU_USAGE_10,CPU_USAGE_11,CPU_USAGE_12,CPU_USAGE_13,CPU_USAGE_14,CPU_USAGE_15,CPU_USAGE_2,CPU_USAGE_3,CPU_USAGE_4,CPU_USAGE_5,CPU_USAGE_6,CPU_USAGE_7,CPU_USAGE_8,CPU_USAGE_9,DRAM_ENERGY (J),PACKAGE_ENERGY (J),PP0_ENERGY (J),TOTAL_MEMORY,TOTAL_SWAP,USED_MEMORY,USED_SWAP
0,1781963814757,800,799,1000,800,800,2100,800,2100,800,810,2099,799,1620,1438,2000,800,9.67741870880127,13.793103218078613,13.333333969116211,6.6666669845581055,6.45161247253418,6.6666669845581055,10,6.896551609039307,13.333333969116211,6.896551609039307,6.6666669845581055,6.6666669845581055,10,7.142857551574707,6.6666669845581055,10,212608.40008544922,49493.269958496094,0,404331982848,8589930496,12499214336,0
199,1781963814757,800,799,1000,800,800,2100,800,2100,800,810,2099,799,1620,1438,2000,800,9.67741870880127,13.793103218078613,13.333333969116211,6.6666669845581055,6.45161247253418,6.6666669845581055,10,6.896551609039307,13.333333969116211,6.896551609039307,6.6666669845581055,6.6666669845581055,10,7.142857551574707,6.6666669845581055,10,212608.40008544922,49493.269958496094,0,404331982848,8589930496,12499214336,0
199,1781963814957,800,799,1000,800,800,2100,800,2100,800,810,2099,799,1620,1438,2000,800,65,63.6363639831543,100,65,63.15789031982422,65,61.904762268066406,65,65,61.904762268066406,65,61.904762268066406,60.000003814697266,61.904762268066406,63.15789031982422,61.904762268066406,212609.9093017578,49499.95782470703,0,404331982848,8589930496,12521406464,0
199,1781963815157,800,799,1000,800,800,2100,800,2100,800,810,2099,799,1620,1438,2000,800,0,0,100,0,0,0,0,0,0,0,0,0,0,0,0,0,212610.54962158203,49505.11114501953,0,404331982848,8589930496,12523241472,0
199,1781963815358,800,799,1000,800,800,2100,800,2100,800,810,2099,799,1620,1438,2000,800,0,0,100,0,0,0,0,0,0,0,0,0,0,0,0,0,212611.1011352539,49510.50537109375,0,404331982848,8589930496,12523241472,0
0,1781963815558,800,799,1000,800,800,2100,800,2100,800,810,2099,799,1620,1438,2000,800,0,0,15.000000953674316,0,0,0,0,0,0,0,0,0,0,0,0,0,212611.60455322266,49514.171875,0,404331982848,8589930496,12523237376,0
