Delta,Time,CPU_FREQUENCY_0,CPU_FREQUENCY_1,CPU_FREQUENCY_10,CPU_FREQUENCY_11,CPU_FREQUENCY_12,CPU_FREQUENCY_13,CPU_FREQUENCY_14,CPU_FREQUENCY_15,CPU_FREQUENCY_2,CPU_FREQUENCY_3,CPU_FREQUENCY_4,CPU_FREQUENCY_5,CPU_FREQUENCY_6,CPU_FREQUENCY_7,CPU_FREQUENCY_8,CPU_FREQUENCY_9,CPU_USAGE_0,CPU_USAGE_1,CPU_USAGE_10,CPU_USAGE_11,CPU_USAGE_12,CPU_USAGE_13,CPU_USAGE_14,CPU_USAGE_15,CPU_USAGE_2,CPU_USAGE_3,CPU_USAGE_4,CPU_USAGE_5,CPU_USAGE_6,CPU_USAGE_7,CPU_USAGE_8,CPU_USAGE_9,DRAM_ENERGY (J),PACKAGE_ENERGY (J),PP0_ENERGY (J),TOTAL_MEMORY,TOTAL_SWAP,USED_MEMORY,USED_SWAP
0,1781963690258,1049,1008,2100,800,800,799,2077,800,800,800,2100,1027,2100,807,800,800,3.4482758045196533,9.67741870880127,9.67741870880127,9.67741870880127,9.67741870880127,10.344827651977539,3.22580623626709,3.3333334922790527,10,9.375,6.45161247253418,6.45161247253418,12.5,9.375,9.67741870880127,6.45161247253418,212577.46173095703,47640.628662109375,0,404331982848,8589930496,12492910592,0
199,1781963690258,1049,1008,2100,800,800,799,2077,800,800,800,2100,1027,2100,807,800,800,3.4482758045196533,9.67741870880127,9.67741870880127,9.67741870880127,9.67741870880127,10.344827651977539,3.22580623626709,3.3333334922790527,10,9.375,6.45161247253418,6.45161247253418,12.5,9.375,9.67741870880127,6.45161247253418,212577.4666748047,47640.649841308594,0,404331982848,8589930496,12492910592,0
199,1781963690458,1049,1008,2100,800,800,799,2077,800,800,800,2100,1027,2100,807,800,800,61.904762268066406,63.15789031982422,65,61.904762268066406,65,95.23809814453125,65,61.904762268066406,61.904762268066406,60.000003814697266,63.15789031982422,65,65,63.15789031982422,61.904762268066406,65,212579.43524169922,47647.488037109375,0,404331982848,8589930496,12519489536,0
199,1781963690658,1049,1008,2100,800,800,799,2077,800,800,800,2100,1027,2100,807,800,800,0,0,0,0,0,100,0,0,0,0,0,0,5,0,0,0,212580.00762939453,47652.26306152344,0,404331982848,8589930496,12519489536,0
199,1781963690858,1049,1008,2100,800,800,799,2077,800,800,800,2100,1027,2100,807,800,800,0,0,0,0,0,100,0,0,0,0,0,0,0,0,0,0,212580.60870361328,47657.63586425781,0,404331982848,8589930496,12519489536,0
0,1781963691059,1049,1008,2100,800,800,799,2077,800,800,800,2100,1027,2100,807,800,800,5,0,0,0,0,20,0,5,4.761904716491699,0,0,0,0,0,0,0,212581.37762451172,47661.69952392578,0,404331982848,8589930496,12519485440,0
