Delta,Time,CPU_FREQUENCY_0,CPU_FREQUENCY_1,CPU_FREQUENCY_10,CPU_FREQUENCY_11,CPU_FREQUENCY_12,CPU_FREQUENCY_13,CPU_FREQUENCY_14,CPU_FREQUENCY_15,CPU_FREQUENCY_2,CPU_FREQUENCY_3,CPU_FREQUENCY_4,CPU_FREQUENCY_5,CPU_FREQUENCY_6,CPU_FREQUENCY_7,CPU_FREQUENCY_8,CPU_FREQUENCY_9,CPU_USAGE_0,CPU_USAGE_1,CPU_USAGE_10,CPU_USAGE_11,CPU_USAGE_12,CPU_USAGE_13,CPU_USAGE_14,CPU_USAGE_15,CPU_USAGE_2,CPU_USAGE_3,CPU_USAGE_4,CPU_USAGE_5,CPU_USAGE_6,CPU_USAGE_7,CPU_USAGE_8,CPU_USAGE_9,DRAM_ENERGY (J),PACKAGE_ENERGY (J),PP0_ENERGY (J),TOTAL_MEMORY,TOTAL_SWAP,USED_MEMORY,USED_SWAP
0,1781963876801,2100,799,800,1119,2000,2100,966,799,800,800,2100,800,800,1382,800,800,12.5,9.375,6.45161247253418,13.333333969116211,6.45161247253418,9.67741870880127,6.45161247253418,3.3333334922790527,10,3.3333334922790527,9.67741870880127,6.45161247253418,6.45161247253418,6.45161247253418,6.6666669845581055,6.45161247253418,212625.3783569336,50414.108947753906,0,404331982848,8589930496,12528238592,0
199,1781963876801,2100,799,800,1119,2000,2100,966,799,800,800,2100,800,800,1382,800,800,12.5,9.375,6.45161247253418,13.333333969116211,6.45161247253418,9.67741870880127,6.45161247253418,3.3333334922790527,10,3.3333334922790527,9.67741870880127,6.45161247253418,6.45161247253418,6.45161247253418,6.6666669845581055,6.45161247253418,212625.3783569336,50414.108947753906,0,404331982848,8589930496,12528238592,0
199,1781963877001,2100,799,800,1119,2000,2100,966,799,800,800,2100,800,800,1382,800,800,63.15789031982422,65,61.904762268066406,61.904762268066406,61.904762268066406,61.904762268066406,65,100,65,65,61.904762268066406,61.904762268066406,65,65,60.000003814697266,65,212625.87786865234,50420.41046142578,0,404331982848,8589930496,12529012736,0
199,1781963877201,2100,799,800,1119,2000,2100,966,799,800,800,2100,800,800,1382,800,800,4.761904716491699,0,0,0,0,0,0,100,0,4.761904716491699,0,0,0,0,0,0,212626.5584716797,50425.78289794922,0,404331982848,8589930496,12531105792,0
199,1781963877401,2100,799,800,1119,2000,2100,966,799,800,800,2100,800,800,1382,800,800,0,0,0,0,0,0,0,100,0,0,0,0,0,0,0,0,212627.14166259766,50431.213317871094,0,404331982848,8589930496,12531105792,0
0,1781963877602,2100,799,800,1119,2000,2100,966,799,800,800,2100,800,800,1382,800,800,0,0,0,0,0,0,0,0,0,0,0,0,0,0,4.761904716491699,0,212627.5323486328,50434.63311767578,0,404331982848,8589930496,12531101696,0
