Delta,Time,CPU_FREQUENCY_0,CPU_FREQUENCY_1,CPU_FREQUENCY_10,CPU_FREQUENCY_11,CPU_FREQUENCY_12,CPU_FREQUENCY_13,CPU_FREQUENCY_14,CPU_FREQUENCY_15,CPU_FREQUENCY_2,CPU_FREQUENCY_3,CPU_FREQUENCY_4,CPU_FREQUENCY_5,CPU_FREQUENCY_6,CPU_FREQUENCY_7,CPU_FREQUENCY_8,CPU_FREQUENCY_9,CPU_USAGE_0,CPU_USAGE_1,CPU_USAGE_10,CPU_USAGE_11,CPU_USAGE_12,CPU_USAGE_13,CPU_USAGE_14,CPU_USAGE_15,CPU_USAGE_2,CPU_USAGE_3,CPU_USAGE_4,CPU_USAGE_5,CPU_USAGE_6,CPU_USAGE_7,CPU_USAGE_8,CPU_USAGE_9,DRAM_ENERGY (J),PACKAGE_ENERGY (J),PP0_ENERGY (J),TOTAL_MEMORY,TOTAL_SWAP,USED_MEMORY,USED_SWAP
0,1781963472569,958,800,800,800,800,1118,799,2000,2099,2100,800,800,800,808,800,1100,3.22580623626709,12.5,6.25,15.15151596069336,9.375,6.25,3.125,6.25,12.121212005615234,15.625,6.25,8.823529243469238,6.060606002807617,3.22580623626709,9.090909004211426,3.125,212510.69940185547,44414.45080566406,0,404331982848,8589930496,12494319616,0
199,1781963472569,958,800,800,800,800,1118,799,2000,2099,2100,800,800,800,808,800,1100,3.22580623626709,12.5,6.25,15.15151596069336,9.375,6.25,3.125,6.25,12.121212005615234,15.625,6.25,8.823529243469238,6.060606002807617,3.22580623626709,9.090909004211426,3.125,212510.69940185547,44414.45080566406,0,404331982848,8589930496,12494319616,0
199,1781963472769,958,800,800,800,800,1118,799,2000,2099,2100,800,800,800,808,800,1100,65,66.66667175292969,65,60.000003814697266,65,61.904762268066406,65,65,63.15789031982422,65,61.904762268066406,63.15789031982422,100,61.904762268066406,60.000003814697266,65,212512.72723388672,44421.510009765625,0,404331982848,8589930496,12501258240,0
199,1781963472969,958,800,800,800,800,1118,799,2000,2099,2100,800,800,800,808,800,1100,0,0,0,0,0,0,0,0,0,0,0,0,100,0,0,0,212515.53216552734,44427.867248535156,0,404331982848,8589930496,12501258240,0
0,1781963473169,958,800,800,800,800,1118,799,2000,2099,2100,800,800,800,808,800,1100,4.761904716491699,0,0,5,0,0,0,0,0,0,0,0,100,0,0,0,212518.3461303711,44434.250427246094,0,404331982848,8589930496,12504035328,0
