Delta,Time,CPU_FREQUENCY_0,CPU_FREQUENCY_1,CPU_FREQUENCY_10,CPU_FREQUENCY_11,CPU_FREQUENCY_12,CPU_FREQUENCY_13,CPU_FREQUENCY_14,CPU_FREQUENCY_15,CPU_FREQUENCY_2,CPU_FREQUENCY_3,CPU_FREQUENCY_4,CPU_FREQUENCY_5,CPU_FREQUENCY_6,CPU_FREQUENCY_7,CPU_FREQUENCY_8,CPU_FREQUENCY_9,CPU_USAGE_0,CPU_USAGE_1,CPU_USAGE_10,CPU_USAGE_11,CPU_USAGE_12,CPU_USAGE_13,CPU_USAGE_14,CPU_USAGE_15,CPU_USAGE_2,CPU_USAGE_3,CPU_USAGE_4,CPU_USAGE_5,CPU_USAGE_6,CPU_USAGE_7,CPU_USAGE_8,CPU_USAGE_9,DRAM_ENERGY (J),PACKAGE_ENERGY (J),PP0_ENERGY (J),TOTAL_MEMORY,TOTAL_SWAP,USED_MEMORY,USED_SWAP
0,1781963503495,800,800,2000,800,800,800,811,2000,2100,810,800,1999,800,800,800,800,9.67741870880127,6.45161247253418,12.5,3.22580623626709,6.45161247253418,6.45161247253418,13.333333969116211,6.45161247253418,12.90322494506836,9.67741870880127,6.45161247253418,6.45161247253418,6.25,9.67741870880127,3.3333334922790527,3.22580623626709,212522.98181152344,44873.531311035156,0,404331982848,8589930496,12486283264,0
199,1781963503495,800,800,2000,800,800,800,811,2000,2100,810,800,1999,800,800,800,800,9.67741870880127,6.45161247253418,12.5,3.22580623626709,6.45161247253418,6.45161247253418,13.333333969116211,6.45161247253418,12.90322494506836,9.67741870880127,6.45161247253418,6.45161247253418,6.25,9.67741870880127,3.3333334922790527,3.22580623626709,212522.9873046875,44873.55389404297,0,404331982848,8589930496,12486283264,0
199,1781963503695,800,800,2000,800,800,800,811,2000,2100,810,800,1999,800,800,800,800,61.904762268066406,65,61.904762268066406,65,100,65,61.904762268066406,65,61.904762268066406,61.904762268066406,65,61.904762268066406,65,61.904762268066406,65,61.904762268066406,212523.94793701172,44879.877380371094,0,404331982848,8589930496,12501504000,0
199,1781963503895,800,800,2000,800,800,800,811,2000,2100,810,800,1999,800,800,800,800,0,0,0,0,100,0,0,0,0,0,0,0,0,0,0,0,212524.50518798828,44885.08984375,0,404331982848,8589930496,12501504000,0
199,1781963504095,800,800,2000,800,800,800,811,2000,2100,810,800,1999,800,800,800,800,4.761904716491699,0,0,0,100,0,0,0,0,0,0,0,0,0,0,0,212525.23419189453,44890.43005371094,0,404331982848,8589930496,12501504000,0
0,1781963504295,800,800,2000,800,800,800,811,2000,2100,810,800,1999,800,800,800,800,0,0,0,0,10,0,0,0,0,0,0,0,0,0,0,0,212525.75653076172,44894.042053222656,0,404331982848,8589930496,12504309760,0
