Delta,Time,CPU_FREQUENCY_0,CPU_FREQUENCY_1,CPU_FREQUENCY_10,CPU_FREQUENCY_11,CPU_FREQUENCY_12,CPU_FREQUENCY_13,CPU_FREQUENCY_14,CPU_FREQUENCY_15,CPU_FREQUENCY_2,CPU_FREQUENCY_3,CPU_FREQUENCY_4,CPU_FREQUENCY_5,CPU_FREQUENCY_6,CPU_FREQUENCY_7,CPU_FREQUENCY_8,CPU_FREQUENCY_9,CPU_USAGE_0,CPU_USAGE_1,CPU_USAGE_10,CPU_USAGE_11,CPU_USAGE_12,CPU_USAGE_13,CPU_USAGE_14,CPU_USAGE_15,CPU_USAGE_2,CPU_USAGE_3,CPU_USAGE_4,CPU_USAGE_5,CPU_USAGE_6,CPU_USAGE_7,CPU_USAGE_8,CPU_USAGE_9,DRAM_ENERGY (J),PACKAGE_ENERGY (J),PP0_ENERGY (J),TOTAL_MEMORY,TOTAL_SWAP,USED_MEMORY,USED_SWAP
0,1778241214485,800,800,800,800,800,800,800,800,1393,800,800,800,800,800,800,2099,4.1666669845581055,0,4.1666669845581055,0,0,4,4,4.1666669845581055,0,4.1666669845581055,4,0,4,4.1666669845581055,0,12,171872.41796875,70796.92883300781,0,404332056576,8589930496,3788976128,0
200,1778241214485,800,800,800,800,800,800,800,800,1393,800,800,800,800,800,800,2099,4.1666669845581055,0,4.1666669845581055,0,0,4,4,4.1666669845581055,0,4.1666669845581055,4,0,4,4.1666669845581055,0,12,171872.4227294922,70796.95007324219,0,404332056576,8589930496,3788976128,0
199,1778241214686,800,800,800,800,800,800,800,800,1393,800,800,800,800,800,800,2099,100,0,0,0,0,0,0,0,0,0,0,0,0,0,0,0,171874.00158691406,70802.38586425781,0,404332056576,8589930496,3789692928,0
199,1778241214886,800,800,800,800,800,800,800,800,1393,800,800,800,800,800,800,2099,100,0,0,0,0,0,0,0,0,0,0,0,0,0,0,0,171876.85162353516,70809.32800292969,0,404332056576,8589930496,3789692928,0
199,1778241215086,800,800,800,800,800,800,800,800,1393,800,800,800,800,800,800,2099,100,0,0,0,0,0,0,0,0,0,0,0,0,0,0,0,171879.73211669922,70816.26672363281,0,404332056576,8589930496,3789692928,0
199,1778241215286,800,800,800,800,800,800,800,800,1393,800,800,800,800,800,800,2099,100,0,0,0,0,0,0,0,0,0,0,0,0,0,0,0,171882.63165283203,70823.20574951172,0,404332056576,8589930496,3789692928,0
0,1778241215486,800,800,800,800,800,800,800,800,1393,800,800,800,800,800,800,2099,10,0,0,0,0,0,0,0,0,0,0,0,0,0,0,0,171882.95721435547,70826.35260009766,0,404332056576,8589930496,3789692928,0
