Delta,Time,CPU_FREQUENCY_0,CPU_FREQUENCY_1,CPU_FREQUENCY_10,CPU_FREQUENCY_11,CPU_FREQUENCY_12,CPU_FREQUENCY_13,CPU_FREQUENCY_14,CPU_FREQUENCY_15,CPU_FREQUENCY_2,CPU_FREQUENCY_3,CPU_FREQUENCY_4,CPU_FREQUENCY_5,CPU_FREQUENCY_6,CPU_FREQUENCY_7,CPU_FREQUENCY_8,CPU_FREQUENCY_9,CPU_USAGE_0,CPU_USAGE_1,CPU_USAGE_10,CPU_USAGE_11,CPU_USAGE_12,CPU_USAGE_13,CPU_USAGE_14,CPU_USAGE_15,CPU_USAGE_2,CPU_USAGE_3,CPU_USAGE_4,CPU_USAGE_5,CPU_USAGE_6,CPU_USAGE_7,CPU_USAGE_8,CPU_USAGE_9,DRAM_ENERGY (J),PACKAGE_ENERGY (J),PP0_ENERGY (J),TOTAL_MEMORY,TOTAL_SWAP,USED_MEMORY,USED_SWAP
0,1778243742885,1800,1709,800,2100,831,969,800,800,800,1602,1000,1003,874,800,800,800,4.1666669845581055,4.1666669845581055,8,8.69565200805664,4.1666669845581055,4.1666669845581055,0,4.1666669845581055,0,4.1666669845581055,4.1666669845581055,4.1666669845581055,4.34782600402832,4.34782600402832,4.1666669845581055,4.1666669845581055,173088.6596069336,105943.63775634766,0,404332056576,8589930496,3749433344,0
200,1778243742885,1800,1709,800,2100,831,969,800,800,800,1602,1000,1003,874,800,800,800,4.1666669845581055,4.1666669845581055,8,8.69565200805664,4.1666669845581055,4.1666669845581055,0,4.1666669845581055,0,4.1666669845581055,4.1666669845581055,4.1666669845581055,4.34782600402832,4.34782600402832,4.1666669845581055,4.1666669845581055,173088.6630859375,105943.65985107422,0,404332056576,8589930496,3749433344,0
199,1778243743085,1800,1709,800,2100,831,969,800,800,800,1602,1000,1003,874,800,800,800,100,0,0,0,0,0,0,0,0,0,0,0,0,0,0,0,173090.52935791016,105949.32818603516,0,404332056576,8589930496,3749433344,0
199,1778243743286,1800,1709,800,2100,831,969,800,800,800,1602,1000,1003,874,800,800,800,100,0,0,0,0,0,0,0,0,0,0,0,0,0,0,0,173093.40948486328,105956.09594726563,0,404332056576,8589930496,3749433344,0
199,1778243743486,1800,1709,800,2100,831,969,800,800,800,1602,1000,1003,874,800,800,800,100,0,0,0,0,0,0,0,0,0,0,0,0,0,0,0,173096.2889404297,105962.90148925781,0,404332056576,8589930496,3749433344,0
199,1778243743686,1800,1709,800,2100,831,969,800,800,800,1602,1000,1003,874,800,800,800,55,45,0,0,0,0,0,0,0,0,0,0,0,0,0,0,173098.9832763672,105969.77954101563,0,404332056576,8589930496,3749433344,0
0,1778243743886,1800,1709,800,2100,831,969,800,800,800,1602,1000,1003,874,800,800,800,0,5,0,0,0,0,0,0,0,0,0,0,0,0,0,0,173099.3578491211,105972.89392089844,0,404332056576,8589930496,3749433344,0
