Delta,Time,CPU_FREQUENCY_0,CPU_FREQUENCY_1,CPU_FREQUENCY_10,CPU_FREQUENCY_11,CPU_FREQUENCY_12,CPU_FREQUENCY_13,CPU_FREQUENCY_14,CPU_FREQUENCY_15,CPU_FREQUENCY_2,CPU_FREQUENCY_3,CPU_FREQUENCY_4,CPU_FREQUENCY_5,CPU_FREQUENCY_6,CPU_FREQUENCY_7,CPU_FREQUENCY_8,CPU_FREQUENCY_9,CPU_USAGE_0,CPU_USAGE_1,CPU_USAGE_10,CPU_USAGE_11,CPU_USAGE_12,CPU_USAGE_13,CPU_USAGE_14,CPU_USAGE_15,CPU_USAGE_2,CPU_USAGE_3,CPU_USAGE_4,CPU_USAGE_5,CPU_USAGE_6,CPU_USAGE_7,CPU_USAGE_8,CPU_USAGE_9,DRAM_ENERGY (J),PACKAGE_ENERGY (J),PP0_ENERGY (J),TOTAL_MEMORY,TOTAL_SWAP,USED_MEMORY,USED_SWAP
0,1778238080517,851,1000,800,800,800,2000,2099,800,800,917,851,800,2000,800,800,800,4,4.1666669845581055,0,0,8,4.1666669845581055,8.333333969116211,8,4.1666669845581055,0,0,0,4,4,4.1666669845581055,4.1666669845581055,169382.04083251953,25548.046813964844,0,404332056576,8589930496,3768561664,0
200,1778238080517,851,1000,800,800,800,2000,2099,800,800,917,851,800,2000,800,800,800,4,4.1666669845581055,0,0,8,4.1666669845581055,8.333333969116211,8,4.1666669845581055,0,0,0,4,4,4.1666669845581055,4.1666669845581055,169382.04541015625,25548.07000732422,0,404332056576,8589930496,3768561664,0
199,1778238080718,851,1000,800,800,800,2000,2099,800,800,917,851,800,2000,800,800,800,100,0,0,0,0,0,0,0,0,0,0,0,0,0,0,0,169384.61083984375,25554.24639892578,0,404332056576,8589930496,3774050304,0
199,1778238080918,851,1000,800,800,800,2000,2099,800,800,917,851,800,2000,800,800,800,100,0,0,0,0,0,0,0,0,0,0,0,0,0,0,0,169387.5313720703,25560.99578857422,0,404332056576,8589930496,3774050304,0
199,1778238081118,851,1000,800,800,800,2000,2099,800,800,917,851,800,2000,800,800,800,100,0,0,0,0,0,0,0,0,0,0,0,0,0,0,0,169390.42547607422,25567.73468017578,0,404332056576,8589930496,3774050304,0
0,1778238081318,851,1000,800,800,800,2000,2099,800,800,917,851,800,2000,800,800,800,89.47368621826172,0,0,0,0,0,0,0,0,0,0,0,0,0,0,0,169393.27899169922,25574.29962158203,0,404332056576,8589930496,3774050304,0
