Delta,Time,CPU_FREQUENCY_0,CPU_FREQUENCY_1,CPU_FREQUENCY_10,CPU_FREQUENCY_11,CPU_FREQUENCY_12,CPU_FREQUENCY_13,CPU_FREQUENCY_14,CPU_FREQUENCY_15,CPU_FREQUENCY_2,CPU_FREQUENCY_3,CPU_FREQUENCY_4,CPU_FREQUENCY_5,CPU_FREQUENCY_6,CPU_FREQUENCY_7,CPU_FREQUENCY_8,CPU_FREQUENCY_9,CPU_USAGE_0,CPU_USAGE_1,CPU_USAGE_10,CPU_USAGE_11,CPU_USAGE_12,CPU_USAGE_13,CPU_USAGE_14,CPU_USAGE_15,CPU_USAGE_2,CPU_USAGE_3,CPU_USAGE_4,CPU_USAGE_5,CPU_USAGE_6,CPU_USAGE_7,CPU_USAGE_8,CPU_USAGE_9,DRAM_ENERGY (J),PACKAGE_ENERGY (J),PP0_ENERGY (J),TOTAL_MEMORY,TOTAL_SWAP,USED_MEMORY,USED_SWAP
0,1778236163721,800,1100,2000,809,864,826,2100,800,800,942,1236,800,800,3200,800,2099,0,0,4,4.1666669845581055,4.1666669845581055,0,0,4,0,4,4.1666669845581055,0,0,4,0,4.34782600402832,168405.30181884766,260749.8316040039,0,404332056576,8589930496,3735883776,0
200,1778236163721,800,1100,2000,809,864,826,2100,800,800,942,1236,800,800,3200,800,2099,0,0,4,4.1666669845581055,4.1666669845581055,0,0,4,0,4,4.1666669845581055,0,0,4,0,4.34782600402832,168405.30401611328,260749.85577392578,0,404332056576,8589930496,3735883776,0
200,1778236163921,800,1100,2000,809,864,826,2100,800,800,942,1236,800,800,3200,800,2099,100,0,0,0,0,0,0,0,0,0,0,0,0,0,0,0,168407.57958984375,260756.02166748047,0,404332056576,8589930496,3735883776,0
199,1778236164121,800,1100,2000,809,864,826,2100,800,800,942,1236,800,800,3200,800,2099,100,0,0,0,0,0,0,0,0,0,0,0,0,0,0,4.761904716491699,168410.54425048828,260762.95623779297,0,404332056576,8589930496,3735883776,0
199,1778236164321,800,1100,2000,809,864,826,2100,800,800,942,1236,800,800,3200,800,2099,100,0,0,0,0,0,0,0,0,0,0,0,0,0,0,0,168413.43829345703,260769.8921508789,0,404332056576,8589930496,3735883776,0
0,1778236164521,800,1100,2000,809,864,826,2100,800,800,942,1236,800,800,3200,800,2099,100,0,0,0,0,0,0,0,0,0,0,0,0,0,0,0,168416.30297851563,260776.6658935547,0,404332056576,8589930496,3735883776,0
