Delta,Time,CPU_FREQUENCY_0,CPU_FREQUENCY_1,CPU_FREQUENCY_10,CPU_FREQUENCY_11,CPU_FREQUENCY_12,CPU_FREQUENCY_13,CPU_FREQUENCY_14,CPU_FREQUENCY_15,CPU_FREQUENCY_2,CPU_FREQUENCY_3,CPU_FREQUENCY_4,CPU_FREQUENCY_5,CPU_FREQUENCY_6,CPU_FREQUENCY_7,CPU_FREQUENCY_8,CPU_FREQUENCY_9,CPU_USAGE_0,CPU_USAGE_1,CPU_USAGE_10,CPU_USAGE_11,CPU_USAGE_12,CPU_USAGE_13,CPU_USAGE_14,CPU_USAGE_15,CPU_USAGE_2,CPU_USAGE_3,CPU_USAGE_4,CPU_USAGE_5,CPU_USAGE_6,CPU_USAGE_7,CPU_USAGE_8,CPU_USAGE_9,DRAM_ENERGY (J),PACKAGE_ENERGY (J),PP0_ENERGY (J),TOTAL_MEMORY,TOTAL_SWAP,USED_MEMORY,USED_SWAP
0,1778237947494,846,800,2099,800,800,800,2400,800,800,1310,799,800,800,799,2000,800,0,4,0,8.333333969116211,4.1666669845581055,0,0,0,4.1666669845581055,4.1666669845581055,4.1666669845581055,0,4.1666669845581055,4,0,0,169315.0043334961,23612.580322265625,0,404332056576,8589930496,3791818752,0
199,1778237947495,846,800,2099,800,800,800,2400,800,800,1310,799,800,800,799,2000,800,0,4,0,8.333333969116211,4.1666669845581055,0,0,0,4.1666669845581055,4.1666669845581055,4.1666669845581055,0,4.1666669845581055,4,0,0,169315.00817871094,23612.602966308594,0,404332056576,8589930496,3791818752,0
199,1778237947695,846,800,2099,800,800,800,2400,800,800,1310,799,800,800,799,2000,800,100,0,0,4.761904716491699,0,0,0,5.263157844543457,0,0,0,0,0,0,0,0,169317.1000366211,23618.421813964844,0,404332056576,8589930496,3797344256,0
199,1778237947895,846,800,2099,800,800,800,2400,800,800,1310,799,800,800,799,2000,800,100,0,0,0,0,0,0,0,0,0,0,0,0,0,0,0,169320.03741455078,23625.351318359375,0,404332056576,8589930496,3797344256,0
199,1778237948095,846,800,2099,800,800,800,2400,800,800,1310,799,800,800,799,2000,800,100,0,0,0,0,0,0,0,0,0,0,0,0,0,0,0,169322.9525756836,23632.279296875,0,404332056576,8589930496,3797344256,0
0,1778237948295,846,800,2099,800,800,800,2400,800,800,1310,799,800,800,799,2000,800,100,0,0,0,0,0,0,0,0,0,0,4.761904716491699,0,0,0,0,169325.85021972656,23639.20880126953,0,404332056576,8589930496,3797344256,0
