Delta,Time,CPU_FREQUENCY_0,CPU_FREQUENCY_1,CPU_FREQUENCY_10,CPU_FREQUENCY_11,CPU_FREQUENCY_12,CPU_FREQUENCY_13,CPU_FREQUENCY_14,CPU_FREQUENCY_15,CPU_FREQUENCY_2,CPU_FREQUENCY_3,CPU_FREQUENCY_4,CPU_FREQUENCY_5,CPU_FREQUENCY_6,CPU_FREQUENCY_7,CPU_FREQUENCY_8,CPU_FREQUENCY_9,CPU_USAGE_0,CPU_USAGE_1,CPU_USAGE_10,CPU_USAGE_11,CPU_USAGE_12,CPU_USAGE_13,CPU_USAGE_14,CPU_USAGE_15,CPU_USAGE_2,CPU_USAGE_3,CPU_USAGE_4,CPU_USAGE_5,CPU_USAGE_6,CPU_USAGE_7,CPU_USAGE_8,CPU_USAGE_9,DRAM_ENERGY (J),PACKAGE_ENERGY (J),PP0_ENERGY (J),TOTAL_MEMORY,TOTAL_SWAP,USED_MEMORY,USED_SWAP
0,1778238235980,828,2453,800,3200,800,800,2100,1918,800,2099,800,800,800,988,1878,1118,4.1666669845581055,8,4,4.1666669845581055,0,4.1666669845581055,0,8.333333969116211,0,4.1666669845581055,0,0,0,0,0,4,169421.3129272461,27660.383666992188,0,404332056576,8589930496,3749154816,0
200,1778238235980,828,2453,800,3200,800,800,2100,1918,800,2099,800,800,800,988,1878,1118,4.1666669845581055,8,4,4.1666669845581055,0,4.1666669845581055,0,8.333333969116211,0,4.1666669845581055,0,0,0,0,0,4,169421.3129272461,27660.383666992188,0,404332056576,8589930496,3749154816,0
199,1778238236180,828,2453,800,3200,800,800,2100,1918,800,2099,800,800,800,988,1878,1118,100,0,0,0,0,0,0,0,0,0,0,0,0,0,0,0,169423.35455322266,27666.13458251953,0,404332056576,8589930496,3753025536,0
199,1778238236381,828,2453,800,3200,800,800,2100,1918,800,2099,800,800,800,988,1878,1118,100,0,0,0,0,0,0,0,0,0,0,0,0,0,0,0,169426.2550048828,27673.066955566406,0,404332056576,8589930496,3753025536,0
200,1778238236581,828,2453,800,3200,800,800,2100,1918,800,2099,800,800,800,988,1878,1118,100,0,0,0,0,0,0,0,0,0,0,0,0,0,0,0,169429.1561279297,27679.98846435547,0,404332056576,8589930496,3753025536,0
0,1778238236781,828,2453,800,3200,800,800,2100,1918,800,2099,800,800,800,988,1878,1118,95,0,0,0,0,0,0,0,0,0,0,0,0,0,0,0,169432.0639038086,27686.883056640625,0,404332056576,8589930496,3754201088,0
