Delta,Time,CPU_FREQUENCY_0,CPU_FREQUENCY_1,CPU_FREQUENCY_10,CPU_FREQUENCY_11,CPU_FREQUENCY_12,CPU_FREQUENCY_13,CPU_FREQUENCY_14,CPU_FREQUENCY_15,CPU_FREQUENCY_2,CPU_FREQUENCY_3,CPU_FREQUENCY_4,CPU_FREQUENCY_5,CPU_FREQUENCY_6,CPU_FREQUENCY_7,CPU_FREQUENCY_8,CPU_FREQUENCY_9,CPU_USAGE_0,CPU_USAGE_1,CPU_USAGE_10,CPU_USAGE_11,CPU_USAGE_12,CPU_USAGE_13,CPU_USAGE_14,CPU_USAGE_15,CPU_USAGE_2,CPU_USAGE_3,CPU_USAGE_4,CPU_USAGE_5,CPU_USAGE_6,CPU_USAGE_7,CPU_USAGE_8,CPU_USAGE_9,DRAM_ENERGY (J),PACKAGE_ENERGY (J),PP0_ENERGY (J),TOTAL_MEMORY,TOTAL_SWAP,USED_MEMORY,USED_SWAP
0,1778236568189,800,1500,2000,800,2100,856,1395,2100,813,800,800,1487,1713,2000,800,800,7.692307949066162,4,0,4.1666669845581055,8.333333969116211,4.1666669845581055,7.692307949066162,4.1666669845581055,7.692307949066162,4.1666669845581055,0,0,4.1666669845581055,4,0,4.1666669845581055,168565.94311523438,4111.159973144531,0,404332056576,8589930496,3752837120,0
200,1778236568189,800,1500,2000,800,2100,856,1395,2100,813,800,800,1487,1713,2000,800,800,7.692307949066162,4,0,4.1666669845581055,8.333333969116211,4.1666669845581055,7.692307949066162,4.1666669845581055,7.692307949066162,4.1666669845581055,0,0,4.1666669845581055,4,0,4.1666669845581055,168565.9458618164,4111.181701660156,0,404332056576,8589930496,3753869312,0
199,1778236568389,800,1500,2000,800,2100,856,1395,2100,813,800,800,1487,1713,2000,800,800,0,0,0,0,0,0,0,0,0,0,0,0,0,0,0,100,168566.37768554688,4116.167663574219,0,404332056576,8589930496,3757740032,0
199,1778236568589,800,1500,2000,800,2100,856,1395,2100,813,800,800,1487,1713,2000,800,800,0,0,0,0,0,0,0,0,0,0,0,0,0,0,0,100,168566.8358154297,4121.484680175781,0,404332056576,8589930496,3757740032,0
199,1778236568790,800,1500,2000,800,2100,856,1395,2100,813,800,800,1487,1713,2000,800,800,0,0,0,0,0,0,0,0,0,0,0,0,0,0,0,100,168567.31414794922,4126.784423828125,0,404332056576,8589930496,3758927872,0
0,1778236568990,800,1500,2000,800,2100,856,1395,2100,813,800,800,1487,1713,2000,800,800,0,0,0,0,0,0,0,0,0,0,0,0,0,0,0,95,168567.7762451172,4132.130187988281,0,404332056576,8589930496,3758927872,0
