Delta,Time,CPU_FREQUENCY_0,CPU_FREQUENCY_1,CPU_FREQUENCY_10,CPU_FREQUENCY_11,CPU_FREQUENCY_12,CPU_FREQUENCY_13,CPU_FREQUENCY_14,CPU_FREQUENCY_15,CPU_FREQUENCY_2,CPU_FREQUENCY_3,CPU_FREQUENCY_4,CPU_FREQUENCY_5,CPU_FREQUENCY_6,CPU_FREQUENCY_7,CPU_FREQUENCY_8,CPU_FREQUENCY_9,CPU_USAGE_0,CPU_USAGE_1,CPU_USAGE_10,CPU_USAGE_11,CPU_USAGE_12,CPU_USAGE_13,CPU_USAGE_14,CPU_USAGE_15,CPU_USAGE_2,CPU_USAGE_3,CPU_USAGE_4,CPU_USAGE_5,CPU_USAGE_6,CPU_USAGE_7,CPU_USAGE_8,CPU_USAGE_9,DRAM_ENERGY (J),PACKAGE_ENERGY (J),PP0_ENERGY (J),TOTAL_MEMORY,TOTAL_SWAP,USED_MEMORY,USED_SWAP
0,1778242870484,884,800,800,2000,800,800,2100,1690,800,800,800,1000,1000,800,1652,2100,0,4,4.1666669845581055,0,4,0,4.34782600402832,0,0,4.1666669845581055,0,0,0,0,0,4.1666669845581055,172437.05096435547,93425.02697753906,0,404332056576,8589930496,3787149312,0
200,1778242870484,884,800,800,2000,800,800,2100,1690,800,800,800,1000,1000,800,1652,2100,0,4,4.1666669845581055,0,4,0,4.34782600402832,0,0,4.1666669845581055,0,0,0,0,0,4.1666669845581055,172437.05096435547,93425.02697753906,0,404332056576,8589930496,3787149312,0
199,1778242870685,884,800,800,2000,800,800,2100,1690,800,800,800,1000,1000,800,1652,2100,100,0,0,0,0,0,0,0,0,0,0,0,0,0,0,0,172439.21264648438,93430.94287109375,0,404332056576,8589930496,3788095488,0
199,1778242870885,884,800,800,2000,800,800,2100,1690,800,800,800,1000,1000,800,1652,2100,100,0,0,0,0,0,0,0,0,0,0,0,0,0,0,0,172442.10638427734,93437.884765625,0,404332056576,8589930496,3788095488,0
199,1778242871085,884,800,800,2000,800,800,2100,1690,800,800,800,1000,1000,800,1652,2100,100,0,0,0,0,0,0,0,0,0,0,0,0,0,0,0,172444.94940185547,93444.83038330078,0,404332056576,8589930496,3788095488,0
0,1778242871285,884,800,800,2000,800,800,2100,1690,800,800,800,1000,1000,800,1652,2100,95,0,0,0,0,0,0,0,0,0,0,0,0,0,0,0,172447.81317138672,93451.693359375,0,404332056576,8589930496,3788095488,0
