Delta,Time,CPU_FREQUENCY_0,CPU_FREQUENCY_1,CPU_FREQUENCY_10,CPU_FREQUENCY_11,CPU_FREQUENCY_12,CPU_FREQUENCY_13,CPU_FREQUENCY_14,CPU_FREQUENCY_15,CPU_FREQUENCY_2,CPU_FREQUENCY_3,CPU_FREQUENCY_4,CPU_FREQUENCY_5,CPU_FREQUENCY_6,CPU_FREQUENCY_7,CPU_FREQUENCY_8,CPU_FREQUENCY_9,CPU_USAGE_0,CPU_USAGE_1,CPU_USAGE_10,CPU_USAGE_11,CPU_USAGE_12,CPU_USAGE_13,CPU_USAGE_14,CPU_USAGE_15,CPU_USAGE_2,CPU_USAGE_3,CPU_USAGE_4,CPU_USAGE_5,CPU_USAGE_6,CPU_USAGE_7,CPU_USAGE_8,CPU_USAGE_9,DRAM_ENERGY (J),PACKAGE_ENERGY (J),PP0_ENERGY (J),TOTAL_MEMORY,TOTAL_SWAP,USED_MEMORY,USED_SWAP
0,1778236412720,1994,1000,800,2000,2000,800,800,2099,799,799,800,800,800,799,800,800,8,0,0,4,0,0,4.1666669845581055,8.333333969116211,4.1666669845581055,4,4.1666669845581055,4.1666669845581055,4,4,4.1666669845581055,0,168503.1241455078,1996.886474609375,0,404332056576,8589930496,3723632640,0
200,1778236412720,1994,1000,800,2000,2000,800,800,2099,799,799,800,800,800,799,800,800,8,0,0,4,0,0,4.1666669845581055,8.333333969116211,4.1666669845581055,4,4.1666669845581055,4.1666669845581055,4,4,4.1666669845581055,0,168503.12719726563,1996.9104614257813,0,404332056576,8589930496,3723632640,0
199,1778236412921,1994,1000,800,2000,2000,800,800,2099,799,799,800,800,800,799,800,800,0,0,0,0,0,0,0,0,0,0,0,0,100,0,0,0,168504.8087158203,2002.5233154296875,0,404332056576,8589930496,3727732736,0
199,1778236413121,1994,1000,800,2000,2000,800,800,2099,799,799,800,800,800,799,800,800,0,0,0,0,0,0,0,0,0,0,0,0,100,0,0,0,168507.6615600586,2009.4448852539063,0,404332056576,8589930496,3727732736,0
199,1778236413321,1994,1000,800,2000,2000,800,800,2099,799,799,800,800,800,799,800,800,0,0,0,0,0,0,0,0,0,0,0,0,100,0,0,0,168510.4937133789,2016.364990234375,0,404332056576,8589930496,3727732736,0
199,1778236413521,1994,1000,800,2000,2000,800,800,2099,799,799,800,800,800,799,800,800,0,0,0,0,0,0,0,0,0,0,0,0,100,0,0,0,168513.3579711914,2023.28515625,0,404332056576,8589930496,3727732736,0
0,1778236413721,1994,1000,800,2000,2000,800,800,2099,799,799,800,800,800,799,800,800,0,0,0,0,0,0,0,0,0,0,0,0,4.761904716491699,0,0,0,168513.66174316406,2026.3201904296875,0,404332056576,8589930496,3727732736,0
