Delta,Time,CPU_FREQUENCY_0,CPU_FREQUENCY_1,CPU_FREQUENCY_10,CPU_FREQUENCY_11,CPU_FREQUENCY_12,CPU_FREQUENCY_13,CPU_FREQUENCY_14,CPU_FREQUENCY_15,CPU_FREQUENCY_2,CPU_FREQUENCY_3,CPU_FREQUENCY_4,CPU_FREQUENCY_5,CPU_FREQUENCY_6,CPU_FREQUENCY_7,CPU_FREQUENCY_8,CPU_FREQUENCY_9,CPU_USAGE_0,CPU_USAGE_1,CPU_USAGE_10,CPU_USAGE_11,CPU_USAGE_12,CPU_USAGE_13,CPU_USAGE_14,CPU_USAGE_15,CPU_USAGE_2,CPU_USAGE_3,CPU_USAGE_4,CPU_USAGE_5,CPU_USAGE_6,CPU_USAGE_7,CPU_USAGE_8,CPU_USAGE_9,DRAM_ENERGY (J),PACKAGE_ENERGY (J),PP0_ENERGY (J),TOTAL_MEMORY,TOTAL_SWAP,USED_MEMORY,USED_SWAP
0,1778241751581,1187,1977,800,800,2099,809,809,800,997,799,2000,800,800,1000,800,800,0,0,8,4.1666669845581055,4.545454502105713,4.34782600402832,0,8,0,4.1666669845581055,0,4.34782600402832,4.1666669845581055,0,0,4.1666669845581055,172063.90545654297,78190.19641113281,0,404332056576,8589930496,3779342336,0
200,1778241751581,1187,1977,800,800,2099,809,809,800,997,799,2000,800,800,1000,800,800,0,0,8,4.1666669845581055,4.545454502105713,4.34782600402832,0,8,0,4.1666669845581055,0,4.34782600402832,4.1666669845581055,0,0,4.1666669845581055,172063.90545654297,78190.19641113281,0,404332056576,8589930496,3779342336,0
199,1778241751781,1187,1977,800,800,2099,809,809,800,997,799,2000,800,800,1000,800,800,100,0,0,0,0,0,0,0,0,0,0,0,0,0,0,0,172065.91229248047,78196.22235107422,0,404332056576,8589930496,3782000640,0
199,1778241751981,1187,1977,800,800,2099,809,809,800,997,799,2000,800,800,1000,800,800,100,0,0,0,4.761904716491699,0,0,0,0,0,0,0,0,0,0,0,172068.81591796875,78203.15673828125,0,404332056576,8589930496,3782000640,0
199,1778241752181,1187,1977,800,800,2099,809,809,800,997,799,2000,800,800,1000,800,800,100,0,0,0,4.761904716491699,0,0,0,0,0,0,0,0,0,0,0,172071.6925048828,78209.91357421875,0,404332056576,8589930496,3782000640,0
199,1778241752381,1187,1977,800,800,2099,809,809,800,997,799,2000,800,800,1000,800,800,100,0,0,0,0,0,0,0,0,0,0,0,0,0,0,0,172074.5757446289,78216.72723388672,0,404332056576,8589930496,3782000640,0
0,1778241752581,1187,1977,800,800,2099,809,809,800,997,799,2000,800,800,1000,800,800,0,0,0,0,0,0,0,0,0,0,0,0,0,0,0,0,172074.70959472656,78219.53485107422,0,404332056576,8589930496,3782000640,0
