Delta,Time,CPU_FREQUENCY_0,CPU_FREQUENCY_1,CPU_FREQUENCY_10,CPU_FREQUENCY_11,CPU_FREQUENCY_12,CPU_FREQUENCY_13,CPU_FREQUENCY_14,CPU_FREQUENCY_15,CPU_FREQUENCY_2,CPU_FREQUENCY_3,CPU_FREQUENCY_4,CPU_FREQUENCY_5,CPU_FREQUENCY_6,CPU_FREQUENCY_7,CPU_FREQUENCY_8,CPU_FREQUENCY_9,CPU_USAGE_0,CPU_USAGE_1,CPU_USAGE_10,CPU_USAGE_11,CPU_USAGE_12,CPU_USAGE_13,CPU_USAGE_14,CPU_USAGE_15,CPU_USAGE_2,CPU_USAGE_3,CPU_USAGE_4,CPU_USAGE_5,CPU_USAGE_6,CPU_USAGE_7,CPU_USAGE_8,CPU_USAGE_9,DRAM_ENERGY (J),PACKAGE_ENERGY (J),PP0_ENERGY (J),TOTAL_MEMORY,TOTAL_SWAP,USED_MEMORY,USED_SWAP
0,1778239016265,1151,1997,800,800,800,800,2100,2100,800,808,1000,1800,800,800,800,800,4.1666669845581055,8,7.692307949066162,0,0,4.1666669845581055,8.333333969116211,4.1666669845581055,8,4.1666669845581055,0,4.1666669845581055,4.1666669845581055,4,8,4.1666669845581055,170174.79290771484,38957.207092285156,0,404332056576,8589930496,3731480576,0
199,1778239016265,1151,1997,800,800,800,800,2100,2100,800,808,1000,1800,800,800,800,800,4.1666669845581055,8,7.692307949066162,0,0,4.1666669845581055,8.333333969116211,4.1666669845581055,8,4.1666669845581055,0,4.1666669845581055,4.1666669845581055,4,8,4.1666669845581055,170174.79290771484,38957.207092285156,0,404332056576,8589930496,3731480576,0
199,1778239016465,1151,1997,800,800,800,800,2100,2100,800,808,1000,1800,800,800,800,800,95.23809814453125,0,0,0,0,0,0,0,0,0,0,0,0,0,0,0,170176.9732055664,38963.0791015625,0,404332056576,8589930496,3735580672,0
199,1778239016666,1151,1997,800,800,800,800,2100,2100,800,808,1000,1800,800,800,800,800,100,0,0,0,0,0,0,0,0,0,0,0,0,0,0,0,170179.86279296875,38969.815368652344,0,404332056576,8589930496,3736510464,0
199,1778239016866,1151,1997,800,800,800,800,2100,2100,800,808,1000,1800,800,800,800,800,100,0,0,0,0,0,0,0,0,0,0,0,0,0,0,0,170182.80596923828,38976.54406738281,0,404332056576,8589930496,3736510464,0
0,1778239017066,1151,1997,800,800,800,800,2100,2100,800,808,1000,1800,800,800,800,800,100,0,0,0,0,0,0,0,0,0,0,0,0,0,0,0,170185.7201538086,38983.23083496094,0,404332056576,8589930496,3736510464,0
