Delta,Time,CPU_FREQUENCY_0,CPU_FREQUENCY_1,CPU_FREQUENCY_10,CPU_FREQUENCY_11,CPU_FREQUENCY_12,CPU_FREQUENCY_13,CPU_FREQUENCY_14,CPU_FREQUENCY_15,CPU_FREQUENCY_2,CPU_FREQUENCY_3,CPU_FREQUENCY_4,CPU_FREQUENCY_5,CPU_FREQUENCY_6,CPU_FREQUENCY_7,CPU_FREQUENCY_8,CPU_FREQUENCY_9,CPU_USAGE_0,CPU_USAGE_1,CPU_USAGE_10,CPU_USAGE_11,CPU_USAGE_12,CPU_USAGE_13,CPU_USAGE_14,CPU_USAGE_15,CPU_USAGE_2,CPU_USAGE_3,CPU_USAGE_4,CPU_USAGE_5,CPU_USAGE_6,CPU_USAGE_7,CPU_USAGE_8,CPU_USAGE_9,DRAM_ENERGY (J),PACKAGE_ENERGY (J),PP0_ENERGY (J),TOTAL_MEMORY,TOTAL_SWAP,USED_MEMORY,USED_SWAP
0,1778242684757,800,1630,800,800,800,800,2100,800,1061,800,800,800,800,1082,800,2000,4.1666669845581055,4.1666669845581055,4,4.1666669845581055,4.1666669845581055,0,8,8.69565200805664,0,4.1666669845581055,4,4,4.1666669845581055,0,4.34782600402832,0,172380.6737060547,90906.18444824219,0,404332056576,8589930496,3761680384,0
200,1778242684757,800,1630,800,800,800,800,2100,800,1061,800,800,800,800,1082,800,2000,4.1666669845581055,4.1666669845581055,4,4.1666669845581055,4.1666669845581055,0,8,8.69565200805664,0,4.1666669845581055,4,4,4.1666669845581055,0,4.34782600402832,0,172380.6766357422,90906.20629882813,0,404332056576,8589930496,3761680384,0
199,1778242684958,800,1630,800,800,800,800,2100,800,1061,800,800,800,800,1082,800,2000,100,0,0,0,0,0,0,0,0,0,0,0,0,0,0,0,172382.5502319336,90911.87103271484,0,404332056576,8589930496,3761680384,0
199,1778242685158,800,1630,800,800,800,800,2100,800,1061,800,800,800,800,1082,800,2000,100,0,0,0,0,0,0,0,0,0,0,0,0,0,0,0,172385.45532226563,90918.62030029297,0,404332056576,8589930496,3761680384,0
199,1778242685358,800,1630,800,800,800,800,2100,800,1061,800,800,800,800,1082,800,2000,100,0,0,0,0,4.761904716491699,0,5,0,0,0,0,0,0,0,0,172388.35424804688,90925.37329101563,0,404332056576,8589930496,3761680384,0
199,1778242685558,800,1630,800,800,800,800,2100,800,1061,800,800,800,800,1082,800,2000,100,0,0,0,0,0,0,0,0,0,0,0,0,0,0,0,172391.24224853516,90932.123046875,0,404332056576,8589930496,3761680384,0
0,1778242685758,800,1630,800,800,800,800,2100,800,1061,800,800,800,800,1082,800,2000,0,0,0,0,0,0,0,0,0,0,0,0,0,0,0,0,172391.54748535156,90935.1371459961,0,404332056576,8589930496,3761938432,0
