Delta,Time,CPU_FREQUENCY_0,CPU_FREQUENCY_1,CPU_FREQUENCY_10,CPU_FREQUENCY_11,CPU_FREQUENCY_12,CPU_FREQUENCY_13,CPU_FREQUENCY_14,CPU_FREQUENCY_15,CPU_FREQUENCY_2,CPU_FREQUENCY_3,CPU_FREQUENCY_4,CPU_FREQUENCY_5,CPU_FREQUENCY_6,CPU_FREQUENCY_7,CPU_FREQUENCY_8,CPU_FREQUENCY_9,CPU_USAGE_0,CPU_USAGE_1,CPU_USAGE_10,CPU_USAGE_11,CPU_USAGE_12,CPU_USAGE_13,CPU_USAGE_14,CPU_USAGE_15,CPU_USAGE_2,CPU_USAGE_3,CPU_USAGE_4,CPU_USAGE_5,CPU_USAGE_6,CPU_USAGE_7,CPU_USAGE_8,CPU_USAGE_9,DRAM_ENERGY (J),PACKAGE_ENERGY (J),PP0_ENERGY (J),TOTAL_MEMORY,TOTAL_SWAP,USED_MEMORY,USED_SWAP
0,1778236101412,965,800,800,800,2000,2099,2088,985,829,1426,800,808,800,2100,800,799,4.1666669845581055,0,4.34782600402832,0,4,4.1666669845581055,4.1666669845581055,8.333333969116211,0,0,0,0,4,4,0,4.1666669845581055,168380.61889648438,259901.84533691406,0,404332056576,8589930496,3736043520,0
200,1778236101412,965,800,800,800,2000,2099,2088,985,829,1426,800,808,800,2100,800,799,4.1666669845581055,0,4.34782600402832,0,4,4.1666669845581055,4.1666669845581055,8.333333969116211,0,0,0,0,4,4,0,4.1666669845581055,168380.61889648438,259901.84533691406,0,404332056576,8589930496,3736043520,0
199,1778236101612,965,800,800,800,2000,2099,2088,985,829,1426,800,808,800,2100,800,799,100,0,0,0,0,0,0,0,0,0,0,0,0,0,0,0,168382.76220703125,259907.73205566406,0,404332056576,8589930496,3736043520,0
199,1778236101812,965,800,800,800,2000,2099,2088,985,829,1426,800,808,800,2100,800,799,10,0,0,0,0,0,0,0,90,0,0,0,0,0,0,0,168385.0952758789,259914.1351928711,0,404332056576,8589930496,3736707072,0
199,1778236102012,965,800,800,800,2000,2099,2088,985,829,1426,800,808,800,2100,800,799,0,0,0,0,0,0,0,0,100,0,0,0,0,0,0,0,168388.0107421875,259921.08532714844,0,404332056576,8589930496,3736707072,0
199,1778236102212,965,800,800,800,2000,2099,2088,985,829,1426,800,808,800,2100,800,799,0,0,0,0,0,0,0,0,100,0,0,0,0,0,0,0,168390.90856933594,259928.02954101563,0,404332056576,8589930496,3736707072,0
0,1778236102412,965,800,800,800,2000,2099,2088,985,829,1426,800,808,800,2100,800,799,0,0,0,0,0,0,0,0,15.000000953674316,0,0,0,0,0,0,0,168391.5513305664,259931.55432128906,0,404332056576,8589930496,3736707072,0
