Delta,Time,CPU_FREQUENCY_0,CPU_FREQUENCY_1,CPU_FREQUENCY_10,CPU_FREQUENCY_11,CPU_FREQUENCY_12,CPU_FREQUENCY_13,CPU_FREQUENCY_14,CPU_FREQUENCY_15,CPU_FREQUENCY_2,CPU_FREQUENCY_3,CPU_FREQUENCY_4,CPU_FREQUENCY_5,CPU_FREQUENCY_6,CPU_FREQUENCY_7,CPU_FREQUENCY_8,CPU_FREQUENCY_9,CPU_USAGE_0,CPU_USAGE_1,CPU_USAGE_10,CPU_USAGE_11,CPU_USAGE_12,CPU_USAGE_13,CPU_USAGE_14,CPU_USAGE_15,CPU_USAGE_2,CPU_USAGE_3,CPU_USAGE_4,CPU_USAGE_5,CPU_USAGE_6,CPU_USAGE_7,CPU_USAGE_8,CPU_USAGE_9,DRAM_ENERGY (J),PACKAGE_ENERGY (J),PP0_ENERGY (J),TOTAL_MEMORY,TOTAL_SWAP,USED_MEMORY,USED_SWAP
0,1778242156278,800,3000,800,874,800,2000,800,800,800,1169,1600,1000,800,951,800,2100,0,0,0,0,8,4,0,0,4.1666669845581055,0,4.1666669845581055,0,4,0,0,4.34782600402832,172183.94451904297,83688.77270507813,0,404332056576,8589930496,3777204224,0
199,1778242156278,800,3000,800,874,800,2000,800,800,800,1169,1600,1000,800,951,800,2100,0,0,0,0,8,4,0,0,4.1666669845581055,0,4.1666669845581055,0,4,0,0,4.34782600402832,172183.9483642578,83688.79864501953,0,404332056576,8589930496,3777204224,0
199,1778242156478,800,3000,800,874,800,2000,800,800,800,1169,1600,1000,800,951,800,2100,100,0,0,0,0,0,0,0,0,0,0,0,0,0,0,4.761904716491699,172185.99182128906,83694.77655029297,0,404332056576,8589930496,3777204224,0
199,1778242156678,800,3000,800,874,800,2000,800,800,800,1169,1600,1000,800,951,800,2100,100,0,0,0,0,0,0,0,0,0,0,0,0,0,0,0,172188.8939819336,83701.64428710938,0,404332056576,8589930496,3777941504,0
199,1778242156879,800,3000,800,874,800,2000,800,800,800,1169,1600,1000,800,951,800,2100,100,0,0,0,0,0,0,0,0,0,0,0,0,0,0,0,172191.81256103516,83708.48858642578,0,404332056576,8589930496,3777941504,0
0,1778242157079,800,3000,800,874,800,2000,800,800,800,1169,1600,1000,800,951,800,2100,100,0,0,0,0,0,0,0,0,0,0,0,0,0,0,0,172194.73858642578,83715.2855834961,0,404332056576,8589930496,3774967808,0
