Delta,Time,CPU_FREQUENCY_0,CPU_FREQUENCY_1,CPU_FREQUENCY_10,CPU_FREQUENCY_11,CPU_FREQUENCY_12,CPU_FREQUENCY_13,CPU_FREQUENCY_14,CPU_FREQUENCY_15,CPU_FREQUENCY_2,CPU_FREQUENCY_3,CPU_FREQUENCY_4,CPU_FREQUENCY_5,CPU_FREQUENCY_6,CPU_FREQUENCY_7,CPU_FREQUENCY_8,CPU_FREQUENCY_9,CPU_USAGE_0,CPU_USAGE_1,CPU_USAGE_10,CPU_USAGE_11,CPU_USAGE_12,CPU_USAGE_13,CPU_USAGE_14,CPU_USAGE_15,CPU_USAGE_2,CPU_USAGE_3,CPU_USAGE_4,CPU_USAGE_5,CPU_USAGE_6,CPU_USAGE_7,CPU_USAGE_8,CPU_USAGE_9,DRAM_ENERGY (J),PACKAGE_ENERGY (J),PP0_ENERGY (J),TOTAL_MEMORY,TOTAL_SWAP,USED_MEMORY,USED_SWAP
0,1778243649735,1258,1500,800,800,800,800,2100,806,800,879,1551,799,800,1100,800,800,8,4.1666669845581055,4.1666669845581055,0,4.1666669845581055,0,4.34782600402832,4.1666669845581055,0,4.1666669845581055,4.1666669845581055,0,0,4,0,4.1666669845581055,173064.40270996094,104677.15710449219,0,404332056576,8589930496,3759882240,0
200,1778243649736,1258,1500,800,800,800,800,2100,806,800,879,1551,799,800,1100,800,800,8,4.1666669845581055,4.1666669845581055,0,4.1666669845581055,0,4.34782600402832,4.1666669845581055,0,4.1666669845581055,4.1666669845581055,0,0,4,0,4.1666669845581055,173064.40270996094,104677.15710449219,0,404332056576,8589930496,3759882240,0
200,1778243649936,1258,1500,800,800,800,800,2100,806,800,879,1551,799,800,1100,800,800,100,0,0,0,0,0,4.761904716491699,0,0,0,0,0,0,0,0,0,173066.66766357422,104683.26989746094,0,404332056576,8589930496,3759882240,0
199,1778243650136,1258,1500,800,800,800,800,2100,806,800,879,1551,799,800,1100,800,800,100,0,0,0,0,0,0,0,0,0,0,0,0,0,0,0,173069.6007080078,104690.24029541016,0,404332056576,8589930496,3759882240,0
199,1778243650336,1258,1500,800,800,800,800,2100,806,800,879,1551,799,800,1100,800,800,100,0,0,0,0,0,0,0,0,0,0,0,0,0,0,0,173072.55389404297,104697.07434082031,0,404332056576,8589930496,3759882240,0
0,1778243650536,1258,1500,800,800,800,800,2100,806,800,879,1551,799,800,1100,800,800,100,0,0,0,0,0,0,0,0,0,0,0,0,0,0,0,173075.47149658203,104703.8060913086,0,404332056576,8589930496,3759882240,0
