Delta,Time,CPU_FREQUENCY_0,CPU_FREQUENCY_1,CPU_FREQUENCY_10,CPU_FREQUENCY_11,CPU_FREQUENCY_12,CPU_FREQUENCY_13,CPU_FREQUENCY_14,CPU_FREQUENCY_15,CPU_FREQUENCY_2,CPU_FREQUENCY_3,CPU_FREQUENCY_4,CPU_FREQUENCY_5,CPU_FREQUENCY_6,CPU_FREQUENCY_7,CPU_FREQUENCY_8,CPU_FREQUENCY_9,CPU_USAGE_0,CPU_USAGE_1,CPU_USAGE_10,CPU_USAGE_11,CPU_USAGE_12,CPU_USAGE_13,CPU_USAGE_14,CPU_USAGE_15,CPU_USAGE_2,CPU_USAGE_3,CPU_USAGE_4,CPU_USAGE_5,CPU_USAGE_6,CPU_USAGE_7,CPU_USAGE_8,CPU_USAGE_9,DRAM_ENERGY (J),PACKAGE_ENERGY (J),PP0_ENERGY (J),TOTAL_MEMORY,TOTAL_SWAP,USED_MEMORY,USED_SWAP
0,1778243680789,800,2000,799,800,800,2000,2100,2099,1100,800,800,1659,1478,2000,800,870,4.1666669845581055,12,0,4.1666669845581055,4.1666669845581055,0,4,4.1666669845581055,8,0,7.692307949066162,7.692307949066162,8,0,4,0,173076.97985839844,105102.88122558594,0,404332056576,8589930496,3758956544,0
199,1778243680789,800,2000,799,800,800,2000,2100,2099,1100,800,800,1659,1478,2000,800,870,4.1666669845581055,12,0,4.1666669845581055,4.1666669845581055,0,4,4.1666669845581055,8,0,7.692307949066162,7.692307949066162,8,0,4,0,173076.98388671875,105102.9038696289,0,404332056576,8589930496,3758956544,0
199,1778243680989,800,2000,799,800,800,2000,2100,2099,1100,800,800,1659,1478,2000,800,870,0,0,0,0,0,0,100,0,0,0,0,0,0,0,0,0,173077.37341308594,105107.49267578125,0,404332056576,8589930496,3759890432,0
199,1778243681189,800,2000,799,800,800,2000,2100,2099,1100,800,800,1659,1478,2000,800,870,0,0,0,0,0,0,100,10,0,0,0,0,0,0,0,0,173077.736328125,105112.84130859375,0,404332056576,8589930496,3759890432,0
199,1778243681389,800,2000,799,800,800,2000,2100,2099,1100,800,800,1659,1478,2000,800,870,0,0,0,0,0,0,100,0,0,0,0,0,0,0,0,0,173078.10620117188,105118.18658447266,0,404332056576,8589930496,3759890432,0
0,1778243681590,800,2000,799,800,800,2000,2100,2099,1100,800,800,1659,1478,2000,800,870,0,0,0,0,0,0,95,0,0,0,0,0,0,0,0,0,173078.5181274414,105123.49627685547,0,404332056576,8589930496,3759890432,0
