Delta,Time,CPU_FREQUENCY_0,CPU_FREQUENCY_1,CPU_FREQUENCY_10,CPU_FREQUENCY_11,CPU_FREQUENCY_12,CPU_FREQUENCY_13,CPU_FREQUENCY_14,CPU_FREQUENCY_15,CPU_FREQUENCY_2,CPU_FREQUENCY_3,CPU_FREQUENCY_4,CPU_FREQUENCY_5,CPU_FREQUENCY_6,CPU_FREQUENCY_7,CPU_FREQUENCY_8,CPU_FREQUENCY_9,CPU_USAGE_0,CPU_USAGE_1,CPU_USAGE_10,CPU_USAGE_11,CPU_USAGE_12,CPU_USAGE_13,CPU_USAGE_14,CPU_USAGE_15,CPU_USAGE_2,CPU_USAGE_3,CPU_USAGE_4,CPU_USAGE_5,CPU_USAGE_6,CPU_USAGE_7,CPU_USAGE_8,CPU_USAGE_9,DRAM_ENERGY (J),PACKAGE_ENERGY (J),PP0_ENERGY (J),TOTAL_MEMORY,TOTAL_SWAP,USED_MEMORY,USED_SWAP
0,1778235852193,800,2000,1015,800,2045,831,986,2000,799,2099,2000,820,800,816,1000,1000,7.692307949066162,8.333333969116211,0,0,4,0,4,0,8,4.1666669845581055,0,4,4,0,4,4,168291.6083984375,256508.51818847656,0,404332056576,8589930496,3783950336,0
199,1778235852193,800,2000,1015,800,2045,831,986,2000,799,2099,2000,820,800,816,1000,1000,7.692307949066162,8.333333969116211,0,0,4,0,4,0,8,4.1666669845581055,0,4,4,0,4,4,168291.62048339844,256508.5414428711,0,404332056576,8589930496,3783950336,0
199,1778235852394,800,2000,1015,800,2045,831,986,2000,799,2099,2000,820,800,816,1000,1000,0,4.761904716491699,0,0,0,0,0,0,100,0,0,0,0,0,0,0,168293.07006835938,256513.77545166016,0,404332056576,8589930496,3783950336,0
199,1778235852594,800,2000,1015,800,2045,831,986,2000,799,2099,2000,820,800,816,1000,1000,0,0,0,0,0,0,0,0,100,0,0,0,0,0,0,0,168295.9188232422,256520.5216064453,0,404332056576,8589930496,3783950336,0
199,1778235852794,800,2000,1015,800,2045,831,986,2000,799,2099,2000,820,800,816,1000,1000,0,0,0,0,0,0,0,0,100,0,0,0,0,0,0,0,168298.82501220703,256527.2635498047,0,404332056576,8589930496,3783950336,0
199,1778235852994,800,2000,1015,800,2045,831,986,2000,799,2099,2000,820,800,816,1000,1000,0,0,0,0,0,0,0,0,100,0,0,0,0,0,0,0,168301.68682861328,256534.00915527344,0,404332056576,8589930496,3783950336,0
0,1778235853194,800,2000,1015,800,2045,831,986,2000,799,2099,2000,820,800,816,1000,1000,0,0,0,0,0,0,0,0,5,0,0,0,0,0,0,0,168301.91436767578,256536.9783935547,0,404332056576,8589930496,3783950336,0
