Delta,Time,CPU_FREQUENCY_0,CPU_FREQUENCY_1,CPU_FREQUENCY_10,CPU_FREQUENCY_11,CPU_FREQUENCY_12,CPU_FREQUENCY_13,CPU_FREQUENCY_14,CPU_FREQUENCY_15,CPU_FREQUENCY_2,CPU_FREQUENCY_3,CPU_FREQUENCY_4,CPU_FREQUENCY_5,CPU_FREQUENCY_6,CPU_FREQUENCY_7,CPU_FREQUENCY_8,CPU_FREQUENCY_9,CPU_USAGE_0,CPU_USAGE_1,CPU_USAGE_10,CPU_USAGE_11,CPU_USAGE_12,CPU_USAGE_13,CPU_USAGE_14,CPU_USAGE_15,CPU_USAGE_2,CPU_USAGE_3,CPU_USAGE_4,CPU_USAGE_5,CPU_USAGE_6,CPU_USAGE_7,CPU_USAGE_8,CPU_USAGE_9,DRAM_ENERGY (J),PACKAGE_ENERGY (J),PP0_ENERGY (J),TOTAL_MEMORY,TOTAL_SWAP,USED_MEMORY,USED_SWAP
0,1778241049630,1600,2000,1081,800,805,800,800,800,2068,1485,1074,917,800,800,800,2100,0,0,4.1666669845581055,4.1666669845581055,0,8,4,8,4.1666669845581055,4.1666669845581055,4.1666669845581055,4.1666669845581055,8,4.1666669845581055,4,8.333333969116211,171687.14361572266,68372.12536621094,0,404332056576,8589930496,3800289280,0
200,1778241049631,1600,2000,1081,800,805,800,800,800,2068,1485,1074,917,800,800,800,2100,0,0,4.1666669845581055,4.1666669845581055,0,8,4,8,4.1666669845581055,4.1666669845581055,4.1666669845581055,4.1666669845581055,8,4.1666669845581055,4,8.333333969116211,171687.14361572266,68372.12536621094,0,404332056576,8589930496,3800289280,0
199,1778241049831,1600,2000,1081,800,805,800,800,800,2068,1485,1074,917,800,800,800,2100,100,0,0,0,0,0,0,5,0,0,0,0,0,0,0,0,171688.92669677734,68377.78228759766,0,404332056576,8589930496,3800289280,0
199,1778241050031,1600,2000,1081,800,805,800,800,800,2068,1485,1074,917,800,800,800,2100,100,0,0,0,0,0,0,0,0,0,0,0,0,0,0,0,171691.8003540039,68384.72772216797,0,404332056576,8589930496,3800289280,0
199,1778241050231,1600,2000,1081,800,805,800,800,800,2068,1485,1074,917,800,800,800,2100,100,0,0,0,0,0,0,0,0,0,0,0,0,0,0,0,171694.6685180664,68391.6704711914,0,404332056576,8589930496,3800289280,0
199,1778241050431,1600,2000,1081,800,805,800,800,800,2068,1485,1074,917,800,800,800,2100,100,0,0,0,0,0,0,0,0,0,0,0,0,0,0,4.761904716491699,171697.54852294922,68398.61853027344,0,404332056576,8589930496,3800289280,0
0,1778241050631,1600,2000,1081,800,805,800,800,800,2068,1485,1074,917,800,800,800,2100,0,0,0,0,0,0,0,0,0,0,0,0,0,0,0,0,171697.9673461914,68401.74987792969,0,404332056576,8589930496,3800289280,0
