Delta,Time,CPU_FREQUENCY_0,CPU_FREQUENCY_1,CPU_FREQUENCY_10,CPU_FREQUENCY_11,CPU_FREQUENCY_12,CPU_FREQUENCY_13,CPU_FREQUENCY_14,CPU_FREQUENCY_15,CPU_FREQUENCY_2,CPU_FREQUENCY_3,CPU_FREQUENCY_4,CPU_FREQUENCY_5,CPU_FREQUENCY_6,CPU_FREQUENCY_7,CPU_FREQUENCY_8,CPU_FREQUENCY_9,CPU_USAGE_0,CPU_USAGE_1,CPU_USAGE_10,CPU_USAGE_11,CPU_USAGE_12,CPU_USAGE_13,CPU_USAGE_14,CPU_USAGE_15,CPU_USAGE_2,CPU_USAGE_3,CPU_USAGE_4,CPU_USAGE_5,CPU_USAGE_6,CPU_USAGE_7,CPU_USAGE_8,CPU_USAGE_9,DRAM_ENERGY (J),PACKAGE_ENERGY (J),PP0_ENERGY (J),TOTAL_MEMORY,TOTAL_SWAP,USED_MEMORY,USED_SWAP
0,1778240792588,799,800,1011,799,800,2000,800,2099,800,1714,1115,800,800,800,808,810,8.333333969116211,4,0,4.1666669845581055,4.1666669845581055,7.692307949066162,0,4.1666669845581055,0,0,4.1666669845581055,4,4,4.1666669845581055,0,4,171621.30139160156,64791.00720214844,0,404332056576,8589930496,3781398528,0
200,1778240792588,799,800,1011,799,800,2000,800,2099,800,1714,1115,800,800,800,808,810,8.333333969116211,4,0,4.1666669845581055,4.1666669845581055,7.692307949066162,0,4.1666669845581055,0,0,4.1666669845581055,4,4,4.1666669845581055,0,4,171621.30139160156,64791.00720214844,0,404332056576,8589930496,3781398528,0
199,1778240792789,799,800,1011,799,800,2000,800,2099,800,1714,1115,800,800,800,808,810,0,0,0,0,0,0,0,0,0,0,0,0,0,0,0,100,171621.71905517578,64795.66076660156,0,404332056576,8589930496,3783307264,0
199,1778240792989,799,800,1011,799,800,2000,800,2099,800,1714,1115,800,800,800,808,810,0,0,0,0,0,0,0,0,0,0,0,0,0,0,0,100,171622.13763427734,64801.004638671875,0,404332056576,8589930496,3783307264,0
199,1778240793189,799,800,1011,799,800,2000,800,2099,800,1714,1115,800,800,800,808,810,0,0,0,0,0,0,0,0,0,0,0,0,0,0,0,100,171622.57000732422,64806.35290527344,0,404332056576,8589930496,3783307264,0
0,1778240793389,799,800,1011,799,800,2000,800,2099,800,1714,1115,800,800,800,808,810,0,0,0,0,0,0,0,5,0,0,0,0,0,0,0,95.23809814453125,171622.98333740234,64811.671325683594,0,404332056576,8589930496,3783307264,0
