Delta,Time,CPU_FREQUENCY_0,CPU_FREQUENCY_1,CPU_FREQUENCY_10,CPU_FREQUENCY_11,CPU_FREQUENCY_12,CPU_FREQUENCY_13,CPU_FREQUENCY_14,CPU_FREQUENCY_15,CPU_FREQUENCY_2,CPU_FREQUENCY_3,CPU_FREQUENCY_4,CPU_FREQUENCY_5,CPU_FREQUENCY_6,CPU_FREQUENCY_7,CPU_FREQUENCY_8,CPU_FREQUENCY_9,CPU_USAGE_0,CPU_USAGE_1,CPU_USAGE_10,CPU_USAGE_11,CPU_USAGE_12,CPU_USAGE_13,CPU_USAGE_14,CPU_USAGE_15,CPU_USAGE_2,CPU_USAGE_3,CPU_USAGE_4,CPU_USAGE_5,CPU_USAGE_6,CPU_USAGE_7,CPU_USAGE_8,CPU_USAGE_9,DRAM_ENERGY (J),PACKAGE_ENERGY (J),PP0_ENERGY (J),TOTAL_MEMORY,TOTAL_SWAP,USED_MEMORY,USED_SWAP
0,1778238696136,800,1172,1898,1749,831,800,800,1112,1000,2099,860,2000,800,800,800,2099,0,4.1666669845581055,12.5,4.1666669845581055,0,0,12,4,4,4.1666669845581055,4.1666669845581055,4,4,4,4.1666669845581055,4.1666669845581055,169939.12451171875,34433.97009277344,0,404332056576,8589930496,3755343872,0
199,1778238696136,800,1172,1898,1749,831,800,800,1112,1000,2099,860,2000,800,800,800,2099,0,4.1666669845581055,12.5,4.1666669845581055,0,0,12,4,4,4.1666669845581055,4.1666669845581055,4,4,4,4.1666669845581055,4.1666669845581055,169939.12817382813,34433.991760253906,0,404332056576,8589930496,3755343872,0
199,1778238696336,800,1172,1898,1749,831,800,800,1112,1000,2099,860,2000,800,800,800,2099,100,0,0,0,0,0,0,0,0,0,0,0,0,0,0,0,169941.0301513672,34439.623107910156,0,404332056576,8589930496,3755343872,0
199,1778238696536,800,1172,1898,1749,831,800,800,1112,1000,2099,860,2000,800,800,800,2099,100,0,0,0,0,0,0,0,0,0,0,0,0,0,0,0,169943.8901977539,34446.36444091797,0,404332056576,8589930496,3755343872,0
199,1778238696737,800,1172,1898,1749,831,800,800,1112,1000,2099,860,2000,800,800,800,2099,100,0,0,0,0,0,0,0,0,0,0,0,0,0,0,0,169946.7847290039,34453.105224609375,0,404332056576,8589930496,3756347392,0
0,1778238696937,800,1172,1898,1749,831,800,800,1112,1000,2099,860,2000,800,800,800,2099,100,0,0,0,0,0,0,0,0,0,0,0,0,0,0,0,169949.69311523438,34459.81823730469,0,404332056576,8589930496,3756347392,0
