Delta,Time,CPU_FREQUENCY_0,CPU_FREQUENCY_1,CPU_FREQUENCY_10,CPU_FREQUENCY_11,CPU_FREQUENCY_12,CPU_FREQUENCY_13,CPU_FREQUENCY_14,CPU_FREQUENCY_15,CPU_FREQUENCY_2,CPU_FREQUENCY_3,CPU_FREQUENCY_4,CPU_FREQUENCY_5,CPU_FREQUENCY_6,CPU_FREQUENCY_7,CPU_FREQUENCY_8,CPU_FREQUENCY_9,CPU_USAGE_0,CPU_USAGE_1,CPU_USAGE_10,CPU_USAGE_11,CPU_USAGE_12,CPU_USAGE_13,CPU_USAGE_14,CPU_USAGE_15,CPU_USAGE_2,CPU_USAGE_3,CPU_USAGE_4,CPU_USAGE_5,CPU_USAGE_6,CPU_USAGE_7,CPU_USAGE_8,CPU_USAGE_9,DRAM_ENERGY (J),PACKAGE_ENERGY (J),PP0_ENERGY (J),TOTAL_MEMORY,TOTAL_SWAP,USED_MEMORY,USED_SWAP
0,1778236599242,800,800,800,800,800,800,2100,1999,800,2000,822,1999,1054,1500,833,800,4.1666669845581055,4.1666669845581055,4.1666669845581055,0,4,4,4.34782600402832,0,0,0,4.1666669845581055,4.1666669845581055,4.1666669845581055,4.1666669845581055,4,4,168568.49298095703,4528.162658691406,0,404332056576,8589930496,3753013248,0
200,1778236599242,800,800,800,800,800,800,2100,1999,800,2000,822,1999,1054,1500,833,800,4.1666669845581055,4.1666669845581055,4.1666669845581055,0,4,4,4.34782600402832,0,0,0,4.1666669845581055,4.1666669845581055,4.1666669845581055,4.1666669845581055,4,4,168568.49298095703,4528.162658691406,0,404332056576,8589930496,3753525248,0
199,1778236599443,800,800,800,800,800,800,2100,1999,800,2000,822,1999,1054,1500,833,800,100,0,0,0,0,0,4.761904716491699,0,0,0,0,0,0,0,0,0,168570.25067138672,4533.950134277344,0,404332056576,8589930496,3757395968,0
199,1778236599643,800,800,800,800,800,800,2100,1999,800,2000,822,1999,1054,1500,833,800,100,0,0,0,0,0,0,0,0,0,0,0,0,0,0,0,168573.1201171875,4540.845886230469,0,404332056576,8589930496,3758141440,0
199,1778236599843,800,800,800,800,800,800,2100,1999,800,2000,822,1999,1054,1500,833,800,100,0,0,0,0,0,0,0,0,0,0,0,0,0,0,0,168576.00079345703,4547.648864746094,0,404332056576,8589930496,3758141440,0
199,1778236600043,800,800,800,800,800,800,2100,1999,800,2000,822,1999,1054,1500,833,800,100,0,0,0,0,0,0,0,0,0,0,0,0,0,0,0,168578.857421875,4554.4415283203125,0,404332056576,8589930496,3758141440,0
0,1778236600243,800,800,800,800,800,800,2100,1999,800,2000,822,1999,1054,1500,833,800,4.761904716491699,0,0,0,0,0,0,0,0,0,0,0,0,0,0,0,168579.05950927734,4557.392150878906,0,404332056576,8589930496,3758141440,0
