Delta,Time,CPU_FREQUENCY_0,CPU_FREQUENCY_1,CPU_FREQUENCY_10,CPU_FREQUENCY_11,CPU_FREQUENCY_12,CPU_FREQUENCY_13,CPU_FREQUENCY_14,CPU_FREQUENCY_15,CPU_FREQUENCY_2,CPU_FREQUENCY_3,CPU_FREQUENCY_4,CPU_FREQUENCY_5,CPU_FREQUENCY_6,CPU_FREQUENCY_7,CPU_FREQUENCY_8,CPU_FREQUENCY_9,CPU_USAGE_0,CPU_USAGE_1,CPU_USAGE_10,CPU_USAGE_11,CPU_USAGE_12,CPU_USAGE_13,CPU_USAGE_14,CPU_USAGE_15,CPU_USAGE_2,CPU_USAGE_3,CPU_USAGE_4,CPU_USAGE_5,CPU_USAGE_6,CPU_USAGE_7,CPU_USAGE_8,CPU_USAGE_9,DRAM_ENERGY (J),PACKAGE_ENERGY (J),PP0_ENERGY (J),TOTAL_MEMORY,TOTAL_SWAP,USED_MEMORY,USED_SWAP
0,1778239149265,800,800,1074,1371,800,800,2000,800,800,800,1663,1101,2000,1000,800,2100,4.1666669845581055,4.1666669845581055,4.1666669845581055,8,0,0,4.34782600402832,8,4.34782600402832,4.1666669845581055,4.1666669845581055,4.1666669845581055,0,4.34782600402832,4.1666669845581055,8.69565200805664,170338.6694946289,40938.595764160156,0,404332056576,8589930496,3735769088,0
200,1778239149265,800,800,1074,1371,800,800,2000,800,800,800,1663,1101,2000,1000,800,2100,4.1666669845581055,4.1666669845581055,4.1666669845581055,8,0,0,4.34782600402832,8,4.34782600402832,4.1666669845581055,4.1666669845581055,4.1666669845581055,0,4.34782600402832,4.1666669845581055,8.69565200805664,170338.6694946289,40938.595764160156,0,404332056576,8589930496,3735769088,0
199,1778239149465,800,800,1074,1371,800,800,2000,800,800,800,1663,1101,2000,1000,800,2100,100,0,0,0,0,0,0,0,0,0,0,0,0,0,0,0,170340.15899658203,40943.968811035156,0,404332056576,8589930496,3735769088,0
199,1778239149665,800,800,1074,1371,800,800,2000,800,800,800,1663,1101,2000,1000,800,2100,100,0,0,0,0,0,0,0,0,0,0,0,0,0,0,0,170343.01348876953,40950.70947265625,0,404332056576,8589930496,3737227264,0
199,1778239149865,800,800,1074,1371,800,800,2000,800,800,800,1663,1101,2000,1000,800,2100,100,0,0,0,0,0,0,0,0,0,0,0,0,0,0,0,170345.87841796875,40957.45538330078,0,404332056576,8589930496,3737227264,0
199,1778239150066,800,800,1074,1371,800,800,2000,800,800,800,1663,1101,2000,1000,800,2100,100,0,0,0,0,0,0,0,0,0,0,0,0,0,0,0,170348.77465820313,40964.205017089844,0,404332056576,8589930496,3737227264,0
0,1778239150266,800,800,1074,1371,800,800,2000,800,800,800,1663,1101,2000,1000,800,2100,0,0,0,0,0,0,0,0,0,0,0,0,0,0,0,0,170349.12823486328,40967.29034423828,0,404332056576,8589930496,3737227264,0
