Delta,Time,CPU_FREQUENCY_0,CPU_FREQUENCY_1,CPU_FREQUENCY_10,CPU_FREQUENCY_11,CPU_FREQUENCY_12,CPU_FREQUENCY_13,CPU_FREQUENCY_14,CPU_FREQUENCY_15,CPU_FREQUENCY_2,CPU_FREQUENCY_3,CPU_FREQUENCY_4,CPU_FREQUENCY_5,CPU_FREQUENCY_6,CPU_FREQUENCY_7,CPU_FREQUENCY_8,CPU_FREQUENCY_9,CPU_USAGE_0,CPU_USAGE_1,CPU_USAGE_10,CPU_USAGE_11,CPU_USAGE_12,CPU_USAGE_13,CPU_USAGE_14,CPU_USAGE_15,CPU_USAGE_2,CPU_USAGE_3,CPU_USAGE_4,CPU_USAGE_5,CPU_USAGE_6,CPU_USAGE_7,CPU_USAGE_8,CPU_USAGE_9,DRAM_ENERGY (J),PACKAGE_ENERGY (J),PP0_ENERGY (J),TOTAL_MEMORY,TOTAL_SWAP,USED_MEMORY,USED_SWAP
0,1778238111575,2100,2000,800,800,800,2100,832,1069,800,1783,883,800,800,1366,800,1350,4.1666669845581055,4,7.692307949066162,4,0,8,0,0,0,0,4,4,0,4,4,0,169394.65338134766,25971.868530273438,0,404332056576,8589930496,3767390208,0
200,1778238111575,2100,2000,800,800,800,2100,832,1069,800,1783,883,800,800,1366,800,1350,4.1666669845581055,4,7.692307949066162,4,0,8,0,0,0,0,4,4,0,4,4,0,169394.65631103516,25971.888244628906,0,404332056576,8589930496,3767390208,0
199,1778238111776,2100,2000,800,800,800,2100,832,1069,800,1783,883,800,800,1366,800,1350,100,0,0,0,0,0,0,0,0,0,0,0,0,0,0,0,169396.8973388672,25977.84405517578,0,404332056576,8589930496,3771514880,0
199,1778238111976,2100,2000,800,800,800,2100,832,1069,800,1783,883,800,800,1366,800,1350,100,0,0,0,0,0,0,0,0,0,0,0,0,0,0,0,169399.7481689453,25984.587463378906,0,404332056576,8589930496,3771514880,0
199,1778238112176,2100,2000,800,800,800,2100,832,1069,800,1783,883,800,800,1366,800,1350,100,0,0,0,0,0,0,0,0,0,0,0,0,0,0,0,169402.59216308594,25991.332580566406,0,404332056576,8589930496,3771514880,0
0,1778238112376,2100,2000,800,800,800,2100,832,1069,800,1783,883,800,800,1366,800,1350,90.47618865966797,0,0,0,0,4.761904716491699,0,0,0,0,0,0,0,0,0,0,169405.43280029297,25998.011352539063,0,404332056576,8589930496,3771514880,0
