Delta,Time,CPU_FREQUENCY_0,CPU_FREQUENCY_1,CPU_FREQUENCY_10,CPU_FREQUENCY_11,CPU_FREQUENCY_12,CPU_FREQUENCY_13,CPU_FREQUENCY_14,CPU_FREQUENCY_15,CPU_FREQUENCY_2,CPU_FREQUENCY_3,CPU_FREQUENCY_4,CPU_FREQUENCY_5,CPU_FREQUENCY_6,CPU_FREQUENCY_7,CPU_FREQUENCY_8,CPU_FREQUENCY_9,CPU_USAGE_0,CPU_USAGE_1,CPU_USAGE_10,CPU_USAGE_11,CPU_USAGE_12,CPU_USAGE_13,CPU_USAGE_14,CPU_USAGE_15,CPU_USAGE_2,CPU_USAGE_3,CPU_USAGE_4,CPU_USAGE_5,CPU_USAGE_6,CPU_USAGE_7,CPU_USAGE_8,CPU_USAGE_9,DRAM_ENERGY (J),PACKAGE_ENERGY (J),PP0_ENERGY (J),TOTAL_MEMORY,TOTAL_SWAP,USED_MEMORY,USED_SWAP
0,1778235914698,1485,800,2300,800,800,2099,800,1560,799,2000,1000,800,799,3200,2100,800,4.1666669845581055,4.1666669845581055,0,4.1666669845581055,0,4,4,8.333333969116211,4,4,0,4,0,0,4,8,168314.78485107422,257359.25872802734,0,404332056576,8589930496,3778387968,0
200,1778235914698,1485,800,2300,800,800,2099,800,1560,799,2000,1000,800,799,3200,2100,800,4.1666669845581055,4.1666669845581055,0,4.1666669845581055,0,4,4,8.333333969116211,4,4,0,4,0,0,4,8,168314.78485107422,257359.25872802734,0,404332056576,8589930496,3778387968,0
200,1778235914898,1485,800,2300,800,800,2099,800,1560,799,2000,1000,800,799,3200,2100,800,100,0,0,0,0,0,0,0,0,0,0,0,4.761904716491699,0,0,0,168317.0048828125,257365.234375,0,404332056576,8589930496,3778387968,0
199,1778235915099,1485,800,2300,800,800,2099,800,1560,799,2000,1000,800,799,3200,2100,800,100,0,0,0,0,0,0,0,0,0,0,0,0,0,0,0,168319.88110351563,257372.16778564453,0,404332056576,8589930496,3778387968,0
199,1778235915299,1485,800,2300,800,800,2099,800,1560,799,2000,1000,800,799,3200,2100,800,100,0,0,0,0,0,0,0,0,0,0,0,0,0,0,0,168322.7749633789,257379.1005859375,0,404332056576,8589930496,3778387968,0
0,1778235915499,1485,800,2300,800,800,2099,800,1560,799,2000,1000,800,799,3200,2100,800,95,0,0,0,0,0,0,0,0,0,0,0,0,0,0,0,168325.6531982422,257385.98175048828,0,404332056576,8589930496,3778387968,0
