Delta,Time,CPU_FREQUENCY_0,CPU_FREQUENCY_1,CPU_FREQUENCY_10,CPU_FREQUENCY_11,CPU_FREQUENCY_12,CPU_FREQUENCY_13,CPU_FREQUENCY_14,CPU_FREQUENCY_15,CPU_FREQUENCY_2,CPU_FREQUENCY_3,CPU_FREQUENCY_4,CPU_FREQUENCY_5,CPU_FREQUENCY_6,CPU_FREQUENCY_7,CPU_FREQUENCY_8,CPU_FREQUENCY_9,CPU_USAGE_0,CPU_USAGE_1,CPU_USAGE_10,CPU_USAGE_11,CPU_USAGE_12,CPU_USAGE_13,CPU_USAGE_14,CPU_USAGE_15,CPU_USAGE_2,CPU_USAGE_3,CPU_USAGE_4,CPU_USAGE_5,CPU_USAGE_6,CPU_USAGE_7,CPU_USAGE_8,CPU_USAGE_9,DRAM_ENERGY (J),PACKAGE_ENERGY (J),PP0_ENERGY (J),TOTAL_MEMORY,TOTAL_SWAP,USED_MEMORY,USED_SWAP
0,1778238359778,800,1836,800,800,800,800,2100,871,922,799,1266,2000,800,1500,800,800,4.1666669845581055,0,4.1666669845581055,4.1666669845581055,4.1666669845581055,0,0,0,0,4.34782600402832,4.34782600402832,4.1666669845581055,0,0,0,4.1666669845581055,169468.1893310547,29338.55548095703,0,404332056576,8589930496,3762393088,0
200,1778238359779,800,1836,800,800,800,800,2100,871,922,799,1266,2000,800,1500,800,800,4.1666669845581055,0,4.1666669845581055,4.1666669845581055,4.1666669845581055,0,0,0,0,4.34782600402832,4.34782600402832,4.1666669845581055,0,0,0,4.1666669845581055,169468.1893310547,29338.55548095703,0,404332056576,8589930496,3762393088,0
199,1778238359979,800,1836,800,800,800,800,2100,871,922,799,1266,2000,800,1500,800,800,0,0,0,0,100,0,0,0,0,0,0,0,0,0,0,0,169468.57580566406,29343.14825439453,0,404332056576,8589930496,3766493184,0
199,1778238360179,800,1836,800,800,800,800,2100,871,922,799,1266,2000,800,1500,800,800,0,0,0,0,100,0,0,0,0,0,0,0,0,0,0,0,169468.9808959961,29348.5146484375,0,404332056576,8589930496,3766493184,0
199,1778238360379,800,1836,800,800,800,800,2100,871,922,799,1266,2000,800,1500,800,800,0,0,0,0,100,0,0,0,0,0,0,0,0,0,0,0,169469.3829345703,29353.845703125,0,404332056576,8589930496,3766493184,0
0,1778238360579,800,1836,800,800,800,800,2100,871,922,799,1266,2000,800,1500,800,800,0,0,0,0,95,0,0,0,0,0,0,0,0,0,0,0,169469.79071044922,29359.17999267578,0,404332056576,8589930496,3766493184,0
