Delta,Time,CPU_FREQUENCY_0,CPU_FREQUENCY_1,CPU_FREQUENCY_10,CPU_FREQUENCY_11,CPU_FREQUENCY_12,CPU_FREQUENCY_13,CPU_FREQUENCY_14,CPU_FREQUENCY_15,CPU_FREQUENCY_2,CPU_FREQUENCY_3,CPU_FREQUENCY_4,CPU_FREQUENCY_5,CPU_FREQUENCY_6,CPU_FREQUENCY_7,CPU_FREQUENCY_8,CPU_FREQUENCY_9,CPU_USAGE_0,CPU_USAGE_1,CPU_USAGE_10,CPU_USAGE_11,CPU_USAGE_12,CPU_USAGE_13,CPU_USAGE_14,CPU_USAGE_15,CPU_USAGE_2,CPU_USAGE_3,CPU_USAGE_4,CPU_USAGE_5,CPU_USAGE_6,CPU_USAGE_7,CPU_USAGE_8,CPU_USAGE_9,DRAM_ENERGY (J),PACKAGE_ENERGY (J),PP0_ENERGY (J),TOTAL_MEMORY,TOTAL_SWAP,USED_MEMORY,USED_SWAP
0,1779564528623,800,800,800,2100,838,800,1584,800,984,999,800,1000,800,800,3200,800,4,0,0,0,0,7.692307949066162,4.1666669845581055,4,4,0,0,4,0,4.1666669845581055,0,7.692307949066162,258492.68139648438,213943.81518554688,0,404332056576,8589930496,3742932992,0
200,1779564528623,800,800,800,2100,838,800,1584,800,984,999,800,1000,800,800,3200,800,4,0,0,0,0,7.692307949066162,4.1666669845581055,4,4,0,0,4,0,4.1666669845581055,0,7.692307949066162,258492.68139648438,213943.81518554688,0,404332056576,8589930496,3742932992,0
0,1779564528823,800,800,800,2100,838,800,1584,800,984,999,800,1000,800,800,3200,800,0,0,0,0,33.333335876464844,0,0,0,0,0,0,0,0,4.761904716491699,0,0,258492.9295654297,213946.9320678711,0,404332056576,8589930496,3751391232,0
