Delta,Time,CPU_FREQUENCY_0,CPU_FREQUENCY_1,CPU_FREQUENCY_10,CPU_FREQUENCY_11,CPU_FREQUENCY_12,CPU_FREQUENCY_13,CPU_FREQUENCY_14,CPU_FREQUENCY_15,CPU_FREQUENCY_2,CPU_FREQUENCY_3,CPU_FREQUENCY_4,CPU_FREQUENCY_5,CPU_FREQUENCY_6,CPU_FREQUENCY_7,CPU_FREQUENCY_8,CPU_FREQUENCY_9,CPU_USAGE_0,CPU_USAGE_1,CPU_USAGE_10,CPU_USAGE_11,CPU_USAGE_12,CPU_USAGE_13,CPU_USAGE_14,CPU_USAGE_15,CPU_USAGE_2,CPU_USAGE_3,CPU_USAGE_4,CPU_USAGE_5,CPU_USAGE_6,CPU_USAGE_7,CPU_USAGE_8,CPU_USAGE_9,DRAM_ENERGY (J),PACKAGE_ENERGY (J),PP0_ENERGY (J),TOTAL_MEMORY,TOTAL_SWAP,USED_MEMORY,USED_SWAP
0,1779564655832,800,1000,2000,2099,840,817,808,800,800,800,879,800,1432,1858,800,1200,8,4.1666669845581055,4,4.1666669845581055,0,4.1666669845581055,4.1666669845581055,4,0,8,0,0,0,4.1666669845581055,0,0,258581.0008544922,215720.00994873047,0,404332056576,8589930496,3717103616,0
200,1779564655832,800,1000,2000,2099,840,817,808,800,800,800,879,800,1432,1858,800,1200,8,4.1666669845581055,4,4.1666669845581055,0,4.1666669845581055,4.1666669845581055,4,0,8,0,0,0,4.1666669845581055,0,0,258581.01220703125,215720.03399658203,0,404332056576,8589930496,3717103616,0
0,1779564656032,800,1000,2000,2099,840,817,808,800,800,800,879,800,1432,1858,800,1200,0,0,30.000001907348633,0,0,0,0,0,0,0,0,0,0,0,0,0,258581.38848876953,215723.17059326172,0,404332056576,8589930496,3720974336,0
