Delta,Time,CPU_FREQUENCY_0,CPU_FREQUENCY_1,CPU_FREQUENCY_10,CPU_FREQUENCY_11,CPU_FREQUENCY_12,CPU_FREQUENCY_13,CPU_FREQUENCY_14,CPU_FREQUENCY_15,CPU_FREQUENCY_2,CPU_FREQUENCY_3,CPU_FREQUENCY_4,CPU_FREQUENCY_5,CPU_FREQUENCY_6,CPU_FREQUENCY_7,CPU_FREQUENCY_8,CPU_FREQUENCY_9,CPU_USAGE_0,CPU_USAGE_1,CPU_USAGE_10,CPU_USAGE_11,CPU_USAGE_12,CPU_USAGE_13,CPU_USAGE_14,CPU_USAGE_15,CPU_USAGE_2,CPU_USAGE_3,CPU_USAGE_4,CPU_USAGE_5,CPU_USAGE_6,CPU_USAGE_7,CPU_USAGE_8,CPU_USAGE_9,DRAM_ENERGY (J),PACKAGE_ENERGY (J),PP0_ENERGY (J),TOTAL_MEMORY,TOTAL_SWAP,USED_MEMORY,USED_SWAP
0,1779564498168,1136,1771,800,2100,865,837,827,800,1133,2000,2000,800,800,800,1111,800,0,4,8,8.333333969116211,4,0,0,0,0,4.1666669845581055,0,0,0,0,4,0,258491.00604248047,213545.0177001953,0,404332056576,8589930496,3743547392,0
200,1779564498168,1136,1771,800,2100,865,837,827,800,1133,2000,2000,800,800,800,1111,800,0,4,8,8.333333969116211,4,0,0,0,0,4.1666669845581055,0,0,0,0,4,0,258491.00604248047,213545.0177001953,0,404332056576,8589930496,3743547392,0
0,1779564498368,1136,1771,800,2100,865,837,827,800,1133,2000,2000,800,800,800,1111,800,30.000001907348633,0,0,0,0,0,0,0,0,0,0,0,0,0,0,0,258491.19415283203,213548.3896484375,0,404332056576,8589930496,3744321536,0
