Delta,Time,CPU_FREQUENCY_0,CPU_FREQUENCY_1,CPU_FREQUENCY_10,CPU_FREQUENCY_11,CPU_FREQUENCY_12,CPU_FREQUENCY_13,CPU_FREQUENCY_14,CPU_FREQUENCY_15,CPU_FREQUENCY_2,CPU_FREQUENCY_3,CPU_FREQUENCY_4,CPU_FREQUENCY_5,CPU_FREQUENCY_6,CPU_FREQUENCY_7,CPU_FREQUENCY_8,CPU_FREQUENCY_9,CPU_USAGE_0,CPU_USAGE_1,CPU_USAGE_10,CPU_USAGE_11,CPU_USAGE_12,CPU_USAGE_13,CPU_USAGE_14,CPU_USAGE_15,CPU_USAGE_2,CPU_USAGE_3,CPU_USAGE_4,CPU_USAGE_5,CPU_USAGE_6,CPU_USAGE_7,CPU_USAGE_8,CPU_USAGE_9,DRAM_ENERGY (J),PACKAGE_ENERGY (J),PP0_ENERGY (J),TOTAL_MEMORY,TOTAL_SWAP,USED_MEMORY,USED_SWAP
0,1779565091179,800,800,1000,2000,1911,1162,2000,1000,1353,800,1079,800,2000,3200,1500,800,8,0,4.34782600402832,12,0,4.1666669845581055,0,0,0,4.1666669845581055,4,0,0,8,0,0,258710.56994628906,221564.16607666016,0,404332056576,8589930496,3699298304,0
200,1779565091179,800,800,1000,2000,1911,1162,2000,1000,1353,800,1079,800,2000,3200,1500,800,8,0,4.34782600402832,12,0,4.1666669845581055,0,0,0,4.1666669845581055,4,0,0,8,0,0,258710.56994628906,221564.16607666016,0,404332056576,8589930496,3699298304,0
0,1779565091380,800,800,1000,2000,1911,1162,2000,1000,1353,800,1079,800,2000,3200,1500,800,26.3157901763916,0,0,0,0,0,0,0,0,0,0,0,0,0,0,0,258710.75286865234,221567.46026611328,0,404332056576,8589930496,3699298304,0
