Delta,Time,CPU_FREQUENCY_0,CPU_FREQUENCY_1,CPU_FREQUENCY_10,CPU_FREQUENCY_11,CPU_FREQUENCY_12,CPU_FREQUENCY_13,CPU_FREQUENCY_14,CPU_FREQUENCY_15,CPU_FREQUENCY_2,CPU_FREQUENCY_3,CPU_FREQUENCY_4,CPU_FREQUENCY_5,CPU_FREQUENCY_6,CPU_FREQUENCY_7,CPU_FREQUENCY_8,CPU_FREQUENCY_9,CPU_USAGE_0,CPU_USAGE_1,CPU_USAGE_10,CPU_USAGE_11,CPU_USAGE_12,CPU_USAGE_13,CPU_USAGE_14,CPU_USAGE_15,CPU_USAGE_2,CPU_USAGE_3,CPU_USAGE_4,CPU_USAGE_5,CPU_USAGE_6,CPU_USAGE_7,CPU_USAGE_8,CPU_USAGE_9,DRAM_ENERGY (J),PACKAGE_ENERGY (J),PP0_ENERGY (J),TOTAL_MEMORY,TOTAL_SWAP,USED_MEMORY,USED_SWAP
0,1779565153906,800,800,800,799,800,1000,800,800,2100,806,2100,800,2000,872,800,800,4,4.34782600402832,0,4,4,4,4,0,0,4,4,0,0,4.1666669845581055,4.1666669845581055,4,258719.41967773438,222403.3505859375,0,404332056576,8589930496,3697414144,0
200,1779565153906,800,800,800,799,800,1000,800,800,2100,806,2100,800,2000,872,800,800,4,4.34782600402832,0,4,4,4,4,0,0,4,4,0,0,4.1666669845581055,4.1666669845581055,4,258719.41967773438,222403.3505859375,0,404332056576,8589930496,3697414144,0
0,1779565154106,800,800,800,799,800,1000,800,800,2100,806,2100,800,2000,872,800,800,0,4.761904716491699,0,21.052631378173828,0,0,0,0,0,0,0,0,0,0,0,0,258719.71185302734,222406.51782226563,0,404332056576,8589930496,3701542912,0
