Delta,Time,CPU_FREQUENCY_0,CPU_FREQUENCY_1,CPU_FREQUENCY_10,CPU_FREQUENCY_11,CPU_FREQUENCY_12,CPU_FREQUENCY_13,CPU_FREQUENCY_14,CPU_FREQUENCY_15,CPU_FREQUENCY_2,CPU_FREQUENCY_3,CPU_FREQUENCY_4,CPU_FREQUENCY_5,CPU_FREQUENCY_6,CPU_FREQUENCY_7,CPU_FREQUENCY_8,CPU_FREQUENCY_9,CPU_USAGE_0,CPU_USAGE_1,CPU_USAGE_10,CPU_USAGE_11,CPU_USAGE_12,CPU_USAGE_13,CPU_USAGE_14,CPU_USAGE_15,CPU_USAGE_2,CPU_USAGE_3,CPU_USAGE_4,CPU_USAGE_5,CPU_USAGE_6,CPU_USAGE_7,CPU_USAGE_8,CPU_USAGE_9,DRAM_ENERGY (J),PACKAGE_ENERGY (J),PP0_ENERGY (J),TOTAL_MEMORY,TOTAL_SWAP,USED_MEMORY,USED_SWAP
0,1779565279317,1379,1363,800,2000,800,2100,1688,800,993,800,800,800,800,3200,1009,800,4,0,4,4,0,4,4.1666669845581055,0,8,8,4,0,0,0,0,4.1666669845581055,258756.9874267578,224095.97723388672,0,404332056576,8589930496,3689926656,0
200,1779565279317,1379,1363,800,2000,800,2100,1688,800,993,800,800,800,800,3200,1009,800,4,0,4,4,0,4,4.1666669845581055,0,8,8,4,0,0,0,0,4.1666669845581055,258756.9874267578,224095.97723388672,0,404332056576,8589930496,3689926656,0
0,1779565279518,1379,1363,800,2000,800,2100,1688,800,993,800,800,800,800,3200,1009,800,0,0,0,30.000001907348633,0,0,0,0,0,0,0,0,0,0,0,0,258757.13446044922,224099.06024169922,0,404332056576,8589930496,3694026752,0
