Delta,Time,CPU_FREQUENCY_0,CPU_FREQUENCY_1,CPU_FREQUENCY_10,CPU_FREQUENCY_11,CPU_FREQUENCY_12,CPU_FREQUENCY_13,CPU_FREQUENCY_14,CPU_FREQUENCY_15,CPU_FREQUENCY_2,CPU_FREQUENCY_3,CPU_FREQUENCY_4,CPU_FREQUENCY_5,CPU_FREQUENCY_6,CPU_FREQUENCY_7,CPU_FREQUENCY_8,CPU_FREQUENCY_9,CPU_USAGE_0,CPU_USAGE_1,CPU_USAGE_10,CPU_USAGE_11,CPU_USAGE_12,CPU_USAGE_13,CPU_USAGE_14,CPU_USAGE_15,CPU_USAGE_2,CPU_USAGE_3,CPU_USAGE_4,CPU_USAGE_5,CPU_USAGE_6,CPU_USAGE_7,CPU_USAGE_8,CPU_USAGE_9,DRAM_ENERGY (J),PACKAGE_ENERGY (J),PP0_ENERGY (J),TOTAL_MEMORY,TOTAL_SWAP,USED_MEMORY,USED_SWAP
0,1779564935306,800,800,800,2099,995,823,832,807,3200,1392,1000,800,800,800,800,800,0,0,4.1666669845581055,0,0,0,0,4.1666669845581055,7.692307949066162,0,4.1666669845581055,0,0,4,4.1666669845581055,0,258650.8250732422,219464.51623535156,0,404332056576,8589930496,3717709824,0
200,1779564935306,800,800,800,2099,995,823,832,807,3200,1392,1000,800,800,800,800,800,0,0,4.1666669845581055,0,0,0,0,4.1666669845581055,7.692307949066162,0,4.1666669845581055,0,0,4,4.1666669845581055,0,258650.8285522461,219464.53857421875,0,404332056576,8589930496,3717709824,0
0,1779564935506,800,800,800,2099,995,823,832,807,3200,1392,1000,800,800,800,800,800,33.333335876464844,0,0,0,0,0,0,0,0,0,0,0,0,0,0,4.761904716491699,258651.0083618164,219467.79034423828,0,404332056576,8589930496,3721834496,0
