Delta,Time,CPU_FREQUENCY_0,CPU_FREQUENCY_1,CPU_FREQUENCY_10,CPU_FREQUENCY_11,CPU_FREQUENCY_12,CPU_FREQUENCY_13,CPU_FREQUENCY_14,CPU_FREQUENCY_15,CPU_FREQUENCY_2,CPU_FREQUENCY_3,CPU_FREQUENCY_4,CPU_FREQUENCY_5,CPU_FREQUENCY_6,CPU_FREQUENCY_7,CPU_FREQUENCY_8,CPU_FREQUENCY_9,CPU_USAGE_0,CPU_USAGE_1,CPU_USAGE_10,CPU_USAGE_11,CPU_USAGE_12,CPU_USAGE_13,CPU_USAGE_14,CPU_USAGE_15,CPU_USAGE_2,CPU_USAGE_3,CPU_USAGE_4,CPU_USAGE_5,CPU_USAGE_6,CPU_USAGE_7,CPU_USAGE_8,CPU_USAGE_9,DRAM_ENERGY (J),PACKAGE_ENERGY (J),PP0_ENERGY (J),TOTAL_MEMORY,TOTAL_SWAP,USED_MEMORY,USED_SWAP
0,1779565465625,1025,800,2000,2100,1160,800,800,800,1600,799,800,800,820,2000,800,1183,4.1666669845581055,4.1666669845581055,0,4.1666669845581055,0,0,4.1666669845581055,4.1666669845581055,0,4.1666669845581055,4.1666669845581055,4.1666669845581055,0,0,0,8.333333969116211,258816.43060302734,226594.0203857422,0,404332056576,8589930496,3687682048,0
200,1779565465625,1025,800,2000,2100,1160,800,800,800,1600,799,800,800,820,2000,800,1183,4.1666669845581055,4.1666669845581055,0,4.1666669845581055,0,0,4.1666669845581055,4.1666669845581055,0,4.1666669845581055,4.1666669845581055,4.1666669845581055,0,0,0,8.333333969116211,258816.43408203125,226594.0440673828,0,404332056576,8589930496,3687682048,0
0,1779565465826,1025,800,2000,2100,1160,800,800,800,1600,799,800,800,820,2000,800,1183,0,0,0,0,0,0,0,0,0,0,0,0,0,33.333335876464844,0,4.761904716491699,258816.59606933594,226597.3758544922,0,404332056576,8589930496,3691552768,0
