Delta,Time,CPU_FREQUENCY_0,CPU_FREQUENCY_1,CPU_FREQUENCY_10,CPU_FREQUENCY_11,CPU_FREQUENCY_12,CPU_FREQUENCY_13,CPU_FREQUENCY_14,CPU_FREQUENCY_15,CPU_FREQUENCY_2,CPU_FREQUENCY_3,CPU_FREQUENCY_4,CPU_FREQUENCY_5,CPU_FREQUENCY_6,CPU_FREQUENCY_7,CPU_FREQUENCY_8,CPU_FREQUENCY_9,CPU_USAGE_0,CPU_USAGE_1,CPU_USAGE_10,CPU_USAGE_11,CPU_USAGE_12,CPU_USAGE_13,CPU_USAGE_14,CPU_USAGE_15,CPU_USAGE_2,CPU_USAGE_3,CPU_USAGE_4,CPU_USAGE_5,CPU_USAGE_6,CPU_USAGE_7,CPU_USAGE_8,CPU_USAGE_9,DRAM_ENERGY (J),PACKAGE_ENERGY (J),PP0_ENERGY (J),TOTAL_MEMORY,TOTAL_SWAP,USED_MEMORY,USED_SWAP
0,1779565342022,2100,958,800,2001,800,800,2099,800,1900,1500,800,1100,800,800,808,800,4,4,3.846153974533081,0,4,0,8,4,4,3.846153974533081,0,3.846153974533081,0,0,0,4,258786.2593383789,224949.0079345703,0,404332056576,8589930496,3688087552,0
200,1779565342022,2100,958,800,2001,800,800,2099,800,1900,1500,800,1100,800,800,808,800,4,4,3.846153974533081,0,4,0,8,4,4,3.846153974533081,0,3.846153974533081,0,0,0,4,258786.2593383789,224949.0079345703,0,404332056576,8589930496,3688087552,0
0,1779565342222,2100,958,800,2001,800,800,2099,800,1900,1500,800,1100,800,800,808,800,33.333335876464844,0,0,0,0,0,0,0,0,0,0,0,0,0,0,0,258786.42449951172,224952.33087158203,0,404332056576,8589930496,3692212224,0
