Delta,Time,CPU_FREQUENCY_0,CPU_FREQUENCY_1,CPU_FREQUENCY_10,CPU_FREQUENCY_11,CPU_FREQUENCY_12,CPU_FREQUENCY_13,CPU_FREQUENCY_14,CPU_FREQUENCY_15,CPU_FREQUENCY_2,CPU_FREQUENCY_3,CPU_FREQUENCY_4,CPU_FREQUENCY_5,CPU_FREQUENCY_6,CPU_FREQUENCY_7,CPU_FREQUENCY_8,CPU_FREQUENCY_9,CPU_USAGE_0,CPU_USAGE_1,CPU_USAGE_10,CPU_USAGE_11,CPU_USAGE_12,CPU_USAGE_13,CPU_USAGE_14,CPU_USAGE_15,CPU_USAGE_2,CPU_USAGE_3,CPU_USAGE_4,CPU_USAGE_5,CPU_USAGE_6,CPU_USAGE_7,CPU_USAGE_8,CPU_USAGE_9,DRAM_ENERGY (J),PACKAGE_ENERGY (J),PP0_ENERGY (J),TOTAL_MEMORY,TOTAL_SWAP,USED_MEMORY,USED_SWAP
0,1778190775463,800,800,812,800,800,800,2000,2000,800,959,1804,1010,2000,800,1437,994,4,0,4.1666669845581055,0,0,4,4.1666669845581055,0,4,8,0,4.1666669845581055,0,0,0,4.1666669845581055,119466.23193359375,78827.40533447266,0,404332056576,8589930496,3809755136,0
199,1778190775463,800,800,812,800,800,800,2000,2000,800,959,1804,1010,2000,800,1437,994,4,0,4.1666669845581055,0,0,4,4.1666669845581055,0,4,8,0,4.1666669845581055,0,0,0,4.1666669845581055,119466.23193359375,78827.40533447266,0,404332056576,8589930496,3809755136,0
200,1778190775663,800,800,812,800,800,800,2000,2000,800,959,1804,1010,2000,800,1437,994,50,15.000000953674316,0,4.761904716491699,0,0,25,47.619049072265625,52.6315803527832,0,0,0,0,0,38.095237731933594,59.09090805053711,119467.31329345703,78832.91296386719,0,404332056576,8589930496,3809751040,0
199,1778190775863,800,800,812,800,800,800,2000,2000,800,959,1804,1010,2000,800,1437,994,21.052631378173828,0,80,5.263157844543457,0,0,95,5,0,0,0,0,0,0,75,78.94737243652344,119468.37091064453,78838.53747558594,0,404332056576,8589930496,3809751040,0
199,1778190776063,800,800,812,800,800,800,2000,2000,800,959,1804,1010,2000,800,1437,994,15.000000953674316,0,95,9.523809432983398,9.523809432983398,0,90,5,0,0,0,0,0,0,75,94.73684692382813,119469.88452148438,78844.25128173828,0,404332056576,8589930496,3809751040,0
199,1778190776263,800,800,812,800,800,800,2000,2000,800,959,1804,1010,2000,800,1437,994,25,0,90,5.263157844543457,4.761904716491699,0,90.47618865966797,5,0,0,0,0,0,0,75,90.47618865966797,119471.8330078125,78850.02081298828,0,404332056576,8589930496,3809751040,0
0,1778190776463,800,800,812,800,800,800,2000,2000,800,959,1804,1010,2000,800,1437,994,5,15.000000953674316,35,0,0,0,36.842105865478516,4.761904716491699,0,0,0,0,0,0,33.333335876464844,35,119472.8271484375,78854.41796875,0,404332056576,8589930496,3809751040,0
