Delta,Time,CPU_FREQUENCY_0,CPU_FREQUENCY_1,CPU_FREQUENCY_10,CPU_FREQUENCY_11,CPU_FREQUENCY_12,CPU_FREQUENCY_13,CPU_FREQUENCY_14,CPU_FREQUENCY_15,CPU_FREQUENCY_2,CPU_FREQUENCY_3,CPU_FREQUENCY_4,CPU_FREQUENCY_5,CPU_FREQUENCY_6,CPU_FREQUENCY_7,CPU_FREQUENCY_8,CPU_FREQUENCY_9,CPU_USAGE_0,CPU_USAGE_1,CPU_USAGE_10,CPU_USAGE_11,CPU_USAGE_12,CPU_USAGE_13,CPU_USAGE_14,CPU_USAGE_15,CPU_USAGE_2,CPU_USAGE_3,CPU_USAGE_4,CPU_USAGE_5,CPU_USAGE_6,CPU_USAGE_7,CPU_USAGE_8,CPU_USAGE_9,DRAM_ENERGY (J),PACKAGE_ENERGY (J),PP0_ENERGY (J),TOTAL_MEMORY,TOTAL_SWAP,USED_MEMORY,USED_SWAP
0,1778191119447,1446,800,835,863,809,800,2000,2000,800,800,800,1836,1911,2000,2099,939,0,4.1666669845581055,4,0,4.34782600402832,0,0,0,0,0,0,0,4.1666669845581055,0,4.545454502105713,0,119572.82800292969,83502.47857666016,0,404332056576,8589930496,3802193920,0
200,1778191119447,1446,800,835,863,809,800,2000,2000,800,800,800,1836,1911,2000,2099,939,0,4.1666669845581055,4,0,4.34782600402832,0,0,0,0,0,0,0,4.1666669845581055,0,4.545454502105713,0,119572.82800292969,83502.47857666016,0,404332056576,8589930496,3802193920,0
200,1778191119648,1446,800,835,863,809,800,2000,2000,800,800,800,1836,1911,2000,2099,939,70,47.36842346191406,0,0,0,66.66667175292969,0,0,60.000003814697266,0,0,0,15.000000953674316,0,18.18181800842285,0,119574.46069335938,83508.49505615234,0,404332056576,8589930496,3807494144,0
199,1778191119848,1446,800,835,863,809,800,2000,2000,800,800,800,1836,1911,2000,2099,939,63.15789031982422,52.38095474243164,0,0,0,55,0,0,84.21052551269531,5,4.761904716491699,5,85,0,5.263157844543457,0,119577.13781738281,83516.74279785156,0,404332056576,8589930496,3808010240,0
199,1778191120048,1446,800,835,863,809,800,2000,2000,800,800,800,1836,1911,2000,2099,939,50,55,0,0,0,0,0,0,90.47618865966797,5.263157844543457,0,5,90,65,20,4.761904716491699,119580.01922607422,83525.4013671875,0,404332056576,8589930496,3809042432,0
199,1778191120248,1446,800,835,863,809,800,2000,2000,800,800,800,1836,1911,2000,2099,939,65,0,0,0,0,0,0,0,94.73684692382813,9.523809432983398,5,5,95,95,25,0,119582.85748291016,83534.09204101563,0,404332056576,8589930496,3809042432,0
0,1778191120448,1446,800,835,863,809,800,2000,2000,800,800,800,1836,1911,2000,2099,939,35,10.526315689086914,0,0,0,0,0,0,45,0,5,0,45,45,5.263157844543457,0,119584.87896728516,83540.47802734375,0,404332056576,8589930496,3809042432,0
