Delta,Time,CPU_FREQUENCY_0,CPU_FREQUENCY_1,CPU_FREQUENCY_10,CPU_FREQUENCY_11,CPU_FREQUENCY_12,CPU_FREQUENCY_13,CPU_FREQUENCY_14,CPU_FREQUENCY_15,CPU_FREQUENCY_2,CPU_FREQUENCY_3,CPU_FREQUENCY_4,CPU_FREQUENCY_5,CPU_FREQUENCY_6,CPU_FREQUENCY_7,CPU_FREQUENCY_8,CPU_FREQUENCY_9,CPU_USAGE_0,CPU_USAGE_1,CPU_USAGE_10,CPU_USAGE_11,CPU_USAGE_12,CPU_USAGE_13,CPU_USAGE_14,CPU_USAGE_15,CPU_USAGE_2,CPU_USAGE_3,CPU_USAGE_4,CPU_USAGE_5,CPU_USAGE_6,CPU_USAGE_7,CPU_USAGE_8,CPU_USAGE_9,DRAM_ENERGY (J),PACKAGE_ENERGY (J),PP0_ENERGY (J),TOTAL_MEMORY,TOTAL_SWAP,USED_MEMORY,USED_SWAP
0,1778191932187,800,2000,800,800,2100,800,801,800,2000,808,800,800,800,1028,800,800,0,4,4,0,12,4,4,4.1666669845581055,0,0,4,0,4,4,4.1666669845581055,0,119838.67102050781,94586.5693359375,0,404332056576,8589930496,3788836864,0
199,1778191932187,800,2000,800,800,2100,800,801,800,2000,808,800,800,800,1028,800,800,0,4,4,0,12,4,4,4.1666669845581055,0,0,4,0,4,4,4.1666669845581055,0,119838.67102050781,94586.5693359375,0,404332056576,8589930496,3788836864,0
200,1778191932387,800,2000,800,800,2100,800,801,800,2000,808,800,800,800,1028,800,800,80.95238494873047,52.6315803527832,0,0,65,0,55,0,4.761904716491699,0,0,0,0,5,0,0,119840.22430419922,94592.1220703125,0,404332056576,8589930496,3808153600,0
199,1778191932588,800,2000,800,800,2100,800,801,800,2000,808,800,800,800,1028,800,800,35,80,0,0,0,0,10,0,85,71.42857360839844,5,0,0,0,55,0,119842.9487915039,94600.0693359375,0,404332056576,8589930496,3808153600,0
199,1778191932788,800,2000,800,800,2100,800,801,800,2000,808,800,800,800,1028,800,800,80,90,0,0,0,0,0,4.761904716491699,94.73684692382813,95,0,0,10,5,15.000000953674316,0,119845.85192871094,94608.97717285156,0,404332056576,8589930496,3808669696,0
199,1778191932988,800,2000,800,800,2100,800,801,800,2000,808,800,800,800,1028,800,800,73.68421173095703,95,0,0,0,0,0,4.761904716491699,95,94.73684692382813,5,0,5,5,20,4.761904716491699,119848.75109863281,94617.6859741211,0,404332056576,8589930496,3809701888,0
0,1778191933188,800,2000,800,800,2100,800,801,800,2000,808,800,800,800,1028,800,800,35,50,0,0,0,0,0,0,50,50,0,15.000000953674316,0,4.761904716491699,15.000000953674316,0,119850.63830566406,94624.2607421875,0,404332056576,8589930496,3809701888,0
