Delta,Time,CPU_FREQUENCY_0,CPU_FREQUENCY_1,CPU_FREQUENCY_10,CPU_FREQUENCY_11,CPU_FREQUENCY_12,CPU_FREQUENCY_13,CPU_FREQUENCY_14,CPU_FREQUENCY_15,CPU_FREQUENCY_2,CPU_FREQUENCY_3,CPU_FREQUENCY_4,CPU_FREQUENCY_5,CPU_FREQUENCY_6,CPU_FREQUENCY_7,CPU_FREQUENCY_8,CPU_FREQUENCY_9,CPU_USAGE_0,CPU_USAGE_1,CPU_USAGE_10,CPU_USAGE_11,CPU_USAGE_12,CPU_USAGE_13,CPU_USAGE_14,CPU_USAGE_15,CPU_USAGE_2,CPU_USAGE_3,CPU_USAGE_4,CPU_USAGE_5,CPU_USAGE_6,CPU_USAGE_7,CPU_USAGE_8,CPU_USAGE_9,DRAM_ENERGY (J),PACKAGE_ENERGY (J),PP0_ENERGY (J),TOTAL_MEMORY,TOTAL_SWAP,USED_MEMORY,USED_SWAP
0,1778191463430,1176,800,1029,1038,955,800,800,800,800,800,1671,800,1632,800,2100,1611,0,0,8,8,4.1666669845581055,4.1666669845581055,0,4.1666669845581055,0,0,4.1666669845581055,0,0,0,0,8.69565200805664,119691.45318603516,88203.41143798828,0,404332056576,8589930496,3797012480,0
200,1778191463430,1176,800,1029,1038,955,800,800,800,800,800,1671,800,1632,800,2100,1611,0,0,8,8,4.1666669845581055,4.1666669845581055,0,4.1666669845581055,0,0,4.1666669845581055,0,0,0,0,8.69565200805664,119691.45318603516,88203.41143798828,0,404332056576,8589930496,3797012480,0
199,1778191463631,1176,800,1029,1038,955,800,800,800,800,800,1671,800,1632,800,2100,1611,86.36363983154297,61.904762268066406,0,0,0,30.000001907348633,4.761904716491699,0,55,25,5,5.263157844543457,0,0,0,10,119693.46990966797,88209.97161865234,0,404332056576,8589930496,3800489984,0
199,1778191463831,1176,800,1029,1038,955,800,800,800,800,800,1671,800,1632,800,2100,1611,36.842105865478516,35,0,0,0,0,0,0,85,0,5,90,85,0,23.809524536132813,9.523809432983398,119696.2435913086,88218.25439453125,0,404332056576,8589930496,3801264128,0
199,1778191464031,1176,800,1029,1038,955,800,800,800,800,800,1671,800,1632,800,2100,1611,0,45,0,0,0,0,0,0,45,9.523809432983398,14.285715103149414,90.47618865966797,90.47618865966797,90,5,0,119699.12603759766,88226.95068359375,0,404332056576,8589930496,3801264128,0
199,1778191464231,1176,800,1029,1038,955,800,800,800,800,800,1671,800,1632,800,2100,1611,75,21.052631378173828,0,0,0,0,0,0,0,5.263157844543457,5.263157844543457,95,95,95,0,0,119702.01593017578,88235.81268310547,0,404332056576,8589930496,3802296320,0
0,1778191464431,1176,800,1029,1038,955,800,800,800,800,800,1671,800,1632,800,2100,1611,36.842105865478516,10,0,0,0,0,0,0,0,5,0,45,47.36842346191406,50,5,0,119703.98126220703,88242.11260986328,0,404332056576,8589930496,3802554368,0
