Delta,Time,CPU_FREQUENCY_0,CPU_FREQUENCY_1,CPU_FREQUENCY_10,CPU_FREQUENCY_11,CPU_FREQUENCY_12,CPU_FREQUENCY_13,CPU_FREQUENCY_14,CPU_FREQUENCY_15,CPU_FREQUENCY_2,CPU_FREQUENCY_3,CPU_FREQUENCY_4,CPU_FREQUENCY_5,CPU_FREQUENCY_6,CPU_FREQUENCY_7,CPU_FREQUENCY_8,CPU_FREQUENCY_9,CPU_USAGE_0,CPU_USAGE_1,CPU_USAGE_10,CPU_USAGE_11,CPU_USAGE_12,CPU_USAGE_13,CPU_USAGE_14,CPU_USAGE_15,CPU_USAGE_2,CPU_USAGE_3,CPU_USAGE_4,CPU_USAGE_5,CPU_USAGE_6,CPU_USAGE_7,CPU_USAGE_8,CPU_USAGE_9,DRAM_ENERGY (J),PACKAGE_ENERGY (J),PP0_ENERGY (J),TOTAL_MEMORY,TOTAL_SWAP,USED_MEMORY,USED_SWAP
0,1778191619676,844,1800,800,800,800,800,2100,2000,900,1033,1000,800,2000,1746,2000,2000,8,0,4.1666669845581055,0,8,4.1666669845581055,8.69565200805664,0,4.1666669845581055,0,4.1666669845581055,4.1666669845581055,0,4.1666669845581055,0,4,119753.05145263672,90348.16668701172,0,404332056576,8589930496,3785875456,0
199,1778191619676,844,1800,800,800,800,800,2100,2000,900,1033,1000,800,2000,1746,2000,2000,8,0,4.1666669845581055,0,8,4.1666669845581055,8.69565200805664,0,4.1666669845581055,0,4.1666669845581055,4.1666669845581055,0,4.1666669845581055,0,4,119753.05145263672,90348.16668701172,0,404332056576,8589930496,3785875456,0
199,1778191619877,844,1800,800,800,800,800,2100,2000,900,1033,1000,800,2000,1746,2000,2000,25,0,0,0,0,5,57.894737243652344,65,60.000003814697266,0,50,0,0,0,20,5,119755.15441894531,90354.39349365234,0,404332056576,8589930496,3791777792,0
200,1778191620077,844,1800,800,800,800,800,2100,2000,900,1033,1000,800,2000,1746,2000,2000,25,0,0,0,0,5,57.894737243652344,65,60.000003814697266,0,50,0,0,0,20,5,119756.48333740234,90359.96228027344,0,404332056576,8589930496,3791777792,0
199,1778191620277,844,1800,800,800,800,800,2100,2000,900,1033,1000,800,2000,1746,2000,2000,7.692307949066162,2.4390242099761963,43.589744567871094,5.128205299377441,2.5,5,67.5,87.5,0,0,0,0,0,0,68.29268646240234,90,119758.24072265625,90365.4956665039,0,404332056576,8589930496,3792035840,0
199,1778191620477,844,1800,800,800,800,800,2100,2000,900,1033,1000,800,2000,1746,2000,2000,31.57894515991211,0,0,5,0,5,85,85,0,0,0,0,0,0,60.000003814697266,85,119759.1323852539,90371.07427978516,0,404332056576,8589930496,3792551936,0
0,1778191620677,844,1800,800,800,800,800,2100,2000,900,1033,1000,800,2000,1746,2000,2000,23.809524536132813,0,0,0,0,0,38.095237731933594,35,0,0,0,0,0,0,35,35,119759.52215576172,90375.45794677734,0,404332056576,8589930496,3792551936,0
