Delta,Time,CPU_FREQUENCY_0,CPU_FREQUENCY_1,CPU_FREQUENCY_10,CPU_FREQUENCY_11,CPU_FREQUENCY_12,CPU_FREQUENCY_13,CPU_FREQUENCY_14,CPU_FREQUENCY_15,CPU_FREQUENCY_2,CPU_FREQUENCY_3,CPU_FREQUENCY_4,CPU_FREQUENCY_5,CPU_FREQUENCY_6,CPU_FREQUENCY_7,CPU_FREQUENCY_8,CPU_FREQUENCY_9,CPU_USAGE_0,CPU_USAGE_1,CPU_USAGE_10,CPU_USAGE_11,CPU_USAGE_12,CPU_USAGE_13,CPU_USAGE_14,CPU_USAGE_15,CPU_USAGE_2,CPU_USAGE_3,CPU_USAGE_4,CPU_USAGE_5,CPU_USAGE_6,CPU_USAGE_7,CPU_USAGE_8,CPU_USAGE_9,DRAM_ENERGY (J),PACKAGE_ENERGY (J),PP0_ENERGY (J),TOTAL_MEMORY,TOTAL_SWAP,USED_MEMORY,USED_SWAP
0,1778192213456,803,1726,800,800,800,800,1900,1500,895,2000,799,800,1000,800,800,2073,0,4,0,0,4.1666669845581055,4.1666669845581055,4.1666669845581055,4.34782600402832,4.1666669845581055,4,0,0,0,0,4.1666669845581055,12,119931.81903076172,98438.33026123047,0,404332056576,8589930496,3782832128,0
199,1778192213456,803,1726,800,800,800,800,1900,1500,895,2000,799,800,1000,800,800,2073,0,4,0,0,4.1666669845581055,4.1666669845581055,4.1666669845581055,4.34782600402832,4.1666669845581055,4,0,0,0,0,4.1666669845581055,12,119931.81903076172,98438.33026123047,0,404332056576,8589930496,3782832128,0
199,1778192213657,803,1726,800,800,800,800,1900,1500,895,2000,799,800,1000,800,800,2073,85.71428680419922,0,0,5,0,0,66.66667175292969,0,60.000003814697266,0,5,4.761904716491699,0,0,0,65,119933.61395263672,98444.05377197266,0,404332056576,8589930496,3811213312,0
199,1778192213857,803,1726,800,800,800,800,1900,1500,895,2000,799,800,1000,800,800,2073,52.6315803527832,0,0,0,0,0,5,0,80,0,5,0,85,71.42857360839844,33.333335876464844,10.526315689086914,119936.3667602539,98452.11743164063,0,404332056576,8589930496,3811213312,0
199,1778192214057,803,1726,800,800,800,800,1900,1500,895,2000,799,800,1000,800,800,2073,80.95238494873047,5,4.761904716491699,0,0,0,0,0,95.23809814453125,0,5.263157844543457,5,95,94.73684692382813,10.526315689086914,0,119939.3251953125,98460.9234008789,0,404332056576,8589930496,3811213312,0
199,1778192214257,803,1726,800,800,800,800,1900,1500,895,2000,799,800,1000,800,800,2073,68.42105102539063,5,0,0,0,0,0,0,95,0,5,5.263157844543457,90.47618865966797,95,25,0,119942.23553466797,98469.80554199219,0,404332056576,8589930496,3811213312,0
0,1778192214457,803,1726,800,800,800,800,1900,1500,895,2000,799,800,1000,800,800,2073,45,15.000000953674316,0,0,0,0,0,0,42.105262756347656,0,9.523809432983398,4.761904716491699,45,45,0,0,119943.96844482422,98476.0541381836,0,404332056576,8589930496,3811213312,0
