Delta,Time,CPU_FREQUENCY_0,CPU_FREQUENCY_1,CPU_FREQUENCY_10,CPU_FREQUENCY_11,CPU_FREQUENCY_12,CPU_FREQUENCY_13,CPU_FREQUENCY_14,CPU_FREQUENCY_15,CPU_FREQUENCY_2,CPU_FREQUENCY_3,CPU_FREQUENCY_4,CPU_FREQUENCY_5,CPU_FREQUENCY_6,CPU_FREQUENCY_7,CPU_FREQUENCY_8,CPU_FREQUENCY_9,CPU_USAGE_0,CPU_USAGE_1,CPU_USAGE_10,CPU_USAGE_11,CPU_USAGE_12,CPU_USAGE_13,CPU_USAGE_14,CPU_USAGE_15,CPU_USAGE_2,CPU_USAGE_3,CPU_USAGE_4,CPU_USAGE_5,CPU_USAGE_6,CPU_USAGE_7,CPU_USAGE_8,CPU_USAGE_9,DRAM_ENERGY (J),PACKAGE_ENERGY (J),PP0_ENERGY (J),TOTAL_MEMORY,TOTAL_SWAP,USED_MEMORY,USED_SWAP
0,1778191557177,800,1471,1112,1598,922,799,800,800,800,2000,800,800,1000,856,2100,854,0,0,4,8,0,4.1666669845581055,0,0,4.1666669845581055,4.1666669845581055,0,8,0,4.1666669845581055,8.333333969116211,4.1666669845581055,119722.7109375,89482.71911621094,0,404332056576,8589930496,3782987776,0
200,1778191557177,800,1471,1112,1598,922,799,800,800,800,2000,800,800,1000,856,2100,854,0,0,4,8,0,4.1666669845581055,0,0,4.1666669845581055,4.1666669845581055,0,8,0,4.1666669845581055,8.333333969116211,4.1666669845581055,119722.7144165039,89482.74285888672,0,404332056576,8589930496,3782987776,0
199,1778191557378,800,1471,1112,1598,922,799,800,800,800,2000,800,800,1000,856,2100,854,85,50,0,0,0,0,0,31.57894515991211,30.000001907348633,0,0,55,0,0,20,0,119724.67071533203,89489.2113647461,0,404332056576,8589930496,3800014848,0
199,1778191557578,800,1471,1112,1598,922,799,800,800,800,2000,800,800,1000,856,2100,854,35,26.3157901763916,0,0,0,0,0,0,75,0,5,75,4.761904716491699,30.000001907348633,65,15.789472579956055,119727.3003540039,89496.98223876953,0,404332056576,8589930496,3800014848,0
199,1778191557778,800,1471,1112,1598,922,799,800,800,800,2000,800,800,1000,856,2100,854,75,0,0,0,0,0,0,0,94.73684692382813,5,9.523809432983398,95,5.263157844543457,95,20,0,119730.17236328125,89505.82427978516,0,404332056576,8589930496,3801018368,0
199,1778191557978,800,1471,1112,1598,922,799,800,800,800,2000,800,800,1000,856,2100,854,75,0,0,0,0,0,0,0,90.47618865966797,0,5.263157844543457,95,5,90.47618865966797,15.789472579956055,0,119733.06915283203,89514.57580566406,0,404332056576,8589930496,3802308608,0
0,1778191558178,800,1471,1112,1598,922,799,800,800,800,2000,800,800,1000,856,2100,854,50,15.000000953674316,0,0,0,0,0,0,57.894737243652344,5,5,55,0,57.894737243652344,9.523809432983398,4.761904716491699,119735.12646484375,89521.3384399414,0,404332056576,8589930496,3802566656,0
