Delta,Time,CPU_FREQUENCY_0,CPU_FREQUENCY_1,CPU_FREQUENCY_10,CPU_FREQUENCY_11,CPU_FREQUENCY_12,CPU_FREQUENCY_13,CPU_FREQUENCY_14,CPU_FREQUENCY_15,CPU_FREQUENCY_2,CPU_FREQUENCY_3,CPU_FREQUENCY_4,CPU_FREQUENCY_5,CPU_FREQUENCY_6,CPU_FREQUENCY_7,CPU_FREQUENCY_8,CPU_FREQUENCY_9,CPU_USAGE_0,CPU_USAGE_1,CPU_USAGE_10,CPU_USAGE_11,CPU_USAGE_12,CPU_USAGE_13,CPU_USAGE_14,CPU_USAGE_15,CPU_USAGE_2,CPU_USAGE_3,CPU_USAGE_4,CPU_USAGE_5,CPU_USAGE_6,CPU_USAGE_7,CPU_USAGE_8,CPU_USAGE_9,DRAM_ENERGY (J),PACKAGE_ENERGY (J),PP0_ENERGY (J),TOTAL_MEMORY,TOTAL_SWAP,USED_MEMORY,USED_SWAP
0,1778192088453,800,800,800,800,2100,808,859,942,800,1000,905,1193,800,2100,800,800,0,4,4,4,4.1666669845581055,12,4,0,4,0,4.1666669845581055,4,7.692307949066162,0,0,0,119892.32006835938,96730.34466552734,0,404332056576,8589930496,3773415424,0
199,1778192088453,800,800,800,800,2100,808,859,942,800,1000,905,1193,800,2100,800,800,0,4,4,4,4.1666669845581055,12,4,0,4,0,4.1666669845581055,4,7.692307949066162,0,0,0,119892.32006835938,96730.34466552734,0,404332056576,8589930496,3773415424,0
199,1778192088653,800,800,800,800,2100,808,859,942,800,1000,905,1193,800,2100,800,800,30.000001907348633,10,55,50,57.894737243652344,45,0,0,0,14.285715103149414,0,0,0,0,5,15.789472579956055,119892.88250732422,96735.14935302734,0,404332056576,8589930496,3791159296,0
199,1778192088854,800,800,800,800,2100,808,859,942,800,1000,905,1193,800,2100,800,800,25,4.761904716491699,0,80,76.19047546386719,80,5.263157844543457,4.761904716491699,0,0,0,0,0,0,0,70,119893.38854980469,96740.58782958984,0,404332056576,8589930496,3792187392,0
199,1778192089054,800,800,800,800,2100,808,859,942,800,1000,905,1193,800,2100,800,800,57.894737243652344,0,0,75,75,75,9.523809432983398,0,0,0,0,0,0,0,5,38.095237731933594,119893.89318847656,96746.2822265625,0,404332056576,8589930496,3792187392,0
199,1778192089254,800,800,800,800,2100,808,859,942,800,1000,905,1193,800,2100,800,800,30.000001907348633,4.761904716491699,0,85,85,85,5,5,5,0,0,0,0,0,5,65,119894.36785888672,96751.77447509766,0,404332056576,8589930496,3792187392,0
0,1778192089454,800,800,800,800,2100,808,859,942,800,1000,905,1193,800,2100,800,800,20,15.000000953674316,0,60.000003814697266,63.15789031982422,60.000003814697266,5,5,0,0,0,0,0,0,9.523809432983398,50,119894.79309082031,96756.81427001953,0,404332056576,8589930496,3794251776,0
