Delta,Time,CPU_FREQUENCY_0,CPU_FREQUENCY_1,CPU_FREQUENCY_10,CPU_FREQUENCY_11,CPU_FREQUENCY_12,CPU_FREQUENCY_13,CPU_FREQUENCY_14,CPU_FREQUENCY_15,CPU_FREQUENCY_2,CPU_FREQUENCY_3,CPU_FREQUENCY_4,CPU_FREQUENCY_5,CPU_FREQUENCY_6,CPU_FREQUENCY_7,CPU_FREQUENCY_8,CPU_FREQUENCY_9,CPU_USAGE_0,CPU_USAGE_1,CPU_USAGE_10,CPU_USAGE_11,CPU_USAGE_12,CPU_USAGE_13,CPU_USAGE_14,CPU_USAGE_15,CPU_USAGE_2,CPU_USAGE_3,CPU_USAGE_4,CPU_USAGE_5,CPU_USAGE_6,CPU_USAGE_7,CPU_USAGE_8,CPU_USAGE_9,DRAM_ENERGY (J),PACKAGE_ENERGY (J),PP0_ENERGY (J),TOTAL_MEMORY,TOTAL_SWAP,USED_MEMORY,USED_SWAP
0,1778190837962,800,799,848,800,800,800,2000,800,800,800,800,800,800,799,800,2100,4,4.1666669845581055,7.692307949066162,0,4,0,0,0,0,4.1666669845581055,0,0,4,0,0,4.1666669845581055,119490.4515991211,79681.01574707031,0,404332056576,8589930496,3822297088,0
199,1778190837962,800,799,848,800,800,800,2000,800,800,800,800,800,800,799,800,2100,4,4.1666669845581055,7.692307949066162,0,4,0,0,0,0,4.1666669845581055,0,0,4,0,0,4.1666669845581055,119490.45617675781,79681.03894042969,0,404332056576,8589930496,3822297088,0
199,1778190838162,800,799,848,800,800,800,2000,800,800,800,800,800,800,799,800,2100,30.000001907348633,0,0,0,0,5,25,60.000003814697266,14.285715103149414,0,61.904762268066406,0,0,0,47.619049072265625,40,119491.76568603516,79686.48205566406,0,404332056576,8589930496,3829780480,0
199,1778190838362,800,799,848,800,800,800,2000,800,800,800,800,800,800,799,800,2100,20,0,65,5,0,10,5,75,0,0,21.052631378173828,0,0,0,70,75,119492.84423828125,79692.27465820313,0,404332056576,8589930496,3829780480,0
199,1778190838562,800,799,848,800,800,800,2000,800,800,800,800,800,800,799,800,2100,40,5,85,5,0,5,9.523809432983398,85,0,0,0,0,0,0,55,85,119493.35858154297,79697.86376953125,0,404332056576,8589930496,3829780480,0
199,1778190838762,800,799,848,800,800,800,2000,800,800,800,800,800,800,799,800,2100,52.6315803527832,0,80,5,0,0,5,80,0,0,0,0,0,0,45,80,119493.8814086914,79703.5278930664,0,404332056576,8589930496,3830218752,0
0,1778190838963,800,799,848,800,800,800,2000,800,800,800,800,800,800,799,800,2100,25,0,55,0,10,9.523809432983398,0,55,0,0,0,0,0,0,40,55,119494.29754638672,79708.60528564453,0,404332056576,8589930496,3830734848,0
