Delta,Time,CPU_FREQUENCY_0,CPU_FREQUENCY_1,CPU_FREQUENCY_10,CPU_FREQUENCY_11,CPU_FREQUENCY_12,CPU_FREQUENCY_13,CPU_FREQUENCY_14,CPU_FREQUENCY_15,CPU_FREQUENCY_2,CPU_FREQUENCY_3,CPU_FREQUENCY_4,CPU_FREQUENCY_5,CPU_FREQUENCY_6,CPU_FREQUENCY_7,CPU_FREQUENCY_8,CPU_FREQUENCY_9,CPU_USAGE_0,CPU_USAGE_1,CPU_USAGE_10,CPU_USAGE_11,CPU_USAGE_12,CPU_USAGE_13,CPU_USAGE_14,CPU_USAGE_15,CPU_USAGE_2,CPU_USAGE_3,CPU_USAGE_4,CPU_USAGE_5,CPU_USAGE_6,CPU_USAGE_7,CPU_USAGE_8,CPU_USAGE_9,DRAM_ENERGY (J),PACKAGE_ENERGY (J),PP0_ENERGY (J),TOTAL_MEMORY,TOTAL_SWAP,USED_MEMORY,USED_SWAP
0,1778191213195,800,1177,901,838,800,800,841,800,2000,2000,800,1000,800,800,2099,814,4.1666669845581055,4.1666669845581055,0,8,0,8,0,4.1666669845581055,0,0,0,4.1666669845581055,0,4.34782600402832,8.69565200805664,4.34782600402832,119601.55010986328,84777.55541992188,0,404332056576,8589930496,3792543744,0
200,1778191213195,800,1177,901,838,800,800,841,800,2000,2000,800,1000,800,800,2099,814,4.1666669845581055,4.1666669845581055,0,8,0,8,0,4.1666669845581055,0,0,0,4.1666669845581055,0,4.34782600402832,8.69565200805664,4.34782600402832,119601.55010986328,84777.55541992188,0,404332056576,8589930496,3792543744,0
199,1778191213396,800,1177,901,838,800,800,841,800,2000,2000,800,1000,800,800,2099,814,80.95238494873047,57.894737243652344,0,0,0,0,65,52.6315803527832,4.761904716491699,0,0,0,0,0,0,0,119603.19421386719,84783.36846923828,0,404332056576,8589930496,3809054720,0
199,1778191213596,800,1177,901,838,800,800,841,800,2000,2000,800,1000,800,800,2099,814,73.68421173095703,71.42857360839844,0,0,0,0,90,5,80,0,5.263157844543457,5,0,0,4.761904716491699,0,119605.75909423828,84790.90130615234,0,404332056576,8589930496,3809828864,0
199,1778191213796,800,1177,901,838,800,800,841,800,2000,2000,800,1000,800,800,2099,814,50,80,0,0,0,0,0,0,80,9.523809432983398,5,5,85,0,45,0,119608.44958496094,84799.1480102539,0,404332056576,8589930496,3811348480,0
200,1778191213996,800,1177,901,838,800,800,841,800,2000,2000,800,1000,800,800,2099,814,47.36842346191406,35,0,0,0,0,0,0,90,0,5,5,90.47618865966797,80,25,0,119611.31335449219,84807.7651977539,0,404332056576,8589930496,3811348480,0
0,1778191214196,800,1177,901,838,800,800,841,800,2000,2000,800,1000,800,800,2099,814,61.904762268066406,15.000000953674316,0,0,0,0,0,0,70,0,10,5,68.42105102539063,68.42105102539063,10,0,119613.95037841797,84815.54949951172,0,404332056576,8589930496,3813412864,0
