Delta,Time,CPU_FREQUENCY_0,CPU_FREQUENCY_1,CPU_FREQUENCY_10,CPU_FREQUENCY_11,CPU_FREQUENCY_12,CPU_FREQUENCY_13,CPU_FREQUENCY_14,CPU_FREQUENCY_15,CPU_FREQUENCY_2,CPU_FREQUENCY_3,CPU_FREQUENCY_4,CPU_FREQUENCY_5,CPU_FREQUENCY_6,CPU_FREQUENCY_7,CPU_FREQUENCY_8,CPU_FREQUENCY_9,CPU_USAGE_0,CPU_USAGE_1,CPU_USAGE_10,CPU_USAGE_11,CPU_USAGE_12,CPU_USAGE_13,CPU_USAGE_14,CPU_USAGE_15,CPU_USAGE_2,CPU_USAGE_3,CPU_USAGE_4,CPU_USAGE_5,CPU_USAGE_6,CPU_USAGE_7,CPU_USAGE_8,CPU_USAGE_9,DRAM_ENERGY (J),PACKAGE_ENERGY (J),PP0_ENERGY (J),TOTAL_MEMORY,TOTAL_SWAP,USED_MEMORY,USED_SWAP
0,1778191963441,800,800,800,1059,800,800,800,2100,1000,1000,800,832,928,2059,2100,1500,4,0,0,4,0,0,4.34782600402832,0,0,4.1666669845581055,0,0,0,0,0,4.1666669845581055,119852.34210205078,95020.07507324219,0,404332056576,8589930496,3802628096,0
199,1778191963441,800,800,800,1059,800,800,800,2100,1000,1000,800,832,928,2059,2100,1500,4,0,0,4,0,0,4.34782600402832,0,0,4.1666669845581055,0,0,0,0,0,4.1666669845581055,119852.34210205078,95020.07507324219,0,404332056576,8589930496,3802628096,0
200,1778191963641,800,800,800,1059,800,800,800,2100,1000,1000,800,832,928,2059,2100,1500,80,57.142860412597656,13.636363983154297,60.000003814697266,0,0,57.142860412597656,9.523809432983398,4.761904716491699,0,4.761904716491699,0,0,0,0,0,119854.09381103516,95025.78759765625,0,404332056576,8589930496,3806179328,0
199,1778191963841,800,800,800,1059,800,800,800,2100,1000,1000,800,832,928,2059,2100,1500,30.000001907348633,57.142860412597656,0,10,0,0,0,0,5.263157844543457,14.285715103149414,89.47368621826172,80.95238494873047,61.904762268066406,0,25,0,119856.95520019531,95034.14465332031,0,404332056576,8589930496,3806179328,0
199,1778191964041,800,800,800,1059,800,800,800,2100,1000,1000,800,832,928,2059,2100,1500,25,0,0,0,0,0,0,0,5,5.263157844543457,90,94.73684692382813,95,65,14.285715103149414,0,119859.8892211914,95042.85888671875,0,404332056576,8589930496,3806179328,0
199,1778191964242,800,800,800,1059,800,800,800,2100,1000,1000,800,832,928,2059,2100,1500,0,0,0,0,0,0,0,0,5.263157844543457,10,71.42857360839844,95,95,90.47618865966797,15.789472579956055,0,119862.87432861328,95051.53466796875,0,404332056576,8589930496,3806179328,0
0,1778191964442,800,800,800,1059,800,800,800,2100,1000,1000,800,832,928,2059,2100,1500,0,15.000000953674316,0,0,0,0,0,0,5,0,42.105262756347656,47.619049072265625,52.38095474243164,47.36842346191406,5,0,119865.08331298828,95058.09216308594,0,404332056576,8589930496,3806179328,0
