Delta,Time,CPU_FREQUENCY_0,CPU_FREQUENCY_1,CPU_FREQUENCY_10,CPU_FREQUENCY_11,CPU_FREQUENCY_12,CPU_FREQUENCY_13,CPU_FREQUENCY_14,CPU_FREQUENCY_15,CPU_FREQUENCY_2,CPU_FREQUENCY_3,CPU_FREQUENCY_4,CPU_FREQUENCY_5,CPU_FREQUENCY_6,CPU_FREQUENCY_7,CPU_FREQUENCY_8,CPU_FREQUENCY_9,CPU_USAGE_0,CPU_USAGE_1,CPU_USAGE_10,CPU_USAGE_11,CPU_USAGE_12,CPU_USAGE_13,CPU_USAGE_14,CPU_USAGE_15,CPU_USAGE_2,CPU_USAGE_3,CPU_USAGE_4,CPU_USAGE_5,CPU_USAGE_6,CPU_USAGE_7,CPU_USAGE_8,CPU_USAGE_9,DRAM_ENERGY (J),PACKAGE_ENERGY (J),PP0_ENERGY (J),TOTAL_MEMORY,TOTAL_SWAP,USED_MEMORY,USED_SWAP
0,1778191432184,799,2099,800,900,800,800,1000,1109,800,831,800,800,800,800,2074,1999,4,0,8.333333969116211,0,0,4,0,0,4.1666669845581055,0,0,4,4,4.1666669845581055,0,4.34782600402832,119681.02130126953,87777.39361572266,0,404332056576,8589930496,3820945408,0
200,1778191432184,799,2099,800,900,800,800,1000,1109,800,831,800,800,800,800,2074,1999,4,0,8.333333969116211,0,0,4,0,0,4.1666669845581055,0,0,4,4,4.1666669845581055,0,4.34782600402832,119681.02130126953,87777.39361572266,0,404332056576,8589930496,3820945408,0
199,1778191432384,799,2099,800,900,800,800,1000,1109,800,831,800,800,800,800,2074,1999,50,14.285715103149414,0,60.000003814697266,0,0,19.047618865966797,55,0,0,0,0,0,0,30.000001907348633,52.38095474243164,119681.59350585938,87782.10540771484,0,404332056576,8589930496,3820916736,0
199,1778191432584,799,2099,800,900,800,800,1000,1109,800,831,800,800,800,800,2074,1999,15.000000953674316,0,5.263157844543457,80,5,0,5,80.95238494873047,0,0,0,0,0,0,70,95,119682.93438720703,87787.62811279297,0,404332056576,8589930496,3820916736,0
199,1778191432784,799,2099,800,900,800,800,1000,1109,800,831,800,800,800,800,2074,1999,10.526315689086914,0,5,95,5,0,5,94.73684692382813,0,0,0,0,0,0,94.73684692382813,85,119684.82800292969,87793.23559570313,0,404332056576,8589930496,3820916736,0
199,1778191432984,799,2099,800,900,800,800,1000,1109,800,831,800,800,800,800,2074,1999,85,10,0,5,0,0,0,0,90,85,71.42857360839844,5,0,0,4.761904716491699,15.000000953674316,119687.61041259766,87801.67974853516,0,404332056576,8589930496,3820916736,0
0,1778191433184,799,2099,800,900,800,800,1000,1109,800,831,800,800,800,800,2074,1999,25,0,0,0,0,0,0,0,50,52.38095474243164,50,52.38095474243164,5,0,0,0,119689.7808227539,87808.5576171875,0,404332056576,8589930496,3820916736,0
