Delta,Time,CPU_FREQUENCY_0,CPU_FREQUENCY_1,CPU_FREQUENCY_10,CPU_FREQUENCY_11,CPU_FREQUENCY_12,CPU_FREQUENCY_13,CPU_FREQUENCY_14,CPU_FREQUENCY_15,CPU_FREQUENCY_2,CPU_FREQUENCY_3,CPU_FREQUENCY_4,CPU_FREQUENCY_5,CPU_FREQUENCY_6,CPU_FREQUENCY_7,CPU_FREQUENCY_8,CPU_FREQUENCY_9,CPU_USAGE_0,CPU_USAGE_1,CPU_USAGE_10,CPU_USAGE_11,CPU_USAGE_12,CPU_USAGE_13,CPU_USAGE_14,CPU_USAGE_15,CPU_USAGE_2,CPU_USAGE_3,CPU_USAGE_4,CPU_USAGE_5,CPU_USAGE_6,CPU_USAGE_7,CPU_USAGE_8,CPU_USAGE_9,DRAM_ENERGY (J),PACKAGE_ENERGY (J),PP0_ENERGY (J),TOTAL_MEMORY,TOTAL_SWAP,USED_MEMORY,USED_SWAP
0,1778190712962,800,963,2100,839,920,897,804,800,1000,1805,818,1000,1000,800,800,800,8,4,4.1666669845581055,0,0,0,4,0,0,0,0,0,8,4.34782600402832,4,0,119442.29864501953,77969.87420654297,0,404332056576,8589930496,3790938112,0
200,1778190712962,800,963,2100,839,920,897,804,800,1000,1805,818,1000,1000,800,800,800,8,4,4.1666669845581055,0,0,0,4,0,0,0,0,0,8,4.34782600402832,4,0,119442.30395507813,77969.89837646484,0,404332056576,8589930496,3790938112,0
199,1778190713162,800,963,2100,839,920,897,804,800,1000,1805,818,1000,1000,800,800,800,0,10.526315689086914,0,0,0,45,70,0,0,80,4.761904716491699,61.904762268066406,0,0,0,0,119444.0562133789,77975.59948730469,0,404332056576,8589930496,3808227328,0
200,1778190713362,800,963,2100,839,920,897,804,800,1000,1805,818,1000,1000,800,800,800,0,10.526315689086914,0,0,0,45,70,0,0,80,4.761904716491699,61.904762268066406,0,0,0,0,119446.84716796875,77983.96405029297,0,404332056576,8589930496,3810291712,0
199,1778190713563,800,963,2100,839,920,897,804,800,1000,1805,818,1000,1000,800,800,800,5,75.60975646972656,0,0,0,0,15.000000953674316,0,75,85,2.5641026496887207,87.5,5.128205299377441,0,12.820513725280762,2.4390242099761963,119449.65655517578,77992.56896972656,0,404332056576,8589930496,3810291712,0
199,1778190713763,800,963,2100,839,920,897,804,800,1000,1805,818,1000,1000,800,800,800,5.263157844543457,75,0,0,0,0,0,4.761904716491699,95,90,0,90,5,0,20,0,119452.47552490234,78001.41571044922,0,404332056576,8589930496,3810549760,0
0,1778190713963,800,963,2100,839,920,897,804,800,1000,1805,818,1000,1000,800,800,800,5,50,0,0,0,0,0,4.761904716491699,55,57.894737243652344,9.090909004211426,55,0,14.285715103149414,5,0,119454.5132446289,78008.37030029297,0,404332056576,8589930496,3810549760,0
