Delta,Time,CPU_FREQUENCY_0,CPU_FREQUENCY_1,CPU_FREQUENCY_10,CPU_FREQUENCY_11,CPU_FREQUENCY_12,CPU_FREQUENCY_13,CPU_FREQUENCY_14,CPU_FREQUENCY_15,CPU_FREQUENCY_2,CPU_FREQUENCY_3,CPU_FREQUENCY_4,CPU_FREQUENCY_5,CPU_FREQUENCY_6,CPU_FREQUENCY_7,CPU_FREQUENCY_8,CPU_FREQUENCY_9,CPU_USAGE_0,CPU_USAGE_1,CPU_USAGE_10,CPU_USAGE_11,CPU_USAGE_12,CPU_USAGE_13,CPU_USAGE_14,CPU_USAGE_15,CPU_USAGE_2,CPU_USAGE_3,CPU_USAGE_4,CPU_USAGE_5,CPU_USAGE_6,CPU_USAGE_7,CPU_USAGE_8,CPU_USAGE_9,DRAM_ENERGY (J),PACKAGE_ENERGY (J),PP0_ENERGY (J),TOTAL_MEMORY,TOTAL_SWAP,USED_MEMORY,USED_SWAP
0,1778006151157,800,800,800,1600,1943,1908,2098,1000,2000,800,3200,800,2100,799,800,800,0,4.1666669845581055,4,0,8,4.1666669845581055,4,0,0,4,4,4.1666669845581055,4.1666669845581055,0,4,4,104531.50115966797,12708.026550292969,0,404332056576,8589930496,3929858048,0
200,1778006151157,800,800,800,1600,1943,1908,2098,1000,2000,800,3200,800,2100,799,800,800,0,4.1666669845581055,4,0,8,4.1666669845581055,4,0,0,4,4,4.1666669845581055,4.1666669845581055,0,4,4,104531.50115966797,12708.026550292969,0,404332056576,8589930496,3929858048,0
0,1778006151357,800,800,800,1600,1943,1908,2098,1000,2000,800,3200,800,2100,799,800,800,57.142860412597656,75,57.894737243652344,57.894737243652344,55,57.142860412597656,60.000003814697266,60.000003814697266,60.000003814697266,60.000003814697266,60.000003814697266,60.000003814697266,57.142860412597656,55,57.894737243652344,60.000003814697266,104533.9135131836,12715.174133300781,0,404332056576,8589930496,3948404736,0
