Delta,Time,CPU_FREQUENCY_0,CPU_FREQUENCY_1,CPU_FREQUENCY_10,CPU_FREQUENCY_11,CPU_FREQUENCY_12,CPU_FREQUENCY_13,CPU_FREQUENCY_14,CPU_FREQUENCY_15,CPU_FREQUENCY_2,CPU_FREQUENCY_3,CPU_FREQUENCY_4,CPU_FREQUENCY_5,CPU_FREQUENCY_6,CPU_FREQUENCY_7,CPU_FREQUENCY_8,CPU_FREQUENCY_9,CPU_USAGE_0,CPU_USAGE_1,CPU_USAGE_10,CPU_USAGE_11,CPU_USAGE_12,CPU_USAGE_13,CPU_USAGE_14,CPU_USAGE_15,CPU_USAGE_2,CPU_USAGE_3,CPU_USAGE_4,CPU_USAGE_5,CPU_USAGE_6,CPU_USAGE_7,CPU_USAGE_8,CPU_USAGE_9,DRAM_ENERGY (J),PACKAGE_ENERGY (J),PP0_ENERGY (J),TOTAL_MEMORY,TOTAL_SWAP,USED_MEMORY,USED_SWAP
0,1778005637118,800,1893,2300,3200,800,2000,2100,800,800,800,800,800,1000,800,800,2500,0,0,4,0,4,4,4.1666669845581055,0,0,0,0,4,0,4.1666669845581055,4,7.692307949066162,104209.7036743164,5460.673095703125,0,404332056576,8589930496,3920437248,0
200,1778005637118,800,1893,2300,3200,800,2000,2100,800,800,800,800,800,1000,800,800,2500,0,0,4,0,4,4,4.1666669845581055,0,0,0,0,4,0,4.1666669845581055,4,7.692307949066162,104209.70678710938,5460.6954345703125,0,404332056576,8589930496,3920437248,0
0,1778005637318,800,1893,2300,3200,800,2000,2100,800,800,800,800,800,1000,800,800,2500,52.38095474243164,52.6315803527832,52.38095474243164,52.38095474243164,52.38095474243164,55,50,70,55,55,55,52.6315803527832,55,55,55,55,104211.11944580078,5467.012634277344,0,404332056576,8589930496,3920695296,0
