Delta,Time,CPU_FREQUENCY_0,CPU_FREQUENCY_1,CPU_FREQUENCY_10,CPU_FREQUENCY_11,CPU_FREQUENCY_12,CPU_FREQUENCY_13,CPU_FREQUENCY_14,CPU_FREQUENCY_15,CPU_FREQUENCY_2,CPU_FREQUENCY_3,CPU_FREQUENCY_4,CPU_FREQUENCY_5,CPU_FREQUENCY_6,CPU_FREQUENCY_7,CPU_FREQUENCY_8,CPU_FREQUENCY_9,CPU_USAGE_0,CPU_USAGE_1,CPU_USAGE_10,CPU_USAGE_11,CPU_USAGE_12,CPU_USAGE_13,CPU_USAGE_14,CPU_USAGE_15,CPU_USAGE_2,CPU_USAGE_3,CPU_USAGE_4,CPU_USAGE_5,CPU_USAGE_6,CPU_USAGE_7,CPU_USAGE_8,CPU_USAGE_9,DRAM_ENERGY (J),PACKAGE_ENERGY (J),PP0_ENERGY (J),TOTAL_MEMORY,TOTAL_SWAP,USED_MEMORY,USED_SWAP
0,1778009184070,2000,800,2100,928,835,800,800,800,800,2000,800,2100,1411,1701,800,800,0,4.1666669845581055,8.69565200805664,8,4.1666669845581055,0,4.1666669845581055,4.1666669845581055,4.1666669845581055,4.1666669845581055,0,0,4.1666669845581055,4.1666669845581055,8,0,106959.97442626953,56487.817626953125,0,404332056576,8589930496,4003155968,0
200,1778009184070,2000,800,2100,928,835,800,800,800,800,2000,800,2100,1411,1701,800,800,0,4.1666669845581055,8.69565200805664,8,4.1666669845581055,0,4.1666669845581055,4.1666669845581055,4.1666669845581055,4.1666669845581055,0,0,4.1666669845581055,4.1666669845581055,8,0,106959.97442626953,56487.817626953125,0,404332056576,8589930496,4003155968,0
0,1778009184270,2000,800,2100,928,835,800,800,800,800,2000,800,2100,1411,1701,800,800,70,55,57.142860412597656,55,55,57.142860412597656,55,57.894737243652344,55,60.000003814697266,57.142860412597656,55,60.000003814697266,57.142860412597656,55,60.000003814697266,106962.17260742188,56494.89099121094,0,404332056576,8589930496,4007272448,0
