Delta,Time,CPU_FREQUENCY_0,CPU_FREQUENCY_1,CPU_FREQUENCY_10,CPU_FREQUENCY_11,CPU_FREQUENCY_12,CPU_FREQUENCY_13,CPU_FREQUENCY_14,CPU_FREQUENCY_15,CPU_FREQUENCY_2,CPU_FREQUENCY_3,CPU_FREQUENCY_4,CPU_FREQUENCY_5,CPU_FREQUENCY_6,CPU_FREQUENCY_7,CPU_FREQUENCY_8,CPU_FREQUENCY_9,CPU_USAGE_0,CPU_USAGE_1,CPU_USAGE_10,CPU_USAGE_11,CPU_USAGE_12,CPU_USAGE_13,CPU_USAGE_14,CPU_USAGE_15,CPU_USAGE_2,CPU_USAGE_3,CPU_USAGE_4,CPU_USAGE_5,CPU_USAGE_6,CPU_USAGE_7,CPU_USAGE_8,CPU_USAGE_9,DRAM_ENERGY (J),PACKAGE_ENERGY (J),PP0_ENERGY (J),TOTAL_MEMORY,TOTAL_SWAP,USED_MEMORY,USED_SWAP
0,1778004724567,800,2000,963,842,800,800,2000,800,1416,2000,2099,800,800,1397,2100,1381,4,8.333333969116211,0,0,0,0,0,7.692307949066162,4.1666669845581055,4.1666669845581055,4,7.692307949066162,0,0,0,0,103478.51861572266,254432.71044921875,0,404332056576,8589930496,4085121024,0
200,1778004724567,800,2000,963,842,800,800,2000,800,1416,2000,2099,800,800,1397,2100,1381,4,8.333333969116211,0,0,0,0,0,7.692307949066162,4.1666669845581055,4.1666669845581055,4,7.692307949066162,0,0,0,0,103478.51861572266,254432.71044921875,0,404332056576,8589930496,4085121024,0
0,1778004724767,800,2000,963,842,800,800,2000,800,1416,2000,2099,800,800,1397,2100,1381,55,55,55,55,71.42857360839844,55,52.38095474243164,55,52.38095474243164,55,55,52.6315803527832,55,55,52.38095474243164,55,103480.59619140625,254439.18756103516,0,404332056576,8589930496,4099784704,0
