Delta,Time,CPU_FREQUENCY_0,CPU_FREQUENCY_1,CPU_FREQUENCY_10,CPU_FREQUENCY_11,CPU_FREQUENCY_12,CPU_FREQUENCY_13,CPU_FREQUENCY_14,CPU_FREQUENCY_15,CPU_FREQUENCY_2,CPU_FREQUENCY_3,CPU_FREQUENCY_4,CPU_FREQUENCY_5,CPU_FREQUENCY_6,CPU_FREQUENCY_7,CPU_FREQUENCY_8,CPU_FREQUENCY_9,CPU_USAGE_0,CPU_USAGE_1,CPU_USAGE_10,CPU_USAGE_11,CPU_USAGE_12,CPU_USAGE_13,CPU_USAGE_14,CPU_USAGE_15,CPU_USAGE_2,CPU_USAGE_3,CPU_USAGE_4,CPU_USAGE_5,CPU_USAGE_6,CPU_USAGE_7,CPU_USAGE_8,CPU_USAGE_9,DRAM_ENERGY (J),PACKAGE_ENERGY (J),PP0_ENERGY (J),TOTAL_MEMORY,TOTAL_SWAP,USED_MEMORY,USED_SWAP
0,1778008462044,855,1000,800,800,800,800,800,800,2000,800,901,2000,1000,915,800,2100,4.1666669845581055,4,8.333333969116211,4.1666669845581055,4,4.1666669845581055,4.1666669845581055,0,4.1666669845581055,4,0,4.1666669845581055,0,4.1666669845581055,0,8,106233.38275146484,45864.84973144531,0,404332056576,8589930496,3979972608,0
200,1778008462045,855,1000,800,800,800,800,800,800,2000,800,901,2000,1000,915,800,2100,4.1666669845581055,4,8.333333969116211,4.1666669845581055,4,4.1666669845581055,4.1666669845581055,0,4.1666669845581055,4,0,4.1666669845581055,0,4.1666669845581055,0,8,106233.38275146484,45864.84973144531,0,404332056576,8589930496,3979972608,0
0,1778008462245,855,1000,800,800,800,800,800,800,2000,800,901,2000,1000,915,800,2100,71.42857360839844,57.894737243652344,57.142860412597656,60.000003814697266,60.000003814697266,57.142860412597656,55,57.894737243652344,55,57.894737243652344,59.09090805053711,57.142860412597656,60.000003814697266,60.000003814697266,57.142860412597656,55,106235.3511352539,45871.937561035156,0,404332056576,8589930496,3992588288,0
