Delta,Time,CPU_FREQUENCY_0,CPU_FREQUENCY_1,CPU_FREQUENCY_10,CPU_FREQUENCY_11,CPU_FREQUENCY_12,CPU_FREQUENCY_13,CPU_FREQUENCY_14,CPU_FREQUENCY_15,CPU_FREQUENCY_2,CPU_FREQUENCY_3,CPU_FREQUENCY_4,CPU_FREQUENCY_5,CPU_FREQUENCY_6,CPU_FREQUENCY_7,CPU_FREQUENCY_8,CPU_FREQUENCY_9,CPU_USAGE_0,CPU_USAGE_1,CPU_USAGE_10,CPU_USAGE_11,CPU_USAGE_12,CPU_USAGE_13,CPU_USAGE_14,CPU_USAGE_15,CPU_USAGE_2,CPU_USAGE_3,CPU_USAGE_4,CPU_USAGE_5,CPU_USAGE_6,CPU_USAGE_7,CPU_USAGE_8,CPU_USAGE_9,DRAM_ENERGY (J),PACKAGE_ENERGY (J),PP0_ENERGY (J),TOTAL_MEMORY,TOTAL_SWAP,USED_MEMORY,USED_SWAP
0,1778008789588,2000,1188,800,2100,1391,1470,868,800,922,1360,1609,800,1100,920,800,800,4.34782600402832,0,4.1666669845581055,0,4.1666669845581055,4.1666669845581055,4,4,4.1666669845581055,4,0,4.1666669845581055,0,8,4,0,106567.71899414063,50665.376037597656,0,404332056576,8589930496,4061806592,0
200,1778008789588,2000,1188,800,2100,1391,1470,868,800,922,1360,1609,800,1100,920,800,800,4.34782600402832,0,4.1666669845581055,0,4.1666669845581055,4.1666669845581055,4,4,4.1666669845581055,4,0,4.1666669845581055,0,8,4,0,106567.71899414063,50665.376037597656,0,404332056576,8589930496,4061806592,0
0,1778008789789,2000,1188,800,2100,1391,1470,868,800,922,1360,1609,800,1100,920,800,800,57.142860412597656,55,55,55,57.894737243652344,55,55,57.142860412597656,55,55,55,55,55,55,55,71.42857360839844,106569.05639648438,50671.76171875,0,404332056576,8589930496,4062576640,0
