Delta,Time,CPU_FREQUENCY_0,CPU_FREQUENCY_1,CPU_FREQUENCY_10,CPU_FREQUENCY_11,CPU_FREQUENCY_12,CPU_FREQUENCY_13,CPU_FREQUENCY_14,CPU_FREQUENCY_15,CPU_FREQUENCY_2,CPU_FREQUENCY_3,CPU_FREQUENCY_4,CPU_FREQUENCY_5,CPU_FREQUENCY_6,CPU_FREQUENCY_7,CPU_FREQUENCY_8,CPU_FREQUENCY_9,CPU_USAGE_0,CPU_USAGE_1,CPU_USAGE_10,CPU_USAGE_11,CPU_USAGE_12,CPU_USAGE_13,CPU_USAGE_14,CPU_USAGE_15,CPU_USAGE_2,CPU_USAGE_3,CPU_USAGE_4,CPU_USAGE_5,CPU_USAGE_6,CPU_USAGE_7,CPU_USAGE_8,CPU_USAGE_9,DRAM_ENERGY (J),PACKAGE_ENERGY (J),PP0_ENERGY (J),TOTAL_MEMORY,TOTAL_SWAP,USED_MEMORY,USED_SWAP
0,1778007683529,800,3200,2100,1015,826,811,888,800,2034,800,800,800,800,800,2000,1000,0,0,4.34782600402832,0,0,4.1666669845581055,0,4,0,0,8,0,4,4,0,0,105730.87799072266,34767.000549316406,0,404332056576,8589930496,4113420288,0
200,1778007683529,800,3200,2100,1015,826,811,888,800,2034,800,800,800,800,800,2000,1000,0,0,4.34782600402832,0,0,4.1666669845581055,0,4,0,0,8,0,4,4,0,0,105730.88177490234,34767.02227783203,0,404332056576,8589930496,4113420288,0
0,1778007683729,800,3200,2100,1015,826,811,888,800,2034,800,800,800,800,800,2000,1000,57.894737243652344,55,57.142860412597656,57.142860412597656,70,55,55,57.894737243652344,55,55,55,57.142860412597656,55,55,57.142860412597656,55,105732.4873046875,34773.494201660156,0,404332056576,8589930496,4121554944,0
