Delta,Time,CPU_FREQUENCY_0,CPU_FREQUENCY_1,CPU_FREQUENCY_10,CPU_FREQUENCY_11,CPU_FREQUENCY_12,CPU_FREQUENCY_13,CPU_FREQUENCY_14,CPU_FREQUENCY_15,CPU_FREQUENCY_2,CPU_FREQUENCY_3,CPU_FREQUENCY_4,CPU_FREQUENCY_5,CPU_FREQUENCY_6,CPU_FREQUENCY_7,CPU_FREQUENCY_8,CPU_FREQUENCY_9,CPU_USAGE_0,CPU_USAGE_1,CPU_USAGE_10,CPU_USAGE_11,CPU_USAGE_12,CPU_USAGE_13,CPU_USAGE_14,CPU_USAGE_15,CPU_USAGE_2,CPU_USAGE_3,CPU_USAGE_4,CPU_USAGE_5,CPU_USAGE_6,CPU_USAGE_7,CPU_USAGE_8,CPU_USAGE_9,DRAM_ENERGY (J),PACKAGE_ENERGY (J),PP0_ENERGY (J),TOTAL_MEMORY,TOTAL_SWAP,USED_MEMORY,USED_SWAP
0,1778008694420,800,860,2099,840,866,2000,800,800,1873,800,799,1672,800,800,800,800,4.1666669845581055,8,8.333333969116211,4.1666669845581055,0,0,4.1666669845581055,4.1666669845581055,4.1666669845581055,0,0,4.1666669845581055,4.1666669845581055,4.1666669845581055,4.1666669845581055,0,106506.3355102539,49324.38409423828,0,404332056576,8589930496,4062416896,0
200,1778008694420,800,860,2099,840,866,2000,800,800,1873,800,799,1672,800,800,800,800,4.1666669845581055,8,8.333333969116211,4.1666669845581055,0,0,4.1666669845581055,4.1666669845581055,4.1666669845581055,0,0,4.1666669845581055,4.1666669845581055,4.1666669845581055,4.1666669845581055,0,106506.3355102539,49324.38409423828,0,404332056576,8589930496,4062416896,0
0,1778008694620,800,860,2099,840,866,2000,800,800,1873,800,799,1672,800,800,800,800,55,57.894737243652344,60.000003814697266,55,55,57.142860412597656,57.142860412597656,57.894737243652344,57.142860412597656,57.894737243652344,57.894737243652344,75,57.142860412597656,55,57.894737243652344,60.000003814697266,106508.55200195313,49331.525390625,0,404332056576,8589930496,4087959552,0
