Delta,Time,CPU_FREQUENCY_0,CPU_FREQUENCY_1,CPU_FREQUENCY_10,CPU_FREQUENCY_11,CPU_FREQUENCY_12,CPU_FREQUENCY_13,CPU_FREQUENCY_14,CPU_FREQUENCY_15,CPU_FREQUENCY_2,CPU_FREQUENCY_3,CPU_FREQUENCY_4,CPU_FREQUENCY_5,CPU_FREQUENCY_6,CPU_FREQUENCY_7,CPU_FREQUENCY_8,CPU_FREQUENCY_9,CPU_USAGE_0,CPU_USAGE_1,CPU_USAGE_10,CPU_USAGE_11,CPU_USAGE_12,CPU_USAGE_13,CPU_USAGE_14,CPU_USAGE_15,CPU_USAGE_2,CPU_USAGE_3,CPU_USAGE_4,CPU_USAGE_5,CPU_USAGE_6,CPU_USAGE_7,CPU_USAGE_8,CPU_USAGE_9,DRAM_ENERGY (J),PACKAGE_ENERGY (J),PP0_ENERGY (J),TOTAL_MEMORY,TOTAL_SWAP,USED_MEMORY,USED_SWAP
0,1778005667567,800,800,800,800,800,800,2000,2100,800,800,1350,1902,2000,1000,816,1094,4.1666669845581055,4.1666669845581055,8.333333969116211,4,0,0,4,4.1666669845581055,4,4.1666669845581055,0,0,4.1666669845581055,4.1666669845581055,0,0,104213.10583496094,5860.629699707031,0,404332056576,8589930496,3910139904,0
199,1778005667567,800,800,800,800,800,800,2000,2100,800,800,1350,1902,2000,1000,816,1094,4.1666669845581055,4.1666669845581055,8.333333969116211,4,0,0,4,4.1666669845581055,4,4.1666669845581055,0,0,4.1666669845581055,4.1666669845581055,0,0,104213.10583496094,5860.629699707031,0,404332056576,8589930496,3910139904,0
0,1778005667767,800,800,800,800,800,800,2000,2100,800,800,1350,1902,2000,1000,816,1094,75,57.142860412597656,60.000003814697266,60.000003814697266,60.000003814697266,57.142860412597656,60.000003814697266,60.000003814697266,60.000003814697266,60.000003814697266,60.000003814697266,60.000003814697266,60.000003814697266,60.000003814697266,57.142860412597656,60.000003814697266,104214.81677246094,5867.601745605469,0,404332056576,8589930496,3918577664,0
