Delta,Time,CPU_FREQUENCY_0,CPU_FREQUENCY_1,CPU_FREQUENCY_10,CPU_FREQUENCY_11,CPU_FREQUENCY_12,CPU_FREQUENCY_13,CPU_FREQUENCY_14,CPU_FREQUENCY_15,CPU_FREQUENCY_2,CPU_FREQUENCY_3,CPU_FREQUENCY_4,CPU_FREQUENCY_5,CPU_FREQUENCY_6,CPU_FREQUENCY_7,CPU_FREQUENCY_8,CPU_FREQUENCY_9,CPU_USAGE_0,CPU_USAGE_1,CPU_USAGE_10,CPU_USAGE_11,CPU_USAGE_12,CPU_USAGE_13,CPU_USAGE_14,CPU_USAGE_15,CPU_USAGE_2,CPU_USAGE_3,CPU_USAGE_4,CPU_USAGE_5,CPU_USAGE_6,CPU_USAGE_7,CPU_USAGE_8,CPU_USAGE_9,DRAM_ENERGY (J),PACKAGE_ENERGY (J),PP0_ENERGY (J),TOTAL_MEMORY,TOTAL_SWAP,USED_MEMORY,USED_SWAP
0,1778008331032,2000,2924,800,800,800,2099,1858,1139,1999,800,1589,800,800,800,800,892,4.1666669845581055,4,4.1666669845581055,7.692307949066162,0,11.538461685180664,8,0,4,4.1666669845581055,4.1666669845581055,7.692307949066162,4,4.1666669845581055,4.1666669845581055,0,106186.48516845703,44009.19079589844,0,404332056576,8589930496,4090150912,0
200,1778008331032,2000,2924,800,800,800,2099,1858,1139,1999,800,1589,800,800,800,800,892,4.1666669845581055,4,4.1666669845581055,7.692307949066162,0,11.538461685180664,8,0,4,4.1666669845581055,4.1666669845581055,7.692307949066162,4,4.1666669845581055,4.1666669845581055,0,106186.48516845703,44009.19079589844,0,404332056576,8589930496,4090150912,0
0,1778008331232,2000,2924,800,800,800,2099,1858,1139,1999,800,1589,800,800,800,800,892,57.142860412597656,55,55,55,57.142860412597656,55,55,55,60.000003814697266,55,55,55,55,55,55,73.68421173095703,106188.09161376953,44015.68762207031,0,404332056576,8589930496,4105629696,0
