Delta,Time,CPU_FREQUENCY_0,CPU_FREQUENCY_1,CPU_FREQUENCY_10,CPU_FREQUENCY_11,CPU_FREQUENCY_12,CPU_FREQUENCY_13,CPU_FREQUENCY_14,CPU_FREQUENCY_15,CPU_FREQUENCY_2,CPU_FREQUENCY_3,CPU_FREQUENCY_4,CPU_FREQUENCY_5,CPU_FREQUENCY_6,CPU_FREQUENCY_7,CPU_FREQUENCY_8,CPU_FREQUENCY_9,CPU_USAGE_0,CPU_USAGE_1,CPU_USAGE_10,CPU_USAGE_11,CPU_USAGE_12,CPU_USAGE_13,CPU_USAGE_14,CPU_USAGE_15,CPU_USAGE_2,CPU_USAGE_3,CPU_USAGE_4,CPU_USAGE_5,CPU_USAGE_6,CPU_USAGE_7,CPU_USAGE_8,CPU_USAGE_9,DRAM_ENERGY (J),PACKAGE_ENERGY (J),PP0_ENERGY (J),TOTAL_MEMORY,TOTAL_SWAP,USED_MEMORY,USED_SWAP
0,1778009087110,1100,800,2100,1225,1354,900,800,800,800,1683,1702,856,2000,800,800,800,4.1666669845581055,0,4.1666669845581055,4.1666669845581055,0,4,4.1666669845581055,8,0,4.1666669845581055,0,4.1666669845581055,0,4.1666669845581055,0,8.333333969116211,106864.98803710938,55098.138732910156,0,404332056576,8589930496,4037120000,0
200,1778009087110,1100,800,2100,1225,1354,900,800,800,800,1683,1702,856,2000,800,800,800,4.1666669845581055,0,4.1666669845581055,4.1666669845581055,0,4,4.1666669845581055,8,0,4.1666669845581055,0,4.1666669845581055,0,4.1666669845581055,0,8.333333969116211,106864.98803710938,55098.138732910156,0,404332056576,8589930496,4037120000,0
0,1778009087311,1100,800,2100,1225,1354,900,800,800,800,1683,1702,856,2000,800,800,800,75,60.000003814697266,60.000003814697266,60.000003814697266,60.000003814697266,60.000003814697266,60.000003814697266,60.000003814697266,57.142860412597656,60.000003814697266,60.000003814697266,60.000003814697266,60.000003814697266,60.000003814697266,60.000003814697266,60.000003814697266,106866.7890625,55105.2001953125,0,404332056576,8589930496,4037373952,0
