Delta,Time,CPU_FREQUENCY_0,CPU_FREQUENCY_1,CPU_FREQUENCY_10,CPU_FREQUENCY_11,CPU_FREQUENCY_12,CPU_FREQUENCY_13,CPU_FREQUENCY_14,CPU_FREQUENCY_15,CPU_FREQUENCY_2,CPU_FREQUENCY_3,CPU_FREQUENCY_4,CPU_FREQUENCY_5,CPU_FREQUENCY_6,CPU_FREQUENCY_7,CPU_FREQUENCY_8,CPU_FREQUENCY_9,CPU_USAGE_0,CPU_USAGE_1,CPU_USAGE_10,CPU_USAGE_11,CPU_USAGE_12,CPU_USAGE_13,CPU_USAGE_14,CPU_USAGE_15,CPU_USAGE_2,CPU_USAGE_3,CPU_USAGE_4,CPU_USAGE_5,CPU_USAGE_6,CPU_USAGE_7,CPU_USAGE_8,CPU_USAGE_9,DRAM_ENERGY (J),PACKAGE_ENERGY (J),PP0_ENERGY (J),TOTAL_MEMORY,TOTAL_SWAP,USED_MEMORY,USED_SWAP
0,1778008237466,1182,3200,799,800,2000,2000,800,800,800,800,800,1550,800,1100,2000,2100,4,4,0,0,0,4.1666669845581055,4,4,4,4,4,0,4.1666669845581055,4.1666669845581055,4,0,106142.52416992188,42726.82141113281,0,404332056576,8589930496,4128673792,0
200,1778008237466,1182,3200,799,800,2000,2000,800,800,800,800,800,1550,800,1100,2000,2100,4,4,0,0,0,4.1666669845581055,4,4,4,4,4,0,4.1666669845581055,4.1666669845581055,4,0,106142.529296875,42726.841064453125,0,404332056576,8589930496,4128673792,0
0,1778008237666,1182,3200,799,800,2000,2000,800,800,800,800,800,1550,800,1100,2000,2100,57.142860412597656,55,57.142860412597656,57.142860412597656,72.7272720336914,55,57.142860412597656,55,55,55,55,57.142860412597656,60.000003814697266,57.142860412597656,55,55,106144.251953125,42733.49725341797,0,404332056576,8589930496,4127879168,0
