Delta,Time,CPU_FREQUENCY_0,CPU_FREQUENCY_1,CPU_FREQUENCY_10,CPU_FREQUENCY_11,CPU_FREQUENCY_12,CPU_FREQUENCY_13,CPU_FREQUENCY_14,CPU_FREQUENCY_15,CPU_FREQUENCY_2,CPU_FREQUENCY_3,CPU_FREQUENCY_4,CPU_FREQUENCY_5,CPU_FREQUENCY_6,CPU_FREQUENCY_7,CPU_FREQUENCY_8,CPU_FREQUENCY_9,CPU_USAGE_0,CPU_USAGE_1,CPU_USAGE_10,CPU_USAGE_11,CPU_USAGE_12,CPU_USAGE_13,CPU_USAGE_14,CPU_USAGE_15,CPU_USAGE_2,CPU_USAGE_3,CPU_USAGE_4,CPU_USAGE_5,CPU_USAGE_6,CPU_USAGE_7,CPU_USAGE_8,CPU_USAGE_9,DRAM_ENERGY (J),PACKAGE_ENERGY (J),PP0_ENERGY (J),TOTAL_MEMORY,TOTAL_SWAP,USED_MEMORY,USED_SWAP
0,1778005992487,800,800,800,800,800,2000,2000,2099,800,800,800,806,800,800,1444,800,8,8,4.1666669845581055,4.1666669845581055,4,4,0,0,4,7.692307949066162,4.1666669845581055,0,4,0,0,4,104431.74951171875,10499.651245117188,0,404332056576,8589930496,4012453888,0
200,1778005992487,800,800,800,800,800,2000,2000,2099,800,800,800,806,800,800,1444,800,8,8,4.1666669845581055,4.1666669845581055,4,4,0,0,4,7.692307949066162,4.1666669845581055,0,4,0,0,4,104431.74951171875,10499.651245117188,0,404332056576,8589930496,4012453888,0
0,1778005992687,800,800,800,800,800,2000,2000,2099,800,800,800,806,800,800,1444,800,55,55,52.38095474243164,55,70,55,55,55,55,55,55,55,55,55,55,55,104433.89575195313,10506.241455078125,0,404332056576,8589930496,4028964864,0
