Delta,Time,CPU_FREQUENCY_0,CPU_FREQUENCY_1,CPU_FREQUENCY_10,CPU_FREQUENCY_11,CPU_FREQUENCY_12,CPU_FREQUENCY_13,CPU_FREQUENCY_14,CPU_FREQUENCY_15,CPU_FREQUENCY_2,CPU_FREQUENCY_3,CPU_FREQUENCY_4,CPU_FREQUENCY_5,CPU_FREQUENCY_6,CPU_FREQUENCY_7,CPU_FREQUENCY_8,CPU_FREQUENCY_9,CPU_USAGE_0,CPU_USAGE_1,CPU_USAGE_10,CPU_USAGE_11,CPU_USAGE_12,CPU_USAGE_13,CPU_USAGE_14,CPU_USAGE_15,CPU_USAGE_2,CPU_USAGE_3,CPU_USAGE_4,CPU_USAGE_5,CPU_USAGE_6,CPU_USAGE_7,CPU_USAGE_8,CPU_USAGE_9,DRAM_ENERGY (J),PACKAGE_ENERGY (J),PP0_ENERGY (J),TOTAL_MEMORY,TOTAL_SWAP,USED_MEMORY,USED_SWAP
0,1778059288906,800,2000,2000,800,800,800,800,915,2000,2099,845,800,2100,3200,800,800,4,11.538461685180664,4,0,0,4,4,4,7.692307949066162,4,7.692307949066162,4,4,7.692307949066162,4,4.1666669845581055,109071.24926757813,184395.70721435547,0,404332056576,8589930496,3792732160,0
199,1778059288906,800,2000,2000,800,800,800,800,915,2000,2099,845,800,2100,3200,800,800,4,11.538461685180664,4,0,0,4,4,4,7.692307949066162,4,7.692307949066162,4,4,7.692307949066162,4,4.1666669845581055,109071.24926757813,184395.70721435547,0,404332056576,8589930496,3792732160,0
199,1778059289106,800,2000,2000,800,800,800,800,915,2000,2099,845,800,2100,3200,800,800,0,0,0,0,0,0,0,0,0,0,0,0,0,0,0,95.23809814453125,109071.67169189453,184400.32556152344,0,404332056576,8589930496,3817246720,0
199,1778059289306,800,2000,2000,800,800,800,800,915,2000,2099,845,800,2100,3200,800,800,0,0,0,0,0,0,0,0,0,0,0,0,0,0,0,100,109072.11541748047,184405.70794677734,0,404332056576,8589930496,3817246720,0
199,1778059289506,800,2000,2000,800,800,800,800,915,2000,2099,845,800,2100,3200,800,800,0,0,0,0,0,0,0,0,0,0,0,0,0,0,0,100,109072.51489257813,184411.03088378906,0,404332056576,8589930496,3817246720,0
199,1778059289707,800,2000,2000,800,800,800,800,915,2000,2099,845,800,2100,3200,800,800,0,0,0,0,0,0,0,0,0,0,0,0,0,0,0,100,109072.92901611328,184416.35662841797,0,404332056576,8589930496,3817246720,0
0,1778059289907,800,2000,2000,800,800,800,800,915,2000,2099,845,800,2100,3200,800,800,0,0,0,0,0,0,0,0,0,0,0,0,0,0,0,42.105262756347656,109073.1488647461,184420.32873535156,0,404332056576,8589930496,3817226240,0
