Delta,Time,CPU_FREQUENCY_0,CPU_FREQUENCY_1,CPU_FREQUENCY_10,CPU_FREQUENCY_11,CPU_FREQUENCY_12,CPU_FREQUENCY_13,CPU_FREQUENCY_14,CPU_FREQUENCY_15,CPU_FREQUENCY_2,CPU_FREQUENCY_3,CPU_FREQUENCY_4,CPU_FREQUENCY_5,CPU_FREQUENCY_6,CPU_FREQUENCY_7,CPU_FREQUENCY_8,CPU_FREQUENCY_9,CPU_USAGE_0,CPU_USAGE_1,CPU_USAGE_10,CPU_USAGE_11,CPU_USAGE_12,CPU_USAGE_13,CPU_USAGE_14,CPU_USAGE_15,CPU_USAGE_2,CPU_USAGE_3,CPU_USAGE_4,CPU_USAGE_5,CPU_USAGE_6,CPU_USAGE_7,CPU_USAGE_8,CPU_USAGE_9,DRAM_ENERGY (J),PACKAGE_ENERGY (J),PP0_ENERGY (J),TOTAL_MEMORY,TOTAL_SWAP,USED_MEMORY,USED_SWAP
0,1778056845452,852,1250,2000,800,1000,1800,800,1671,800,800,2100,2000,2000,2000,1504,927,11.111111640930176,3.7037036418914795,7.142857551574707,0,3.7037036418914795,3.7037036418914795,0,0,0,3.846153974533081,7.407407283782959,0,0,7.407407283782959,3.7037036418914795,0,108301.61981201172,151057.73175048828,0,404332056576,8589930496,3777175552,0
200,1778056845452,852,1250,2000,800,1000,1800,800,1671,800,800,2100,2000,2000,2000,1504,927,11.111111640930176,3.7037036418914795,7.142857551574707,0,3.7037036418914795,3.7037036418914795,0,0,0,3.846153974533081,7.407407283782959,0,0,7.407407283782959,3.7037036418914795,0,108301.62365722656,151057.7534790039,0,404332056576,8589930496,3777175552,0
199,1778056845652,852,1250,2000,800,1000,1800,800,1671,800,800,2100,2000,2000,2000,1504,927,0,0,0,0,0,0,0,100,0,0,0,0,0,0,0,0,108302.00213623047,151062.42346191406,0,404332056576,8589930496,3793432576,0
199,1778056845852,852,1250,2000,800,1000,1800,800,1671,800,800,2100,2000,2000,2000,1504,927,0,0,0,0,0,0,0,100,0,0,0,0,0,4.761904716491699,0,0,108302.37860107422,151067.73986816406,0,404332056576,8589930496,3793682432,0
199,1778056846052,852,1250,2000,800,1000,1800,800,1671,800,800,2100,2000,2000,2000,1504,927,0,0,0,0,0,0,0,100,0,0,0,0,0,0,0,0,108302.7748413086,151073.0668334961,0,404332056576,8589930496,3793682432,0
199,1778056846252,852,1250,2000,800,1000,1800,800,1671,800,800,2100,2000,2000,2000,1504,927,0,0,0,0,0,0,0,100,0,0,0,0,0,0,0,0,108303.16497802734,151078.37884521484,0,404332056576,8589930496,3793682432,0
0,1778056846452,852,1250,2000,800,1000,1800,800,1671,800,800,2100,2000,2000,2000,1504,927,4.761904716491699,0,0,0,0,0,0,40,0,0,0,0,0,0,0,0,108303.3617553711,151082.3296508789,0,404332056576,8589930496,3793682432,0
