Delta,Time,CPU_FREQUENCY_0,CPU_FREQUENCY_1,CPU_FREQUENCY_10,CPU_FREQUENCY_11,CPU_FREQUENCY_12,CPU_FREQUENCY_13,CPU_FREQUENCY_14,CPU_FREQUENCY_15,CPU_FREQUENCY_2,CPU_FREQUENCY_3,CPU_FREQUENCY_4,CPU_FREQUENCY_5,CPU_FREQUENCY_6,CPU_FREQUENCY_7,CPU_FREQUENCY_8,CPU_FREQUENCY_9,CPU_USAGE_0,CPU_USAGE_1,CPU_USAGE_10,CPU_USAGE_11,CPU_USAGE_12,CPU_USAGE_13,CPU_USAGE_14,CPU_USAGE_15,CPU_USAGE_2,CPU_USAGE_3,CPU_USAGE_4,CPU_USAGE_5,CPU_USAGE_6,CPU_USAGE_7,CPU_USAGE_8,CPU_USAGE_9,DRAM_ENERGY (J),PACKAGE_ENERGY (J),PP0_ENERGY (J),TOTAL_MEMORY,TOTAL_SWAP,USED_MEMORY,USED_SWAP
0,1778055155423,2000,2000,800,2000,800,800,800,799,800,2100,841,800,1587,800,800,2000,4.1666669845581055,4.1666669845581055,0,8,4,4.1666669845581055,4.1666669845581055,8.333333969116211,0,4.1666669845581055,4.1666669845581055,0,4.1666669845581055,4.1666669845581055,8,4.1666669845581055,107825.90490722656,128089.8578491211,0,404332056576,8589930496,3877212160,0
199,1778055155423,2000,2000,800,2000,800,800,800,799,800,2100,841,800,1587,800,800,2000,4.1666669845581055,4.1666669845581055,0,8,4,4.1666669845581055,4.1666669845581055,8.333333969116211,0,4.1666669845581055,4.1666669845581055,0,4.1666669845581055,4.1666669845581055,8,4.1666669845581055,107825.91003417969,128089.87976074219,0,404332056576,8589930496,3877212160,0
199,1778055155623,2000,2000,800,2000,800,800,800,799,800,2100,841,800,1587,800,800,2000,100,0,0,0,0,0,0,0,0,0,0,0,0,0,0,0,107828.17883300781,128095.81213378906,0,404332056576,8589930496,3885211648,0
199,1778055155824,2000,2000,800,2000,800,800,800,799,800,2100,841,800,1587,800,800,2000,100,0,0,0,0,0,0,0,0,0,0,0,0,0,0,0,107830.99334716797,128102.54766845703,0,404332056576,8589930496,3885211648,0
199,1778055156024,2000,2000,800,2000,800,800,800,799,800,2100,841,800,1587,800,800,2000,100,0,0,0,0,0,0,0,0,0,0,0,0,0,0,0,107833.82342529297,128109.28887939453,0,404332056576,8589930496,3885211648,0
199,1778055156224,2000,2000,800,2000,800,800,800,799,800,2100,841,800,1587,800,800,2000,100,0,0,0,0,0,0,0,0,0,0,0,0,0,0,0,107836.66998291016,128116.02655029297,0,404332056576,8589930496,3885211648,0
0,1778055156424,2000,2000,800,2000,800,800,800,799,800,2100,841,800,1587,800,800,2000,40,0,0,0,0,0,0,0,0,0,0,0,0,0,0,0,107837.97381591797,128120.51501464844,0,404332056576,8589930496,3885211648,0
