Delta,Time,CPU_FREQUENCY_0,CPU_FREQUENCY_1,CPU_FREQUENCY_10,CPU_FREQUENCY_11,CPU_FREQUENCY_12,CPU_FREQUENCY_13,CPU_FREQUENCY_14,CPU_FREQUENCY_15,CPU_FREQUENCY_2,CPU_FREQUENCY_3,CPU_FREQUENCY_4,CPU_FREQUENCY_5,CPU_FREQUENCY_6,CPU_FREQUENCY_7,CPU_FREQUENCY_8,CPU_FREQUENCY_9,CPU_USAGE_0,CPU_USAGE_1,CPU_USAGE_10,CPU_USAGE_11,CPU_USAGE_12,CPU_USAGE_13,CPU_USAGE_14,CPU_USAGE_15,CPU_USAGE_2,CPU_USAGE_3,CPU_USAGE_4,CPU_USAGE_5,CPU_USAGE_6,CPU_USAGE_7,CPU_USAGE_8,CPU_USAGE_9,DRAM_ENERGY (J),PACKAGE_ENERGY (J),PP0_ENERGY (J),TOTAL_MEMORY,TOTAL_SWAP,USED_MEMORY,USED_SWAP
0,1778058286258,2000,800,800,800,1805,908,1000,2099,800,2099,1696,1437,1272,938,1811,800,0,8,0,0,0,4.1666669845581055,0,4,4.1666669845581055,4.34782600402832,0,0,4.34782600402832,0,4.1666669845581055,8,108767.33135986328,170751.5238647461,0,404332056576,8589930496,3785674752,0
200,1778058286258,2000,800,800,800,1805,908,1000,2099,800,2099,1696,1437,1272,938,1811,800,0,8,0,0,0,4.1666669845581055,0,4,4.1666669845581055,4.34782600402832,0,0,4.34782600402832,0,4.1666669845581055,8,108767.3423461914,170751.5458984375,0,404332056576,8589930496,3785674752,0
199,1778058286458,2000,800,800,800,1805,908,1000,2099,800,2099,1696,1437,1272,938,1811,800,0,0,0,0,0,0,0,0,0,0,0,0,0,0,0,100,108767.97839355469,170756.14038085938,0,404332056576,8589930496,3801931776,0
199,1778058286658,2000,800,800,800,1805,908,1000,2099,800,2099,1696,1437,1272,938,1811,800,0,0,0,0,0,0,0,0,0,0,0,0,0,0,0,100,108768.4624633789,170761.47747802734,0,404332056576,8589930496,3801931776,0
199,1778058286859,2000,800,800,800,1805,908,1000,2099,800,2099,1696,1437,1272,938,1811,800,0,0,0,0,0,0,0,0,0,0,0,0,0,0,0,100,108768.9369506836,170766.818359375,0,404332056576,8589930496,3802116096,0
199,1778058287059,2000,800,800,800,1805,908,1000,2099,800,2099,1696,1437,1272,938,1811,800,0,0,0,0,0,0,0,0,0,0,0,0,0,0,0,100,108769.4404296875,170772.30291748047,0,404332056576,8589930496,3802116096,0
0,1778058287259,2000,800,800,800,1805,908,1000,2099,800,2099,1696,1437,1272,938,1811,800,0,0,0,0,0,0,0,0,0,0,0,0,0,0,0,42.85714340209961,108769.70281982422,170776.2850341797,0,404332056576,8589930496,3801919488,0
