Delta,Time,CPU_FREQUENCY_0,CPU_FREQUENCY_1,CPU_FREQUENCY_10,CPU_FREQUENCY_11,CPU_FREQUENCY_12,CPU_FREQUENCY_13,CPU_FREQUENCY_14,CPU_FREQUENCY_15,CPU_FREQUENCY_2,CPU_FREQUENCY_3,CPU_FREQUENCY_4,CPU_FREQUENCY_5,CPU_FREQUENCY_6,CPU_FREQUENCY_7,CPU_FREQUENCY_8,CPU_FREQUENCY_9,CPU_USAGE_0,CPU_USAGE_1,CPU_USAGE_10,CPU_USAGE_11,CPU_USAGE_12,CPU_USAGE_13,CPU_USAGE_14,CPU_USAGE_15,CPU_USAGE_2,CPU_USAGE_3,CPU_USAGE_4,CPU_USAGE_5,CPU_USAGE_6,CPU_USAGE_7,CPU_USAGE_8,CPU_USAGE_9,DRAM_ENERGY (J),PACKAGE_ENERGY (J),PP0_ENERGY (J),TOTAL_MEMORY,TOTAL_SWAP,USED_MEMORY,USED_SWAP
0,1778055405815,800,1100,800,1490,1500,1000,800,1362,2000,2100,1336,1264,800,800,1000,800,8.333333969116211,0,0,0,0,4,0,4.1666669845581055,0,0,0,0,4.1666669845581055,0,0,4.1666669845581055,107907.28247070313,131506.8182373047,0,404332056576,8589930496,3846324224,0
200,1778055405815,800,1100,800,1490,1500,1000,800,1362,2000,2100,1336,1264,800,800,1000,800,8.333333969116211,0,0,0,0,4,0,4.1666669845581055,0,0,0,0,4.1666669845581055,0,0,4.1666669845581055,107907.28247070313,131506.8182373047,0,404332056576,8589930496,3846324224,0
199,1778055406015,800,1100,800,1490,1500,1000,800,1362,2000,2100,1336,1264,800,800,1000,800,0,0,0,0,100,0,0,0,0,0,0,0,0,0,0,0,107907.6435546875,131511.5947265625,0,404332056576,8589930496,3846324224,0
199,1778055406216,800,1100,800,1490,1500,1000,800,1362,2000,2100,1336,1264,800,800,1000,800,0,0,0,0,100,0,0,0,0,0,0,0,0,0,0,0,107908.04364013672,131516.99047851563,0,404332056576,8589930496,3846164480,0
199,1778055406416,800,1100,800,1490,1500,1000,800,1362,2000,2100,1336,1264,800,800,1000,800,0,0,0,0,100,0,0,0,0,0,0,0,0,0,0,0,107908.44024658203,131522.32025146484,0,404332056576,8589930496,3846164480,0
199,1778055406616,800,1100,800,1490,1500,1000,800,1362,2000,2100,1336,1264,800,800,1000,800,0,0,0,0,100,0,0,0,0,0,0,0,0,0,0,0,107908.80822753906,131527.646484375,0,404332056576,8589930496,3846422528,0
0,1778055406816,800,1100,800,1490,1500,1000,800,1362,2000,2100,1336,1264,800,800,1000,800,0,0,0,0,35,0,0,0,0,0,0,0,0,0,0,0,107908.96905517578,131531.4854736328,0,404332056576,8589930496,3846422528,0
