Delta,Time,CPU_FREQUENCY_0,CPU_FREQUENCY_1,CPU_FREQUENCY_10,CPU_FREQUENCY_11,CPU_FREQUENCY_12,CPU_FREQUENCY_13,CPU_FREQUENCY_14,CPU_FREQUENCY_15,CPU_FREQUENCY_2,CPU_FREQUENCY_3,CPU_FREQUENCY_4,CPU_FREQUENCY_5,CPU_FREQUENCY_6,CPU_FREQUENCY_7,CPU_FREQUENCY_8,CPU_FREQUENCY_9,CPU_USAGE_0,CPU_USAGE_1,CPU_USAGE_10,CPU_USAGE_11,CPU_USAGE_12,CPU_USAGE_13,CPU_USAGE_14,CPU_USAGE_15,CPU_USAGE_2,CPU_USAGE_3,CPU_USAGE_4,CPU_USAGE_5,CPU_USAGE_6,CPU_USAGE_7,CPU_USAGE_8,CPU_USAGE_9,DRAM_ENERGY (J),PACKAGE_ENERGY (J),PP0_ENERGY (J),TOTAL_MEMORY,TOTAL_SWAP,USED_MEMORY,USED_SWAP
0,1778055468314,800,1231,1000,800,2000,800,999,2099,2000,2099,932,1792,800,1622,800,800,0,8.333333969116211,8,4,4,0,4.1666669845581055,4.1666669845581055,0,4.1666669845581055,0,0,4,4,0,4,107916.4541015625,132345.3145751953,0,404332056576,8589930496,3820556288,0
200,1778055468314,800,1231,1000,800,2000,800,999,2099,2000,2099,932,1792,800,1622,800,800,0,8.333333969116211,8,4,4,0,4.1666669845581055,4.1666669845581055,0,4.1666669845581055,0,0,4,4,0,4,107916.4541015625,132345.3145751953,0,404332056576,8589930496,3820556288,0
199,1778055468514,800,1231,1000,800,2000,800,999,2099,2000,2099,932,1792,800,1622,800,800,0,0,0,0,0,100,0,0,0,0,0,0,0,0,0,0,107916.85833740234,132349.8748779297,0,404332056576,8589930496,3824427008,0
199,1778055468714,800,1231,1000,800,2000,800,999,2099,2000,2099,932,1792,800,1622,800,800,0,0,0,0,0,100,0,0,0,0,0,0,0,0,0,0,107917.26647949219,132355.2266845703,0,404332056576,8589930496,3825356800,0
199,1778055468914,800,1231,1000,800,2000,800,999,2099,2000,2099,932,1792,800,1622,800,800,0,0,0,0,0,100,0,0,0,0,0,0,0,0,0,0,107917.67083740234,132360.54650878906,0,404332056576,8589930496,3825356800,0
200,1778055469114,800,1231,1000,800,2000,800,999,2099,2000,2099,932,1792,800,1622,800,800,0,0,0,0,0,100,0,0,0,0,0,0,0,0,0,0,107918.08819580078,132365.83520507813,0,404332056576,8589930496,3825356800,0
0,1778055469315,800,1231,1000,800,2000,800,999,2099,2000,2099,932,1792,800,1622,800,800,0,0,0,0,0,40,0,0,0,0,0,0,0,0,0,0,107918.30834960938,132369.84002685547,0,404332056576,8589930496,3825356800,0
