Delta,Time,CPU_FREQUENCY_0,CPU_FREQUENCY_1,CPU_FREQUENCY_10,CPU_FREQUENCY_11,CPU_FREQUENCY_12,CPU_FREQUENCY_13,CPU_FREQUENCY_14,CPU_FREQUENCY_15,CPU_FREQUENCY_2,CPU_FREQUENCY_3,CPU_FREQUENCY_4,CPU_FREQUENCY_5,CPU_FREQUENCY_6,CPU_FREQUENCY_7,CPU_FREQUENCY_8,CPU_FREQUENCY_9,CPU_USAGE_0,CPU_USAGE_1,CPU_USAGE_10,CPU_USAGE_11,CPU_USAGE_12,CPU_USAGE_13,CPU_USAGE_14,CPU_USAGE_15,CPU_USAGE_2,CPU_USAGE_3,CPU_USAGE_4,CPU_USAGE_5,CPU_USAGE_6,CPU_USAGE_7,CPU_USAGE_8,CPU_USAGE_9,DRAM_ENERGY (J),PACKAGE_ENERGY (J),PP0_ENERGY (J),TOTAL_MEMORY,TOTAL_SWAP,USED_MEMORY,USED_SWAP
0,1778058411256,800,800,1452,1000,800,800,800,799,800,2000,2100,1074,1154,800,811,1215,4.1666669845581055,12.5,4,4.1666669845581055,4,0,0,0,4.1666669845581055,4.1666669845581055,4.1666669845581055,4.1666669845581055,0,4.1666669845581055,4,4,108795.48504638672,172445.55078125,0,404332056576,8589930496,3775635456,0
200,1778058411256,800,800,1452,1000,800,800,800,799,800,2000,2100,1074,1154,800,811,1215,4.1666669845581055,12.5,4,4.1666669845581055,4,0,0,0,4.1666669845581055,4.1666669845581055,4.1666669845581055,4.1666669845581055,0,4.1666669845581055,4,4,108795.49475097656,172445.57495117188,0,404332056576,8589930496,3775635456,0
199,1778058411456,800,800,1452,1000,800,800,800,799,800,2000,2100,1074,1154,800,811,1215,0,0,0,0,0,0,0,0,0,0,0,0,100,0,0,0,108797.59143066406,172451.27966308594,0,404332056576,8589930496,3792121856,0
199,1778058411656,800,800,1452,1000,800,800,800,799,800,2000,2100,1074,1154,800,811,1215,0,0,0,0,0,0,0,0,0,0,0,0,100,0,0,0,108800.38983154297,172458.00341796875,0,404332056576,8589930496,3792334848,0
199,1778058411856,800,800,1452,1000,800,800,800,799,800,2000,2100,1074,1154,800,811,1215,0,0,0,0,0,0,0,0,0,0,0,0,100,0,0,0,108803.18658447266,172464.724609375,0,404332056576,8589930496,3792334848,0
199,1778058412057,800,800,1452,1000,800,800,800,799,800,2000,2100,1074,1154,800,811,1215,0,0,0,0,0,0,0,0,0,0,0,0,100,0,0,0,108806.00537109375,172471.4428100586,0,404332056576,8589930496,3792334848,0
0,1778058412257,800,800,1452,1000,800,800,800,799,800,2000,2100,1074,1154,800,811,1215,0,0,0,0,0,0,0,0,0,0,0,0,45,0,0,0,108807.5,172476.17736816406,0,404332056576,8589930496,3792334848,0
