Delta,Time,CPU_FREQUENCY_0,CPU_FREQUENCY_1,CPU_FREQUENCY_10,CPU_FREQUENCY_11,CPU_FREQUENCY_12,CPU_FREQUENCY_13,CPU_FREQUENCY_14,CPU_FREQUENCY_15,CPU_FREQUENCY_2,CPU_FREQUENCY_3,CPU_FREQUENCY_4,CPU_FREQUENCY_5,CPU_FREQUENCY_6,CPU_FREQUENCY_7,CPU_FREQUENCY_8,CPU_FREQUENCY_9,CPU_USAGE_0,CPU_USAGE_1,CPU_USAGE_10,CPU_USAGE_11,CPU_USAGE_12,CPU_USAGE_13,CPU_USAGE_14,CPU_USAGE_15,CPU_USAGE_2,CPU_USAGE_3,CPU_USAGE_4,CPU_USAGE_5,CPU_USAGE_6,CPU_USAGE_7,CPU_USAGE_8,CPU_USAGE_9,DRAM_ENERGY (J),PACKAGE_ENERGY (J),PP0_ENERGY (J),TOTAL_MEMORY,TOTAL_SWAP,USED_MEMORY,USED_SWAP
0,1778058756021,2000,2100,961,1287,800,800,1000,1804,2000,2100,848,799,1686,1056,800,1569,0,8.333333969116211,0,4.1666669845581055,0,4.1666669845581055,0,4.1666669845581055,4.1666669845581055,0,0,8,4.1666669845581055,4.1666669845581055,0,8.333333969116211,108873.3324584961,177096.23046875,0,404332056576,8589930496,3804434432,0
200,1778058756022,2000,2100,961,1287,800,800,1000,1804,2000,2100,848,799,1686,1056,800,1569,0,8.333333969116211,0,4.1666669845581055,0,4.1666669845581055,0,4.1666669845581055,4.1666669845581055,0,0,8,4.1666669845581055,4.1666669845581055,0,8.333333969116211,108873.3324584961,177096.23046875,0,404332056576,8589930496,3804434432,0
199,1778058756222,2000,2100,961,1287,800,800,1000,1804,2000,2100,848,799,1686,1056,800,1569,0,0,100,0,0,0,0,0,0,0,0,0,0,0,0,0,108873.81384277344,177100.82647705078,0,404332056576,8589930496,3804434432,0
199,1778058756422,2000,2100,961,1287,800,800,1000,1804,2000,2100,848,799,1686,1056,800,1569,0,0,100,0,0,0,0,0,0,0,0,0,0,0,0,0,108874.22259521484,177106.1967163086,0,404332056576,8589930496,3804434432,0
199,1778058756622,2000,2100,961,1287,800,800,1000,1804,2000,2100,848,799,1686,1056,800,1569,0,0,100,0,0,0,0,0,0,0,0,0,0,0,0,0,108874.60876464844,177111.51763916016,0,404332056576,8589930496,3804434432,0
199,1778058756822,2000,2100,961,1287,800,800,1000,1804,2000,2100,848,799,1686,1056,800,1569,0,0,100,0,0,0,0,0,0,0,0,0,0,0,0,0,108874.99768066406,177116.88507080078,0,404332056576,8589930496,3805114368,0
0,1778058757022,2000,2100,961,1287,800,800,1000,1804,2000,2100,848,799,1686,1056,800,1569,0,0,40,0,0,0,0,0,0,0,0,0,0,0,0,0,108875.22064208984,177120.99737548828,0,404332056576,8589930496,3805114368,0
