Delta,Time,CPU_FREQUENCY_0,CPU_FREQUENCY_1,CPU_FREQUENCY_10,CPU_FREQUENCY_11,CPU_FREQUENCY_12,CPU_FREQUENCY_13,CPU_FREQUENCY_14,CPU_FREQUENCY_15,CPU_FREQUENCY_2,CPU_FREQUENCY_3,CPU_FREQUENCY_4,CPU_FREQUENCY_5,CPU_FREQUENCY_6,CPU_FREQUENCY_7,CPU_FREQUENCY_8,CPU_FREQUENCY_9,CPU_USAGE_0,CPU_USAGE_1,CPU_USAGE_10,CPU_USAGE_11,CPU_USAGE_12,CPU_USAGE_13,CPU_USAGE_14,CPU_USAGE_15,CPU_USAGE_2,CPU_USAGE_3,CPU_USAGE_4,CPU_USAGE_5,CPU_USAGE_6,CPU_USAGE_7,CPU_USAGE_8,CPU_USAGE_9,DRAM_ENERGY (J),PACKAGE_ENERGY (J),PP0_ENERGY (J),TOTAL_MEMORY,TOTAL_SWAP,USED_MEMORY,USED_SWAP
0,1778055499576,2000,800,800,2000,800,800,800,800,800,2000,2100,1859,1727,800,799,2000,3.846153974533081,11.538461685180664,0,0,0,4,4,4,4,3.846153974533081,0,7.407407283782959,0,7.692307949066162,0,0,107919.14794921875,132762.8856201172,0,404332056576,8589930496,3818348544,0
200,1778055499576,2000,800,800,2000,800,800,800,800,800,2000,2100,1859,1727,800,799,2000,3.846153974533081,11.538461685180664,0,0,0,4,4,4,4,3.846153974533081,0,7.407407283782959,0,7.692307949066162,0,0,107919.14794921875,132762.8856201172,0,404332056576,8589930496,3818348544,0
199,1778055499776,2000,800,800,2000,800,800,800,800,800,2000,2100,1859,1727,800,799,2000,0,0,0,0,0,0,0,0,0,0,100,0,0,0,0,0,107921.6762084961,132768.89129638672,0,404332056576,8589930496,3834605568,0
199,1778055499976,2000,800,800,2000,800,800,800,800,800,2000,2100,1859,1727,800,799,2000,0,0,0,0,0,0,0,0,0,0,100,0,0,0,0,0,107924.54095458984,132775.6173095703,0,404332056576,8589930496,3834605568,0
199,1778055500177,2000,800,800,2000,800,800,800,800,800,2000,2100,1859,1727,800,799,2000,0,0,0,0,0,0,0,0,0,0,100,0,0,0,0,0,107927.4028930664,132782.34246826172,0,404332056576,8589930496,3834605568,0
199,1778055500377,2000,800,800,2000,800,800,800,800,800,2000,2100,1859,1727,800,799,2000,0,0,0,0,0,0,0,0,0,0,100,0,0,0,0,0,107930.24200439453,132789.06811523438,0,404332056576,8589930496,3834605568,0
0,1778055500577,2000,800,800,2000,800,800,800,800,800,2000,2100,1859,1727,800,799,2000,0,0,0,0,0,0,0,0,0,0,42.105262756347656,0,0,0,0,0,107931.73956298828,132793.75561523438,0,404332056576,8589930496,3835305984,0
