Delta,Time,CPU_FREQUENCY_0,CPU_FREQUENCY_1,CPU_FREQUENCY_10,CPU_FREQUENCY_11,CPU_FREQUENCY_12,CPU_FREQUENCY_13,CPU_FREQUENCY_14,CPU_FREQUENCY_15,CPU_FREQUENCY_2,CPU_FREQUENCY_3,CPU_FREQUENCY_4,CPU_FREQUENCY_5,CPU_FREQUENCY_6,CPU_FREQUENCY_7,CPU_FREQUENCY_8,CPU_FREQUENCY_9,CPU_USAGE_0,CPU_USAGE_1,CPU_USAGE_10,CPU_USAGE_11,CPU_USAGE_12,CPU_USAGE_13,CPU_USAGE_14,CPU_USAGE_15,CPU_USAGE_2,CPU_USAGE_3,CPU_USAGE_4,CPU_USAGE_5,CPU_USAGE_6,CPU_USAGE_7,CPU_USAGE_8,CPU_USAGE_9,DRAM_ENERGY (J),PACKAGE_ENERGY (J),PP0_ENERGY (J),TOTAL_MEMORY,TOTAL_SWAP,USED_MEMORY,USED_SWAP
0,1778059006831,2100,1001,2000,1000,800,800,948,2100,1000,1185,2000,2000,3200,2100,1000,800,4.1666669845581055,4,4.1666669845581055,0,4.1666669845581055,4,4,8,0,4.1666669845581055,0,0,4.1666669845581055,12.5,4.1666669845581055,8,108959.93768310547,180514.58166503906,0,404332056576,8589930496,3788390400,0
199,1778059006831,2100,1001,2000,1000,800,800,948,2100,1000,1185,2000,2000,3200,2100,1000,800,4.1666669845581055,4,4.1666669845581055,0,4.1666669845581055,4,4,8,0,4.1666669845581055,0,0,4.1666669845581055,12.5,4.1666669845581055,8,108959.93768310547,180514.58166503906,0,404332056576,8589930496,3788390400,0
199,1778059007031,2100,1001,2000,1000,800,800,948,2100,1000,1185,2000,2000,3200,2100,1000,800,0,0,0,0,100,0,0,0,0,0,0,0,0,0,0,0,108960.36669921875,180519.18811035156,0,404332056576,8589930496,3792490496,0
199,1778059007231,2100,1001,2000,1000,800,800,948,2100,1000,1185,2000,2000,3200,2100,1000,800,0,0,0,0,100,0,0,0,0,0,0,0,0,0,0,0,108960.75323486328,180524.54010009766,0,404332056576,8589930496,3792490496,0
199,1778059007431,2100,1001,2000,1000,800,800,948,2100,1000,1185,2000,2000,3200,2100,1000,800,0,0,0,0,100,0,0,0,0,0,0,0,0,0,0,0,108961.15368652344,180529.8472290039,0,404332056576,8589930496,3792490496,0
199,1778059007632,2100,1001,2000,1000,800,800,948,2100,1000,1185,2000,2000,3200,2100,1000,800,0,0,0,0,100,0,0,0,0,0,0,0,0,0,0,0,108961.54089355469,180535.20703125,0,404332056576,8589930496,3792490496,0
0,1778059007832,2100,1001,2000,1000,800,800,948,2100,1000,1185,2000,2000,3200,2100,1000,800,0,0,0,0,38.095237731933594,0,0,0,0,0,0,0,0,0,0,0,108961.70910644531,180539.07775878906,0,404332056576,8589930496,3792490496,0
