Delta,Time,CPU_FREQUENCY_0,CPU_FREQUENCY_1,CPU_FREQUENCY_10,CPU_FREQUENCY_11,CPU_FREQUENCY_12,CPU_FREQUENCY_13,CPU_FREQUENCY_14,CPU_FREQUENCY_15,CPU_FREQUENCY_2,CPU_FREQUENCY_3,CPU_FREQUENCY_4,CPU_FREQUENCY_5,CPU_FREQUENCY_6,CPU_FREQUENCY_7,CPU_FREQUENCY_8,CPU_FREQUENCY_9,CPU_USAGE_0,CPU_USAGE_1,CPU_USAGE_10,CPU_USAGE_11,CPU_USAGE_12,CPU_USAGE_13,CPU_USAGE_14,CPU_USAGE_15,CPU_USAGE_2,CPU_USAGE_3,CPU_USAGE_4,CPU_USAGE_5,CPU_USAGE_6,CPU_USAGE_7,CPU_USAGE_8,CPU_USAGE_9,DRAM_ENERGY (J),PACKAGE_ENERGY (J),PP0_ENERGY (J),TOTAL_MEMORY,TOTAL_SWAP,USED_MEMORY,USED_SWAP
0,1778055562078,2000,1655,1431,802,814,800,800,800,800,2100,1635,800,800,800,1024,800,4.1666669845581055,4.1666669845581055,0,0,0,0,0,0,4.1666669845581055,8.333333969116211,8,4.1666669845581055,4,4.1666669845581055,4.1666669845581055,0,107947.54016113281,133616.44018554688,0,404332056576,8589930496,3816443904,0
200,1778055562078,2000,1655,1431,802,814,800,800,800,800,2100,1635,800,800,800,1024,800,4.1666669845581055,4.1666669845581055,0,0,0,0,0,0,4.1666669845581055,8.333333969116211,8,4.1666669845581055,4,4.1666669845581055,4.1666669845581055,0,107947.54016113281,133616.44018554688,0,404332056576,8589930496,3816443904,0
199,1778055562278,2000,1655,1431,802,814,800,800,800,800,2100,1635,800,800,800,1024,800,0,0,0,0,0,0,0,100,0,0,0,0,0,0,0,0,107948.16918945313,133621.33374023438,0,404332056576,8589930496,3832700928,0
199,1778055562478,2000,1655,1431,802,814,800,800,800,800,2100,1635,800,800,800,1024,800,0,0,0,0,0,0,0,100,0,4.761904716491699,0,0,0,0,0,0,107948.62866210938,133626.65686035156,0,404332056576,8589930496,3832700928,0
199,1778055562678,2000,1655,1431,802,814,800,800,800,800,2100,1635,800,800,800,1024,800,0,0,0,0,0,0,0,100,0,0,0,0,0,0,0,0,107949.0307006836,133631.978515625,0,404332056576,8589930496,3832700928,0
199,1778055562878,2000,1655,1431,802,814,800,800,800,800,2100,1635,800,800,800,1024,800,0,0,0,0,0,0,0,100,0,0,0,0,0,0,0,0,107949.42645263672,133637.32733154297,0,404332056576,8589930496,3832700928,0
0,1778055563078,2000,1655,1431,802,814,800,800,800,800,2100,1635,800,800,800,1024,800,0,0,0,0,0,0,0,35,0,0,0,0,0,0,0,0,107949.65747070313,133641.22021484375,0,404332056576,8589930496,3832594432,0
