Delta,Time,CPU_FREQUENCY_0,CPU_FREQUENCY_1,CPU_FREQUENCY_10,CPU_FREQUENCY_11,CPU_FREQUENCY_12,CPU_FREQUENCY_13,CPU_FREQUENCY_14,CPU_FREQUENCY_15,CPU_FREQUENCY_2,CPU_FREQUENCY_3,CPU_FREQUENCY_4,CPU_FREQUENCY_5,CPU_FREQUENCY_6,CPU_FREQUENCY_7,CPU_FREQUENCY_8,CPU_FREQUENCY_9,CPU_USAGE_0,CPU_USAGE_1,CPU_USAGE_10,CPU_USAGE_11,CPU_USAGE_12,CPU_USAGE_13,CPU_USAGE_14,CPU_USAGE_15,CPU_USAGE_2,CPU_USAGE_3,CPU_USAGE_4,CPU_USAGE_5,CPU_USAGE_6,CPU_USAGE_7,CPU_USAGE_8,CPU_USAGE_9,DRAM_ENERGY (J),PACKAGE_ENERGY (J),PP0_ENERGY (J),TOTAL_MEMORY,TOTAL_SWAP,USED_MEMORY,USED_SWAP
0,1778057002117,800,800,1822,1000,835,1379,2000,799,800,2100,1556,1462,799,800,1000,1000,0,4.1666669845581055,0,0,0,4.1666669845581055,4.1666669845581055,4.1666669845581055,4.1666669845581055,0,8.333333969116211,4.1666669845581055,0,4.1666669845581055,0,0,108353.50164794922,153201.2407836914,0,404332056576,8589930496,3765727232,0
200,1778057002117,800,800,1822,1000,835,1379,2000,799,800,2100,1556,1462,799,800,1000,1000,0,4.1666669845581055,0,0,0,4.1666669845581055,4.1666669845581055,4.1666669845581055,4.1666669845581055,0,8.333333969116211,4.1666669845581055,0,4.1666669845581055,0,0,108353.50164794922,153201.2407836914,0,404332056576,8589930496,3765727232,0
199,1778057002318,800,800,1822,1000,835,1379,2000,799,800,2100,1556,1462,799,800,1000,1000,0,0,0,100,0,0,0,0,0,0,0,0,0,0,0,0,108353.92041015625,153205.82611083984,0,404332056576,8589930496,3773726720,0
199,1778057002518,800,800,1822,1000,835,1379,2000,799,800,2100,1556,1462,799,800,1000,1000,0,0,0,100,0,0,0,0,0,0,0,0,0,0,0,0,108354.37451171875,153211.15728759766,0,404332056576,8589930496,3773726720,0
199,1778057002718,800,800,1822,1000,835,1379,2000,799,800,2100,1556,1462,799,800,1000,1000,0,0,0,100,0,0,0,0,0,0,0,0,0,0,0,0,108354.79956054688,153216.48291015625,0,404332056576,8589930496,3773710336,0
199,1778057002918,800,800,1822,1000,835,1379,2000,799,800,2100,1556,1462,799,800,1000,1000,0,0,0,100,0,0,0,0,0,0,4.761904716491699,0,0,0,0,0,108355.2651977539,153221.7993774414,0,404332056576,8589930496,3773710336,0
0,1778057003118,800,800,1822,1000,835,1379,2000,799,800,2100,1556,1462,799,800,1000,1000,0,0,0,42.85714340209961,0,0,0,0,0,0,0,0,0,0,0,0,108355.50775146484,153225.87036132813,0,404332056576,8589930496,3773710336,0
