Delta,Time,CPU_FREQUENCY_0,CPU_FREQUENCY_1,CPU_FREQUENCY_10,CPU_FREQUENCY_11,CPU_FREQUENCY_12,CPU_FREQUENCY_13,CPU_FREQUENCY_14,CPU_FREQUENCY_15,CPU_FREQUENCY_2,CPU_FREQUENCY_3,CPU_FREQUENCY_4,CPU_FREQUENCY_5,CPU_FREQUENCY_6,CPU_FREQUENCY_7,CPU_FREQUENCY_8,CPU_FREQUENCY_9,CPU_USAGE_0,CPU_USAGE_1,CPU_USAGE_10,CPU_USAGE_11,CPU_USAGE_12,CPU_USAGE_13,CPU_USAGE_14,CPU_USAGE_15,CPU_USAGE_2,CPU_USAGE_3,CPU_USAGE_4,CPU_USAGE_5,CPU_USAGE_6,CPU_USAGE_7,CPU_USAGE_8,CPU_USAGE_9,DRAM_ENERGY (J),PACKAGE_ENERGY (J),PP0_ENERGY (J),TOTAL_MEMORY,TOTAL_SWAP,USED_MEMORY,USED_SWAP
0,1778056438738,2000,2000,800,800,1425,800,800,800,1235,1808,1468,800,799,2100,1051,2000,4.1666669845581055,4.545454502105713,0,0,4.1666669845581055,4.1666669845581055,0,0,4.1666669845581055,4.1666669845581055,4.1666669845581055,4.1666669845581055,0,0,4.1666669845581055,4.1666669845581055,108189.73431396484,145533.51623535156,0,404332056576,8589930496,3782746112,0
199,1778056438738,2000,2000,800,800,1425,800,800,800,1235,1808,1468,800,799,2100,1051,2000,4.1666669845581055,4.545454502105713,0,0,4.1666669845581055,4.1666669845581055,0,0,4.1666669845581055,4.1666669845581055,4.1666669845581055,4.1666669845581055,0,0,4.1666669845581055,4.1666669845581055,108189.73431396484,145533.51623535156,0,404332056576,8589930496,3782746112,0
199,1778056438938,2000,2000,800,800,1425,800,800,800,1235,1808,1468,800,799,2100,1051,2000,0,0,0,100,0,0,0,0,0,0,0,0,0,0,0,0,108190.26013183594,145538.369140625,0,404332056576,8589930496,3792408576,0
199,1778056439138,2000,2000,800,800,1425,800,800,800,1235,1808,1468,800,799,2100,1051,2000,0,0,0,100,0,0,0,0,0,0,0,0,0,0,0,0,108190.685546875,145543.83557128906,0,404332056576,8589930496,3792408576,0
199,1778056439338,2000,2000,800,800,1425,800,800,800,1235,1808,1468,800,799,2100,1051,2000,0,4.761904716491699,0,100,0,0,0,0,0,0,0,0,0,0,0,0,108191.11688232422,145549.15313720703,0,404332056576,8589930496,3792408576,0
199,1778056439538,2000,2000,800,800,1425,800,800,800,1235,1808,1468,800,799,2100,1051,2000,0,0,0,100,0,0,0,0,0,0,0,0,0,0,0,0,108191.5962524414,145554.5626220703,0,404332056576,8589930496,3792408576,0
0,1778056439739,2000,2000,800,800,1425,800,800,800,1235,1808,1468,800,799,2100,1051,2000,0,0,0,42.105262756347656,0,0,0,0,0,0,0,0,0,0,0,0,108191.837890625,145558.58984375,0,404332056576,8589930496,3792408576,0
