Delta,Time,CPU_FREQUENCY_0,CPU_FREQUENCY_1,CPU_FREQUENCY_10,CPU_FREQUENCY_11,CPU_FREQUENCY_12,CPU_FREQUENCY_13,CPU_FREQUENCY_14,CPU_FREQUENCY_15,CPU_FREQUENCY_2,CPU_FREQUENCY_3,CPU_FREQUENCY_4,CPU_FREQUENCY_5,CPU_FREQUENCY_6,CPU_FREQUENCY_7,CPU_FREQUENCY_8,CPU_FREQUENCY_9,CPU_USAGE_0,CPU_USAGE_1,CPU_USAGE_10,CPU_USAGE_11,CPU_USAGE_12,CPU_USAGE_13,CPU_USAGE_14,CPU_USAGE_15,CPU_USAGE_2,CPU_USAGE_3,CPU_USAGE_4,CPU_USAGE_5,CPU_USAGE_6,CPU_USAGE_7,CPU_USAGE_8,CPU_USAGE_9,DRAM_ENERGY (J),PACKAGE_ENERGY (J),PP0_ENERGY (J),TOTAL_MEMORY,TOTAL_SWAP,USED_MEMORY,USED_SWAP
0,1778057628766,2000,3200,800,800,800,1000,800,800,800,2099,1688,800,800,2000,799,2000,4,0,0,0,0,8,0,4,4.1666669845581055,8.333333969116211,4,4.1666669845581055,0,0,4.1666669845581055,0,108543.20068359375,161759.36004638672,0,404332056576,8589930496,3797426176,0
199,1778057628766,2000,3200,800,800,800,1000,800,800,800,2099,1688,800,800,2000,799,2000,4,0,0,0,0,8,0,4,4.1666669845581055,8.333333969116211,4,4.1666669845581055,0,0,4.1666669845581055,0,108543.20068359375,161759.36004638672,0,404332056576,8589930496,3797426176,0
199,1778057628966,2000,3200,800,800,800,1000,800,800,800,2099,1688,800,800,2000,799,2000,0,0,0,0,0,100,0,0,0,0,0,0,0,0,0,0,108543.73370361328,161763.82543945313,0,404332056576,8589930496,3801296896,0
199,1778057629166,2000,3200,800,800,800,1000,800,800,800,2099,1688,800,800,2000,799,2000,0,0,0,0,0,100,0,0,0,0,0,0,0,0,0,0,108544.14440917969,161769.17504882813,0,404332056576,8589930496,3801296896,0
199,1778057629366,2000,3200,800,800,800,1000,800,800,800,2099,1688,800,800,2000,799,2000,0,0,0,0,0,100,0,0,0,4.761904716491699,0,0,0,0,0,0,108544.61407470703,161774.52087402344,0,404332056576,8589930496,3801296896,0
199,1778057629566,2000,3200,800,800,800,1000,800,800,800,2099,1688,800,800,2000,799,2000,0,0,0,0,0,100,0,0,0,0,0,0,0,0,0,0,108545.12512207031,161779.91064453125,0,404332056576,8589930496,3801296896,0
0,1778057629766,2000,3200,800,800,800,1000,800,800,800,2099,1688,800,800,2000,799,2000,0,0,0,0,0,47.619049072265625,0,0,0,0,0,0,0,0,0,0,108545.41094970703,161784.12994384766,0,404332056576,8589930496,3801296896,0
