Delta,Time,CPU_FREQUENCY_0,CPU_FREQUENCY_1,CPU_FREQUENCY_10,CPU_FREQUENCY_11,CPU_FREQUENCY_12,CPU_FREQUENCY_13,CPU_FREQUENCY_14,CPU_FREQUENCY_15,CPU_FREQUENCY_2,CPU_FREQUENCY_3,CPU_FREQUENCY_4,CPU_FREQUENCY_5,CPU_FREQUENCY_6,CPU_FREQUENCY_7,CPU_FREQUENCY_8,CPU_FREQUENCY_9,CPU_USAGE_0,CPU_USAGE_1,CPU_USAGE_10,CPU_USAGE_11,CPU_USAGE_12,CPU_USAGE_13,CPU_USAGE_14,CPU_USAGE_15,CPU_USAGE_2,CPU_USAGE_3,CPU_USAGE_4,CPU_USAGE_5,CPU_USAGE_6,CPU_USAGE_7,CPU_USAGE_8,CPU_USAGE_9,DRAM_ENERGY (J),PACKAGE_ENERGY (J),PP0_ENERGY (J),TOTAL_MEMORY,TOTAL_SWAP,USED_MEMORY,USED_SWAP
0,1778059476816,800,2124,878,1482,1589,1000,1000,800,800,2100,2000,869,1646,800,800,800,0,8,0,4.1666669845581055,0,8,0,4,0,0,8,0,4,0,4.1666669845581055,4.1666669845581055,109140.32629394531,186969.58837890625,0,404332056576,8589930496,3772063744,0
199,1778059476816,800,2124,878,1482,1589,1000,1000,800,800,2100,2000,869,1646,800,800,800,0,8,0,4.1666669845581055,0,8,0,4,0,0,8,0,4,0,4.1666669845581055,4.1666669845581055,109140.34112548828,186969.61352539063,0,404332056576,8589930496,3772063744,0
199,1778059477016,800,2124,878,1482,1589,1000,1000,800,800,2100,2000,869,1646,800,800,800,0,0,0,0,0,100,0,0,0,0,0,0,0,0,0,0,109140.98046875,186974.27227783203,0,404332056576,8589930496,3780063232,0
199,1778059477216,800,2124,878,1482,1589,1000,1000,800,800,2100,2000,869,1646,800,800,800,0,0,0,0,0,100,0,0,0,0,0,0,0,0,0,0,109141.44970703125,186979.60906982422,0,404332056576,8589930496,3780063232,0
199,1778059477417,800,2124,878,1482,1589,1000,1000,800,800,2100,2000,869,1646,800,800,800,0,0,0,0,0,100,0,0,0,0,0,0,0,0,0,0,109141.91522216797,186984.95721435547,0,404332056576,8589930496,3780063232,0
200,1778059477617,800,2124,878,1482,1589,1000,1000,800,800,2100,2000,869,1646,800,800,800,0,0,0,0,0,100,0,0,0,0,0,0,0,0,0,0,109142.36169433594,186990.26751708984,0,404332056576,8589930496,3780063232,0
0,1778059477817,800,2124,878,1482,1589,1000,1000,800,800,2100,2000,869,1646,800,800,800,0,0,0,0,0,70,0,0,0,0,0,0,0,0,0,0,109142.58996582031,186994.27178955078,0,404332056576,8589930496,3780063232,0
