Delta,Time,CPU_FREQUENCY_0,CPU_FREQUENCY_1,CPU_FREQUENCY_10,CPU_FREQUENCY_11,CPU_FREQUENCY_12,CPU_FREQUENCY_13,CPU_FREQUENCY_14,CPU_FREQUENCY_15,CPU_FREQUENCY_2,CPU_FREQUENCY_3,CPU_FREQUENCY_4,CPU_FREQUENCY_5,CPU_FREQUENCY_6,CPU_FREQUENCY_7,CPU_FREQUENCY_8,CPU_FREQUENCY_9,CPU_USAGE_0,CPU_USAGE_1,CPU_USAGE_10,CPU_USAGE_11,CPU_USAGE_12,CPU_USAGE_13,CPU_USAGE_14,CPU_USAGE_15,CPU_USAGE_2,CPU_USAGE_3,CPU_USAGE_4,CPU_USAGE_5,CPU_USAGE_6,CPU_USAGE_7,CPU_USAGE_8,CPU_USAGE_9,DRAM_ENERGY (J),PACKAGE_ENERGY (J),PP0_ENERGY (J),TOTAL_MEMORY,TOTAL_SWAP,USED_MEMORY,USED_SWAP
0,1778058004594,2100,3200,800,800,800,804,1208,1000,2000,2099,1553,800,932,800,1276,1000,4,4,0,0,0,7.407407283782959,0,3.846153974533081,0,7.692307949066162,4.1666669845581055,4,4.1666669845581055,7.407407283782959,4,0,108671.94165039063,166905.9805908203,0,404332056576,8589930496,3783974912,0
200,1778058004594,2100,3200,800,800,800,804,1208,1000,2000,2099,1553,800,932,800,1276,1000,4,4,0,0,0,7.407407283782959,0,3.846153974533081,0,7.692307949066162,4.1666669845581055,4,4.1666669845581055,7.407407283782959,4,0,108671.94165039063,166905.9805908203,0,404332056576,8589930496,3783974912,0
199,1778058004794,2100,3200,800,800,800,804,1208,1000,2000,2099,1553,800,932,800,1276,1000,0,0,0,0,0,100,0,0,0,0,0,0,0,0,0,0,108672.5776977539,166910.45440673828,0,404332056576,8589930496,3783974912,0
199,1778058004994,2100,3200,800,800,800,804,1208,1000,2000,2099,1553,800,932,800,1276,1000,0,0,0,0,0,100,0,0,0,0,0,0,0,0,0,0,108672.99835205078,166915.78143310547,0,404332056576,8589930496,3783974912,0
199,1778058005194,2100,3200,800,800,800,804,1208,1000,2000,2099,1553,800,932,800,1276,1000,0,0,0,0,0,100,0,0,0,0,0,0,4.761904716491699,0,0,0,108673.45458984375,166921.10955810547,0,404332056576,8589930496,3783974912,0
199,1778058005395,2100,3200,800,800,800,804,1208,1000,2000,2099,1553,800,932,800,1276,1000,0,0,0,0,0,100,0,0,0,0,0,0,0,0,0,0,108673.90704345703,166926.5947265625,0,404332056576,8589930496,3783974912,0
0,1778058005595,2100,3200,800,800,800,804,1208,1000,2000,2099,1553,800,932,800,1276,1000,0,0,0,0,0,45,0,0,0,0,0,0,0,0,0,0,108674.15606689453,166930.6806640625,0,404332056576,8589930496,3783974912,0
