Delta,Time,CPU_FREQUENCY_0,CPU_FREQUENCY_1,CPU_FREQUENCY_10,CPU_FREQUENCY_11,CPU_FREQUENCY_12,CPU_FREQUENCY_13,CPU_FREQUENCY_14,CPU_FREQUENCY_15,CPU_FREQUENCY_2,CPU_FREQUENCY_3,CPU_FREQUENCY_4,CPU_FREQUENCY_5,CPU_FREQUENCY_6,CPU_FREQUENCY_7,CPU_FREQUENCY_8,CPU_FREQUENCY_9,CPU_USAGE_0,CPU_USAGE_1,CPU_USAGE_10,CPU_USAGE_11,CPU_USAGE_12,CPU_USAGE_13,CPU_USAGE_14,CPU_USAGE_15,CPU_USAGE_2,CPU_USAGE_3,CPU_USAGE_4,CPU_USAGE_5,CPU_USAGE_6,CPU_USAGE_7,CPU_USAGE_8,CPU_USAGE_9,DRAM_ENERGY (J),PACKAGE_ENERGY (J),PP0_ENERGY (J),TOTAL_MEMORY,TOTAL_SWAP,USED_MEMORY,USED_SWAP
0,1778055280612,800,2100,1121,800,1000,1000,800,800,800,2055,809,800,1655,800,800,817,4.1666669845581055,0,0,0,4.34782600402832,0,0,4.34782600402832,0,0,4.1666669845581055,0,0,0,0,0,107860.13549804688,129792.21014404297,0,404332056576,8589930496,3890671616,0
199,1778055280612,800,2100,1121,800,1000,1000,800,800,800,2055,809,800,1655,800,800,817,4.1666669845581055,0,0,0,4.34782600402832,0,0,4.34782600402832,0,0,4.1666669845581055,0,0,0,0,0,107860.13549804688,129792.21014404297,0,404332056576,8589930496,3890671616,0
199,1778055280812,800,2100,1121,800,1000,1000,800,800,800,2055,809,800,1655,800,800,817,100,0,0,0,0,0,0,0,0,0,0,0,0,0,0,0,107862.00329589844,129797.92010498047,0,404332056576,8589930496,3892191232,0
199,1778055281012,800,2100,1121,800,1000,1000,800,800,800,2055,809,800,1655,800,800,817,100,0,0,0,0,0,0,0,0,0,0,0,0,0,0,0,107864.78466796875,129804.65881347656,0,404332056576,8589930496,3892191232,0
199,1778055281212,800,2100,1121,800,1000,1000,800,800,800,2055,809,800,1655,800,800,817,100,0,0,0,0,0,0,0,0,0,0,0,0,0,0,0,107867.62896728516,129811.39263916016,0,404332056576,8589930496,3892191232,0
199,1778055281413,800,2100,1121,800,1000,1000,800,800,800,2055,809,800,1655,800,800,817,100,0,0,0,0,0,0,0,0,0,0,0,0,0,0,0,107870.44287109375,129818.12805175781,0,404332056576,8589930496,3892191232,0
0,1778055281613,800,2100,1121,800,1000,1000,800,800,800,2055,809,800,1655,800,800,817,20,25,0,0,0,0,0,0,0,4.761904716491699,0,0,0,0,0,0,107871.97369384766,129822.88153076172,0,404332056576,8589930496,3885912064,0
