Delta,Time,CPU_FREQUENCY_0,CPU_FREQUENCY_1,CPU_FREQUENCY_10,CPU_FREQUENCY_11,CPU_FREQUENCY_12,CPU_FREQUENCY_13,CPU_FREQUENCY_14,CPU_FREQUENCY_15,CPU_FREQUENCY_2,CPU_FREQUENCY_3,CPU_FREQUENCY_4,CPU_FREQUENCY_5,CPU_FREQUENCY_6,CPU_FREQUENCY_7,CPU_FREQUENCY_8,CPU_FREQUENCY_9,CPU_USAGE_0,CPU_USAGE_1,CPU_USAGE_10,CPU_USAGE_11,CPU_USAGE_12,CPU_USAGE_13,CPU_USAGE_14,CPU_USAGE_15,CPU_USAGE_2,CPU_USAGE_3,CPU_USAGE_4,CPU_USAGE_5,CPU_USAGE_6,CPU_USAGE_7,CPU_USAGE_8,CPU_USAGE_9,DRAM_ENERGY (J),PACKAGE_ENERGY (J),PP0_ENERGY (J),TOTAL_MEMORY,TOTAL_SWAP,USED_MEMORY,USED_SWAP
0,1778055687276,3200,3200,800,800,800,800,1300,800,2000,2100,800,800,800,800,1310,800,4.1666669845581055,0,0,0,0,4.34782600402832,0,0,4.1666669845581055,0,12.5,0,4.34782600402832,4.34782600402832,4.1666669845581055,0,107977.16217041016,135309.52392578125,0,404332056576,8589930496,3829424128,0
200,1778055687276,3200,3200,800,800,800,800,1300,800,2000,2100,800,800,800,800,1310,800,4.1666669845581055,0,0,0,0,4.34782600402832,0,0,4.1666669845581055,0,12.5,0,4.34782600402832,4.34782600402832,4.1666669845581055,0,107977.16217041016,135309.52392578125,0,404332056576,8589930496,3829424128,0
199,1778055687477,3200,3200,800,800,800,800,1300,800,2000,2100,800,800,800,800,1310,800,0,0,0,0,0,0,0,0,0,4.761904716491699,0,0,0,0,0,100,107977.62786865234,135314.15991210938,0,404332056576,8589930496,3845935104,0
199,1778055687677,3200,3200,800,800,800,800,1300,800,2000,2100,800,800,800,800,1310,800,0,0,0,0,0,0,0,0,0,0,0,0,0,0,0,100,107978.07348632813,135319.4735107422,0,404332056576,8589930496,3845935104,0
199,1778055687877,3200,3200,800,800,800,800,1300,800,2000,2100,800,800,800,800,1310,800,0,0,0,0,0,0,0,0,0,0,0,0,0,0,0,100,107978.5634765625,135324.79656982422,0,404332056576,8589930496,3847122944,0
199,1778055688077,3200,3200,800,800,800,800,1300,800,2000,2100,800,800,800,800,1310,800,0,0,0,0,0,0,0,0,0,0,0,0,0,0,0,100,107979.01104736328,135330.11053466797,0,404332056576,8589930496,3847122944,0
0,1778055688277,3200,3200,800,800,800,800,1300,800,2000,2100,800,800,800,800,1310,800,0,0,0,0,0,0,0,0,0,0,0,0,0,0,0,40,107979.24407958984,135334.0239868164,0,404332056576,8589930496,3847122944,0
