Delta,Time,CPU_FREQUENCY_0,CPU_FREQUENCY_1,CPU_FREQUENCY_10,CPU_FREQUENCY_11,CPU_FREQUENCY_12,CPU_FREQUENCY_13,CPU_FREQUENCY_14,CPU_FREQUENCY_15,CPU_FREQUENCY_2,CPU_FREQUENCY_3,CPU_FREQUENCY_4,CPU_FREQUENCY_5,CPU_FREQUENCY_6,CPU_FREQUENCY_7,CPU_FREQUENCY_8,CPU_FREQUENCY_9,CPU_USAGE_0,CPU_USAGE_1,CPU_USAGE_10,CPU_USAGE_11,CPU_USAGE_12,CPU_USAGE_13,CPU_USAGE_14,CPU_USAGE_15,CPU_USAGE_2,CPU_USAGE_3,CPU_USAGE_4,CPU_USAGE_5,CPU_USAGE_6,CPU_USAGE_7,CPU_USAGE_8,CPU_USAGE_9,DRAM_ENERGY (J),PACKAGE_ENERGY (J),PP0_ENERGY (J),TOTAL_MEMORY,TOTAL_SWAP,USED_MEMORY,USED_SWAP
0,1778058567928,800,800,1000,1000,1500,1000,800,2067,2000,2099,800,848,881,800,975,1809,7.407407283782959,11.538461685180664,0,7.407407283782959,3.846153974533081,4,0,0,0,3.846153974533081,4,3.846153974533081,4,0,4,0,108825.86767578125,174556.93951416016,0,404332056576,8589930496,3826868224,0
199,1778058567928,800,800,1000,1000,1500,1000,800,2067,2000,2099,800,848,881,800,975,1809,7.407407283782959,11.538461685180664,0,7.407407283782959,3.846153974533081,4,0,0,0,3.846153974533081,4,3.846153974533081,4,0,4,0,108825.86767578125,174556.93951416016,0,404332056576,8589930496,3826868224,0
199,1778058568128,800,800,1000,1000,1500,1000,800,2067,2000,2099,800,848,881,800,975,1809,100,0,0,0,0,0,0,0,0,0,0,0,0,0,0,0,108827.65655517578,174562.4696044922,0,404332056576,8589930496,3828903936,0
199,1778058568328,800,800,1000,1000,1500,1000,800,2067,2000,2099,800,848,881,800,975,1809,100,0,0,0,0,0,0,0,0,0,0,0,0,0,0,0,108830.47045898438,174569.19757080078,0,404332056576,8589930496,3828903936,0
199,1778058568529,800,800,1000,1000,1500,1000,800,2067,2000,2099,800,848,881,800,975,1809,100,0,0,0,0,0,0,0,0,0,0,0,0,0,0,0,108833.30432128906,174575.92852783203,0,404332056576,8589930496,3828903936,0
199,1778058568729,800,800,1000,1000,1500,1000,800,2067,2000,2099,800,848,881,800,975,1809,100,0,0,0,0,0,0,0,0,0,0,0,0,0,0,0,108836.08654785156,174582.6509399414,0,404332056576,8589930496,3829379072,0
0,1778058568929,800,800,1000,1000,1500,1000,800,2067,2000,2099,800,848,881,800,975,1809,50,0,0,0,0,0,0,0,0,0,0,0,0,0,0,0,108837.72937011719,174587.58459472656,0,404332056576,8589930496,3829379072,0
