Delta,Time,CPU_FREQUENCY_0,CPU_FREQUENCY_1,CPU_FREQUENCY_10,CPU_FREQUENCY_11,CPU_FREQUENCY_12,CPU_FREQUENCY_13,CPU_FREQUENCY_14,CPU_FREQUENCY_15,CPU_FREQUENCY_2,CPU_FREQUENCY_3,CPU_FREQUENCY_4,CPU_FREQUENCY_5,CPU_FREQUENCY_6,CPU_FREQUENCY_7,CPU_FREQUENCY_8,CPU_FREQUENCY_9,CPU_USAGE_0,CPU_USAGE_1,CPU_USAGE_10,CPU_USAGE_11,CPU_USAGE_12,CPU_USAGE_13,CPU_USAGE_14,CPU_USAGE_15,CPU_USAGE_2,CPU_USAGE_3,CPU_USAGE_4,CPU_USAGE_5,CPU_USAGE_6,CPU_USAGE_7,CPU_USAGE_8,CPU_USAGE_9,DRAM_ENERGY (J),PACKAGE_ENERGY (J),PP0_ENERGY (J),TOTAL_MEMORY,TOTAL_SWAP,USED_MEMORY,USED_SWAP
0,1778055124173,2000,800,849,800,800,1017,810,800,800,1398,800,800,800,800,1000,800,11.538461685180664,8,4,0,0,0,7.692307949066162,7.692307949066162,4,7.692307949066162,0,4,4,0,0,0,107822.88330078125,127670.64038085938,0,404332056576,8589930496,3879817216,0
200,1778055124173,2000,800,849,800,800,1017,810,800,800,1398,800,800,800,800,1000,800,11.538461685180664,8,4,0,0,0,7.692307949066162,7.692307949066162,4,7.692307949066162,0,4,4,0,0,0,107822.88330078125,127670.64038085938,0,404332056576,8589930496,3879817216,0
199,1778055124373,2000,800,849,800,800,1017,810,800,800,1398,800,800,800,800,1000,800,0,0,0,0,0,0,0,0,0,0,0,0,0,0,100,0,107823.28381347656,127675.21759033203,0,404332056576,8589930496,3896328192,0
199,1778055124574,2000,800,849,800,800,1017,810,800,800,1398,800,800,800,800,1000,800,0,0,0,0,0,0,0,0,0,0,0,0,0,0,100,0,107823.68585205078,127680.53912353516,0,404332056576,8589930496,3896328192,0
199,1778055124774,2000,800,849,800,800,1017,810,800,800,1398,800,800,800,800,1000,800,0,0,0,0,0,0,0,0,0,0,0,0,0,0,100,0,107824.13165283203,127685.85961914063,0,404332056576,8589930496,3897229312,0
199,1778055124974,2000,800,849,800,800,1017,810,800,800,1398,800,800,800,800,1000,800,0,0,0,0,0,0,0,0,0,0,0,0,0,0,100,0,107824.56549072266,127691.18255615234,0,404332056576,8589930496,3897229312,0
0,1778055125174,2000,800,849,800,800,1017,810,800,800,1398,800,800,800,800,1000,800,0,0,0,0,0,0,0,0,0,0,0,0,0,0,36.842105865478516,0,107824.79705810547,127695.14538574219,0,404332056576,8589930496,3897229312,0
