Delta,Time,CPU_FREQUENCY_0,CPU_FREQUENCY_1,CPU_FREQUENCY_10,CPU_FREQUENCY_11,CPU_FREQUENCY_12,CPU_FREQUENCY_13,CPU_FREQUENCY_14,CPU_FREQUENCY_15,CPU_FREQUENCY_2,CPU_FREQUENCY_3,CPU_FREQUENCY_4,CPU_FREQUENCY_5,CPU_FREQUENCY_6,CPU_FREQUENCY_7,CPU_FREQUENCY_8,CPU_FREQUENCY_9,CPU_USAGE_0,CPU_USAGE_1,CPU_USAGE_10,CPU_USAGE_11,CPU_USAGE_12,CPU_USAGE_13,CPU_USAGE_14,CPU_USAGE_15,CPU_USAGE_2,CPU_USAGE_3,CPU_USAGE_4,CPU_USAGE_5,CPU_USAGE_6,CPU_USAGE_7,CPU_USAGE_8,CPU_USAGE_9,DRAM_ENERGY (J),PACKAGE_ENERGY (J),PP0_ENERGY (J),TOTAL_MEMORY,TOTAL_SWAP,USED_MEMORY,USED_SWAP
0,1778056407488,800,800,1000,800,800,1000,800,800,800,800,3200,800,800,2042,1430,800,0,4.1666669845581055,4,4.1666669845581055,0,4,0,0,4.1666669845581055,4.1666669845581055,0,0,4.1666669845581055,8.333333969116211,0,0,108187.3247680664,145115.052734375,0,404332056576,8589930496,3784261632,0
200,1778056407489,800,800,1000,800,800,1000,800,800,800,800,3200,800,800,2042,1430,800,0,4.1666669845581055,4,4.1666669845581055,0,4,0,0,4.1666669845581055,4.1666669845581055,0,0,4.1666669845581055,8.333333969116211,0,0,108187.3247680664,145115.052734375,0,404332056576,8589930496,3784261632,0
199,1778056407689,800,800,1000,800,800,1000,800,800,800,800,3200,800,800,2042,1430,800,0,0,0,0,0,0,100,0,0,0,0,0,0,0,0,0,108187.71765136719,145119.69799804688,0,404332056576,8589930496,3801243648,0
199,1778056407889,800,800,1000,800,800,1000,800,800,800,800,3200,800,800,2042,1430,800,0,0,0,0,0,0,100,0,0,0,0,0,0,0,0,0,108188.07055664063,145125.00885009766,0,404332056576,8589930496,3801243648,0
199,1778056408089,800,800,1000,800,800,1000,800,800,800,800,3200,800,800,2042,1430,800,0,0,0,0,0,0,100,0,0,0,0,0,0,0,0,0,108188.43060302734,145130.32849121094,0,404332056576,8589930496,3801243648,0
199,1778056408289,800,800,1000,800,800,1000,800,800,800,800,3200,800,800,2042,1430,800,0,0,0,0,0,0,100,0,0,0,0,0,0,0,0,0,108188.79541015625,145135.64849853516,0,404332056576,8589930496,3801243648,0
0,1778056408489,800,800,1000,800,800,1000,800,800,800,800,3200,800,800,2042,1430,800,0,0,0,0,0,0,40,0,0,0,0,0,0,0,0,0,108188.97454833984,145139.6371459961,0,404332056576,8589930496,3801243648,0
