Delta,Time,CPU_FREQUENCY_0,CPU_FREQUENCY_1,CPU_FREQUENCY_10,CPU_FREQUENCY_11,CPU_FREQUENCY_12,CPU_FREQUENCY_13,CPU_FREQUENCY_14,CPU_FREQUENCY_15,CPU_FREQUENCY_2,CPU_FREQUENCY_3,CPU_FREQUENCY_4,CPU_FREQUENCY_5,CPU_FREQUENCY_6,CPU_FREQUENCY_7,CPU_FREQUENCY_8,CPU_FREQUENCY_9,CPU_USAGE_0,CPU_USAGE_1,CPU_USAGE_10,CPU_USAGE_11,CPU_USAGE_12,CPU_USAGE_13,CPU_USAGE_14,CPU_USAGE_15,CPU_USAGE_2,CPU_USAGE_3,CPU_USAGE_4,CPU_USAGE_5,CPU_USAGE_6,CPU_USAGE_7,CPU_USAGE_8,CPU_USAGE_9,DRAM_ENERGY (J),PACKAGE_ENERGY (J),PP0_ENERGY (J),TOTAL_MEMORY,TOTAL_SWAP,USED_MEMORY,USED_SWAP
0,1778056469993,800,2434,800,800,800,800,800,800,800,800,1618,2000,965,2099,1000,800,0,4.1666669845581055,0,0,4,0,4,4,4,4,4.1666669845581055,0,4.1666669845581055,4,0,0,108193.57037353516,145950.18603515625,0,404332056576,8589930496,3788910592,0
199,1778056469993,800,2434,800,800,800,800,800,800,800,800,1618,2000,965,2099,1000,800,0,4.1666669845581055,0,0,4,0,4,4,4,4,4.1666669845581055,0,4.1666669845581055,4,0,0,108193.57330322266,145950.2085571289,0,404332056576,8589930496,3788910592,0
199,1778056470193,800,2434,800,800,800,800,800,800,800,800,1618,2000,965,2099,1000,800,0,0,0,0,0,0,100,0,0,0,0,4.761904716491699,0,0,0,0,108193.9164428711,145954.87200927734,0,404332056576,8589930496,3788910592,0
199,1778056470393,800,2434,800,800,800,800,800,800,800,800,1618,2000,965,2099,1000,800,0,0,0,0,0,0,100,0,0,0,0,0,0,0,0,0,108194.23889160156,145960.17529296875,0,404332056576,8589930496,3788910592,0
199,1778056470593,800,2434,800,800,800,800,800,800,800,800,1618,2000,965,2099,1000,800,4.761904716491699,0,0,0,0,0,100,0,0,0,0,0,0,0,0,0,108194.58111572266,145965.48822021484,0,404332056576,8589930496,3788910592,0
199,1778056470793,800,2434,800,800,800,800,800,800,800,800,1618,2000,965,2099,1000,800,0,0,0,0,0,0,100,0,0,0,0,0,0,0,0,0,108194.89904785156,145970.77239990234,0,404332056576,8589930496,3788910592,0
0,1778056470994,800,2434,800,800,800,800,800,800,800,800,1618,2000,965,2099,1000,800,0,0,0,0,0,0,40,0,0,0,0,0,0,0,0,0,108195.07214355469,145974.66943359375,0,404332056576,8589930496,3788886016,0
