Delta,Time,CPU_FREQUENCY_0,CPU_FREQUENCY_1,CPU_FREQUENCY_10,CPU_FREQUENCY_11,CPU_FREQUENCY_12,CPU_FREQUENCY_13,CPU_FREQUENCY_14,CPU_FREQUENCY_15,CPU_FREQUENCY_2,CPU_FREQUENCY_3,CPU_FREQUENCY_4,CPU_FREQUENCY_5,CPU_FREQUENCY_6,CPU_FREQUENCY_7,CPU_FREQUENCY_8,CPU_FREQUENCY_9,CPU_USAGE_0,CPU_USAGE_1,CPU_USAGE_10,CPU_USAGE_11,CPU_USAGE_12,CPU_USAGE_13,CPU_USAGE_14,CPU_USAGE_15,CPU_USAGE_2,CPU_USAGE_3,CPU_USAGE_4,CPU_USAGE_5,CPU_USAGE_6,CPU_USAGE_7,CPU_USAGE_8,CPU_USAGE_9,DRAM_ENERGY (J),PACKAGE_ENERGY (J),PP0_ENERGY (J),TOTAL_MEMORY,TOTAL_SWAP,USED_MEMORY,USED_SWAP
0,1778055781231,1772,800,800,800,800,2000,1000,1072,800,2000,2000,800,800,2100,800,2000,0,0,4.1666669845581055,0,4.1666669845581055,4.1666669845581055,4,0,4.1666669845581055,4.1666669845581055,0,0,4,8.69565200805664,0,0,107998.09802246094,136579.70599365234,0,404332056576,8589930496,3791716352,0
200,1778055781231,1772,800,800,800,800,2000,1000,1072,800,2000,2000,800,800,2100,800,2000,0,0,4.1666669845581055,0,4.1666669845581055,4.1666669845581055,4,0,4.1666669845581055,4.1666669845581055,0,0,4,8.69565200805664,0,0,107998.09802246094,136579.70599365234,0,404332056576,8589930496,3791716352,0
199,1778055781431,1772,800,800,800,800,2000,1000,1072,800,2000,2000,800,800,2100,800,2000,0,0,0,0,100,0,0,0,0,0,0,0,0,0,0,0,107998.51782226563,136584.18450927734,0,404332056576,8589930496,3792490496,0
199,1778055781631,1772,800,800,800,800,2000,1000,1072,800,2000,2000,800,800,2100,800,2000,0,0,0,0,100,0,0,0,0,0,0,0,0,0,0,0,107998.98657226563,136589.46710205078,0,404332056576,8589930496,3792490496,0
199,1778055781832,1772,800,800,800,800,2000,1000,1072,800,2000,2000,800,800,2100,800,2000,0,0,0,0,100,0,0,0,0,0,0,0,0,0,0,0,107999.46765136719,136594.79663085938,0,404332056576,8589930496,3792490496,0
199,1778055782032,1772,800,800,800,800,2000,1000,1072,800,2000,2000,800,800,2100,800,2000,0,0,0,0,100,0,0,0,0,0,0,0,0,0,0,0,107999.95001220703,136600.1124267578,0,404332056576,8589930496,3792490496,0
0,1778055782232,1772,800,800,800,800,2000,1000,1072,800,2000,2000,800,800,2100,800,2000,0,0,0,0,45,0,0,0,0,0,0,0,0,0,0,0,108000.1742553711,136604.18359375,0,404332056576,8589930496,3792490496,0
