Delta,Time,CPU_FREQUENCY_0,CPU_FREQUENCY_1,CPU_FREQUENCY_10,CPU_FREQUENCY_11,CPU_FREQUENCY_12,CPU_FREQUENCY_13,CPU_FREQUENCY_14,CPU_FREQUENCY_15,CPU_FREQUENCY_2,CPU_FREQUENCY_3,CPU_FREQUENCY_4,CPU_FREQUENCY_5,CPU_FREQUENCY_6,CPU_FREQUENCY_7,CPU_FREQUENCY_8,CPU_FREQUENCY_9,CPU_USAGE_0,CPU_USAGE_1,CPU_USAGE_10,CPU_USAGE_11,CPU_USAGE_12,CPU_USAGE_13,CPU_USAGE_14,CPU_USAGE_15,CPU_USAGE_2,CPU_USAGE_3,CPU_USAGE_4,CPU_USAGE_5,CPU_USAGE_6,CPU_USAGE_7,CPU_USAGE_8,CPU_USAGE_9,DRAM_ENERGY (J),PACKAGE_ENERGY (J),PP0_ENERGY (J),TOTAL_MEMORY,TOTAL_SWAP,USED_MEMORY,USED_SWAP
0,1778058818521,800,2447,800,800,1369,1000,882,2100,800,800,2100,800,2000,1141,2000,799,4.1666669845581055,4.1666669845581055,4.1666669845581055,4.1666669845581055,4,4.1666669845581055,0,4.1666669845581055,4,4.1666669845581055,4.34782600402832,4.1666669845581055,0,4.1666669845581055,0,4.1666669845581055,108888.42120361328,177941.2632446289,0,404332056576,8589930496,3792912384,0
200,1778058818521,800,2447,800,800,1369,1000,882,2100,800,800,2100,800,2000,1141,2000,799,4.1666669845581055,4.1666669845581055,4.1666669845581055,4.1666669845581055,4,4.1666669845581055,0,4.1666669845581055,4,4.1666669845581055,4.34782600402832,4.1666669845581055,0,4.1666669845581055,0,4.1666669845581055,108888.42120361328,177941.2632446289,0,404332056576,8589930496,3792912384,0
200,1778058818721,800,2447,800,800,1369,1000,882,2100,800,800,2100,800,2000,1141,2000,799,0,0,0,0,0,0,0,0,100,0,4.761904716491699,0,0,0,0,0,108890.27734375,177946.8646850586,0,404332056576,8589930496,3809427456,0
199,1778058818921,800,2447,800,800,1369,1000,882,2100,800,800,2100,800,2000,1141,2000,799,0,0,0,0,0,0,0,0,100,0,0,0,0,0,0,0,108893.0679321289,177953.6273803711,0,404332056576,8589930496,3809427456,0
199,1778058819122,800,2447,800,800,1369,1000,882,2100,800,800,2100,800,2000,1141,2000,799,0,0,0,0,0,0,0,0,100,0,0,0,0,0,0,0,108895.87213134766,177960.38500976563,0,404332056576,8589930496,3809427456,0
199,1778058819322,800,2447,800,800,1369,1000,882,2100,800,800,2100,800,2000,1141,2000,799,0,0,0,0,0,0,0,0,100,0,0,0,0,0,0,0,108898.65502929688,177967.14776611328,0,404332056576,8589930496,3809890304,0
0,1778058819522,800,2447,800,800,1369,1000,882,2100,800,800,2100,800,2000,1141,2000,799,0,0,0,0,0,0,0,0,47.36842346191406,0,0,0,0,0,0,0,108900.27435302734,177972.0548095703,0,404332056576,8589930496,3809890304,0
