Delta,Time,CPU_FREQUENCY_0,CPU_FREQUENCY_1,CPU_FREQUENCY_10,CPU_FREQUENCY_11,CPU_FREQUENCY_12,CPU_FREQUENCY_13,CPU_FREQUENCY_14,CPU_FREQUENCY_15,CPU_FREQUENCY_2,CPU_FREQUENCY_3,CPU_FREQUENCY_4,CPU_FREQUENCY_5,CPU_FREQUENCY_6,CPU_FREQUENCY_7,CPU_FREQUENCY_8,CPU_FREQUENCY_9,CPU_USAGE_0,CPU_USAGE_1,CPU_USAGE_10,CPU_USAGE_11,CPU_USAGE_12,CPU_USAGE_13,CPU_USAGE_14,CPU_USAGE_15,CPU_USAGE_2,CPU_USAGE_3,CPU_USAGE_4,CPU_USAGE_5,CPU_USAGE_6,CPU_USAGE_7,CPU_USAGE_8,CPU_USAGE_9,DRAM_ENERGY (J),PACKAGE_ENERGY (J),PP0_ENERGY (J),TOTAL_MEMORY,TOTAL_SWAP,USED_MEMORY,USED_SWAP
0,1779615107030,800,3200,800,800,800,800,2000,2099,2099,1324,800,800,800,1023,1891,800,0,0,4.1666669845581055,4.1666669845581055,4.1666669845581055,4.1666669845581055,4.1666669845581055,8.333333969116211,4.1666669845581055,4.1666669845581055,0,0,4.1666669845581055,0,0,4.34782600402832,20315.66619873047,130057.34838867188,0,404332056576,8589930496,3751714816,0
200,1779615107030,800,3200,800,800,800,800,2000,2099,2099,1324,800,800,800,1023,1891,800,0,0,4.1666669845581055,4.1666669845581055,4.1666669845581055,4.1666669845581055,4.1666669845581055,8.333333969116211,4.1666669845581055,4.1666669845581055,0,0,4.1666669845581055,0,0,4.34782600402832,20315.66619873047,130057.34838867188,0,404332056576,8589930496,3751714816,0
0,1779615107230,800,3200,800,800,800,800,2000,2099,2099,1324,800,800,800,1023,1891,800,71.42857360839844,52.6315803527832,52.38095474243164,52.6315803527832,52.38095474243164,50,52.6315803527832,55,55,52.38095474243164,52.38095474243164,55,52.38095474243164,52.38095474243164,52.38095474243164,55,20317.816284179688,130064.22625732422,0,404332056576,8589930496,3752198144,0
