Delta,Time,CPU_FREQUENCY_0,CPU_FREQUENCY_1,CPU_FREQUENCY_10,CPU_FREQUENCY_11,CPU_FREQUENCY_12,CPU_FREQUENCY_13,CPU_FREQUENCY_14,CPU_FREQUENCY_15,CPU_FREQUENCY_2,CPU_FREQUENCY_3,CPU_FREQUENCY_4,CPU_FREQUENCY_5,CPU_FREQUENCY_6,CPU_FREQUENCY_7,CPU_FREQUENCY_8,CPU_FREQUENCY_9,CPU_USAGE_0,CPU_USAGE_1,CPU_USAGE_10,CPU_USAGE_11,CPU_USAGE_12,CPU_USAGE_13,CPU_USAGE_14,CPU_USAGE_15,CPU_USAGE_2,CPU_USAGE_3,CPU_USAGE_4,CPU_USAGE_5,CPU_USAGE_6,CPU_USAGE_7,CPU_USAGE_8,CPU_USAGE_9,DRAM_ENERGY (J),PACKAGE_ENERGY (J),PP0_ENERGY (J),TOTAL_MEMORY,TOTAL_SWAP,USED_MEMORY,USED_SWAP
0,1779615502881,811,2099,800,800,800,800,2000,2100,1186,999,800,800,1500,800,989,1495,4.1666669845581055,4.1666669845581055,0,0,4.1666669845581055,4,4.34782600402832,0,4.1666669845581055,0,4.1666669845581055,4.1666669845581055,0,4.1666669845581055,4,4.34782600402832,20377.286193847656,135308.04949951172,0,404332056576,8589930496,3713609728,0
199,1779615502881,811,2099,800,800,800,800,2000,2100,1186,999,800,800,1500,800,989,1495,4.1666669845581055,4.1666669845581055,0,0,4.1666669845581055,4,4.34782600402832,0,4.1666669845581055,0,4.1666669845581055,4.1666669845581055,0,4.1666669845581055,4,4.34782600402832,20377.289306640625,135308.0717163086,0,404332056576,8589930496,3713609728,0
0,1779615503081,811,2099,800,800,800,800,2000,2100,1186,999,800,800,1500,800,989,1495,68.42105102539063,52.6315803527832,52.38095474243164,52.38095474243164,55,52.6315803527832,55,55,52.38095474243164,52.38095474243164,50,52.38095474243164,52.38095474243164,52.38095474243164,55,50,20379.18194580078,135314.73541259766,0,404332056576,8589930496,3714093056,0
