Delta,Time,CPU_FREQUENCY_0,CPU_FREQUENCY_1,CPU_FREQUENCY_10,CPU_FREQUENCY_11,CPU_FREQUENCY_12,CPU_FREQUENCY_13,CPU_FREQUENCY_14,CPU_FREQUENCY_15,CPU_FREQUENCY_2,CPU_FREQUENCY_3,CPU_FREQUENCY_4,CPU_FREQUENCY_5,CPU_FREQUENCY_6,CPU_FREQUENCY_7,CPU_FREQUENCY_8,CPU_FREQUENCY_9,CPU_USAGE_0,CPU_USAGE_1,CPU_USAGE_10,CPU_USAGE_11,CPU_USAGE_12,CPU_USAGE_13,CPU_USAGE_14,CPU_USAGE_15,CPU_USAGE_2,CPU_USAGE_3,CPU_USAGE_4,CPU_USAGE_5,CPU_USAGE_6,CPU_USAGE_7,CPU_USAGE_8,CPU_USAGE_9,DRAM_ENERGY (J),PACKAGE_ENERGY (J),PP0_ENERGY (J),TOTAL_MEMORY,TOTAL_SWAP,USED_MEMORY,USED_SWAP
0,1779614924332,800,2255,800,2100,889,800,800,800,800,800,1000,1100,813,3200,2000,800,0,0,4.1666669845581055,4.1666669845581055,4,0,4.1666669845581055,4,7.692307949066162,4,0,0,4,4.1666669845581055,4,8,20289.624633789063,127629.48449707031,0,404332056576,8589930496,3742760960,0
200,1779614924332,800,2255,800,2100,889,800,800,800,800,800,1000,1100,813,3200,2000,800,0,0,4.1666669845581055,4.1666669845581055,4,0,4.1666669845581055,4,7.692307949066162,4,0,0,4,4.1666669845581055,4,8,20289.624633789063,127629.48449707031,0,404332056576,8589930496,3742760960,0
0,1779614924532,800,2255,800,2100,889,800,800,800,800,800,1000,1100,813,3200,2000,800,70,55,50,55,55,55,55,55,55,55,55,52.38095474243164,52.6315803527832,52.38095474243164,55,55,20291.22686767578,127636.18603515625,0,404332056576,8589930496,3744018432,0
