Delta,Time,CPU_FREQUENCY_0,CPU_FREQUENCY_1,CPU_FREQUENCY_10,CPU_FREQUENCY_11,CPU_FREQUENCY_12,CPU_FREQUENCY_13,CPU_FREQUENCY_14,CPU_FREQUENCY_15,CPU_FREQUENCY_2,CPU_FREQUENCY_3,CPU_FREQUENCY_4,CPU_FREQUENCY_5,CPU_FREQUENCY_6,CPU_FREQUENCY_7,CPU_FREQUENCY_8,CPU_FREQUENCY_9,CPU_USAGE_0,CPU_USAGE_1,CPU_USAGE_10,CPU_USAGE_11,CPU_USAGE_12,CPU_USAGE_13,CPU_USAGE_14,CPU_USAGE_15,CPU_USAGE_2,CPU_USAGE_3,CPU_USAGE_4,CPU_USAGE_5,CPU_USAGE_6,CPU_USAGE_7,CPU_USAGE_8,CPU_USAGE_9,DRAM_ENERGY (J),PACKAGE_ENERGY (J),PP0_ENERGY (J),TOTAL_MEMORY,TOTAL_SWAP,USED_MEMORY,USED_SWAP
0,1779614284851,1100,800,800,2099,800,800,800,800,832,800,800,2000,800,875,800,800,4,0,0,4,4,3.846153974533081,4,0,4,0,3.846153974533081,0,0,7.407407283782959,8,0,20194.139099121094,119158.28912353516,0,404332056576,8589930496,3795001344,0
200,1779614284851,1100,800,800,2099,800,800,800,800,832,800,800,2000,800,875,800,800,4,0,0,4,4,3.846153974533081,4,0,4,0,3.846153974533081,0,0,7.407407283782959,8,0,20194.139099121094,119158.28912353516,0,404332056576,8589930496,3795001344,0
0,1779614285052,1100,800,800,2099,800,800,800,800,832,800,800,2000,800,875,800,800,71.42857360839844,57.142860412597656,55,55,57.894737243652344,57.894737243652344,55,57.142860412597656,55,57.142860412597656,57.894737243652344,57.142860412597656,57.142860412597656,57.894737243652344,57.142860412597656,57.142860412597656,20195.68389892578,119164.89459228516,0,404332056576,8589930496,3794997248,0
