Delta,Time,CPU_FREQUENCY_0,CPU_FREQUENCY_1,CPU_FREQUENCY_10,CPU_FREQUENCY_11,CPU_FREQUENCY_12,CPU_FREQUENCY_13,CPU_FREQUENCY_14,CPU_FREQUENCY_15,CPU_FREQUENCY_2,CPU_FREQUENCY_3,CPU_FREQUENCY_4,CPU_FREQUENCY_5,CPU_FREQUENCY_6,CPU_FREQUENCY_7,CPU_FREQUENCY_8,CPU_FREQUENCY_9,CPU_USAGE_0,CPU_USAGE_1,CPU_USAGE_10,CPU_USAGE_11,CPU_USAGE_12,CPU_USAGE_13,CPU_USAGE_14,CPU_USAGE_15,CPU_USAGE_2,CPU_USAGE_3,CPU_USAGE_4,CPU_USAGE_5,CPU_USAGE_6,CPU_USAGE_7,CPU_USAGE_8,CPU_USAGE_9,DRAM_ENERGY (J),PACKAGE_ENERGY (J),PP0_ENERGY (J),TOTAL_MEMORY,TOTAL_SWAP,USED_MEMORY,USED_SWAP
0,1779615076581,2000,800,800,2000,2000,800,2100,1686,799,800,800,1340,800,900,800,800,0,4.1666669845581055,0,4.1666669845581055,0,4.1666669845581055,4.34782600402832,0,0,0,4.1666669845581055,4.34782600402832,4.34782600402832,0,4.1666669845581055,0,20311.52862548828,129653.53350830078,0,404332056576,8589930496,3751251968,0
199,1779615076582,2000,800,800,2000,2000,800,2100,1686,799,800,800,1340,800,900,800,800,0,4.1666669845581055,0,4.1666669845581055,0,4.1666669845581055,4.34782600402832,0,0,0,4.1666669845581055,4.34782600402832,4.34782600402832,0,4.1666669845581055,0,20311.531372070313,129653.5551147461,0,404332056576,8589930496,3751251968,0
0,1779615076782,2000,800,800,2000,2000,800,2100,1686,799,800,800,1340,800,900,800,800,55,55,55,70,55,55,55,55,55,52.38095474243164,52.38095474243164,55,55,55,55,52.38095474243164,20313.27264404297,129660.0972290039,0,404332056576,8589930496,3774083072,0
