Delta,Time,CPU_FREQUENCY_0,CPU_FREQUENCY_1,CPU_FREQUENCY_10,CPU_FREQUENCY_11,CPU_FREQUENCY_12,CPU_FREQUENCY_13,CPU_FREQUENCY_14,CPU_FREQUENCY_15,CPU_FREQUENCY_2,CPU_FREQUENCY_3,CPU_FREQUENCY_4,CPU_FREQUENCY_5,CPU_FREQUENCY_6,CPU_FREQUENCY_7,CPU_FREQUENCY_8,CPU_FREQUENCY_9,CPU_USAGE_0,CPU_USAGE_1,CPU_USAGE_10,CPU_USAGE_11,CPU_USAGE_12,CPU_USAGE_13,CPU_USAGE_14,CPU_USAGE_15,CPU_USAGE_2,CPU_USAGE_3,CPU_USAGE_4,CPU_USAGE_5,CPU_USAGE_6,CPU_USAGE_7,CPU_USAGE_8,CPU_USAGE_9,DRAM_ENERGY (J),PACKAGE_ENERGY (J),PP0_ENERGY (J),TOTAL_MEMORY,TOTAL_SWAP,USED_MEMORY,USED_SWAP
0,1779614711162,800,1675,894,800,800,800,800,800,3200,1479,1000,800,800,800,2099,1050,0,4.1666669845581055,8.333333969116211,0,0,4.1666669845581055,0,4.1666669845581055,0,0,0,0,0,0,4.1666669845581055,0,20257.66632080078,124803.28955078125,0,404332056576,8589930496,3777458176,0
200,1779614711162,800,1675,894,800,800,800,800,800,3200,1479,1000,800,800,800,2099,1050,0,4.1666669845581055,8.333333969116211,0,0,4.1666669845581055,0,4.1666669845581055,0,0,0,0,0,0,4.1666669845581055,0,20257.66632080078,124803.28955078125,0,404332056576,8589930496,3777458176,0
0,1779614711362,800,1675,894,800,800,800,800,800,3200,1479,1000,800,800,800,2099,1050,71.42857360839844,55,55,57.142860412597656,55,55,55,55,52.38095474243164,55,57.142860412597656,55,55,55,55,55,20259.441040039063,124810.11407470703,0,404332056576,8589930496,3777454080,0
