Delta,Time,CPU_FREQUENCY_0,CPU_FREQUENCY_1,CPU_FREQUENCY_10,CPU_FREQUENCY_11,CPU_FREQUENCY_12,CPU_FREQUENCY_13,CPU_FREQUENCY_14,CPU_FREQUENCY_15,CPU_FREQUENCY_2,CPU_FREQUENCY_3,CPU_FREQUENCY_4,CPU_FREQUENCY_5,CPU_FREQUENCY_6,CPU_FREQUENCY_7,CPU_FREQUENCY_8,CPU_FREQUENCY_9,CPU_USAGE_0,CPU_USAGE_1,CPU_USAGE_10,CPU_USAGE_11,CPU_USAGE_12,CPU_USAGE_13,CPU_USAGE_14,CPU_USAGE_15,CPU_USAGE_2,CPU_USAGE_3,CPU_USAGE_4,CPU_USAGE_5,CPU_USAGE_6,CPU_USAGE_7,CPU_USAGE_8,CPU_USAGE_9,DRAM_ENERGY (J),PACKAGE_ENERGY (J),PP0_ENERGY (J),TOTAL_MEMORY,TOTAL_SWAP,USED_MEMORY,USED_SWAP
0,1779615046136,800,3033,823,800,800,2100,2000,814,800,825,1999,1000,800,3200,805,800,0,0,4.1666669845581055,0,4,0,4.1666669845581055,4.1666669845581055,4.1666669845581055,0,0,8,4.1666669845581055,0,0,4.1666669845581055,20307.532836914063,129250.27514648438,0,404332056576,8589930496,3729207296,0
200,1779615046136,800,3033,823,800,800,2100,2000,814,800,825,1999,1000,800,3200,805,800,0,0,4.1666669845581055,0,4,0,4.1666669845581055,4.1666669845581055,4.1666669845581055,0,0,8,4.1666669845581055,0,0,4.1666669845581055,20307.532836914063,129250.27514648438,0,404332056576,8589930496,3729207296,0
0,1779615046336,800,3033,823,800,800,2100,2000,814,800,825,1999,1000,800,3200,805,800,50,52.38095474243164,50,52.6315803527832,52.38095474243164,50,50,70,52.38095474243164,52.38095474243164,52.38095474243164,52.6315803527832,55,50,52.38095474243164,50,20309.167541503906,129256.55810546875,0,404332056576,8589930496,3752144896,0
