Delta,Time,CPU_FREQUENCY_0,CPU_FREQUENCY_1,CPU_FREQUENCY_10,CPU_FREQUENCY_11,CPU_FREQUENCY_12,CPU_FREQUENCY_13,CPU_FREQUENCY_14,CPU_FREQUENCY_15,CPU_FREQUENCY_2,CPU_FREQUENCY_3,CPU_FREQUENCY_4,CPU_FREQUENCY_5,CPU_FREQUENCY_6,CPU_FREQUENCY_7,CPU_FREQUENCY_8,CPU_FREQUENCY_9,CPU_USAGE_0,CPU_USAGE_1,CPU_USAGE_10,CPU_USAGE_11,CPU_USAGE_12,CPU_USAGE_13,CPU_USAGE_14,CPU_USAGE_15,CPU_USAGE_2,CPU_USAGE_3,CPU_USAGE_4,CPU_USAGE_5,CPU_USAGE_6,CPU_USAGE_7,CPU_USAGE_8,CPU_USAGE_9,DRAM_ENERGY (J),PACKAGE_ENERGY (J),PP0_ENERGY (J),TOTAL_MEMORY,TOTAL_SWAP,USED_MEMORY,USED_SWAP
0,1779613949881,800,1182,800,800,1000,2099,814,930,988,802,799,1300,1000,800,800,800,0,4,0,0,4,4.34782600402832,0,4,0,0,0,0,4.1666669845581055,0,4,4,20147.217712402344,114718.07775878906,0,404332056576,8589930496,3829452800,0
200,1779613949881,800,1182,800,800,1000,2099,814,930,988,802,799,1300,1000,800,800,800,0,4,0,0,4,4.34782600402832,0,4,0,0,0,0,4.1666669845581055,0,4,4,20147.223205566406,114718.10205078125,0,404332056576,8589930496,3829452800,0
0,1779613950081,800,1182,800,800,1000,2099,814,930,988,802,799,1300,1000,800,800,800,70,55,52.38095474243164,52.38095474243164,55,55,55,52.6315803527832,55,52.38095474243164,55,55,50,55,55,52.6315803527832,20149.033142089844,114724.78894042969,0,404332056576,8589930496,3829452800,0
