Delta,Time,CPU_FREQUENCY_0,CPU_FREQUENCY_1,CPU_FREQUENCY_10,CPU_FREQUENCY_11,CPU_FREQUENCY_12,CPU_FREQUENCY_13,CPU_FREQUENCY_14,CPU_FREQUENCY_15,CPU_FREQUENCY_2,CPU_FREQUENCY_3,CPU_FREQUENCY_4,CPU_FREQUENCY_5,CPU_FREQUENCY_6,CPU_FREQUENCY_7,CPU_FREQUENCY_8,CPU_FREQUENCY_9,CPU_USAGE_0,CPU_USAGE_1,CPU_USAGE_10,CPU_USAGE_11,CPU_USAGE_12,CPU_USAGE_13,CPU_USAGE_14,CPU_USAGE_15,CPU_USAGE_2,CPU_USAGE_3,CPU_USAGE_4,CPU_USAGE_5,CPU_USAGE_6,CPU_USAGE_7,CPU_USAGE_8,CPU_USAGE_9,DRAM_ENERGY (J),PACKAGE_ENERGY (J),PP0_ENERGY (J),TOTAL_MEMORY,TOTAL_SWAP,USED_MEMORY,USED_SWAP
0,1779615472432,800,799,800,2100,800,800,2100,800,1791,1100,799,800,799,800,800,3200,4.1666669845581055,4.1666669845581055,11.538461685180664,4,0,4,4,4,0,0,4,0,0,0,0,8,20373.350646972656,134904.31713867188,0,404332056576,8589930496,3711344640,0
200,1779615472432,800,799,800,2100,800,800,2100,800,1791,1100,799,800,799,800,800,3200,4.1666669845581055,4.1666669845581055,11.538461685180664,4,0,4,4,4,0,0,4,0,0,0,0,8,20373.350646972656,134904.31713867188,0,404332056576,8589930496,3711344640,0
0,1779615472632,800,799,800,2100,800,800,2100,800,1791,1100,799,800,799,800,800,3200,65,52.38095474243164,52.6315803527832,50,50,50,52.38095474243164,52.6315803527832,52.38095474243164,55,50,52.38095474243164,52.38095474243164,55,52.38095474243164,50,20375.221801757813,134910.99896240234,0,404332056576,8589930496,3711344640,0
