Delta,Time,CPU_FREQUENCY_0,CPU_FREQUENCY_1,CPU_FREQUENCY_10,CPU_FREQUENCY_11,CPU_FREQUENCY_12,CPU_FREQUENCY_13,CPU_FREQUENCY_14,CPU_FREQUENCY_15,CPU_FREQUENCY_2,CPU_FREQUENCY_3,CPU_FREQUENCY_4,CPU_FREQUENCY_5,CPU_FREQUENCY_6,CPU_FREQUENCY_7,CPU_FREQUENCY_8,CPU_FREQUENCY_9,CPU_USAGE_0,CPU_USAGE_1,CPU_USAGE_10,CPU_USAGE_11,CPU_USAGE_12,CPU_USAGE_13,CPU_USAGE_14,CPU_USAGE_15,CPU_USAGE_2,CPU_USAGE_3,CPU_USAGE_4,CPU_USAGE_5,CPU_USAGE_6,CPU_USAGE_7,CPU_USAGE_8,CPU_USAGE_9,DRAM_ENERGY (J),PACKAGE_ENERGY (J),PP0_ENERGY (J),TOTAL_MEMORY,TOTAL_SWAP,USED_MEMORY,USED_SWAP
0,1779614163032,800,1047,1180,2000,2099,800,800,2000,800,800,1737,800,2300,800,2100,1775,0,7.692307949066162,4,0,4.1666669845581055,7.692307949066162,0,0,4,0,4,4,0,0,0,0,20176.926025390625,117539.60815429688,0,404332056576,8589930496,3794108416,0
199,1779614163032,800,1047,1180,2000,2099,800,800,2000,800,800,1737,800,2300,800,2100,1775,0,7.692307949066162,4,0,4.1666669845581055,7.692307949066162,0,0,4,0,4,4,0,0,0,0,20176.928771972656,117539.63201904297,0,404332056576,8589930496,3794108416,0
0,1779614163233,800,1047,1180,2000,2099,800,800,2000,800,800,1737,800,2300,800,2100,1775,71.42857360839844,55,57.142860412597656,55,60.000003814697266,55,57.142860412597656,55,55,57.142860412597656,57.894737243652344,57.142860412597656,57.142860412597656,57.894737243652344,55,57.142860412597656,20178.796020507813,117546.6312866211,0,404332056576,8589930496,3794362368,0
