Delta,Time,CPU_FREQUENCY_0,CPU_FREQUENCY_1,CPU_FREQUENCY_10,CPU_FREQUENCY_11,CPU_FREQUENCY_12,CPU_FREQUENCY_13,CPU_FREQUENCY_14,CPU_FREQUENCY_15,CPU_FREQUENCY_2,CPU_FREQUENCY_3,CPU_FREQUENCY_4,CPU_FREQUENCY_5,CPU_FREQUENCY_6,CPU_FREQUENCY_7,CPU_FREQUENCY_8,CPU_FREQUENCY_9,CPU_USAGE_0,CPU_USAGE_1,CPU_USAGE_10,CPU_USAGE_11,CPU_USAGE_12,CPU_USAGE_13,CPU_USAGE_14,CPU_USAGE_15,CPU_USAGE_2,CPU_USAGE_3,CPU_USAGE_4,CPU_USAGE_5,CPU_USAGE_6,CPU_USAGE_7,CPU_USAGE_8,CPU_USAGE_9,DRAM_ENERGY (J),PACKAGE_ENERGY (J),PP0_ENERGY (J),TOTAL_MEMORY,TOTAL_SWAP,USED_MEMORY,USED_SWAP
0,1779614041231,800,799,800,2035,807,800,800,2100,970,799,800,800,799,800,2000,800,8,0,4.1666669845581055,4.1666669845581055,0,4.1666669845581055,0,0,4.1666669845581055,4.1666669845581055,0,4,4,4.1666669845581055,4.34782600402832,0,20160.066833496094,115923.8433227539,0,404332056576,8589930496,3810177024,0
200,1779614041231,800,799,800,2035,807,800,800,2100,970,799,800,800,799,800,2000,800,8,0,4.1666669845581055,4.1666669845581055,0,4.1666669845581055,0,0,4.1666669845581055,4.1666669845581055,0,4,4,4.1666669845581055,4.34782600402832,0,20160.066833496094,115923.8433227539,0,404332056576,8589930496,3810177024,0
0,1779614041431,800,799,800,2035,807,800,800,2100,970,799,800,800,799,800,2000,800,65,52.6315803527832,50,50,50,52.38095474243164,52.38095474243164,55,52.38095474243164,50,52.38095474243164,55,55,50,55,52.38095474243164,20161.79559326172,115930.41680908203,0,404332056576,8589930496,3810684928,0
