Delta,Time,CPU_FREQUENCY_0,CPU_FREQUENCY_1,CPU_FREQUENCY_10,CPU_FREQUENCY_11,CPU_FREQUENCY_12,CPU_FREQUENCY_13,CPU_FREQUENCY_14,CPU_FREQUENCY_15,CPU_FREQUENCY_2,CPU_FREQUENCY_3,CPU_FREQUENCY_4,CPU_FREQUENCY_5,CPU_FREQUENCY_6,CPU_FREQUENCY_7,CPU_FREQUENCY_8,CPU_FREQUENCY_9,CPU_USAGE_0,CPU_USAGE_1,CPU_USAGE_10,CPU_USAGE_11,CPU_USAGE_12,CPU_USAGE_13,CPU_USAGE_14,CPU_USAGE_15,CPU_USAGE_2,CPU_USAGE_3,CPU_USAGE_4,CPU_USAGE_5,CPU_USAGE_6,CPU_USAGE_7,CPU_USAGE_8,CPU_USAGE_9,DRAM_ENERGY (J),PACKAGE_ENERGY (J),PP0_ENERGY (J),TOTAL_MEMORY,TOTAL_SWAP,USED_MEMORY,USED_SWAP
0,1779613919425,2000,1390,800,2100,800,1420,800,1005,1269,1584,800,800,800,800,1063,800,0,4.1666669845581055,0,7.692307949066162,4.34782600402832,4,4.1666669845581055,4.1666669845581055,4.1666669845581055,4.1666669845581055,4,4.1666669845581055,0,0,4.1666669845581055,0,20143.401794433594,114315.24890136719,0,404332056576,8589930496,3855601664,0
200,1779613919425,2000,1390,800,2100,800,1420,800,1005,1269,1584,800,800,800,800,1063,800,0,4.1666669845581055,0,7.692307949066162,4.34782600402832,4,4.1666669845581055,4.1666669845581055,4.1666669845581055,4.1666669845581055,4,4.1666669845581055,0,0,4.1666669845581055,0,20143.401794433594,114315.24890136719,0,404332056576,8589930496,3855601664,0
0,1779613919625,2000,1390,800,2100,800,1420,800,1005,1269,1584,800,800,800,800,1063,800,71.42857360839844,55,55,55,57.142860412597656,57.142860412597656,57.142860412597656,55,55,55,57.894737243652344,57.142860412597656,57.142860412597656,55,55,55,20145.073364257813,114322.05596923828,0,404332056576,8589930496,3855601664,0
