Delta,Time,CPU_FREQUENCY_0,CPU_FREQUENCY_1,CPU_FREQUENCY_10,CPU_FREQUENCY_11,CPU_FREQUENCY_12,CPU_FREQUENCY_13,CPU_FREQUENCY_14,CPU_FREQUENCY_15,CPU_FREQUENCY_2,CPU_FREQUENCY_3,CPU_FREQUENCY_4,CPU_FREQUENCY_5,CPU_FREQUENCY_6,CPU_FREQUENCY_7,CPU_FREQUENCY_8,CPU_FREQUENCY_9,CPU_USAGE_0,CPU_USAGE_1,CPU_USAGE_10,CPU_USAGE_11,CPU_USAGE_12,CPU_USAGE_13,CPU_USAGE_14,CPU_USAGE_15,CPU_USAGE_2,CPU_USAGE_3,CPU_USAGE_4,CPU_USAGE_5,CPU_USAGE_6,CPU_USAGE_7,CPU_USAGE_8,CPU_USAGE_9,DRAM_ENERGY (J),PACKAGE_ENERGY (J),PP0_ENERGY (J),TOTAL_MEMORY,TOTAL_SWAP,USED_MEMORY,USED_SWAP
0,1779614954782,800,800,2000,2100,926,991,858,2000,950,1385,800,2000,800,800,799,800,4.1666669845581055,0,4,4.34782600402832,0,0,0,0,0,4.1666669845581055,4.1666669845581055,0,4.1666669845581055,0,0,4.1666669845581055,20293.3837890625,128033.60028076172,0,404332056576,8589930496,3731103744,0
200,1779614954782,800,800,2000,2100,926,991,858,2000,950,1385,800,2000,800,800,799,800,4.1666669845581055,0,4,4.34782600402832,0,0,0,0,0,4.1666669845581055,4.1666669845581055,0,4.1666669845581055,0,0,4.1666669845581055,20293.3837890625,128033.60028076172,0,404332056576,8589930496,3731103744,0
0,1779614954982,800,800,2000,2100,926,991,858,2000,950,1385,800,2000,800,800,799,800,75,57.142860412597656,57.894737243652344,57.142860412597656,57.142860412597656,57.142860412597656,60.000003814697266,57.142860412597656,57.894737243652344,55,57.142860412597656,60.000003814697266,55,55,60.000003814697266,57.894737243652344,20295.256103515625,128040.5595703125,0,404332056576,8589930496,3732361216,0
