Delta,Time,CPU_FREQUENCY_0,CPU_FREQUENCY_1,CPU_FREQUENCY_10,CPU_FREQUENCY_11,CPU_FREQUENCY_12,CPU_FREQUENCY_13,CPU_FREQUENCY_14,CPU_FREQUENCY_15,CPU_FREQUENCY_2,CPU_FREQUENCY_3,CPU_FREQUENCY_4,CPU_FREQUENCY_5,CPU_FREQUENCY_6,CPU_FREQUENCY_7,CPU_FREQUENCY_8,CPU_FREQUENCY_9,CPU_USAGE_0,CPU_USAGE_1,CPU_USAGE_10,CPU_USAGE_11,CPU_USAGE_12,CPU_USAGE_13,CPU_USAGE_14,CPU_USAGE_15,CPU_USAGE_2,CPU_USAGE_3,CPU_USAGE_4,CPU_USAGE_5,CPU_USAGE_6,CPU_USAGE_7,CPU_USAGE_8,CPU_USAGE_9,DRAM_ENERGY (J),PACKAGE_ENERGY (J),PP0_ENERGY (J),TOTAL_MEMORY,TOTAL_SWAP,USED_MEMORY,USED_SWAP
0,1779614893879,1568,962,2000,2100,2000,808,1068,800,1608,940,800,1000,1500,800,1352,800,0,0,4,7.692307949066162,0,4.1666669845581055,4,0,8,4.1666669845581055,0,7.692307949066162,0,0,0,0,20285.492553710938,127226.31457519531,0,404332056576,8589930496,3744849920,0
200,1779614893879,1568,962,2000,2100,2000,808,1068,800,1608,940,800,1000,1500,800,1352,800,0,0,4,7.692307949066162,0,4.1666669845581055,4,0,8,4.1666669845581055,0,7.692307949066162,0,0,0,0,20285.492553710938,127226.31457519531,0,404332056576,8589930496,3744849920,0
0,1779614894080,1568,962,2000,2100,2000,808,1068,800,1608,940,800,1000,1500,800,1352,800,52.38095474243164,52.38095474243164,50,50,52.38095474243164,52.38095474243164,55,52.6315803527832,50,50,55,50,55,50,66.66667175292969,50,20286.978881835938,127232.5961303711,0,404332056576,8589930496,3744845824,0
