Delta,Time,CPU_FREQUENCY_0,CPU_FREQUENCY_1,CPU_FREQUENCY_10,CPU_FREQUENCY_11,CPU_FREQUENCY_12,CPU_FREQUENCY_13,CPU_FREQUENCY_14,CPU_FREQUENCY_15,CPU_FREQUENCY_2,CPU_FREQUENCY_3,CPU_FREQUENCY_4,CPU_FREQUENCY_5,CPU_FREQUENCY_6,CPU_FREQUENCY_7,CPU_FREQUENCY_8,CPU_FREQUENCY_9,CPU_USAGE_0,CPU_USAGE_1,CPU_USAGE_10,CPU_USAGE_11,CPU_USAGE_12,CPU_USAGE_13,CPU_USAGE_14,CPU_USAGE_15,CPU_USAGE_2,CPU_USAGE_3,CPU_USAGE_4,CPU_USAGE_5,CPU_USAGE_6,CPU_USAGE_7,CPU_USAGE_8,CPU_USAGE_9,DRAM_ENERGY (J),PACKAGE_ENERGY (J),PP0_ENERGY (J),TOTAL_MEMORY,TOTAL_SWAP,USED_MEMORY,USED_SWAP
0,1779614315303,2099,799,1000,1500,800,800,1621,800,925,800,800,800,800,1278,1334,800,0,8.333333969116211,7.692307949066162,4,4,0,4.1666669845581055,4.1666669845581055,0,0,4.1666669845581055,4.1666669845581055,4.1666669845581055,0,0,4.1666669845581055,20197.978515625,119563.5933227539,0,404332056576,8589930496,3792683008,0
200,1779614315303,2099,799,1000,1500,800,800,1621,800,925,800,800,800,800,1278,1334,800,0,8.333333969116211,7.692307949066162,4,4,0,4.1666669845581055,4.1666669845581055,0,0,4.1666669845581055,4.1666669845581055,4.1666669845581055,0,0,4.1666669845581055,20197.978515625,119563.5933227539,0,404332056576,8589930496,3792683008,0
0,1779614315503,2099,799,1000,1500,800,800,1621,800,925,800,800,800,800,1278,1334,800,50,55,52.6315803527832,55,55,52.38095474243164,52.6315803527832,52.6315803527832,55,54.54545593261719,50,52.38095474243164,50,52.38095474243164,66.66667175292969,55,20199.58966064453,119569.82788085938,0,404332056576,8589930496,3805327360,0
