Delta,Time,CPU_FREQUENCY_0,CPU_FREQUENCY_1,CPU_FREQUENCY_10,CPU_FREQUENCY_11,CPU_FREQUENCY_12,CPU_FREQUENCY_13,CPU_FREQUENCY_14,CPU_FREQUENCY_15,CPU_FREQUENCY_2,CPU_FREQUENCY_3,CPU_FREQUENCY_4,CPU_FREQUENCY_5,CPU_FREQUENCY_6,CPU_FREQUENCY_7,CPU_FREQUENCY_8,CPU_FREQUENCY_9,CPU_USAGE_0,CPU_USAGE_1,CPU_USAGE_10,CPU_USAGE_11,CPU_USAGE_12,CPU_USAGE_13,CPU_USAGE_14,CPU_USAGE_15,CPU_USAGE_2,CPU_USAGE_3,CPU_USAGE_4,CPU_USAGE_5,CPU_USAGE_6,CPU_USAGE_7,CPU_USAGE_8,CPU_USAGE_9,DRAM_ENERGY (J),PACKAGE_ENERGY (J),PP0_ENERGY (J),TOTAL_MEMORY,TOTAL_SWAP,USED_MEMORY,USED_SWAP
0,1778190556693,800,1000,800,2100,1000,800,800,800,800,840,1011,2000,1000,800,2100,800,8,0,8,4.545454502105713,0,0,0,4.1666669845581055,0,8,4.1666669845581055,0,4.1666669845581055,4.1666669845581055,0,0,119387.68231201172,75832.52545166016,0,404332056576,8589930496,3760099328,0
199,1778190556693,800,1000,800,2100,1000,800,800,800,800,840,1011,2000,1000,800,2100,800,8,0,8,4.545454502105713,0,0,0,4.1666669845581055,0,8,4.1666669845581055,0,4.1666669845581055,4.1666669845581055,0,0,119387.6859741211,75832.55047607422,0,404332056576,8589930496,3760099328,0
199,1778190556893,800,1000,800,2100,1000,800,800,800,800,840,1011,2000,1000,800,2100,800,57.894737243652344,0,5,4.761904716491699,15.000000953674316,0,66.66667175292969,61.904762268066406,45,0,0,0,0,0,35,0,119388.79071044922,75837.64379882813,0,404332056576,8589930496,3764170752,0
199,1778190557093,800,1000,800,2100,1000,800,800,800,800,840,1011,2000,1000,800,2100,800,10,0,9.523809432983398,5.263157844543457,80,90,84.21052551269531,95,0,0,0,0,0,0,0,15.000000953674316,119389.98699951172,75842.92291259766,0,404332056576,8589930496,3764686848,0
199,1778190557293,800,1000,800,2100,1000,800,800,800,800,840,1011,2000,1000,800,2100,800,10.526315689086914,4.761904716491699,0,14.285715103149414,75,85.71428680419922,90.47618865966797,94.73684692382813,0,0,0,0,0,0,0,10,119391.43560791016,75848.56311035156,0,404332056576,8589930496,3765719040,0
199,1778190557493,800,1000,800,2100,1000,800,800,800,800,840,1011,2000,1000,800,2100,800,10,0,5.263157844543457,10,80,95,90,90.47618865966797,0,0,0,0,0,0,0,5,119393.31286621094,75854.16778564453,0,404332056576,8589930496,3767783424,0
0,1778190557693,800,1000,800,2100,1000,800,800,800,800,840,1011,2000,1000,800,2100,800,20,0,9.523809432983398,5,65,65,65,63.15789031982422,0,0,0,0,0,0,14.285715103149414,0,119394.71319580078,75859.3471069336,0,404332056576,8589930496,3767779328,0
