Delta,Time,CPU_FREQUENCY_0,CPU_FREQUENCY_1,CPU_FREQUENCY_10,CPU_FREQUENCY_11,CPU_FREQUENCY_12,CPU_FREQUENCY_13,CPU_FREQUENCY_14,CPU_FREQUENCY_15,CPU_FREQUENCY_2,CPU_FREQUENCY_3,CPU_FREQUENCY_4,CPU_FREQUENCY_5,CPU_FREQUENCY_6,CPU_FREQUENCY_7,CPU_FREQUENCY_8,CPU_FREQUENCY_9,CPU_USAGE_0,CPU_USAGE_1,CPU_USAGE_10,CPU_USAGE_11,CPU_USAGE_12,CPU_USAGE_13,CPU_USAGE_14,CPU_USAGE_15,CPU_USAGE_2,CPU_USAGE_3,CPU_USAGE_4,CPU_USAGE_5,CPU_USAGE_6,CPU_USAGE_7,CPU_USAGE_8,CPU_USAGE_9,DRAM_ENERGY (J),PACKAGE_ENERGY (J),PP0_ENERGY (J),TOTAL_MEMORY,TOTAL_SWAP,USED_MEMORY,USED_SWAP
0,1778191838432,866,1310,810,800,800,800,800,800,1100,2000,800,1600,2068,800,2100,815,0,7.692307949066162,4,4,4,8,0,4.1666669845581055,0,4,7.692307949066162,4,4,0,8,0,119816.54949951172,93313.54986572266,0,404332056576,8589930496,3791532032,0
200,1778191838432,866,1310,810,800,800,800,800,800,1100,2000,800,1600,2068,800,2100,815,0,7.692307949066162,4,4,4,8,0,4.1666669845581055,0,4,7.692307949066162,4,4,0,8,0,119816.55206298828,93313.57507324219,0,404332056576,8589930496,3791532032,0
199,1778191838632,866,1310,810,800,800,800,800,800,1100,2000,800,1600,2068,800,2100,815,80,60.000003814697266,0,0,4.761904716491699,0,0,15.000000953674316,9.523809432983398,0,0,40,25,0,25,33.333335876464844,119817.8734741211,93319.53210449219,0,404332056576,8589930496,3793592320,0
199,1778191838832,866,1310,810,800,800,800,800,800,1100,2000,800,1600,2068,800,2100,815,47.619049072265625,63.15789031982422,0,0,0,0,0,0,10.526315689086914,10,9.523809432983398,90,90,52.38095474243164,10,0,119820.66143798828,93327.787109375,0,404332056576,8589930496,3795828736,0
199,1778191839033,866,1310,810,800,800,800,800,800,1100,2000,800,1600,2068,800,2100,815,80,0,0,0,0,0,0,0,5.263157844543457,0,10,95,90,95,10.526315689086914,0,119823.51824951172,93336.37628173828,0,404332056576,8589930496,3796860928,0
199,1778191839233,866,1310,810,800,800,800,800,800,1100,2000,800,1600,2068,800,2100,815,35,0,5,0,0,0,0,0,14.285715103149414,5,10,90,90,88.8888931274414,55,0,119826.36743164063,93344.50958251953,0,404332056576,8589930496,3798925312,0
0,1778191839433,866,1310,810,800,800,800,800,800,1100,2000,800,1600,2068,800,2100,815,60.000003814697266,15.000000953674316,0,0,0,0,0,0,5.263157844543457,0,9.523809432983398,65,65,66.66667175292969,9.523809432983398,0,119829.03118896484,93352.13513183594,0,404332056576,8589930496,3798925312,0
