Delta,Time,CPU_FREQUENCY_0,CPU_FREQUENCY_1,CPU_FREQUENCY_10,CPU_FREQUENCY_11,CPU_FREQUENCY_12,CPU_FREQUENCY_13,CPU_FREQUENCY_14,CPU_FREQUENCY_15,CPU_FREQUENCY_2,CPU_FREQUENCY_3,CPU_FREQUENCY_4,CPU_FREQUENCY_5,CPU_FREQUENCY_6,CPU_FREQUENCY_7,CPU_FREQUENCY_8,CPU_FREQUENCY_9,CPU_USAGE_0,CPU_USAGE_1,CPU_USAGE_10,CPU_USAGE_11,CPU_USAGE_12,CPU_USAGE_13,CPU_USAGE_14,CPU_USAGE_15,CPU_USAGE_2,CPU_USAGE_3,CPU_USAGE_4,CPU_USAGE_5,CPU_USAGE_6,CPU_USAGE_7,CPU_USAGE_8,CPU_USAGE_9,DRAM_ENERGY (J),PACKAGE_ENERGY (J),PP0_ENERGY (J),TOTAL_MEMORY,TOTAL_SWAP,USED_MEMORY,USED_SWAP
0,1778191869679,1236,800,1026,800,800,800,800,2099,799,800,1432,1372,800,2100,1387,1277,4.1666669845581055,12,4.34782600402832,0,0,4.1666669845581055,4.1666669845581055,0,8.333333969116211,4.1666669845581055,0,0,4.1666669845581055,0,0,4.1666669845581055,119831.10247802734,93746.18139648438,0,404332056576,8589930496,3788632064,0
200,1778191869679,1236,800,1026,800,800,800,800,2099,799,800,1432,1372,800,2100,1387,1277,4.1666669845581055,12,4.34782600402832,0,0,4.1666669845581055,4.1666669845581055,0,8.333333969116211,4.1666669845581055,0,0,4.1666669845581055,0,0,4.1666669845581055,119831.10540771484,93746.2080078125,0,404332056576,8589930496,3788632064,0
199,1778191869879,1236,800,1026,800,800,800,800,2099,799,800,1432,1372,800,2100,1387,1277,25,0,4.761904716491699,42.85714340209961,0,90,60.000003814697266,50,0,14.285715103149414,0,0,0,0,10,0,119831.92565917969,93750.83111572266,0,404332056576,8589930496,3793018880,0
199,1778191870079,1236,800,1026,800,800,800,800,2099,799,800,1432,1372,800,2100,1387,1277,5.263157844543457,0,5.263157844543457,85,0,94.73684692382813,95,95,0,0,0,0,0,0,5.263157844543457,5.263157844543457,119832.50860595703,93756.2133178711,0,404332056576,8589930496,3793018880,0
199,1778191870280,1236,800,1026,800,800,800,800,2099,799,800,1432,1372,800,2100,1387,1277,5.263157844543457,10,10,90,0,85,80,90,0,10,0,0,0,0,10.526315689086914,0,119833.07415771484,93761.689453125,0,404332056576,8589930496,3793018880,0
199,1778191870480,1236,800,1026,800,800,800,800,2099,799,800,1432,1372,800,2100,1387,1277,10,0,14.285715103149414,85,0,90,95,95,0,0,0,0,0,0,5.263157844543457,10,119833.60656738281,93767.07543945313,0,404332056576,8589930496,3793018880,0
0,1778191870680,1236,800,1026,800,800,800,800,2099,799,800,1432,1372,800,2100,1387,1277,25,10.526315689086914,5,23.809524536132813,0,50,45,45,0,0,0,0,0,0,5,0,119833.99829101563,93771.8740234375,0,404332056576,8589930496,3793014784,0
