Delta,Time,CPU_FREQUENCY_0,CPU_FREQUENCY_1,CPU_FREQUENCY_10,CPU_FREQUENCY_11,CPU_FREQUENCY_12,CPU_FREQUENCY_13,CPU_FREQUENCY_14,CPU_FREQUENCY_15,CPU_FREQUENCY_2,CPU_FREQUENCY_3,CPU_FREQUENCY_4,CPU_FREQUENCY_5,CPU_FREQUENCY_6,CPU_FREQUENCY_7,CPU_FREQUENCY_8,CPU_FREQUENCY_9,CPU_USAGE_0,CPU_USAGE_1,CPU_USAGE_10,CPU_USAGE_11,CPU_USAGE_12,CPU_USAGE_13,CPU_USAGE_14,CPU_USAGE_15,CPU_USAGE_2,CPU_USAGE_3,CPU_USAGE_4,CPU_USAGE_5,CPU_USAGE_6,CPU_USAGE_7,CPU_USAGE_8,CPU_USAGE_9,DRAM_ENERGY (J),PACKAGE_ENERGY (J),PP0_ENERGY (J),TOTAL_MEMORY,TOTAL_SWAP,USED_MEMORY,USED_SWAP
0,1778190587942,800,3200,800,2100,2000,1725,2100,1174,800,800,800,800,800,800,3200,800,0,0,0,0,4.1666669845581055,0,8.69565200805664,4.1666669845581055,0,0,0,0,0,4.1666669845581055,0,4.1666669845581055,119395.84466552734,76252.91802978516,0,404332056576,8589930496,3761905664,0
199,1778190587942,800,3200,800,2100,2000,1725,2100,1174,800,800,800,800,800,800,3200,800,0,0,0,0,4.1666669845581055,0,8.69565200805664,4.1666669845581055,0,0,0,0,0,4.1666669845581055,0,4.1666669845581055,119395.84466552734,76252.91802978516,0,404332056576,8589930496,3761905664,0
199,1778190588142,800,3200,800,2100,2000,1725,2100,1174,800,800,800,800,800,800,3200,800,95,65,0,0,0,10,35,4.761904716491699,55,10,0,9.090909004211426,33.333335876464844,0,0,0,119397.80676269531,76259.71893310547,0,404332056576,8589930496,3767578624,0
199,1778190588342,800,3200,800,2100,2000,1725,2100,1174,800,800,800,800,800,800,3200,800,15.000000953674316,65,0,0,0,0,0,0,90,10,9.523809432983398,10,90,65,31.57894515991211,0,119400.65222167969,76268.02075195313,0,404332056576,8589930496,3768610816,0
199,1778190588542,800,3200,800,2100,2000,1725,2100,1174,800,800,800,800,800,800,3200,800,80,0,0,0,0,0,0,0,90.47618865966797,10,0,5.263157844543457,94.73684692382813,94.73684692382813,10,0,119403.54791259766,76276.64233398438,0,404332056576,8589930496,3770675200,0
199,1778190588743,800,3200,800,2100,2000,1725,2100,1174,800,800,800,800,800,800,3200,800,15.000000953674316,0,10,65,47.619049072265625,40,0,10,50,0,9.523809432983398,4.761904716491699,25,42.85714340209961,76.19047546386719,5,119405.8754272461,76283.5825805664,0,404332056576,8589930496,3771420672,0
0,1778190588943,800,3200,800,2100,2000,1725,2100,1174,800,800,800,800,800,800,3200,800,20,4.761904716491699,0,47.619049072265625,47.36842346191406,45,10,5,0,0,0,0,0,0,31.57894515991211,4.761904716491699,119407.37530517578,76288.37829589844,0,404332056576,8589930496,3772710912,0
