Delta,Time,CPU_FREQUENCY_0,CPU_FREQUENCY_1,CPU_FREQUENCY_10,CPU_FREQUENCY_11,CPU_FREQUENCY_12,CPU_FREQUENCY_13,CPU_FREQUENCY_14,CPU_FREQUENCY_15,CPU_FREQUENCY_2,CPU_FREQUENCY_3,CPU_FREQUENCY_4,CPU_FREQUENCY_5,CPU_FREQUENCY_6,CPU_FREQUENCY_7,CPU_FREQUENCY_8,CPU_FREQUENCY_9,CPU_USAGE_0,CPU_USAGE_1,CPU_USAGE_10,CPU_USAGE_11,CPU_USAGE_12,CPU_USAGE_13,CPU_USAGE_14,CPU_USAGE_15,CPU_USAGE_2,CPU_USAGE_3,CPU_USAGE_4,CPU_USAGE_5,CPU_USAGE_6,CPU_USAGE_7,CPU_USAGE_8,CPU_USAGE_9,DRAM_ENERGY (J),PACKAGE_ENERGY (J),PP0_ENERGY (J),TOTAL_MEMORY,TOTAL_SWAP,USED_MEMORY,USED_SWAP
0,1778190994235,1000,800,2100,927,815,1420,800,800,800,2000,800,801,871,799,800,800,4,0,0,0,0,4,4,0,0,0,0,4.1666669845581055,4.1666669845581055,0,0,0,119525.43713378906,81786.7490234375,0,404332056576,8589930496,3830091776,0
200,1778190994235,1000,800,2100,927,815,1420,800,800,800,2000,800,801,871,799,800,800,4,0,0,0,0,4,4,0,0,0,0,4.1666669845581055,4.1666669845581055,0,0,0,119525.43713378906,81786.7490234375,0,404332056576,8589930496,3830091776,0
199,1778190994435,1000,800,2100,927,815,1420,800,800,800,2000,800,801,871,799,800,800,25,4.761904716491699,42.85714340209961,63.15789031982422,5,0,5,10,0,0,0,0,23.809524536132813,4.761904716491699,66.66667175292969,55,119525.89971923828,81791.85131835938,0,404332056576,8589930496,3831382016,0
199,1778190994635,1000,800,2100,927,815,1420,800,800,800,2000,800,801,871,799,800,800,15.000000953674316,0,90,90,10.526315689086914,9.523809432983398,10,90,4.761904716491699,0,0,0,0,0,45,35,119526.33721923828,81797.25378417969,0,404332056576,8589930496,3832508416,0
199,1778190994835,1000,800,2100,927,815,1420,800,800,800,2000,800,801,871,799,800,800,10,0,95,90,14.285715103149414,0,10,90,0,0,0,0,0,0,84.21052551269531,0,119526.7817993164,81802.65539550781,0,404332056576,8589930496,3832766464,0
199,1778190995035,1000,800,2100,927,815,1420,800,800,800,2000,800,801,871,799,800,800,5,0,90.47618865966797,95,5.263157844543457,9.523809432983398,5,95,0,0,0,0,0,0,90,0,119527.21600341797,81808.00030517578,0,404332056576,8589930496,3833540608,0
0,1778190995235,1000,800,2100,927,815,1420,800,800,800,2000,800,801,871,799,800,800,0,0,50,47.36842346191406,5.263157844543457,0,5,47.36842346191406,0,0,0,0,0,0,45,14.285715103149414,119527.49841308594,81812.54479980469,0,404332056576,8589930496,3833540608,0
