Delta,Time,CPU_FREQUENCY_0,CPU_FREQUENCY_1,CPU_FREQUENCY_10,CPU_FREQUENCY_11,CPU_FREQUENCY_12,CPU_FREQUENCY_13,CPU_FREQUENCY_14,CPU_FREQUENCY_15,CPU_FREQUENCY_2,CPU_FREQUENCY_3,CPU_FREQUENCY_4,CPU_FREQUENCY_5,CPU_FREQUENCY_6,CPU_FREQUENCY_7,CPU_FREQUENCY_8,CPU_FREQUENCY_9,CPU_USAGE_0,CPU_USAGE_1,CPU_USAGE_10,CPU_USAGE_11,CPU_USAGE_12,CPU_USAGE_13,CPU_USAGE_14,CPU_USAGE_15,CPU_USAGE_2,CPU_USAGE_3,CPU_USAGE_4,CPU_USAGE_5,CPU_USAGE_6,CPU_USAGE_7,CPU_USAGE_8,CPU_USAGE_9,DRAM_ENERGY (J),PACKAGE_ENERGY (J),PP0_ENERGY (J),TOTAL_MEMORY,TOTAL_SWAP,USED_MEMORY,USED_SWAP
0,1778190525444,2099,2786,2099,2103,887,1151,813,800,2000,1445,2000,800,800,799,800,800,4.1666669845581055,4.1666669845581055,4.545454502105713,0,0,0,0,4.34782600402832,4.1666669845581055,0,0,4.1666669845581055,0,0,4.1666669845581055,0,119372.63049316406,75401.15521240234,0,404332056576,8589930496,3764297728,0
200,1778190525444,2099,2786,2099,2103,887,1151,813,800,2000,1445,2000,800,800,799,800,800,4.1666669845581055,4.1666669845581055,4.545454502105713,0,0,0,0,4.34782600402832,4.1666669845581055,0,0,4.1666669845581055,0,0,4.1666669845581055,0,119372.63415527344,75401.15521240234,0,404332056576,8589930496,3764297728,0
199,1778190525644,2099,2786,2099,2103,887,1151,813,800,2000,1445,2000,800,800,799,800,800,90,63.15789031982422,9.090909004211426,35,0,0,0,0,0,0,0,5,40,30.000001907348633,0,25,119374.73022460938,75407.68518066406,0,404332056576,8589930496,3767640064,0
199,1778190525844,2099,2786,2099,2103,887,1151,813,800,2000,1445,2000,800,800,799,800,800,65,90,0,0,0,0,0,0,10,5.263157844543457,0,10,90,90,30.000001907348633,0,119377.54211425781,75415.98791503906,0,404332056576,8589930496,3769446400,0
199,1778190526045,2099,2786,2099,2103,887,1151,813,800,2000,1445,2000,800,800,799,800,800,40,85.71428680419922,10,0,5,0,0,0,35,5,4.761904716491699,0,90,65,45,5,119380.39465332031,75424.28314208984,0,404332056576,8589930496,3769446400,0
199,1778190526245,2099,2786,2099,2103,887,1151,813,800,2000,1445,2000,800,800,799,800,800,0,21.052631378173828,0,40,5,0,0,0,55,0,5,15.789472579956055,50,90,70,30.000001907348633,119383.21057128906,75431.8681640625,0,404332056576,8589930496,3770449920,0
0,1778190526445,2099,2786,2099,2103,887,1151,813,800,2000,1445,2000,800,800,799,800,800,10.526315689086914,5,0,19.047618865966797,0,5,0,0,45,0,5,47.619049072265625,50,61.904762268066406,10,20,119385.76177978516,75438.82885742188,0,404332056576,8589930496,3771482112,0
