Delta,Time,CPU_FREQUENCY_0,CPU_FREQUENCY_1,CPU_FREQUENCY_10,CPU_FREQUENCY_11,CPU_FREQUENCY_12,CPU_FREQUENCY_13,CPU_FREQUENCY_14,CPU_FREQUENCY_15,CPU_FREQUENCY_2,CPU_FREQUENCY_3,CPU_FREQUENCY_4,CPU_FREQUENCY_5,CPU_FREQUENCY_6,CPU_FREQUENCY_7,CPU_FREQUENCY_8,CPU_FREQUENCY_9,CPU_USAGE_0,CPU_USAGE_1,CPU_USAGE_10,CPU_USAGE_11,CPU_USAGE_12,CPU_USAGE_13,CPU_USAGE_14,CPU_USAGE_15,CPU_USAGE_2,CPU_USAGE_3,CPU_USAGE_4,CPU_USAGE_5,CPU_USAGE_6,CPU_USAGE_7,CPU_USAGE_8,CPU_USAGE_9,DRAM_ENERGY (J),PACKAGE_ENERGY (J),PP0_ENERGY (J),TOTAL_MEMORY,TOTAL_SWAP,USED_MEMORY,USED_SWAP
0,1778192025944,1000,800,2099,1180,1406,2099,800,1057,800,800,802,1387,800,1400,800,800,4,0,0,0,0,0,8,4.1666669845581055,0,0,4,0,0,4,4,4,119871.98083496094,95875.00201416016,0,404332056576,8589930496,3778686976,0
199,1778192025944,1000,800,2099,1180,1406,2099,800,1057,800,800,802,1387,800,1400,800,800,4,0,0,0,0,0,8,4.1666669845581055,0,0,4,0,0,4,4,4,119871.98358154297,95875.02331542969,0,404332056576,8589930496,3778686976,0
199,1778192026144,1000,800,2099,1180,1406,2099,800,1057,800,800,802,1387,800,1400,800,800,35,50,15.000000953674316,60.000003814697266,0,5.263157844543457,61.904762268066406,0,18.18181800842285,4.761904716491699,0,0,0,0,5,50,119872.7144165039,95880.01208496094,0,404332056576,8589930496,3789778944,0
199,1778192026344,1000,800,2099,1180,1406,2099,800,1057,800,800,802,1387,800,1400,800,800,10.526315689086914,0,90.47618865966797,90.47618865966797,0,10,94.73684692382813,5.263157844543457,0,0,0,0,0,0,10,80,119873.32678222656,95885.42889404297,0,404332056576,8589930496,3789778944,0
199,1778192026545,1000,800,2099,1180,1406,2099,800,1057,800,800,802,1387,800,1400,800,800,10.526315689086914,0,94.73684692382813,90.47618865966797,5,10,90,0,0,0,0,0,0,0,10,85,119874.0400390625,95890.84185791016,0,404332056576,8589930496,3790036992,0
199,1778192026745,1000,800,2099,1180,1406,2099,800,1057,800,800,802,1387,800,1400,800,800,25,0,86.36363983154297,90,5.263157844543457,10,90,0,0,0,0,0,0,0,10,65,119874.94616699219,95896.37121582031,0,404332056576,8589930496,3791585280,0
0,1778192026945,1000,800,2099,1180,1406,2099,800,1057,800,800,802,1387,800,1400,800,800,10.526315689086914,15.000000953674316,52.6315803527832,55,4.761904716491699,5.263157844543457,55,0,0,0,0,0,0,0,5,42.85714340209961,119875.72521972656,95901.29205322266,0,404332056576,8589930496,3791585280,0
