Delta,Time,CPU_FREQUENCY_0,CPU_FREQUENCY_1,CPU_FREQUENCY_10,CPU_FREQUENCY_11,CPU_FREQUENCY_12,CPU_FREQUENCY_13,CPU_FREQUENCY_14,CPU_FREQUENCY_15,CPU_FREQUENCY_2,CPU_FREQUENCY_3,CPU_FREQUENCY_4,CPU_FREQUENCY_5,CPU_FREQUENCY_6,CPU_FREQUENCY_7,CPU_FREQUENCY_8,CPU_FREQUENCY_9,CPU_USAGE_0,CPU_USAGE_1,CPU_USAGE_10,CPU_USAGE_11,CPU_USAGE_12,CPU_USAGE_13,CPU_USAGE_14,CPU_USAGE_15,CPU_USAGE_2,CPU_USAGE_3,CPU_USAGE_4,CPU_USAGE_5,CPU_USAGE_6,CPU_USAGE_7,CPU_USAGE_8,CPU_USAGE_9,DRAM_ENERGY (J),PACKAGE_ENERGY (J),PP0_ENERGY (J),TOTAL_MEMORY,TOTAL_SWAP,USED_MEMORY,USED_SWAP
0,1778192119706,1356,1509,809,801,800,800,2000,2200,800,800,2000,800,800,2084,2100,883,4,0,0,8.333333969116211,4,0,4.1666669845581055,0,0,4.1666669845581055,4,0,0,0,0,0,119895.72198486328,97151.72619628906,0,404332056576,8589930496,3780255744,0
200,1778192119706,1356,1509,809,801,800,800,2000,2200,800,800,2000,800,800,2084,2100,883,4,0,0,8.333333969116211,4,0,4.1666669845581055,0,0,4.1666669845581055,4,0,0,0,0,0,119895.72198486328,97151.72619628906,0,404332056576,8589930496,3780255744,0
199,1778192119906,1356,1509,809,801,800,800,2000,2200,800,800,2000,800,800,2084,2100,883,60.000003814697266,0,0,5,45,4.761904716491699,0,0,65,60.000003814697266,5,25,0,0,33.333335876464844,0,119897.75268554688,97158.01739501953,0,404332056576,8589930496,3797794816,0
199,1778192120106,1356,1509,809,801,800,800,2000,2200,800,800,2000,800,800,2084,2100,883,0,5,45,20,80,10,0,0,68.42105102539063,45,5.263157844543457,10,0,26.3157901763916,65,5,119900.31469726563,97165.28259277344,0,404332056576,8589930496,3797794816,0
200,1778192120306,1356,1509,809,801,800,800,2000,2200,800,800,2000,800,800,2084,2100,883,0,5,45,20,80,10,0,0,68.42105102539063,45,5.263157844543457,10,0,26.3157901763916,65,5,119901.76770019531,97170.82586669922,0,404332056576,8589930496,3798568960,0
199,1778192120507,1356,1509,809,801,800,800,2000,2200,800,800,2000,800,800,2084,2100,883,10.256410598754883,0,82.5,90,87.5,61.5384635925293,10.256410598754883,5.128205299377441,2.4390242099761963,0,0,0,0,0,25.641027450561523,12.195121765136719,119903.41369628906,97176.56127929688,0,404332056576,8589930496,3799601152,0
0,1778192120707,1356,1509,809,801,800,800,2000,2200,800,800,2000,800,800,2084,2100,883,20,0,45,50,52.6315803527832,52.38095474243164,0,5,0,0,0,0,0,0,5,0,119904.63299560547,97181.40734863281,0,404332056576,8589930496,3799961600,0
