Delta,Time,CPU_FREQUENCY_0,CPU_FREQUENCY_1,CPU_FREQUENCY_10,CPU_FREQUENCY_11,CPU_FREQUENCY_12,CPU_FREQUENCY_13,CPU_FREQUENCY_14,CPU_FREQUENCY_15,CPU_FREQUENCY_2,CPU_FREQUENCY_3,CPU_FREQUENCY_4,CPU_FREQUENCY_5,CPU_FREQUENCY_6,CPU_FREQUENCY_7,CPU_FREQUENCY_8,CPU_FREQUENCY_9,CPU_USAGE_0,CPU_USAGE_1,CPU_USAGE_10,CPU_USAGE_11,CPU_USAGE_12,CPU_USAGE_13,CPU_USAGE_14,CPU_USAGE_15,CPU_USAGE_2,CPU_USAGE_3,CPU_USAGE_4,CPU_USAGE_5,CPU_USAGE_6,CPU_USAGE_7,CPU_USAGE_8,CPU_USAGE_9,DRAM_ENERGY (J),PACKAGE_ENERGY (J),PP0_ENERGY (J),TOTAL_MEMORY,TOTAL_SWAP,USED_MEMORY,USED_SWAP
0,1778191775926,800,800,799,805,800,800,1000,2099,800,800,1968,800,800,1379,969,1046,0,4.1666669845581055,0,4.1666669845581055,0,0,0,4.34782600402832,0,0,4.1666669845581055,0,4.1666669845581055,4.1666669845581055,4,8.333333969116211,119800.66638183594,92468.78540039063,0,404332056576,8589930496,3804225536,0
200,1778191775927,800,800,799,805,800,800,1000,2099,800,800,1968,800,800,1379,969,1046,0,4.1666669845581055,0,4.1666669845581055,0,0,0,4.34782600402832,0,0,4.1666669845581055,0,4.1666669845581055,4.1666669845581055,4,8.333333969116211,119800.66638183594,92468.78540039063,0,404332056576,8589930496,3804225536,0
199,1778191776127,800,800,799,805,800,800,1000,2099,800,800,1968,800,800,1379,969,1046,71.42857360839844,60.000003814697266,0,0,25,0,5,0,0,5,4.761904716491699,0,0,0,63.15789031982422,55,119802.4525756836,92474.48736572266,0,404332056576,8589930496,3819184128,0
199,1778191776327,800,800,799,805,800,800,1000,2099,800,800,1968,800,800,1379,969,1046,31.57894515991211,55,10,0,90,5,40,28.571430206298828,55,0,0,5,0,0,60.000003814697266,5,119804.69659423828,92481.4013671875,0,404332056576,8589930496,3819184128,0
199,1778191776527,800,800,799,805,800,800,1000,2099,800,800,1968,800,800,1379,969,1046,5,0,5,0,85,5.263157844543457,95,90,0,0,0,0,0,0,80.95238494873047,10.526315689086914,119806.6552734375,92486.9076538086,0,404332056576,8589930496,3819184128,0
199,1778191776727,800,800,799,805,800,800,1000,2099,800,800,1968,800,800,1379,969,1046,15.789472579956055,0,5.263157844543457,0,95,10,90,95,0,0,0,0,0,0,78.94737243652344,14.285715103149414,119808.48376464844,92492.57000732422,0,404332056576,8589930496,3819671552,0
0,1778191776927,800,800,799,805,800,800,1000,2099,800,800,1968,800,800,1379,969,1046,20,0,0,0,55,9.523809432983398,55,55,0,0,0,0,0,0,50,5.263157844543457,119809.8413696289,92497.47454833984,0,404332056576,8589930496,3820445696,0
