Delta,Time,CPU_FREQUENCY_0,CPU_FREQUENCY_1,CPU_FREQUENCY_10,CPU_FREQUENCY_11,CPU_FREQUENCY_12,CPU_FREQUENCY_13,CPU_FREQUENCY_14,CPU_FREQUENCY_15,CPU_FREQUENCY_2,CPU_FREQUENCY_3,CPU_FREQUENCY_4,CPU_FREQUENCY_5,CPU_FREQUENCY_6,CPU_FREQUENCY_7,CPU_FREQUENCY_8,CPU_FREQUENCY_9,CPU_USAGE_0,CPU_USAGE_1,CPU_USAGE_10,CPU_USAGE_11,CPU_USAGE_12,CPU_USAGE_13,CPU_USAGE_14,CPU_USAGE_15,CPU_USAGE_2,CPU_USAGE_3,CPU_USAGE_4,CPU_USAGE_5,CPU_USAGE_6,CPU_USAGE_7,CPU_USAGE_8,CPU_USAGE_9,DRAM_ENERGY (J),PACKAGE_ENERGY (J),PP0_ENERGY (J),TOTAL_MEMORY,TOTAL_SWAP,USED_MEMORY,USED_SWAP
0,1778190900469,3200,800,2100,881,1687,800,800,800,800,1573,1000,2000,1000,1589,800,800,0,4,8,4,11.538461685180664,4,0,4,4,4.1666669845581055,4,0,0,4.1666669845581055,4.1666669845581055,4,119499.71502685547,80516.95587158203,0,404332056576,8589930496,3812659200,0
199,1778190900469,3200,800,2100,881,1687,800,800,800,800,1573,1000,2000,1000,1589,800,800,0,4,8,4,11.538461685180664,4,0,4,4,4.1666669845581055,4,0,0,4.1666669845581055,4.1666669845581055,4,119499.71502685547,80516.95587158203,0,404332056576,8589930496,3812659200,0
199,1778190900669,3200,800,2100,881,1687,800,800,800,800,1573,1000,2000,1000,1589,800,800,33.333335876464844,15.000000953674316,60.000003814697266,0,68.42105102539063,5,54.54545593261719,31.57894515991211,35,0,0,0,0,0,0,5.263157844543457,119501.16552734375,80522.37762451172,0,404332056576,8589930496,3829608448,0
199,1778190900869,3200,800,2100,881,1687,800,800,800,800,1573,1000,2000,1000,1589,800,800,10.526315689086914,0,20,10,85,5.263157844543457,85,85.71428680419922,0,0,0,0,0,0,0,63.15789031982422,119502.52551269531,80527.94189453125,0,404332056576,8589930496,3829608448,0
199,1778190901069,3200,800,2100,881,1687,800,800,800,800,1573,1000,2000,1000,1589,800,800,0,4.761904716491699,0,0,85,10,89.47368621826172,85,0,0,0,0,0,0,90.47618865966797,14.285715103149414,119504.29187011719,80533.44445800781,0,404332056576,8589930496,3829866496,0
199,1778190901269,3200,800,2100,881,1687,800,800,800,800,1573,1000,2000,1000,1589,800,800,10,0,0,10,94.73684692382813,10,90.47618865966797,94.73684692382813,0,0,0,0,0,0,80,10,119505.7124633789,80539.08526611328,0,404332056576,8589930496,3831414784,0
0,1778190901469,3200,800,2100,881,1687,800,800,800,800,1573,1000,2000,1000,1589,800,800,10,15.000000953674316,0,0,57.142860412597656,5,57.894737243652344,55,0,0,0,0,0,0,50,5.263157844543457,119506.76684570313,80544.11846923828,0,404332056576,8589930496,3826499584,0
