Delta,Time,CPU_FREQUENCY_0,CPU_FREQUENCY_1,CPU_FREQUENCY_10,CPU_FREQUENCY_11,CPU_FREQUENCY_12,CPU_FREQUENCY_13,CPU_FREQUENCY_14,CPU_FREQUENCY_15,CPU_FREQUENCY_2,CPU_FREQUENCY_3,CPU_FREQUENCY_4,CPU_FREQUENCY_5,CPU_FREQUENCY_6,CPU_FREQUENCY_7,CPU_FREQUENCY_8,CPU_FREQUENCY_9,CPU_USAGE_0,CPU_USAGE_1,CPU_USAGE_10,CPU_USAGE_11,CPU_USAGE_12,CPU_USAGE_13,CPU_USAGE_14,CPU_USAGE_15,CPU_USAGE_2,CPU_USAGE_3,CPU_USAGE_4,CPU_USAGE_5,CPU_USAGE_6,CPU_USAGE_7,CPU_USAGE_8,CPU_USAGE_9,DRAM_ENERGY (J),PACKAGE_ENERGY (J),PP0_ENERGY (J),TOTAL_MEMORY,TOTAL_SWAP,USED_MEMORY,USED_SWAP
0,1778190650448,1320,800,800,800,2000,2100,1261,1611,1100,800,800,800,1621,799,1704,817,0,4.1666669845581055,4,4.1666669845581055,4,8.333333969116211,0,4,0,4,0,0,4,4.1666669845581055,4,4,119424.00207519531,77119.22705078125,0,404332056576,8589930496,3764199424,0
200,1778190650448,1320,800,800,800,2000,2100,1261,1611,1100,800,800,800,1621,799,1704,817,0,4.1666669845581055,4,4.1666669845581055,4,8.333333969116211,0,4,0,4,0,0,4,4.1666669845581055,4,4,119424.00592041016,77119.25134277344,0,404332056576,8589930496,3764199424,0
200,1778190650648,1320,800,800,800,2000,2100,1261,1611,1100,800,800,800,1621,799,1704,817,85,61.904762268066406,0,28.571430206298828,0,35,4.761904716491699,0,5,5,0,42.105262756347656,30.000001907348633,0,5,0,119426.3071899414,77125.94464111328,0,404332056576,8589930496,3792748544,0
199,1778190650849,1320,800,800,800,2000,2100,1261,1611,1100,800,800,800,1621,799,1704,817,38.095237731933594,42.105262756347656,0,0,0,0,0,0,84.21052551269531,0,10,85,85,5.263157844543457,25,0,119429.15240478516,77134.1177368164,0,404332056576,8589930496,3793006592,0
199,1778190651049,1320,800,800,800,2000,2100,1261,1611,1100,800,800,800,1621,799,1704,817,0,0,0,78.94737243652344,10,0,5,0,61.904762268066406,0,9.523809432983398,55,40,5.263157844543457,40,85.71428680419922,119432.08251953125,77141.52453613281,0,404332056576,8589930496,3793522688,0
199,1778190651249,1320,800,800,800,2000,2100,1261,1611,1100,800,800,800,1621,799,1704,817,10.526315689086914,4.761904716491699,10,76.19047546386719,80,52.6315803527832,10,0,10,0,0,0,0,0,35,68.42105102539063,119433.90155029297,77147.37145996094,0,404332056576,8589930496,3793522688,0
0,1778190651449,1320,800,800,800,2000,2100,1261,1611,1100,800,800,800,1621,799,1704,817,19.047618865966797,10.526315689086914,0,65,65,70,26.3157901763916,9.523809432983398,0,0,0,0,0,0,30.000001907348633,0,119435.88842773438,77153.04522705078,0,404332056576,8589930496,3794296832,0
