Delta,Time,CPU_FREQUENCY_0,CPU_FREQUENCY_1,CPU_FREQUENCY_10,CPU_FREQUENCY_11,CPU_FREQUENCY_12,CPU_FREQUENCY_13,CPU_FREQUENCY_14,CPU_FREQUENCY_15,CPU_FREQUENCY_2,CPU_FREQUENCY_3,CPU_FREQUENCY_4,CPU_FREQUENCY_5,CPU_FREQUENCY_6,CPU_FREQUENCY_7,CPU_FREQUENCY_8,CPU_FREQUENCY_9,CPU_USAGE_0,CPU_USAGE_1,CPU_USAGE_10,CPU_USAGE_11,CPU_USAGE_12,CPU_USAGE_13,CPU_USAGE_14,CPU_USAGE_15,CPU_USAGE_2,CPU_USAGE_3,CPU_USAGE_4,CPU_USAGE_5,CPU_USAGE_6,CPU_USAGE_7,CPU_USAGE_8,CPU_USAGE_9,DRAM_ENERGY (J),PACKAGE_ENERGY (J),PP0_ENERGY (J),TOTAL_MEMORY,TOTAL_SWAP,USED_MEMORY,USED_SWAP
0,1778192057195,804,2720,2000,800,800,2100,804,800,1192,1000,800,1100,1600,1026,800,1999,8,0,0,0,0,0,0,4.34782600402832,0,0,0,4.1666669845581055,8,0,4.34782600402832,4.1666669845581055,119876.7261352539,96296.63592529297,0,404332056576,8589930496,3783512064,0
200,1778192057195,804,2720,2000,800,800,2100,804,800,1192,1000,800,1100,1600,1026,800,1999,8,0,0,0,0,0,0,4.34782600402832,0,0,0,4.1666669845581055,8,0,4.34782600402832,4.1666669845581055,119876.7261352539,96296.63592529297,0,404332056576,8589930496,3783512064,0
199,1778192057395,804,2720,2000,800,800,2100,804,800,1192,1000,800,1100,1600,1026,800,1999,90,42.85714340209961,0,21.052631378173828,0,0,0,0,15.000000953674316,63.6363639831543,4.761904716491699,0,0,0,57.142860412597656,0,119878.89129638672,96303.16815185547,0,404332056576,8589930496,3794092032,0
199,1778192057595,804,2720,2000,800,800,2100,804,800,1192,1000,800,1100,1600,1026,800,1999,55,89.47368621826172,0,0,4.761904716491699,0,0,0,94.73684692382813,90,5.263157844543457,10,5.263157844543457,30.000001907348633,5,0,119881.73907470703,96311.73291015625,0,404332056576,8589930496,3794092032,0
199,1778192057796,804,2720,2000,800,800,2100,804,800,1192,1000,800,1100,1600,1026,800,1999,60.000003814697266,4.761904716491699,0,0,0,0,0,0,90.47618865966797,95,5,10,10,90,30.000001907348633,0,119884.57391357422,96320.30438232422,0,404332056576,8589930496,3795095552,0
199,1778192057996,804,2720,2000,800,800,2100,804,800,1192,1000,800,1100,1600,1026,800,1999,40,5.263157844543457,5,4.761904716491699,5.263157844543457,0,0,0,94.73684692382813,80,25,0,10,95,35,5,119887.43591308594,96328.65997314453,0,404332056576,8589930496,3795095552,0
0,1778192058196,804,2720,2000,800,800,2100,804,800,1192,1000,800,1100,1600,1026,800,1999,10.526315689086914,5,0,0,0,0,0,0,50,50,55,0,5,50,0,0,119889.64459228516,96335.25769042969,0,404332056576,8589930496,3796115456,0
