Delta,Time,CPU_FREQUENCY_0,CPU_FREQUENCY_1,CPU_FREQUENCY_10,CPU_FREQUENCY_11,CPU_FREQUENCY_12,CPU_FREQUENCY_13,CPU_FREQUENCY_14,CPU_FREQUENCY_15,CPU_FREQUENCY_2,CPU_FREQUENCY_3,CPU_FREQUENCY_4,CPU_FREQUENCY_5,CPU_FREQUENCY_6,CPU_FREQUENCY_7,CPU_FREQUENCY_8,CPU_FREQUENCY_9,CPU_USAGE_0,CPU_USAGE_1,CPU_USAGE_10,CPU_USAGE_11,CPU_USAGE_12,CPU_USAGE_13,CPU_USAGE_14,CPU_USAGE_15,CPU_USAGE_2,CPU_USAGE_3,CPU_USAGE_4,CPU_USAGE_5,CPU_USAGE_6,CPU_USAGE_7,CPU_USAGE_8,CPU_USAGE_9,DRAM_ENERGY (J),PACKAGE_ENERGY (J),PP0_ENERGY (J),TOTAL_MEMORY,TOTAL_SWAP,USED_MEMORY,USED_SWAP
0,1778066537602,800,800,2000,800,800,2099,868,800,2000,1000,800,799,1493,1000,800,2000,0,8,4,4,0,12,4.1666669845581055,4.1666669845581055,8,4.1666669845581055,0,0,0,4.1666669845581055,0,0,111025.80285644531,20286.092895507813,0,404332056576,8589930496,4021866496,0
199,1778066537603,800,800,2000,800,800,2099,868,800,2000,1000,800,799,1493,1000,800,2000,0,8,4,4,0,12,4.1666669845581055,4.1666669845581055,8,4.1666669845581055,0,0,0,4.1666669845581055,0,0,111025.80578613281,20286.119995117188,0,404332056576,8589930496,4021858304,0
199,1778066537803,800,800,2000,800,800,2099,868,800,2000,1000,800,799,1493,1000,800,2000,52.38095474243164,0,0,10,47.619049072265625,57.894737243652344,47.36842346191406,50,0,0,10,14.285715103149414,0,0,5,4.761904716491699,111026.36993408203,20291.255432128906,0,404332056576,8589930496,4032950272,0
199,1778066538003,800,800,2000,800,800,2099,868,800,2000,1000,800,799,1493,1000,800,2000,10.526315689086914,0,84.21052551269531,5.555555820465088,0,90,90.47618865966797,90,0,0,0,0,0,0,0,5.263157844543457,111026.89080810547,20296.660705566406,0,404332056576,8589930496,4033724416,0
199,1778066538203,800,800,2000,800,800,2099,868,800,2000,1000,800,799,1493,1000,800,2000,35,0,55,0,10,85.71428680419922,89.47368621826172,90,0,0,0,0,0,0,9.523809432983398,10,111027.40100097656,20302.26544189453,0,404332056576,8589930496,4034756608,0
199,1778066538403,800,800,2000,800,800,2099,868,800,2000,1000,800,799,1493,1000,800,2000,5.263157844543457,0,85,0,5.555555820465088,94.73684692382813,90.47618865966797,95,0,0,0,0,0,0,0,10,111027.91473388672,20307.66619873047,0,404332056576,8589930496,4036820992,0
0,1778066538603,800,800,2000,800,800,2099,868,800,2000,1000,800,799,1493,1000,800,2000,15.000000953674316,0,60.000003814697266,0,5,66.66667175292969,65,65,10.526315689086914,0,0,0,0,0,5,5,111028.4458618164,20312.90850830078,0,404332056576,8589930496,4036562944,0
