Delta,Time,CPU_FREQUENCY_0,CPU_FREQUENCY_1,CPU_FREQUENCY_10,CPU_FREQUENCY_11,CPU_FREQUENCY_12,CPU_FREQUENCY_13,CPU_FREQUENCY_14,CPU_FREQUENCY_15,CPU_FREQUENCY_2,CPU_FREQUENCY_3,CPU_FREQUENCY_4,CPU_FREQUENCY_5,CPU_FREQUENCY_6,CPU_FREQUENCY_7,CPU_FREQUENCY_8,CPU_FREQUENCY_9,CPU_USAGE_0,CPU_USAGE_1,CPU_USAGE_10,CPU_USAGE_11,CPU_USAGE_12,CPU_USAGE_13,CPU_USAGE_14,CPU_USAGE_15,CPU_USAGE_2,CPU_USAGE_3,CPU_USAGE_4,CPU_USAGE_5,CPU_USAGE_6,CPU_USAGE_7,CPU_USAGE_8,CPU_USAGE_9,DRAM_ENERGY (J),PACKAGE_ENERGY (J),PP0_ENERGY (J),TOTAL_MEMORY,TOTAL_SWAP,USED_MEMORY,USED_SWAP
0,1778064327570,800,2000,799,837,822,1500,2100,1560,1000,1100,1862,800,800,1550,1719,800,4.1666669845581055,7.692307949066162,8.333333969116211,4,0,4,0,0,4,8,4,0,4,0,4,4,109367.53503417969,250278.45599365234,0,404332056576,8589930496,3946827776,0
200,1778064327570,800,2000,799,837,822,1500,2100,1560,1000,1100,1862,800,800,1550,1719,800,4.1666669845581055,7.692307949066162,8.333333969116211,4,0,4,0,0,4,8,4,0,4,0,4,4,109367.53942871094,250278.47930908203,0,404332056576,8589930496,3946827776,0
199,1778064327771,800,2000,799,837,822,1500,2100,1560,1000,1100,1862,800,800,1550,1719,800,30.000001907348633,0,57.142860412597656,0,0,20,61.904762268066406,47.619049072265625,0,0,0,38.095237731933594,0,0,25,0,109368.1489868164,250283.5264892578,0,404332056576,8589930496,3973238784,0
199,1778064327971,800,2000,799,837,822,1500,2100,1560,1000,1100,1862,800,800,1550,1719,800,33.333335876464844,0,89.47368621826172,10.526315689086914,5,5,90,90,0,0,0,0,0,0,60.000003814697266,0,109368.53674316406,250289.05792236328,0,404332056576,8589930496,3973238784,0
199,1778064328171,800,2000,799,837,822,1500,2100,1560,1000,1100,1862,800,800,1550,1719,800,30.000001907348633,0,90,0,10,10,90,90,0,0,0,0,0,0,65,5,109368.9682006836,250294.58184814453,0,404332056576,8589930496,3974012928,0
199,1778064328371,800,2000,799,837,822,1500,2100,1560,1000,1100,1862,800,800,1550,1719,800,21.052631378173828,0,90,0,10,5.263157844543457,90,90,0,0,0,0,0,0,70,5.263157844543457,109369.38098144531,250300.0548095703,0,404332056576,8589930496,3975045120,0
0,1778064328571,800,2000,799,837,822,1500,2100,1560,1000,1100,1862,800,800,1550,1719,800,21.052631378173828,15.000000953674316,80,0,10,5,78.94737243652344,76.19047546386719,0,0,0,0,0,0,57.142860412597656,0,109369.84716796875,250305.54913330078,0,404332056576,8589930496,3971080192,0
