Delta,Time,CPU_FREQUENCY_0,CPU_FREQUENCY_1,CPU_FREQUENCY_10,CPU_FREQUENCY_11,CPU_FREQUENCY_12,CPU_FREQUENCY_13,CPU_FREQUENCY_14,CPU_FREQUENCY_15,CPU_FREQUENCY_2,CPU_FREQUENCY_3,CPU_FREQUENCY_4,CPU_FREQUENCY_5,CPU_FREQUENCY_6,CPU_FREQUENCY_7,CPU_FREQUENCY_8,CPU_FREQUENCY_9,CPU_USAGE_0,CPU_USAGE_1,CPU_USAGE_10,CPU_USAGE_11,CPU_USAGE_12,CPU_USAGE_13,CPU_USAGE_14,CPU_USAGE_15,CPU_USAGE_2,CPU_USAGE_3,CPU_USAGE_4,CPU_USAGE_5,CPU_USAGE_6,CPU_USAGE_7,CPU_USAGE_8,CPU_USAGE_9,DRAM_ENERGY (J),PACKAGE_ENERGY (J),PP0_ENERGY (J),TOTAL_MEMORY,TOTAL_SWAP,USED_MEMORY,USED_SWAP
0,1778068808515,910,799,1017,967,800,800,800,800,1574,2000,800,1000,800,974,2099,1122,4,4,7.692307949066162,4,4,7.692307949066162,0,3.846153974533081,4.1666669845581055,0,4,0,0,4,8,4,112750.13848876953,53376.183837890625,0,404332056576,8589930496,3950841856,0
199,1778068808515,910,799,1017,967,800,800,800,800,1574,2000,800,1000,800,974,2099,1122,4,4,7.692307949066162,4,4,7.692307949066162,0,3.846153974533081,4.1666669845581055,0,4,0,0,4,8,4,112750.14379882813,53376.206481933594,0,404332056576,8589930496,3950841856,0
199,1778068808715,910,799,1017,967,800,800,800,800,1574,2000,800,1000,800,974,2099,1122,65,21.052631378173828,0,60.000003814697266,0,47.36842346191406,4.761904716491699,5,4.761904716491699,4.761904716491699,0,60.000003814697266,0,0,15.000000953674316,0,112752.1195678711,53382.0400390625,0,404332056576,8589930496,3957030912,0
199,1778068808915,910,799,1017,967,800,800,800,800,1574,2000,800,1000,800,974,2099,1122,5.263157844543457,0,0,75,10,90,5,70,0,0,0,0,0,0,20,80.95238494873047,112753.87561035156,53387.53924560547,0,404332056576,8589930496,3957030912,0
199,1778068809115,910,799,1017,967,800,800,800,800,1574,2000,800,1000,800,974,2099,1122,10,0,0,95,14.285715103149414,95,5.263157844543457,95,0,0,0,0,0,0,5.263157844543457,85,112755.74591064453,53393.17059326172,0,404332056576,8589930496,3957805056,0
199,1778068809315,910,799,1017,967,800,800,800,800,1574,2000,800,1000,800,974,2099,1122,15.000000953674316,0,0,90,10.526315689086914,90,9.523809432983398,90,0,0,0,0,0,0,10,80,112757.34057617188,53398.76153564453,0,404332056576,8589930496,3958579200,0
0,1778068809515,910,799,1017,967,800,800,800,800,1574,2000,800,1000,800,974,2099,1122,10.526315689086914,4.761904716491699,0,75,10,75,0,75,0,0,0,0,0,0,20,63.15789031982422,112758.82604980469,53404.320373535156,0,404332056576,8589930496,3952386048,0
