Delta,Time,CPU_FREQUENCY_0,CPU_FREQUENCY_1,CPU_FREQUENCY_10,CPU_FREQUENCY_11,CPU_FREQUENCY_12,CPU_FREQUENCY_13,CPU_FREQUENCY_14,CPU_FREQUENCY_15,CPU_FREQUENCY_2,CPU_FREQUENCY_3,CPU_FREQUENCY_4,CPU_FREQUENCY_5,CPU_FREQUENCY_6,CPU_FREQUENCY_7,CPU_FREQUENCY_8,CPU_FREQUENCY_9,CPU_USAGE_0,CPU_USAGE_1,CPU_USAGE_10,CPU_USAGE_11,CPU_USAGE_12,CPU_USAGE_13,CPU_USAGE_14,CPU_USAGE_15,CPU_USAGE_2,CPU_USAGE_3,CPU_USAGE_4,CPU_USAGE_5,CPU_USAGE_6,CPU_USAGE_7,CPU_USAGE_8,CPU_USAGE_9,DRAM_ENERGY (J),PACKAGE_ENERGY (J),PP0_ENERGY (J),TOTAL_MEMORY,TOTAL_SWAP,USED_MEMORY,USED_SWAP
0,1778067528293,2100,800,1340,1071,800,800,800,2099,800,800,2100,1360,1089,1918,1643,1492,0,0,4,0,4,0,4.1666669845581055,7.692307949066162,0,4,0,4,4,4,4,0,111954.51483154297,35127.88641357422,0,404332056576,8589930496,4033232896,0
200,1778067528293,2100,800,1340,1071,800,800,800,2099,800,800,2100,1360,1089,1918,1643,1492,0,0,4,0,4,0,4.1666669845581055,7.692307949066162,0,4,0,4,4,4,4,0,111954.51483154297,35127.88641357422,0,404332056576,8589930496,4033232896,0
199,1778067528493,2100,800,1340,1071,800,800,800,2099,800,800,2100,1360,1089,1918,1643,1492,40,47.36842346191406,61.904762268066406,4.761904716491699,15.789472579956055,0,50,5,38.095237731933594,5,0,0,0,0,30.000001907348633,0,111956.40124511719,35133.68994140625,0,404332056576,8589930496,4038905856,0
199,1778067528693,2100,800,1340,1071,800,800,800,2099,800,800,2100,1360,1089,1918,1643,1492,15.000000953674316,4.761904716491699,36.842105865478516,10,90,85,90,10,0,0,0,0,0,0,40,14.285715103149414,111957.82635498047,35139.39715576172,0,404332056576,8589930496,4039380992,0
199,1778067528893,2100,800,1340,1071,800,800,800,2099,800,800,2100,1360,1089,1918,1643,1492,10.526315689086914,0,0,0,90.47618865966797,95,94.73684692382813,5.263157844543457,0,0,0,0,0,0,80,5.555555820465088,111959.26745605469,35145.005432128906,0,404332056576,8589930496,4040155136,0
199,1778067529093,2100,800,1340,1071,800,800,800,2099,800,800,2100,1360,1089,1918,1643,1492,10.526315689086914,0,0,10,94.73684692382813,80,90.90909576416016,5,0,0,0,0,0,0,94.73684692382813,14.285715103149414,111960.70104980469,35150.661682128906,0,404332056576,8589930496,4041187328,0
0,1778067529294,2100,800,1340,1071,800,800,800,2099,800,800,2100,1360,1089,1918,1643,1492,23.809524536132813,4.761904716491699,0,5,65,66.66667175292969,65,10,0,0,0,0,0,0,55,5.263157844543457,111962.26654052734,35155.93408203125,0,404332056576,8589930496,4041973760,0
