Delta,Time,CPU_FREQUENCY_0,CPU_FREQUENCY_1,CPU_FREQUENCY_10,CPU_FREQUENCY_11,CPU_FREQUENCY_12,CPU_FREQUENCY_13,CPU_FREQUENCY_14,CPU_FREQUENCY_15,CPU_FREQUENCY_2,CPU_FREQUENCY_3,CPU_FREQUENCY_4,CPU_FREQUENCY_5,CPU_FREQUENCY_6,CPU_FREQUENCY_7,CPU_FREQUENCY_8,CPU_FREQUENCY_9,CPU_USAGE_0,CPU_USAGE_1,CPU_USAGE_10,CPU_USAGE_11,CPU_USAGE_12,CPU_USAGE_13,CPU_USAGE_14,CPU_USAGE_15,CPU_USAGE_2,CPU_USAGE_3,CPU_USAGE_4,CPU_USAGE_5,CPU_USAGE_6,CPU_USAGE_7,CPU_USAGE_8,CPU_USAGE_9,DRAM_ENERGY (J),PACKAGE_ENERGY (J),PP0_ENERGY (J),TOTAL_MEMORY,TOTAL_SWAP,USED_MEMORY,USED_SWAP
0,1778068555262,800,1362,2099,1367,800,800,800,2000,880,1000,800,1500,800,799,800,800,4.1666669845581055,4.1666669845581055,4.1666669845581055,4,4.1666669845581055,0,0,0,0,4,4.1666669845581055,0,0,8,0,4.34782600402832,112650.99255371094,49862.16162109375,0,404332056576,8589930496,4023824384,0
200,1778068555262,800,1362,2099,1367,800,800,800,2000,880,1000,800,1500,800,799,800,800,4.1666669845581055,4.1666669845581055,4.1666669845581055,4,4.1666669845581055,0,0,0,0,4,4.1666669845581055,0,0,8,0,4.34782600402832,112650.99255371094,49862.16162109375,0,404332056576,8589930496,4023824384,0
200,1778068555462,800,1362,2099,1367,800,800,800,2000,880,1000,800,1500,800,799,800,800,40,0,10,57.894737243652344,65,50,5,0,15.000000953674316,0,28.571430206298828,4.761904716491699,0,0,33.333335876464844,0,112651.52703857422,49866.904846191406,0,404332056576,8589930496,4040331264,0
199,1778068555663,800,1362,2099,1367,800,800,800,2000,880,1000,800,1500,800,799,800,800,20,0,5.263157844543457,90,90,90,5,10,0,0,0,0,0,0,68.42105102539063,0,112652.01959228516,49872.34533691406,0,404332056576,8589930496,4040073216,0
199,1778068555863,800,1362,2099,1367,800,800,800,2000,880,1000,800,1500,800,799,800,800,26.3157901763916,0,14.285715103149414,90,89.47368621826172,90,9.523809432983398,10,0,0,0,0,0,0,61.904762268066406,0,112652.5142211914,49877.848693847656,0,404332056576,8589930496,4040073216,0
199,1778068556063,800,1362,2099,1367,800,800,800,2000,880,1000,800,1500,800,799,800,800,20,0,10,90,90,90,5.263157844543457,9.523809432983398,0,0,0,5,0,0,75,0,112652.98132324219,49883.28039550781,0,404332056576,8589930496,4040847360,0
0,1778068556263,800,1362,2099,1367,800,800,800,2000,880,1000,800,1500,800,799,800,800,5.263157844543457,10.526315689086914,5.263157844543457,75,75,71.42857360839844,0,10,0,0,0,0,0,0,70,0,112653.42303466797,49888.55993652344,0,404332056576,8589930496,4041879552,0
