Delta,Time,CPU_FREQUENCY_0,CPU_FREQUENCY_1,CPU_FREQUENCY_10,CPU_FREQUENCY_11,CPU_FREQUENCY_12,CPU_FREQUENCY_13,CPU_FREQUENCY_14,CPU_FREQUENCY_15,CPU_FREQUENCY_2,CPU_FREQUENCY_3,CPU_FREQUENCY_4,CPU_FREQUENCY_5,CPU_FREQUENCY_6,CPU_FREQUENCY_7,CPU_FREQUENCY_8,CPU_FREQUENCY_9,CPU_USAGE_0,CPU_USAGE_1,CPU_USAGE_10,CPU_USAGE_11,CPU_USAGE_12,CPU_USAGE_13,CPU_USAGE_14,CPU_USAGE_15,CPU_USAGE_2,CPU_USAGE_3,CPU_USAGE_4,CPU_USAGE_5,CPU_USAGE_6,CPU_USAGE_7,CPU_USAGE_8,CPU_USAGE_9,DRAM_ENERGY (J),PACKAGE_ENERGY (J),PP0_ENERGY (J),TOTAL_MEMORY,TOTAL_SWAP,USED_MEMORY,USED_SWAP
0,1778067718822,800,1554,1648,805,800,800,800,800,800,1000,1000,800,800,2008,2099,1120,0,4.1666669845581055,0,0,4.1666669845581055,4.1666669845581055,8,0,0,0,4.1666669845581055,4,0,0,8.69565200805664,0,112062.67614746094,37820.035583496094,0,404332056576,8589930496,3984715776,0
200,1778067718822,800,1554,1648,805,800,800,800,800,800,1000,1000,800,800,2008,2099,1120,0,4.1666669845581055,0,0,4.1666669845581055,4.1666669845581055,8,0,0,0,4.1666669845581055,4,0,0,8.69565200805664,0,112062.67614746094,37820.035583496094,0,404332056576,8589930496,3984715776,0
199,1778067719022,800,1554,1648,805,800,800,800,800,800,1000,1000,800,800,2008,2099,1120,94.73684692382813,60.000003814697266,0,28.571430206298828,0,0,0,0,52.38095474243164,40,0,0,9.523809432983398,0,0,14.285715103149414,112064.3179321289,37826.186279296875,0,404332056576,8589930496,3987030016,0
199,1778067719222,800,1554,1648,805,800,800,800,800,800,1000,1000,800,800,2008,2099,1120,30.000001907348633,70,0,0,0,0,0,0,90,90,10,9.523809432983398,68.42105102539063,5,19.047618865966797,0,112067.2730102539,37834.48760986328,0,404332056576,8589930496,3987804160,0
199,1778067719422,800,1554,1648,805,800,800,800,800,800,1000,1000,800,800,2008,2099,1120,85,4.761904716491699,0,0,0,0,0,0,90,90,14.285715103149414,5.263157844543457,90.47618865966797,10,5.263157844543457,0,112070.23718261719,37843.07312011719,0,404332056576,8589930496,3989352448,0
199,1778067719622,800,1554,1648,805,800,800,800,800,800,1000,1000,800,800,2008,2099,1120,76.19047546386719,0,0,0,0,0,0,0,95,95,5.555555820465088,5,95,10,15.000000953674316,4.761904716491699,112073.17572021484,37851.65185546875,0,404332056576,8589930496,3989082112,0
0,1778067719823,800,1554,1648,805,800,800,800,800,800,1000,1000,800,800,2008,2099,1120,52.6315803527832,10.526315689086914,0,0,0,0,0,0,75,73.68421173095703,9.523809432983398,0,75,5,20,0,112076.1264038086,37859.61456298828,0,404332056576,8589930496,3991404544,0
