Delta,Time,CPU_FREQUENCY_0,CPU_FREQUENCY_1,CPU_FREQUENCY_10,CPU_FREQUENCY_11,CPU_FREQUENCY_12,CPU_FREQUENCY_13,CPU_FREQUENCY_14,CPU_FREQUENCY_15,CPU_FREQUENCY_2,CPU_FREQUENCY_3,CPU_FREQUENCY_4,CPU_FREQUENCY_5,CPU_FREQUENCY_6,CPU_FREQUENCY_7,CPU_FREQUENCY_8,CPU_FREQUENCY_9,CPU_USAGE_0,CPU_USAGE_1,CPU_USAGE_10,CPU_USAGE_11,CPU_USAGE_12,CPU_USAGE_13,CPU_USAGE_14,CPU_USAGE_15,CPU_USAGE_2,CPU_USAGE_3,CPU_USAGE_4,CPU_USAGE_5,CPU_USAGE_6,CPU_USAGE_7,CPU_USAGE_8,CPU_USAGE_9,DRAM_ENERGY (J),PACKAGE_ENERGY (J),PP0_ENERGY (J),TOTAL_MEMORY,TOTAL_SWAP,USED_MEMORY,USED_SWAP
0,1778064623269,997,800,1785,800,800,800,800,800,800,2000,2000,2100,869,800,800,1774,4.1666669845581055,4.1666669845581055,0,0,0,4,0,0,4.34782600402832,7.692307949066162,0,4.1666669845581055,0,4.1666669845581055,0,0,109630.0473022461,254662.05865478516,0,404332056576,8589930496,4005777408,0
199,1778064623269,997,800,1785,800,800,800,800,800,800,2000,2000,2100,869,800,800,1774,4.1666669845581055,4.1666669845581055,0,0,0,4,0,0,4.34782600402832,7.692307949066162,0,4.1666669845581055,0,4.1666669845581055,0,0,109630.0473022461,254662.05865478516,0,404332056576,8589930496,4005777408,0
199,1778064623469,997,800,1785,800,800,800,800,800,800,2000,2000,2100,869,800,800,1774,35,14.285715103149414,66.66667175292969,9.523809432983398,20,50,50,5,0,0,0,0,0,0,66.66667175292969,4.761904716491699,109631.45196533203,254667.02478027344,0,404332056576,8589930496,4006289408,0
199,1778064623669,997,800,1785,800,800,800,800,800,800,2000,2000,2100,869,800,800,1774,5,0,95,0,14.285715103149414,95,95.23809814453125,9.523809432983398,0,0,0,0,0,0,85,0,109632.58935546875,254672.56085205078,0,404332056576,8589930496,4008038400,0
199,1778064623869,997,800,1785,800,800,800,800,800,800,2000,2000,2100,869,800,800,1774,22.22222328186035,0,90,0,5.263157844543457,90,90,10,0,0,0,0,0,0,70,0,109634.18310546875,254678.41815185547,0,404332056576,8589930496,4009070592,0
199,1778064624070,997,800,1785,800,800,800,800,800,800,2000,2000,2100,869,800,800,1774,4.761904716491699,0,94.73684692382813,10,15.000000953674316,95,95,5.263157844543457,0,0,0,0,0,0,95,0,109635.36981201172,254683.95538330078,0,404332056576,8589930496,4011134976,0
0,1778064624270,997,800,1785,800,800,800,800,800,800,2000,2000,2100,869,800,800,1774,26.3157901763916,0,60.000003814697266,0,5,60.000003814697266,55,5,0,0,0,0,0,0,47.619049072265625,0,109636.7412109375,254689.19512939453,0,404332056576,8589930496,4010876928,0
